
> larpinq@0.1.20 prebuild
> node scripts/assert-lockfile-matches-install.js

[lockfile-matches-install] OK — installed runtime tree matches the lockfile

> larpinq@0.1.20 build
> NODE_ENV=production webpack --config webpack.config.js --progress

Building larpinq 0.1.20 

<s> [webpack.Progress] 0% 

<s> [webpack.Progress] 1% setup before run
<s> [webpack.Progress] 1% setup before run NodeEnvironmentPlugin
<s> [webpack.Progress] 1% setup before run
<s> [webpack.Progress] 2% setup run
<s> [webpack.Progress] 2% setup run webpack-cli
<s> [webpack.Progress] 2% setup run
<s> [webpack.Progress] 4% setup normal module factory
<s> [webpack.Progress] 4% setup normal module factory
<s> [webpack.Progress] 5% setup context module factory
<s> [webpack.Progress] 5% setup context module factory
<s> [webpack.Progress] 6% setup before compile
<s> [webpack.Progress] 6% setup before compile
<s> [webpack.Progress] 7% setup compile
<s> [webpack.Progress] 7% setup compile ExternalsPlugin
<s> [webpack.Progress] 7% setup compile
<s> [webpack.Progress] 8% setup compilation
<s> [webpack.Progress] 8% setup compilation ArrayPushCallbackChunkFormatPlugin
<s> [webpack.Progress] 8% setup compilation JsonpChunkLoadingPlugin
<s> [webpack.Progress] 8% setup compilation StartupChunkDependenciesPlugin
<s> [webpack.Progress] 8% setup compilation ImportScriptsChunkLoadingPlugin
<s> [webpack.Progress] 8% setup compilation WorkerAndWorkletPlugin
<s> [webpack.Progress] 8% setup compilation SplitChunksPlugin
<s> [webpack.Progress] 8% setup compilation ResolverCachePlugin
<s> [webpack.Progress] 8% setup compilation
<s> [webpack.Progress] 9% setup compilation
<s> [webpack.Progress] 9% setup compilation ProgressPlugin
<s> [webpack.Progress] 9% setup compilation vue-loader-plugin
<s> [webpack.Progress] 9% setup compilation DefinePlugin
<s> [webpack.Progress] 9% setup compilation DefinePlugin
<s> [webpack.Progress] 9% setup compilation ProvidePlugin
<s> [webpack.Progress] 9% setup compilation ExternalsPlugin
<s> [webpack.Progress] 9% setup compilation ChunkPrefetchPreloadPlugin
<s> [webpack.Progress] 9% setup compilation ResourceHintPlugin
<s> [webpack.Progress] 9% setup compilation SourceMapDevToolPlugin
<s> [webpack.Progress] 9% setup compilation JavascriptModulesPlugin
<s> [webpack.Progress] 9% setup compilation JsonModulesPlugin
<s> [webpack.Progress] 9% setup compilation AssetModulesPlugin
<s> [webpack.Progress] 9% setup compilation EntryPlugin
<s> [webpack.Progress] 9% setup compilation EntryPlugin
<s> [webpack.Progress] 9% setup compilation RuntimePlugin
<s> [webpack.Progress] 9% setup compilation InferAsyncModulesPlugin
<s> [webpack.Progress] 9% setup compilation DataUriPlugin
<s> [webpack.Progress] 9% setup compilation FileUriPlugin
<s> [webpack.Progress] 9% setup compilation CompatibilityPlugin
<s> [webpack.Progress] 9% setup compilation HarmonyModulesPlugin
<s> [webpack.Progress] 9% setup compilation AMDPlugin
<s> [webpack.Progress] 9% setup compilation RequireJsStuffPlugin
<s> [webpack.Progress] 9% setup compilation CommonJsPlugin
<s> [webpack.Progress] 9% setup compilation LoaderPlugin
<s> [webpack.Progress] 9% setup compilation LoaderPlugin
<s> [webpack.Progress] 9% setup compilation NodeStuffPlugin
<s> [webpack.Progress] 9% setup compilation APIPlugin
<s> [webpack.Progress] 9% setup compilation ExportsInfoApiPlugin
<s> [webpack.Progress] 9% setup compilation WebpackIsIncludedPlugin
<s> [webpack.Progress] 9% setup compilation ConstPlugin
<s> [webpack.Progress] 9% setup compilation UseStrictPlugin
<s> [webpack.Progress] 9% setup compilation RequireIncludePlugin
<s> [webpack.Progress] 9% setup compilation RequireEnsurePlugin
<s> [webpack.Progress] 9% setup compilation RequireContextPlugin
<s> [webpack.Progress] 9% setup compilation ImportPlugin
<s> [webpack.Progress] 9% setup compilation ImportMetaContextPlugin
<s> [webpack.Progress] 9% setup compilation SystemPlugin
<s> [webpack.Progress] 9% setup compilation ImportMetaPlugin
<s> [webpack.Progress] 9% setup compilation URLPlugin
<s> [webpack.Progress] 9% setup compilation DefaultStatsFactoryPlugin
<s> [webpack.Progress] 9% setup compilation DefaultStatsPresetPlugin
<s> [webpack.Progress] 9% setup compilation DefaultStatsPrinterPlugin
<s> [webpack.Progress] 9% setup compilation JavascriptMetaInfoPlugin
<s> [webpack.Progress] 9% setup compilation EnsureChunkConditionsPlugin
<s> [webpack.Progress] 9% setup compilation RemoveEmptyChunksPlugin
<s> [webpack.Progress] 9% setup compilation MergeDuplicateChunksPlugin
<s> [webpack.Progress] 9% setup compilation FlagIncludedChunksPlugin
<s> [webpack.Progress] 9% setup compilation SideEffectsFlagPlugin
<s> [webpack.Progress] 9% setup compilation FlagDependencyExportsPlugin
<s> [webpack.Progress] 9% setup compilation FlagDependencyUsagePlugin
<s> [webpack.Progress] 9% setup compilation InnerGraphPlugin
<s> [webpack.Progress] 9% setup compilation CircularModulesPlugin
<s> [webpack.Progress] 9% setup compilation ConstExportsPlugin
<s> [webpack.Progress] 9% setup compilation MangleExportsPlugin
<s> [webpack.Progress] 9% setup compilation ModuleConcatenationPlugin
<s> [webpack.Progress] 9% setup compilation NoEmitOnErrorsPlugin
<s> [webpack.Progress] 9% setup compilation RealContentHashPlugin
<s> [webpack.Progress] 9% setup compilation WasmFinalizeExportsPlugin
<s> [webpack.Progress] 9% setup compilation DeterministicModuleIdsPlugin
<s> [webpack.Progress] 9% setup compilation NamedChunkIdsPlugin
<s> [webpack.Progress] 9% setup compilation DefinePlugin
<s> [webpack.Progress] 9% setup compilation TerserPlugin
<s> [webpack.Progress] 9% setup compilation TemplatedPathPlugin
<s> [webpack.Progress] 9% setup compilation RecordIdsPlugin
<s> [webpack.Progress] 9% setup compilation WarnCaseSensitiveModulesPlugin
<s> [webpack.Progress] 9% setup compilation
<s> [webpack.Progress] 10% building
<s> [webpack.Progress] 10% building 0/1 entries 0/0 dependencies 0/0 modules
<s> [webpack.Progress] 10% building import loader ./node_modules/babel-loader/lib/index.js
<s> [webpack.Progress] 10% building 0/2 entries 2/2 dependencies 0/2 modules
<s> [webpack.Progress] 10% building import loader ./node_modules/vue-loader/dist/index.js
<s> [webpack.Progress] 10% building 0/2 entries 15/70 dependencies 2/14 modules
<s> [webpack.Progress] 10% building import loader ./node_modules/style-loader/dist/cjs.js
<s> [webpack.Progress] 10% building import loader ./node_modules/css-loader/dist/cjs.js
<s> [webpack.Progress] 10% building 0/2 entries 18/70 dependencies 2/17 modules
<s> [webpack.Progress] 10% building import loader ./node_modules/vue-loader/dist/pitcher.js
<s> [webpack.Progress] 10% building 0/2 entries 105/117 dependencies 4/90 modules
<s> [webpack.Progress] 10% building import loader ./node_modules/vue-loader/dist/templateLoader.js
<s> [webpack.Progress] 10% building 0/2 entries 105/117 dependencies 4/90 modules
<s> [webpack.Progress] 10% building import loader ./node_modules/vue-loader/dist/stylePostLoader.js
<s> [webpack.Progress] 10% building 0/2 entries 283/317 dependencies 13/197 modules
<s> [webpack.Progress] 12% building 0/2 entries 500/567 dependencies 225/323 modules
<s> [webpack.Progress] 13% building 0/2 entries 1099/1300 dependencies 289/788 modules
<s> [webpack.Progress] 13% building 0/2 entries 2008/2400 dependencies 324/1342 modules
<s> [webpack.Progress] 13% building 0/2 entries 3214/3400 dependencies 357/1812 modules
<s> [webpack.Progress] 15% building 0/2 entries 4466/4600 dependencies 543/2360 modules
<s> [webpack.Progress] 24% building 0/2 entries 5478/5500 dependencies 1360/2795 modules
<s> [webpack.Progress] 28% building 0/2 entries 6200/6227 dependencies 1721/2990 modules
<s> [webpack.Progress] 33% building 0/2 entries 7244/7300 dependencies 2163/3418 modules
<s> [webpack.Progress] 42% building 0/2 entries 8100/8177 dependencies 2961/3618 modules
<s> [webpack.Progress] 47% building 0/2 entries 8613/8700 dependencies 3371/3917 modules
<s> [webpack.Progress] 50% building 0/2 entries 9588/9613 dependencies 3700/4197 modules
<s> [webpack.Progress] 58% building 1/2 entries 10196/10196 dependencies 4430/4431 modules
<s> [webpack.Progress] 65% building 2/2 entries 10196/10196 dependencies 4431/4431 modules
<s> [webpack.Progress] 65% building
<s> [webpack.Progress] 69% building finish
<s> [webpack.Progress] 69% building finish
<s> [webpack.Progress] 70% sealing finish module graph
<s> [webpack.Progress] 70% sealing finish module graph ResolverCachePlugin
<s> [webpack.Progress] 70% sealing finish module graph InferAsyncModulesPlugin
<s> [webpack.Progress] 70% sealing finish module graph FlagDependencyExportsPlugin
<s> [webpack.Progress] 70% sealing finish module graph InnerGraphPlugin
<s> [webpack.Progress] 70% sealing finish module graph WasmFinalizeExportsPlugin
<s> [webpack.Progress] 70% sealing finish module graph
<s> [webpack.Progress] 70% sealing plugins
<s> [webpack.Progress] 70% sealing plugins WarnCaseSensitiveModulesPlugin
<s> [webpack.Progress] 70% sealing plugins
<s> [webpack.Progress] 71% sealing dependencies optimization
<s> [webpack.Progress] 71% sealing dependencies optimization SideEffectsFlagPlugin
<s> [webpack.Progress] 71% sealing dependencies optimization FlagDependencyUsagePlugin
<s> [webpack.Progress] 71% sealing dependencies optimization ConstExportsPlugin
<s> [webpack.Progress] 71% sealing dependencies optimization
<s> [webpack.Progress] 71% sealing after dependencies optimization
<s> [webpack.Progress] 71% sealing after dependencies optimization
<s> [webpack.Progress] 72% sealing chunk graph
<s> [webpack.Progress] 72% sealing chunk graph
<s> [webpack.Progress] 73% sealing after chunk graph
<s> [webpack.Progress] 73% sealing after chunk graph
<s> [webpack.Progress] 73% sealing optimizing
<s> [webpack.Progress] 73% sealing optimizing
<s> [webpack.Progress] 74% sealing module optimization
<s> [webpack.Progress] 74% sealing module optimization CircularModulesPlugin
<s> [webpack.Progress] 74% sealing module optimization
<s> [webpack.Progress] 75% sealing after module optimization
<s> [webpack.Progress] 75% sealing after module optimization
<s> [webpack.Progress] 75% sealing chunk optimization
<s> [webpack.Progress] 75% sealing chunk optimization EnsureChunkConditionsPlugin
<s> [webpack.Progress] 75% sealing chunk optimization RemoveEmptyChunksPlugin
<s> [webpack.Progress] 75% sealing chunk optimization MergeDuplicateChunksPlugin
<s> [webpack.Progress] 75% sealing chunk optimization SplitChunksPlugin
<s> [webpack.Progress] 75% sealing chunk optimization RemoveEmptyChunksPlugin
<s> [webpack.Progress] 75% sealing chunk optimization
<s> [webpack.Progress] 76% sealing after chunk optimization
<s> [webpack.Progress] 76% sealing after chunk optimization
<s> [webpack.Progress] 77% sealing module and chunk tree optimization
<s> [webpack.Progress] 77% sealing module and chunk tree optimization
<s> [webpack.Progress] 77% sealing after module and chunk tree optimization
<s> [webpack.Progress] 77% sealing after module and chunk tree optimization
<s> [webpack.Progress] 78% sealing chunk modules optimization
<s> [webpack.Progress] 78% sealing chunk modules optimization ModuleConcatenationPlugin
<s> [webpack.Progress] 78% sealing chunk modules optimization
<s> [webpack.Progress] 78% sealing after chunk modules optimization
<s> [webpack.Progress] 78% sealing after chunk modules optimization
<s> [webpack.Progress] 79% sealing module reviving
<s> [webpack.Progress] 79% sealing module reviving RecordIdsPlugin
<s> [webpack.Progress] 79% sealing module reviving
<s> [webpack.Progress] 80% sealing before module ids
<s> [webpack.Progress] 80% sealing before module ids
<s> [webpack.Progress] 80% sealing module ids
<s> [webpack.Progress] 80% sealing module ids DeterministicModuleIdsPlugin
<s> [webpack.Progress] 80% sealing module ids
<s> [webpack.Progress] 81% sealing module id optimization
<s> [webpack.Progress] 81% sealing module id optimization
<s> [webpack.Progress] 82% sealing module id optimization
<s> [webpack.Progress] 82% sealing module id optimization
<s> [webpack.Progress] 82% sealing chunk reviving
<s> [webpack.Progress] 82% sealing chunk reviving RecordIdsPlugin
<s> [webpack.Progress] 82% sealing chunk reviving
<s> [webpack.Progress] 83% sealing before chunk ids
<s> [webpack.Progress] 83% sealing before chunk ids
<s> [webpack.Progress] 84% sealing chunk ids
<s> [webpack.Progress] 84% sealing chunk ids NamedChunkIdsPlugin
<s> [webpack.Progress] 84% sealing chunk ids
<s> [webpack.Progress] 84% sealing chunk id optimization
<s> [webpack.Progress] 84% sealing chunk id optimization FlagIncludedChunksPlugin
<s> [webpack.Progress] 84% sealing chunk id optimization
<s> [webpack.Progress] 85% sealing after chunk id optimization
<s> [webpack.Progress] 85% sealing after chunk id optimization
<s> [webpack.Progress] 86% sealing record modules
<s> [webpack.Progress] 86% sealing record modules RecordIdsPlugin
<s> [webpack.Progress] 86% sealing record modules
<s> [webpack.Progress] 86% sealing record chunks
<s> [webpack.Progress] 86% sealing record chunks RecordIdsPlugin
<s> [webpack.Progress] 86% sealing record chunks
<s> [webpack.Progress] 87% sealing module hashing
<s> [webpack.Progress] 87% sealing module hashing
<s> [webpack.Progress] 87% sealing code generation
<s> [webpack.Progress] 87% sealing code generation
<s> [webpack.Progress] 88% sealing runtime requirements
<s> [webpack.Progress] 88% sealing runtime requirements
<s> [webpack.Progress] 89% sealing hashing
<s> [webpack.Progress] 89% sealing hashing
<s> [webpack.Progress] 89% sealing after hashing
<s> [webpack.Progress] 89% sealing after hashing
<s> [webpack.Progress] 90% sealing record hash
<s> [webpack.Progress] 90% sealing record hash
<s> [webpack.Progress] 91% sealing module assets processing
<s> [webpack.Progress] 91% sealing module assets processing
<s> [webpack.Progress] 91% sealing chunk assets processing
<s> [webpack.Progress] 91% sealing chunk assets processing
<s> [webpack.Progress] 92% sealing asset processing
<s> [webpack.Progress] 92% sealing asset processing TerserPlugin
<s> [webpack.Progress] 92% sealing asset processing SourceMapDevToolPlugin
<s> [webpack.Progress] 92% sealing asset processing SourceMapDevToolPlugin
<s> [webpack.Progress] 92% sealing asset processing SourceMapDevToolPlugin larpinq-main.js generate SourceMap
<s> [webpack.Progress] 92% sealing asset processing SourceMapDevToolPlugin larpinq-main.js generated SourceMap
<s> [webpack.Progress] 92% sealing asset processing SourceMapDevToolPlugin larpinq-settings.js generate SourceMap
<s> [webpack.Progress] 92% sealing asset processing SourceMapDevToolPlugin larpinq-settings.js generated SourceMap
<s> [webpack.Progress] 92% sealing asset processing SourceMapDevToolPlugin larpinq-node_modules_nextcloud_vue_dist_components_NcColorPicker_index_mjs.js?v=dfcbd3281deef5e2dd88 generate SourceMap
<s> [webpack.Progress] 92% sealing asset processing SourceMapDevToolPlugin larpinq-node_modules_nextcloud_vue_dist_components_NcColorPicker_index_mjs.js?v=dfcbd3281deef5e2dd88 generated SourceMap
<s> [webpack.Progress] 92% sealing asset processing SourceMapDevToolPlugin larpinq-node_modules_nextcloud_vue_dist_components_NcDateTimePicker_index_mjs.js?v=de5b441e4f2eb4af4144 generate SourceMap
<s> [webpack.Progress] 92% sealing asset processing SourceMapDevToolPlugin larpinq-node_modules_nextcloud_vue_dist_components_NcDateTimePicker_index_mjs.js?v=de5b441e4f2eb4af4144 generated SourceMap
<s> [webpack.Progress] 92% sealing asset processing SourceMapDevToolPlugin larpinq-node_modules_nextcloud_vue_dist_components_NcSelect_index_mjs.js?v=a4962432b67ca64074f3 generate SourceMap
<s> [webpack.Progress] 92% sealing asset processing SourceMapDevToolPlugin larpinq-node_modules_nextcloud_vue_dist_components_NcSelect_index_mjs.js?v=a4962432b67ca64074f3 generated SourceMap
<s> [webpack.Progress] 92% sealing asset processing SourceMapDevToolPlugin larpinq-node_modules_date-fns_locale_af_js.js?v=e0d34ec37a3e16b2027e generate SourceMap
<s> [webpack.Progress] 92% sealing asset processing SourceMapDevToolPlugin larpinq-node_modules_date-fns_locale_af_js.js?v=e0d34ec37a3e16b2027e generated SourceMap
<s> [webpack.Progress] 92% sealing asset processing SourceMapDevToolPlugin larpinq-node_modules_date-fns_locale_ar-DZ_js.js?v=52f5aca4fb73f5245c0b generate SourceMap
<s> [webpack.Progress] 92% sealing asset processing SourceMapDevToolPlugin larpinq-node_modules_date-fns_locale_ar-DZ_js.js?v=52f5aca4fb73f5245c0b generated SourceMap
<s> [webpack.Progress] 92% sealing asset processing SourceMapDevToolPlugin larpinq-node_modules_date-fns_locale_ar-EG_js.js?v=e42c6b2b880a777dcb32 generate SourceMap
<s> [webpack.Progress] 92% sealing asset processing SourceMapDevToolPlugin larpinq-node_modules_date-fns_locale_ar-EG_js.js?v=e42c6b2b880a777dcb32 generated SourceMap
<s> [webpack.Progress] 92% sealing asset processing SourceMapDevToolPlugin larpinq-node_modules_date-fns_locale_ar-MA_js.js?v=908b606374d62b4deadf generate SourceMap
<s> [webpack.Progress] 92% sealing asset processing SourceMapDevToolPlugin larpinq-node_modules_date-fns_locale_ar-MA_js.js?v=908b606374d62b4deadf generated SourceMap
<s> [webpack.Progress] 92% sealing asset processing SourceMapDevToolPlugin larpinq-node_modules_date-fns_locale_ar-SA_js.js?v=74688f2329a3d33e1c50 generate SourceMap
<s> [webpack.Progress] 92% sealing asset processing SourceMapDevToolPlugin larpinq-node_modules_date-fns_locale_ar-SA_js.js?v=74688f2329a3d33e1c50 generated SourceMap
<s> [webpack.Progress] 92% sealing asset processing SourceMapDevToolPlugin larpinq-node_modules_date-fns_locale_ar-TN_js.js?v=2b5e102628608d125817 generate SourceMap
<s> [webpack.Progress] 92% sealing asset processing SourceMapDevToolPlugin larpinq-node_modules_date-fns_locale_ar-TN_js.js?v=2b5e102628608d125817 generated SourceMap
<s> [webpack.Progress] 92% sealing asset processing SourceMapDevToolPlugin larpinq-node_modules_date-fns_locale_ar_js.js?v=e20c7dbde90122fce38b generate SourceMap
<s> [webpack.Progress] 92% sealing asset processing SourceMapDevToolPlugin larpinq-node_modules_date-fns_locale_ar_js.js?v=e20c7dbde90122fce38b generated SourceMap
<s> [webpack.Progress] 92% sealing asset processing SourceMapDevToolPlugin larpinq-node_modules_date-fns_locale_az_js.js?v=2a8623e9e979a5a3b971 generate SourceMap
<s> [webpack.Progress] 92% sealing asset processing SourceMapDevToolPlugin larpinq-node_modules_date-fns_locale_az_js.js?v=2a8623e9e979a5a3b971 generated SourceMap
<s> [webpack.Progress] 92% sealing asset processing SourceMapDevToolPlugin larpinq-vendors-node_modules_date-fns_locale_be-tarask_js.js?v=55a54eca6bb7e00f4a7f generate SourceMap
<s> [webpack.Progress] 92% sealing asset processing SourceMapDevToolPlugin larpinq-vendors-node_modules_date-fns_locale_be-tarask_js.js?v=55a54eca6bb7e00f4a7f generated SourceMap
<s> [webpack.Progress] 92% sealing asset processing SourceMapDevToolPlugin larpinq-vendors-node_modules_date-fns_locale_be_js.js?v=298e88db5d9eef57e4fc generate SourceMap
<s> [webpack.Progress] 92% sealing asset processing SourceMapDevToolPlugin larpinq-vendors-node_modules_date-fns_locale_be_js.js?v=298e88db5d9eef57e4fc generated SourceMap
<s> [webpack.Progress] 92% sealing asset processing SourceMapDevToolPlugin larpinq-node_modules_date-fns_locale_bg_js.js?v=808c33274170692acf67 generate SourceMap
<s> [webpack.Progress] 92% sealing asset processing SourceMapDevToolPlugin larpinq-node_modules_date-fns_locale_bg_js.js?v=808c33274170692acf67 generated SourceMap
<s> [webpack.Progress] 92% sealing asset processing SourceMapDevToolPlugin larpinq-node_modules_date-fns_locale_bn_js.js?v=ce9cb52c36c66b72224f generate SourceMap
<s> [webpack.Progress] 92% sealing asset processing SourceMapDevToolPlugin larpinq-node_modules_date-fns_locale_bn_js.js?v=ce9cb52c36c66b72224f generated SourceMap
<s> [webpack.Progress] 92% sealing asset processing SourceMapDevToolPlugin larpinq-node_modules_date-fns_locale_bs_js.js?v=77f08d2f8aa0b4b2417e generate SourceMap
<s> [webpack.Progress] 92% sealing asset processing SourceMapDevToolPlugin larpinq-node_modules_date-fns_locale_bs_js.js?v=77f08d2f8aa0b4b2417e generated SourceMap
<s> [webpack.Progress] 92% sealing asset processing SourceMapDevToolPlugin larpinq-node_modules_date-fns_locale_ca_js.js?v=75667267f97061ac8715 generate SourceMap
<s> [webpack.Progress] 92% sealing asset processing SourceMapDevToolPlugin larpinq-node_modules_date-fns_locale_ca_js.js?v=75667267f97061ac8715 generated SourceMap
<s> [webpack.Progress] 92% sealing asset processing SourceMapDevToolPlugin larpinq-node_modules_date-fns_locale_ckb_js.js?v=d852c092b3a2ff70ddde generate SourceMap
<s> [webpack.Progress] 92% sealing asset processing SourceMapDevToolPlugin larpinq-node_modules_date-fns_locale_ckb_js.js?v=d852c092b3a2ff70ddde generated SourceMap
<s> [webpack.Progress] 92% sealing asset processing SourceMapDevToolPlugin larpinq-node_modules_date-fns_locale_cs_js.js?v=8f900eb62349c807812e generate SourceMap
<s> [webpack.Progress] 92% sealing asset processing SourceMapDevToolPlugin larpinq-node_modules_date-fns_locale_cs_js.js?v=8f900eb62349c807812e generated SourceMap
<s> [webpack.Progress] 92% sealing asset processing SourceMapDevToolPlugin larpinq-node_modules_date-fns_locale_cy_js.js?v=2700247b7844b8d699a3 generate SourceMap
<s> [webpack.Progress] 92% sealing asset processing SourceMapDevToolPlugin larpinq-node_modules_date-fns_locale_cy_js.js?v=2700247b7844b8d699a3 generated SourceMap
<s> [webpack.Progress] 92% sealing asset processing SourceMapDevToolPlugin larpinq-node_modules_date-fns_locale_da_js.js?v=5ff3d28df9d3cc458a7b generate SourceMap
<s> [webpack.Progress] 92% sealing asset processing SourceMapDevToolPlugin larpinq-node_modules_date-fns_locale_da_js.js?v=5ff3d28df9d3cc458a7b generated SourceMap
<s> [webpack.Progress] 92% sealing asset processing SourceMapDevToolPlugin larpinq-node_modules_date-fns_locale_de-AT_js.js?v=4dd82753562ea17a91aa generate SourceMap
<s> [webpack.Progress] 92% sealing asset processing SourceMapDevToolPlugin larpinq-node_modules_date-fns_locale_de-AT_js.js?v=4dd82753562ea17a91aa generated SourceMap
<s> [webpack.Progress] 92% sealing asset processing SourceMapDevToolPlugin larpinq-node_modules_date-fns_locale_de_js.js?v=ee8c8bb1aaf9b2e5d68d generate SourceMap
<s> [webpack.Progress] 92% sealing asset processing SourceMapDevToolPlugin larpinq-node_modules_date-fns_locale_de_js.js?v=ee8c8bb1aaf9b2e5d68d generated SourceMap
<s> [webpack.Progress] 92% sealing asset processing SourceMapDevToolPlugin larpinq-node_modules_date-fns_locale_el_js.js?v=fc38f8a944855e721552 generate SourceMap
<s> [webpack.Progress] 92% sealing asset processing SourceMapDevToolPlugin larpinq-node_modules_date-fns_locale_el_js.js?v=fc38f8a944855e721552 generated SourceMap
<s> [webpack.Progress] 92% sealing asset processing SourceMapDevToolPlugin larpinq-node_modules_date-fns_locale_en-AU_js.js?v=c08b0f0d340b344770ac generate SourceMap
<s> [webpack.Progress] 92% sealing asset processing SourceMapDevToolPlugin larpinq-node_modules_date-fns_locale_en-AU_js.js?v=c08b0f0d340b344770ac generated SourceMap
<s> [webpack.Progress] 92% sealing asset processing SourceMapDevToolPlugin larpinq-node_modules_date-fns_locale_en-CA_js.js?v=a29f8a0954e8a6f401e2 generate SourceMap
<s> [webpack.Progress] 92% sealing asset processing SourceMapDevToolPlugin larpinq-node_modules_date-fns_locale_en-CA_js.js?v=a29f8a0954e8a6f401e2 generated SourceMap
<s> [webpack.Progress] 92% sealing asset processing SourceMapDevToolPlugin larpinq-node_modules_date-fns_locale_en-GB_js.js?v=baa928fb63ab4a7a5fe5 generate SourceMap
<s> [webpack.Progress] 92% sealing asset processing SourceMapDevToolPlugin larpinq-node_modules_date-fns_locale_en-GB_js.js?v=baa928fb63ab4a7a5fe5 generated SourceMap
<s> [webpack.Progress] 92% sealing asset processing SourceMapDevToolPlugin larpinq-node_modules_date-fns_locale_en-IE_js.js?v=999890245124ce14ee04 generate SourceMap
<s> [webpack.Progress] 92% sealing asset processing SourceMapDevToolPlugin larpinq-node_modules_date-fns_locale_en-IE_js.js?v=999890245124ce14ee04 generated SourceMap
<s> [webpack.Progress] 92% sealing asset processing SourceMapDevToolPlugin larpinq-node_modules_date-fns_locale_en-IN_js.js?v=809a301b2e80d6a8a820 generate SourceMap
<s> [webpack.Progress] 92% sealing asset processing SourceMapDevToolPlugin larpinq-node_modules_date-fns_locale_en-IN_js.js?v=809a301b2e80d6a8a820 generated SourceMap
<s> [webpack.Progress] 92% sealing asset processing SourceMapDevToolPlugin larpinq-node_modules_date-fns_locale_en-NZ_js.js?v=125755db85d0b5d5d7ff generate SourceMap
<s> [webpack.Progress] 92% sealing asset processing SourceMapDevToolPlugin larpinq-node_modules_date-fns_locale_en-NZ_js.js?v=125755db85d0b5d5d7ff generated SourceMap
<s> [webpack.Progress] 92% sealing asset processing SourceMapDevToolPlugin larpinq-node_modules_date-fns_locale_en-ZA_js.js?v=e87874db4248bb3bdda2 generate SourceMap
<s> [webpack.Progress] 92% sealing asset processing SourceMapDevToolPlugin larpinq-node_modules_date-fns_locale_en-ZA_js.js?v=e87874db4248bb3bdda2 generated SourceMap
<s> [webpack.Progress] 92% sealing asset processing SourceMapDevToolPlugin larpinq-node_modules_date-fns_locale_eo_js.js?v=f6a688ca61adca2e436d generate SourceMap
<s> [webpack.Progress] 92% sealing asset processing SourceMapDevToolPlugin larpinq-node_modules_date-fns_locale_eo_js.js?v=f6a688ca61adca2e436d generated SourceMap
<s> [webpack.Progress] 92% sealing asset processing SourceMapDevToolPlugin larpinq-node_modules_date-fns_locale_es_js.js?v=945958ea0ac3a96c0c0e generate SourceMap
<s> [webpack.Progress] 92% sealing asset processing SourceMapDevToolPlugin larpinq-node_modules_date-fns_locale_es_js.js?v=945958ea0ac3a96c0c0e generated SourceMap
<s> [webpack.Progress] 92% sealing asset processing SourceMapDevToolPlugin larpinq-node_modules_date-fns_locale_et_js.js?v=fc1b630ce8811925e20a generate SourceMap
<s> [webpack.Progress] 92% sealing asset processing SourceMapDevToolPlugin larpinq-node_modules_date-fns_locale_et_js.js?v=fc1b630ce8811925e20a generated SourceMap
<s> [webpack.Progress] 92% sealing asset processing SourceMapDevToolPlugin larpinq-node_modules_date-fns_locale_eu_js.js?v=3b231e56aec5d5c25e67 generate SourceMap
<s> [webpack.Progress] 92% sealing asset processing SourceMapDevToolPlugin larpinq-node_modules_date-fns_locale_eu_js.js?v=3b231e56aec5d5c25e67 generated SourceMap
<s> [webpack.Progress] 92% sealing asset processing SourceMapDevToolPlugin larpinq-node_modules_date-fns_locale_fa-IR_js.js?v=98a8ff15ea8410d8c74c generate SourceMap
<s> [webpack.Progress] 92% sealing asset processing SourceMapDevToolPlugin larpinq-node_modules_date-fns_locale_fa-IR_js.js?v=98a8ff15ea8410d8c74c generated SourceMap
<s> [webpack.Progress] 92% sealing asset processing SourceMapDevToolPlugin larpinq-node_modules_date-fns_locale_fi_js.js?v=3de5dc045ea26ee9c750 generate SourceMap
<s> [webpack.Progress] 92% sealing asset processing SourceMapDevToolPlugin larpinq-node_modules_date-fns_locale_fi_js.js?v=3de5dc045ea26ee9c750 generated SourceMap
<s> [webpack.Progress] 92% sealing asset processing SourceMapDevToolPlugin larpinq-node_modules_date-fns_locale_fr-CA_js.js?v=2c26868e9fe03e8b1393 generate SourceMap
<s> [webpack.Progress] 92% sealing asset processing SourceMapDevToolPlugin larpinq-node_modules_date-fns_locale_fr-CA_js.js?v=2c26868e9fe03e8b1393 generated SourceMap
<s> [webpack.Progress] 92% sealing asset processing SourceMapDevToolPlugin larpinq-node_modules_date-fns_locale_fr-CH_js.js?v=083c0dce12d666d90457 generate SourceMap
<s> [webpack.Progress] 92% sealing asset processing SourceMapDevToolPlugin larpinq-node_modules_date-fns_locale_fr-CH_js.js?v=083c0dce12d666d90457 generated SourceMap
<s> [webpack.Progress] 92% sealing asset processing SourceMapDevToolPlugin larpinq-node_modules_date-fns_locale_fr_js.js?v=f897172ebe69f251c0bc generate SourceMap
<s> [webpack.Progress] 92% sealing asset processing SourceMapDevToolPlugin larpinq-node_modules_date-fns_locale_fr_js.js?v=f897172ebe69f251c0bc generated SourceMap
<s> [webpack.Progress] 92% sealing asset processing SourceMapDevToolPlugin larpinq-node_modules_date-fns_locale_fy_js.js?v=eb17ded7dae230ade5bf generate SourceMap
<s> [webpack.Progress] 92% sealing asset processing SourceMapDevToolPlugin larpinq-node_modules_date-fns_locale_fy_js.js?v=eb17ded7dae230ade5bf generated SourceMap
<s> [webpack.Progress] 92% sealing asset processing SourceMapDevToolPlugin larpinq-node_modules_date-fns_locale_gd_js.js?v=9467bf5047fd952fe84d generate SourceMap
<s> [webpack.Progress] 92% sealing asset processing SourceMapDevToolPlugin larpinq-node_modules_date-fns_locale_gd_js.js?v=9467bf5047fd952fe84d generated SourceMap
<s> [webpack.Progress] 92% sealing asset processing SourceMapDevToolPlugin larpinq-node_modules_date-fns_locale_gl_js.js?v=f0eb37d28ff715fbd7a2 generate SourceMap
<s> [webpack.Progress] 92% sealing asset processing SourceMapDevToolPlugin larpinq-node_modules_date-fns_locale_gl_js.js?v=f0eb37d28ff715fbd7a2 generated SourceMap
<s> [webpack.Progress] 92% sealing asset processing SourceMapDevToolPlugin larpinq-node_modules_date-fns_locale_gu_js.js?v=b97f72e0af0f7e2a1c94 generate SourceMap
<s> [webpack.Progress] 92% sealing asset processing SourceMapDevToolPlugin larpinq-node_modules_date-fns_locale_gu_js.js?v=b97f72e0af0f7e2a1c94 generated SourceMap
<s> [webpack.Progress] 92% sealing asset processing SourceMapDevToolPlugin larpinq-node_modules_date-fns_locale_he_js.js?v=367109680cd24523d93a generate SourceMap
<s> [webpack.Progress] 92% sealing asset processing SourceMapDevToolPlugin larpinq-node_modules_date-fns_locale_he_js.js?v=367109680cd24523d93a generated SourceMap
<s> [webpack.Progress] 92% sealing asset processing SourceMapDevToolPlugin larpinq-node_modules_date-fns_locale_hi_js.js?v=8a28549606c41f3638ab generate SourceMap
<s> [webpack.Progress] 92% sealing asset processing SourceMapDevToolPlugin larpinq-node_modules_date-fns_locale_hi_js.js?v=8a28549606c41f3638ab generated SourceMap
<s> [webpack.Progress] 92% sealing asset processing SourceMapDevToolPlugin larpinq-node_modules_date-fns_locale_hr_js.js?v=6765a02deb94a16a0f1f generate SourceMap
<s> [webpack.Progress] 92% sealing asset processing SourceMapDevToolPlugin larpinq-node_modules_date-fns_locale_hr_js.js?v=6765a02deb94a16a0f1f generated SourceMap
<s> [webpack.Progress] 92% sealing asset processing SourceMapDevToolPlugin larpinq-node_modules_date-fns_locale_ht_js.js?v=256c84cc24a65840290c generate SourceMap
<s> [webpack.Progress] 92% sealing asset processing SourceMapDevToolPlugin larpinq-node_modules_date-fns_locale_ht_js.js?v=256c84cc24a65840290c generated SourceMap
<s> [webpack.Progress] 92% sealing asset processing SourceMapDevToolPlugin larpinq-node_modules_date-fns_locale_hu_js.js?v=2de75ffef4e2f87f13b5 generate SourceMap
<s> [webpack.Progress] 92% sealing asset processing SourceMapDevToolPlugin larpinq-node_modules_date-fns_locale_hu_js.js?v=2de75ffef4e2f87f13b5 generated SourceMap
<s> [webpack.Progress] 92% sealing asset processing SourceMapDevToolPlugin larpinq-node_modules_date-fns_locale_hy_js.js?v=b0fa08f5bff6cb6e29a9 generate SourceMap
<s> [webpack.Progress] 92% sealing asset processing SourceMapDevToolPlugin larpinq-node_modules_date-fns_locale_hy_js.js?v=b0fa08f5bff6cb6e29a9 generated SourceMap
<s> [webpack.Progress] 92% sealing asset processing SourceMapDevToolPlugin larpinq-node_modules_date-fns_locale_id_js.js?v=78d879909ae6fd128378 generate SourceMap
<s> [webpack.Progress] 92% sealing asset processing SourceMapDevToolPlugin larpinq-node_modules_date-fns_locale_id_js.js?v=78d879909ae6fd128378 generated SourceMap
<s> [webpack.Progress] 92% sealing asset processing SourceMapDevToolPlugin larpinq-node_modules_date-fns_locale_is_js.js?v=e58a792f454039e4992b generate SourceMap
<s> [webpack.Progress] 92% sealing asset processing SourceMapDevToolPlugin larpinq-node_modules_date-fns_locale_is_js.js?v=e58a792f454039e4992b generated SourceMap
<s> [webpack.Progress] 92% sealing asset processing SourceMapDevToolPlugin larpinq-node_modules_date-fns_locale_it-CH_js.js?v=11cfb9543923a03af23a generate SourceMap
<s> [webpack.Progress] 92% sealing asset processing SourceMapDevToolPlugin larpinq-node_modules_date-fns_locale_it-CH_js.js?v=11cfb9543923a03af23a generated SourceMap
<s> [webpack.Progress] 92% sealing asset processing SourceMapDevToolPlugin larpinq-node_modules_date-fns_locale_it_js.js?v=8330b415f3e53c61b11f generate SourceMap
<s> [webpack.Progress] 92% sealing asset processing SourceMapDevToolPlugin larpinq-node_modules_date-fns_locale_it_js.js?v=8330b415f3e53c61b11f generated SourceMap
<s> [webpack.Progress] 92% sealing asset processing SourceMapDevToolPlugin larpinq-node_modules_date-fns_locale_ja-Hira_js.js?v=160ee1fb78de14a77e4a generate SourceMap
<s> [webpack.Progress] 92% sealing asset processing SourceMapDevToolPlugin larpinq-node_modules_date-fns_locale_ja-Hira_js.js?v=160ee1fb78de14a77e4a generated SourceMap
<s> [webpack.Progress] 92% sealing asset processing SourceMapDevToolPlugin larpinq-node_modules_date-fns_locale_ja_js.js?v=077b6fbb9e5c3c4b2d72 generate SourceMap
<s> [webpack.Progress] 92% sealing asset processing SourceMapDevToolPlugin larpinq-node_modules_date-fns_locale_ja_js.js?v=077b6fbb9e5c3c4b2d72 generated SourceMap
<s> [webpack.Progress] 92% sealing asset processing SourceMapDevToolPlugin larpinq-node_modules_date-fns_locale_ka_js.js?v=32aee48eff3508084eb7 generate SourceMap
<s> [webpack.Progress] 92% sealing asset processing SourceMapDevToolPlugin larpinq-node_modules_date-fns_locale_ka_js.js?v=32aee48eff3508084eb7 generated SourceMap
<s> [webpack.Progress] 92% sealing asset processing SourceMapDevToolPlugin larpinq-vendors-node_modules_date-fns_locale_kk_js.js?v=97b9af5c9c885502f460 generate SourceMap
<s> [webpack.Progress] 92% sealing asset processing SourceMapDevToolPlugin larpinq-vendors-node_modules_date-fns_locale_kk_js.js?v=97b9af5c9c885502f460 generated SourceMap
<s> [webpack.Progress] 92% sealing asset processing SourceMapDevToolPlugin larpinq-node_modules_date-fns_locale_km_js.js?v=39f6da9069dc1f6c765f generate SourceMap
<s> [webpack.Progress] 92% sealing asset processing SourceMapDevToolPlugin larpinq-node_modules_date-fns_locale_km_js.js?v=39f6da9069dc1f6c765f generated SourceMap
<s> [webpack.Progress] 92% sealing asset processing SourceMapDevToolPlugin larpinq-node_modules_date-fns_locale_kn_js.js?v=e3cb7cb5037a95e0263f generate SourceMap
<s> [webpack.Progress] 92% sealing asset processing SourceMapDevToolPlugin larpinq-node_modules_date-fns_locale_kn_js.js?v=e3cb7cb5037a95e0263f generated SourceMap
<s> [webpack.Progress] 92% sealing asset processing SourceMapDevToolPlugin larpinq-node_modules_date-fns_locale_ko_js.js?v=b36e551f329bb60849e0 generate SourceMap
<s> [webpack.Progress] 92% sealing asset processing SourceMapDevToolPlugin larpinq-node_modules_date-fns_locale_ko_js.js?v=b36e551f329bb60849e0 generated SourceMap
<s> [webpack.Progress] 92% sealing asset processing SourceMapDevToolPlugin larpinq-node_modules_date-fns_locale_lb_js.js?v=425c5e19a68e92cdcea3 generate SourceMap
<s> [webpack.Progress] 92% sealing asset processing SourceMapDevToolPlugin larpinq-node_modules_date-fns_locale_lb_js.js?v=425c5e19a68e92cdcea3 generated SourceMap
<s> [webpack.Progress] 92% sealing asset processing SourceMapDevToolPlugin larpinq-node_modules_date-fns_locale_lt_js.js?v=fd3ae93e75e3f6722a01 generate SourceMap
<s> [webpack.Progress] 92% sealing asset processing SourceMapDevToolPlugin larpinq-node_modules_date-fns_locale_lt_js.js?v=fd3ae93e75e3f6722a01 generated SourceMap
<s> [webpack.Progress] 92% sealing asset processing SourceMapDevToolPlugin larpinq-node_modules_date-fns_locale_lv_js.js?v=3e34d5d05ec4a4dacfdc generate SourceMap
<s> [webpack.Progress] 92% sealing asset processing SourceMapDevToolPlugin larpinq-node_modules_date-fns_locale_lv_js.js?v=3e34d5d05ec4a4dacfdc generated SourceMap
<s> [webpack.Progress] 92% sealing asset processing SourceMapDevToolPlugin larpinq-node_modules_date-fns_locale_mk_js.js?v=6b3a8028a0c83773a0e8 generate SourceMap
<s> [webpack.Progress] 92% sealing asset processing SourceMapDevToolPlugin larpinq-node_modules_date-fns_locale_mk_js.js?v=6b3a8028a0c83773a0e8 generated SourceMap
<s> [webpack.Progress] 92% sealing asset processing SourceMapDevToolPlugin larpinq-node_modules_date-fns_locale_mn_js.js?v=094065c6e6a74f394738 generate SourceMap
<s> [webpack.Progress] 92% sealing asset processing SourceMapDevToolPlugin larpinq-node_modules_date-fns_locale_mn_js.js?v=094065c6e6a74f394738 generated SourceMap
<s> [webpack.Progress] 92% sealing asset processing SourceMapDevToolPlugin larpinq-node_modules_date-fns_locale_ms_js.js?v=156b89eafb21185ff686 generate SourceMap
<s> [webpack.Progress] 92% sealing asset processing SourceMapDevToolPlugin larpinq-node_modules_date-fns_locale_ms_js.js?v=156b89eafb21185ff686 generated SourceMap
<s> [webpack.Progress] 92% sealing asset processing SourceMapDevToolPlugin larpinq-node_modules_date-fns_locale_mt_js.js?v=518fab3c1df3145b0f55 generate SourceMap
<s> [webpack.Progress] 92% sealing asset processing SourceMapDevToolPlugin larpinq-node_modules_date-fns_locale_mt_js.js?v=518fab3c1df3145b0f55 generated SourceMap
<s> [webpack.Progress] 92% sealing asset processing SourceMapDevToolPlugin larpinq-node_modules_date-fns_locale_nb_js.js?v=66908c1758569313503e generate SourceMap
<s> [webpack.Progress] 92% sealing asset processing SourceMapDevToolPlugin larpinq-node_modules_date-fns_locale_nb_js.js?v=66908c1758569313503e generated SourceMap
<s> [webpack.Progress] 92% sealing asset processing SourceMapDevToolPlugin larpinq-node_modules_date-fns_locale_nl-BE_js.js?v=80526c3e0957555c9f13 generate SourceMap
<s> [webpack.Progress] 92% sealing asset processing SourceMapDevToolPlugin larpinq-node_modules_date-fns_locale_nl-BE_js.js?v=80526c3e0957555c9f13 generated SourceMap
<s> [webpack.Progress] 92% sealing asset processing SourceMapDevToolPlugin larpinq-node_modules_date-fns_locale_nl_js.js?v=cdbff1a1383ef8eb589f generate SourceMap
<s> [webpack.Progress] 92% sealing asset processing SourceMapDevToolPlugin larpinq-node_modules_date-fns_locale_nl_js.js?v=cdbff1a1383ef8eb589f generated SourceMap
<s> [webpack.Progress] 92% sealing asset processing SourceMapDevToolPlugin larpinq-node_modules_date-fns_locale_nn_js.js?v=548ba0f805971983dfd6 generate SourceMap
<s> [webpack.Progress] 92% sealing asset processing SourceMapDevToolPlugin larpinq-node_modules_date-fns_locale_nn_js.js?v=548ba0f805971983dfd6 generated SourceMap
<s> [webpack.Progress] 92% sealing asset processing SourceMapDevToolPlugin larpinq-node_modules_date-fns_locale_oc_js.js?v=9986d8a72d06d7218e6a generate SourceMap
<s> [webpack.Progress] 92% sealing asset processing SourceMapDevToolPlugin larpinq-node_modules_date-fns_locale_oc_js.js?v=9986d8a72d06d7218e6a generated SourceMap
<s> [webpack.Progress] 92% sealing asset processing SourceMapDevToolPlugin larpinq-node_modules_date-fns_locale_pl_js.js?v=e483ba54336783f98354 generate SourceMap
<s> [webpack.Progress] 92% sealing asset processing SourceMapDevToolPlugin larpinq-node_modules_date-fns_locale_pl_js.js?v=e483ba54336783f98354 generated SourceMap
<s> [webpack.Progress] 92% sealing asset processing SourceMapDevToolPlugin larpinq-node_modules_date-fns_locale_pt-BR_js.js?v=1f353d25a681f55d6319 generate SourceMap
<s> [webpack.Progress] 92% sealing asset processing SourceMapDevToolPlugin larpinq-node_modules_date-fns_locale_pt-BR_js.js?v=1f353d25a681f55d6319 generated SourceMap
<s> [webpack.Progress] 92% sealing asset processing SourceMapDevToolPlugin larpinq-node_modules_date-fns_locale_pt_js.js?v=50822335e2c5b0830b68 generate SourceMap
<s> [webpack.Progress] 92% sealing asset processing SourceMapDevToolPlugin larpinq-node_modules_date-fns_locale_pt_js.js?v=50822335e2c5b0830b68 generated SourceMap
<s> [webpack.Progress] 92% sealing asset processing SourceMapDevToolPlugin larpinq-node_modules_date-fns_locale_ro_js.js?v=871095aade2083ae9287 generate SourceMap
<s> [webpack.Progress] 92% sealing asset processing SourceMapDevToolPlugin larpinq-node_modules_date-fns_locale_ro_js.js?v=871095aade2083ae9287 generated SourceMap
<s> [webpack.Progress] 92% sealing asset processing SourceMapDevToolPlugin larpinq-vendors-node_modules_date-fns_locale_ru_js.js?v=1402183746a09fd8e952 generate SourceMap
<s> [webpack.Progress] 92% sealing asset processing SourceMapDevToolPlugin larpinq-vendors-node_modules_date-fns_locale_ru_js.js?v=1402183746a09fd8e952 generated SourceMap
<s> [webpack.Progress] 92% sealing asset processing SourceMapDevToolPlugin larpinq-node_modules_date-fns_locale_se_js.js?v=f0e22ecfeff371a92e44 generate SourceMap
<s> [webpack.Progress] 92% sealing asset processing SourceMapDevToolPlugin larpinq-node_modules_date-fns_locale_se_js.js?v=f0e22ecfeff371a92e44 generated SourceMap
<s> [webpack.Progress] 92% sealing asset processing SourceMapDevToolPlugin larpinq-node_modules_date-fns_locale_sk_js.js?v=9b66e89bb2a874de3da1 generate SourceMap
<s> [webpack.Progress] 92% sealing asset processing SourceMapDevToolPlugin larpinq-node_modules_date-fns_locale_sk_js.js?v=9b66e89bb2a874de3da1 generated SourceMap
<s> [webpack.Progress] 92% sealing asset processing SourceMapDevToolPlugin larpinq-node_modules_date-fns_locale_sl_js.js?v=d3273fcae43651445903 generate SourceMap
<s> [webpack.Progress] 92% sealing asset processing SourceMapDevToolPlugin larpinq-node_modules_date-fns_locale_sl_js.js?v=d3273fcae43651445903 generated SourceMap
<s> [webpack.Progress] 92% sealing asset processing SourceMapDevToolPlugin larpinq-node_modules_date-fns_locale_sq_js.js?v=faabd483e22a551ae896 generate SourceMap
<s> [webpack.Progress] 92% sealing asset processing SourceMapDevToolPlugin larpinq-node_modules_date-fns_locale_sq_js.js?v=faabd483e22a551ae896 generated SourceMap
<s> [webpack.Progress] 92% sealing asset processing SourceMapDevToolPlugin larpinq-node_modules_date-fns_locale_sr-Latn_js.js?v=d32f373cfebb7f851a36 generate SourceMap
<s> [webpack.Progress] 92% sealing asset processing SourceMapDevToolPlugin larpinq-node_modules_date-fns_locale_sr-Latn_js.js?v=d32f373cfebb7f851a36 generated SourceMap
<s> [webpack.Progress] 92% sealing asset processing SourceMapDevToolPlugin larpinq-node_modules_date-fns_locale_sr_js.js?v=ad1b5729b634d4939bb4 generate SourceMap
<s> [webpack.Progress] 92% sealing asset processing SourceMapDevToolPlugin larpinq-node_modules_date-fns_locale_sr_js.js?v=ad1b5729b634d4939bb4 generated SourceMap
<s> [webpack.Progress] 92% sealing asset processing SourceMapDevToolPlugin larpinq-node_modules_date-fns_locale_sv_js.js?v=bb92ec9435a54da23e85 generate SourceMap
<s> [webpack.Progress] 92% sealing asset processing SourceMapDevToolPlugin larpinq-node_modules_date-fns_locale_sv_js.js?v=bb92ec9435a54da23e85 generated SourceMap
<s> [webpack.Progress] 92% sealing asset processing SourceMapDevToolPlugin larpinq-node_modules_date-fns_locale_ta_js.js?v=33ca7a14a204fadef5e1 generate SourceMap
<s> [webpack.Progress] 92% sealing asset processing SourceMapDevToolPlugin larpinq-node_modules_date-fns_locale_ta_js.js?v=33ca7a14a204fadef5e1 generated SourceMap
<s> [webpack.Progress] 92% sealing asset processing SourceMapDevToolPlugin larpinq-node_modules_date-fns_locale_te_js.js?v=1d6887ecb4212ad53e4c generate SourceMap
<s> [webpack.Progress] 92% sealing asset processing SourceMapDevToolPlugin larpinq-node_modules_date-fns_locale_te_js.js?v=1d6887ecb4212ad53e4c generated SourceMap
<s> [webpack.Progress] 92% sealing asset processing SourceMapDevToolPlugin larpinq-node_modules_date-fns_locale_th_js.js?v=93cedc6870b4233fc862 generate SourceMap
<s> [webpack.Progress] 92% sealing asset processing SourceMapDevToolPlugin larpinq-node_modules_date-fns_locale_th_js.js?v=93cedc6870b4233fc862 generated SourceMap
<s> [webpack.Progress] 92% sealing asset processing SourceMapDevToolPlugin larpinq-node_modules_date-fns_locale_tr_js.js?v=5c2614afc43ecce05cdd generate SourceMap
<s> [webpack.Progress] 92% sealing asset processing SourceMapDevToolPlugin larpinq-node_modules_date-fns_locale_tr_js.js?v=5c2614afc43ecce05cdd generated SourceMap
<s> [webpack.Progress] 92% sealing asset processing SourceMapDevToolPlugin larpinq-node_modules_date-fns_locale_ug_js.js?v=cdb95e424c69ee68b5f6 generate SourceMap
<s> [webpack.Progress] 92% sealing asset processing SourceMapDevToolPlugin larpinq-node_modules_date-fns_locale_ug_js.js?v=cdb95e424c69ee68b5f6 generated SourceMap
<s> [webpack.Progress] 92% sealing asset processing SourceMapDevToolPlugin larpinq-vendors-node_modules_date-fns_locale_uk_js.js?v=256088b7eb50aca89208 generate SourceMap
<s> [webpack.Progress] 92% sealing asset processing SourceMapDevToolPlugin larpinq-vendors-node_modules_date-fns_locale_uk_js.js?v=256088b7eb50aca89208 generated SourceMap
<s> [webpack.Progress] 92% sealing asset processing SourceMapDevToolPlugin larpinq-node_modules_date-fns_locale_uz-Cyrl_js.js?v=e3a7266e13b98c3a4548 generate SourceMap
<s> [webpack.Progress] 92% sealing asset processing SourceMapDevToolPlugin larpinq-node_modules_date-fns_locale_uz-Cyrl_js.js?v=e3a7266e13b98c3a4548 generated SourceMap
<s> [webpack.Progress] 92% sealing asset processing SourceMapDevToolPlugin larpinq-node_modules_date-fns_locale_uz_js.js?v=8e75bb5151ab60d36920 generate SourceMap
<s> [webpack.Progress] 92% sealing asset processing SourceMapDevToolPlugin larpinq-node_modules_date-fns_locale_uz_js.js?v=8e75bb5151ab60d36920 generated SourceMap
<s> [webpack.Progress] 92% sealing asset processing SourceMapDevToolPlugin larpinq-node_modules_date-fns_locale_vi_js.js?v=100817b261defc6bbff0 generate SourceMap
<s> [webpack.Progress] 92% sealing asset processing SourceMapDevToolPlugin larpinq-node_modules_date-fns_locale_vi_js.js?v=100817b261defc6bbff0 generated SourceMap
<s> [webpack.Progress] 92% sealing asset processing SourceMapDevToolPlugin larpinq-node_modules_date-fns_locale_zh-CN_js.js?v=c2c81cedd37de7129548 generate SourceMap
<s> [webpack.Progress] 92% sealing asset processing SourceMapDevToolPlugin larpinq-node_modules_date-fns_locale_zh-CN_js.js?v=c2c81cedd37de7129548 generated SourceMap
<s> [webpack.Progress] 92% sealing asset processing SourceMapDevToolPlugin larpinq-node_modules_date-fns_locale_zh-HK_js.js?v=62341c012f87ff6c1bde generate SourceMap
<s> [webpack.Progress] 92% sealing asset processing SourceMapDevToolPlugin larpinq-node_modules_date-fns_locale_zh-HK_js.js?v=62341c012f87ff6c1bde generated SourceMap
<s> [webpack.Progress] 92% sealing asset processing SourceMapDevToolPlugin larpinq-node_modules_date-fns_locale_zh-TW_js.js?v=f328f07f179a4a5705c8 generate SourceMap
<s> [webpack.Progress] 92% sealing asset processing SourceMapDevToolPlugin larpinq-node_modules_date-fns_locale_zh-TW_js.js?v=f328f07f179a4a5705c8 generated SourceMap
<s> [webpack.Progress] 92% sealing asset processing SourceMapDevToolPlugin larpinq-vendors-node_modules_rehype-highlight_index_js.js?v=f4173bc294b5de5d504e generate SourceMap
<s> [webpack.Progress] 92% sealing asset processing SourceMapDevToolPlugin larpinq-vendors-node_modules_rehype-highlight_index_js.js?v=f4173bc294b5de5d504e generated SourceMap
<s> [webpack.Progress] 92% sealing asset processing SourceMapDevToolPlugin larpinq-vendors-node_modules_toast-ui_editor_dist_esm_index_js.js?v=26f603f4ec043775fc70 generate SourceMap
<s> [webpack.Progress] 92% sealing asset processing SourceMapDevToolPlugin larpinq-vendors-node_modules_toast-ui_editor_dist_esm_index_js.js?v=26f603f4ec043775fc70 generated SourceMap
<s> [webpack.Progress] 92% sealing asset processing SourceMapDevToolPlugin larpinq-data_image_png_base64_iVBORw0KGgoAAAANSUhEUgAAA6QAAAEkCAYAAAA4kPwsAAAAAXNSR0IArs4c6QAAQABJREF-bc006b.js?v=fea9a34d9da09ab16fd8 generate SourceMap
<s> [webpack.Progress] 92% sealing asset processing SourceMapDevToolPlugin larpinq-data_image_png_base64_iVBORw0KGgoAAAANSUhEUgAAA6QAAAEkCAYAAAA4kPwsAAAAAXNSR0IArs4c6QAAQABJREF-bc006b.js?v=fea9a34d9da09ab16fd8 generated SourceMap
<s> [webpack.Progress] 92% sealing asset processing SourceMapDevToolPlugin larpinq-cn-icons-mdi.js?v=c187d4d5acc6f8ef9db5 generate SourceMap
<s> [webpack.Progress] 92% sealing asset processing SourceMapDevToolPlugin larpinq-cn-icons-mdi.js?v=c187d4d5acc6f8ef9db5 generated SourceMap
<s> [webpack.Progress] 92% sealing asset processing SourceMapDevToolPlugin larpinq-node_modules_conduction_nextcloud-vue_dist_esm_components_CnIconPicker_iconCatalogues_js.js?v=869fb0f0845be317a5ee generate SourceMap
<s> [webpack.Progress] 92% sealing asset processing SourceMapDevToolPlugin larpinq-node_modules_conduction_nextcloud-vue_dist_esm_components_CnIconPicker_iconCatalogues_js.js?v=869fb0f0845be317a5ee generated SourceMap
<s> [webpack.Progress] 92% sealing asset processing SourceMapDevToolPlugin larpinq-cn-icons-rvo.js?v=3e44da222173a0e1f464 generate SourceMap
<s> [webpack.Progress] 92% sealing asset processing SourceMapDevToolPlugin larpinq-cn-icons-rvo.js?v=3e44da222173a0e1f464 generated SourceMap
<s> [webpack.Progress] 92% sealing asset processing SourceMapDevToolPlugin larpinq-vendors-node_modules_conduction_nextcloud-vue_dist_esm_node_modules_nextcloud_dialogs_dist_ch-899bef.js?v=34623ae530b47a512250 generate SourceMap
<s> [webpack.Progress] 92% sealing asset processing SourceMapDevToolPlugin larpinq-vendors-node_modules_conduction_nextcloud-vue_dist_esm_node_modules_nextcloud_dialogs_dist_ch-899bef.js?v=34623ae530b47a512250 generated SourceMap
<s> [webpack.Progress] 92% sealing asset processing SourceMapDevToolPlugin larpinq-vendors-node_modules_conduction_nextcloud-vue_dist_esm_node_modules_nextcloud_dialogs_dist_ch-82cd34.js?v=9a10caf743e8aaa7df72 generate SourceMap
<s> [webpack.Progress] 92% sealing asset processing SourceMapDevToolPlugin larpinq-vendors-node_modules_conduction_nextcloud-vue_dist_esm_node_modules_nextcloud_dialogs_dist_ch-82cd34.js?v=9a10caf743e8aaa7df72 generated SourceMap
<s> [webpack.Progress] 92% sealing asset processing SourceMapDevToolPlugin larpinq-node_modules_conduction_nextcloud-vue_dist_esm_node_modules_nextcloud_dialogs_dist_chunks_Pub-1ead8e.js?v=9edae118b29332e6c7a1 generate SourceMap
<s> [webpack.Progress] 92% sealing asset processing SourceMapDevToolPlugin larpinq-node_modules_conduction_nextcloud-vue_dist_esm_node_modules_nextcloud_dialogs_dist_chunks_Pub-1ead8e.js?v=9edae118b29332e6c7a1 generated SourceMap
<s> [webpack.Progress] 92% sealing asset processing SourceMapDevToolPlugin larpinq-node_modules_conduction_nextcloud-vue_dist_esm_utils_evalFormula_js.js?v=9591a9cc543da29df68c generate SourceMap
<s> [webpack.Progress] 92% sealing asset processing SourceMapDevToolPlugin larpinq-node_modules_conduction_nextcloud-vue_dist_esm_utils_evalFormula_js.js?v=9591a9cc543da29df68c generated SourceMap
<s> [webpack.Progress] 92% sealing asset processing SourceMapDevToolPlugin larpinq-node_modules_conduction_nextcloud-vue_dist_esm_node_modules_nextcloud_dialogs_dist_index_js.js?v=64b3af1f2afcea87d7e9 generate SourceMap
<s> [webpack.Progress] 92% sealing asset processing SourceMapDevToolPlugin larpinq-node_modules_conduction_nextcloud-vue_dist_esm_node_modules_nextcloud_dialogs_dist_index_js.js?v=64b3af1f2afcea87d7e9 generated SourceMap
<s> [webpack.Progress] 92% sealing asset processing SourceMapDevToolPlugin larpinq-vendors-node_modules_conduction_nextcloud-vue_dist_esm_node_modules_leaflet_dist_leaflet-src_js.js?v=a9f6bd874a744df3cba4 generate SourceMap
<s> [webpack.Progress] 92% sealing asset processing SourceMapDevToolPlugin larpinq-vendors-node_modules_conduction_nextcloud-vue_dist_esm_node_modules_leaflet_dist_leaflet-src_js.js?v=a9f6bd874a744df3cba4 generated SourceMap
<s> [webpack.Progress] 92% sealing asset processing SourceMapDevToolPlugin larpinq-vendors-node_modules_conduction_nextcloud-vue_dist_esm_components_CnIndexPage_CnIndexPage_vue_js.js?v=14dcd1e83ac7b506cbfa generate SourceMap
<s> [webpack.Progress] 92% sealing asset processing SourceMapDevToolPlugin larpinq-vendors-node_modules_conduction_nextcloud-vue_dist_esm_components_CnIndexPage_CnIndexPage_vue_js.js?v=14dcd1e83ac7b506cbfa generated SourceMap
<s> [webpack.Progress] 92% sealing asset processing SourceMapDevToolPlugin larpinq-vendors-node_modules_conduction_nextcloud-vue_dist_esm_components_CnDetailPage_CnDetailPage_vue_js.js?v=6c286656771e2392716d generate SourceMap
<s> [webpack.Progress] 92% sealing asset processing SourceMapDevToolPlugin larpinq-vendors-node_modules_conduction_nextcloud-vue_dist_esm_components_CnDetailPage_CnDetailPage_vue_js.js?v=6c286656771e2392716d generated SourceMap
<s> [webpack.Progress] 92% sealing asset processing SourceMapDevToolPlugin larpinq-vendors-node_modules_conduction_nextcloud-vue_dist_esm_components_CnDashboardPage_CnDashboard-fec47c.js?v=645623ca1b1f74001d5a generate SourceMap
<s> [webpack.Progress] 92% sealing asset processing SourceMapDevToolPlugin larpinq-vendors-node_modules_conduction_nextcloud-vue_dist_esm_components_CnDashboardPage_CnDashboard-fec47c.js?v=645623ca1b1f74001d5a generated SourceMap
<s> [webpack.Progress] 92% sealing asset processing SourceMapDevToolPlugin larpinq-vendors-node_modules_conduction_nextcloud-vue_dist_esm_components_CnLogsPage_CnLogsPage_vue_js.js?v=fefec9860468cd14ec60 generate SourceMap
<s> [webpack.Progress] 92% sealing asset processing SourceMapDevToolPlugin larpinq-vendors-node_modules_conduction_nextcloud-vue_dist_esm_components_CnLogsPage_CnLogsPage_vue_js.js?v=fefec9860468cd14ec60 generated SourceMap
<s> [webpack.Progress] 92% sealing asset processing SourceMapDevToolPlugin larpinq-vendors-node_modules_conduction_nextcloud-vue_dist_esm_components_CnSettingsPage_CnSettingsPa-384462.js?v=a04fcb09dffb819409b8 generate SourceMap
<s> [webpack.Progress] 92% sealing asset processing SourceMapDevToolPlugin larpinq-vendors-node_modules_conduction_nextcloud-vue_dist_esm_components_CnSettingsPage_CnSettingsPa-384462.js?v=a04fcb09dffb819409b8 generated SourceMap
<s> [webpack.Progress] 92% sealing asset processing SourceMapDevToolPlugin larpinq-node_modules_conduction_nextcloud-vue_dist_esm_components_CnChatPage_CnChatPage_vue_js.js?v=d05a0fd32fdda0ac1348 generate SourceMap
<s> [webpack.Progress] 92% sealing asset processing SourceMapDevToolPlugin larpinq-node_modules_conduction_nextcloud-vue_dist_esm_components_CnChatPage_CnChatPage_vue_js.js?v=d05a0fd32fdda0ac1348 generated SourceMap
<s> [webpack.Progress] 92% sealing asset processing SourceMapDevToolPlugin larpinq-node_modules_conduction_nextcloud-vue_dist_esm_components_CnFilesPage_CnFilesPage_vue_js.js?v=f7406c806df5943cd966 generate SourceMap
<s> [webpack.Progress] 92% sealing asset processing SourceMapDevToolPlugin larpinq-node_modules_conduction_nextcloud-vue_dist_esm_components_CnFilesPage_CnFilesPage_vue_js.js?v=f7406c806df5943cd966 generated SourceMap
<s> [webpack.Progress] 92% sealing asset processing SourceMapDevToolPlugin larpinq-node_modules_conduction_nextcloud-vue_dist_esm_components_CnMapPage_CnMapPage_vue_js.js?v=ed22f8d6e28d7823b56d generate SourceMap
<s> [webpack.Progress] 92% sealing asset processing SourceMapDevToolPlugin larpinq-node_modules_conduction_nextcloud-vue_dist_esm_components_CnMapPage_CnMapPage_vue_js.js?v=ed22f8d6e28d7823b56d generated SourceMap
<s> [webpack.Progress] 92% sealing asset processing SourceMapDevToolPlugin larpinq-vendors-node_modules_conduction_nextcloud-vue_dist_esm_components_CnFeaturesAndRoadmapPage_Cn-4c37f3.js?v=24b849734c626aa74d33 generate SourceMap
<s> [webpack.Progress] 92% sealing asset processing SourceMapDevToolPlugin larpinq-vendors-node_modules_conduction_nextcloud-vue_dist_esm_components_CnFeaturesAndRoadmapPage_Cn-4c37f3.js?v=24b849734c626aa74d33 generated SourceMap
<s> [webpack.Progress] 92% sealing asset processing SourceMapDevToolPlugin larpinq-node_modules_conduction_nextcloud-vue_dist_esm_components_CnSearchPage_CnSearchPage_vue_js.js?v=b965965e9ea8e712214e generate SourceMap
<s> [webpack.Progress] 92% sealing asset processing SourceMapDevToolPlugin larpinq-node_modules_conduction_nextcloud-vue_dist_esm_components_CnSearchPage_CnSearchPage_vue_js.js?v=b965965e9ea8e712214e generated SourceMap
<s> [webpack.Progress] 92% sealing asset processing SourceMapDevToolPlugin larpinq-node_modules_conduction_nextcloud-vue_dist_esm_components_CnWikiPage_CnWikiPage_vue_js.js?v=91d998c16f089038deaa generate SourceMap
<s> [webpack.Progress] 92% sealing asset processing SourceMapDevToolPlugin larpinq-node_modules_conduction_nextcloud-vue_dist_esm_components_CnWikiPage_CnWikiPage_vue_js.js?v=91d998c16f089038deaa generated SourceMap
<s> [webpack.Progress] 92% sealing asset processing SourceMapDevToolPlugin larpinq-node_modules_conduction_nextcloud-vue_dist_esm_components_CnFlowsPage_CnFlowsPage_vue_js.js?v=5e15fd80e4680523bed0 generate SourceMap
<s> [webpack.Progress] 92% sealing asset processing SourceMapDevToolPlugin larpinq-node_modules_conduction_nextcloud-vue_dist_esm_components_CnFlowsPage_CnFlowsPage_vue_js.js?v=5e15fd80e4680523bed0 generated SourceMap
<s> [webpack.Progress] 92% sealing asset processing SourceMapDevToolPlugin larpinq-node_modules_conduction_nextcloud-vue_dist_esm_components_CnFlowsPage_CnFlowEditorPage_vue_js.js?v=162134f63b599bf97e99 generate SourceMap
<s> [webpack.Progress] 92% sealing asset processing SourceMapDevToolPlugin larpinq-node_modules_conduction_nextcloud-vue_dist_esm_components_CnFlowsPage_CnFlowEditorPage_vue_js.js?v=162134f63b599bf97e99 generated SourceMap
<s> [webpack.Progress] 92% sealing asset processing SourceMapDevToolPlugin larpinq-vendors-node_modules_conduction_nextcloud-vue_dist_esm_components_CnAdvancedFormDialog_CnAdva-f0f0c9.js?v=90537c7f44daed91785d generate SourceMap
<s> [webpack.Progress] 92% sealing asset processing SourceMapDevToolPlugin larpinq-vendors-node_modules_conduction_nextcloud-vue_dist_esm_components_CnAdvancedFormDialog_CnAdva-f0f0c9.js?v=90537c7f44daed91785d generated SourceMap
<s> [webpack.Progress] 92% sealing asset processing SourceMapDevToolPlugin larpinq-vendors-node_modules_conduction_nextcloud-vue_dist_esm_node_modules_nextcloud_dialogs_dist_ch-eabf4e.js?v=622bd307727be25b6498 generate SourceMap
<s> [webpack.Progress] 92% sealing asset processing SourceMapDevToolPlugin larpinq-vendors-node_modules_conduction_nextcloud-vue_dist_esm_node_modules_nextcloud_dialogs_dist_ch-eabf4e.js?v=622bd307727be25b6498 generated SourceMap
<s> [webpack.Progress] 92% sealing asset processing SourceMapDevToolPlugin larpinq-vendors-node_modules_conduction_nextcloud-vue_dist_esm_components_CnPagination_CnPagination_v-e96f7d.js?v=164f29a61c3d6ffe1e2d generate SourceMap
<s> [webpack.Progress] 92% sealing asset processing SourceMapDevToolPlugin larpinq-vendors-node_modules_conduction_nextcloud-vue_dist_esm_components_CnPagination_CnPagination_v-e96f7d.js?v=164f29a61c3d6ffe1e2d generated SourceMap
<s> [webpack.Progress] 92% sealing asset processing SourceMapDevToolPlugin larpinq-vendors-node_modules_conduction_nextcloud-vue_dist_esm_components_CnActionButtons_CnActionBut-ce6b26.js?v=f5f8073ba69dac0374a1 generate SourceMap
<s> [webpack.Progress] 92% sealing asset processing SourceMapDevToolPlugin larpinq-vendors-node_modules_conduction_nextcloud-vue_dist_esm_components_CnActionButtons_CnActionBut-ce6b26.js?v=f5f8073ba69dac0374a1 generated SourceMap
<s> [webpack.Progress] 92% sealing asset processing SourceMapDevToolPlugin larpinq-vendors-node_modules_conduction_nextcloud-vue_dist_esm_node_modules_nextcloud_dialogs_dist_ch-37cc38.js?v=41a3ee82663577d4b042 generate SourceMap
<s> [webpack.Progress] 92% sealing asset processing SourceMapDevToolPlugin larpinq-vendors-node_modules_conduction_nextcloud-vue_dist_esm_node_modules_nextcloud_dialogs_dist_ch-37cc38.js?v=41a3ee82663577d4b042 generated SourceMap
<s> [webpack.Progress] 92% sealing asset processing SourceMapDevToolPlugin larpinq-vendors-node_modules_toast-ui_editor_dist_toastui-editor_css.js?v=53571533df6735c7afa3 generate SourceMap
<s> [webpack.Progress] 92% sealing asset processing SourceMapDevToolPlugin larpinq-vendors-node_modules_toast-ui_editor_dist_toastui-editor_css.js?v=53571533df6735c7afa3 generated SourceMap
<s> [webpack.Progress] 92% sealing asset processing SourceMapDevToolPlugin resolve sources
<s> [webpack.Progress] 92% sealing asset processing SourceMapDevToolPlugin larpinq-main.js attach SourceMap
<s> [webpack.Progress] 92% sealing asset processing SourceMapDevToolPlugin larpinq-main.js attached SourceMap
<s> [webpack.Progress] 92% sealing asset processing SourceMapDevToolPlugin larpinq-settings.js attach SourceMap
<s> [webpack.Progress] 92% sealing asset processing SourceMapDevToolPlugin larpinq-settings.js attached SourceMap
<s> [webpack.Progress] 92% sealing asset processing SourceMapDevToolPlugin larpinq-node_modules_date-fns_locale_af_js.js?v=e0d34ec37a3e16b2027e attach SourceMap
<s> [webpack.Progress] 92% sealing asset processing SourceMapDevToolPlugin larpinq-node_modules_date-fns_locale_af_js.js?v=e0d34ec37a3e16b2027e attached SourceMap
<s> [webpack.Progress] 92% sealing asset processing SourceMapDevToolPlugin larpinq-node_modules_date-fns_locale_ar-DZ_js.js?v=52f5aca4fb73f5245c0b attach SourceMap
<s> [webpack.Progress] 92% sealing asset processing SourceMapDevToolPlugin larpinq-node_modules_date-fns_locale_ar-DZ_js.js?v=52f5aca4fb73f5245c0b attached SourceMap
<s> [webpack.Progress] 92% sealing asset processing SourceMapDevToolPlugin larpinq-node_modules_date-fns_locale_ar-EG_js.js?v=e42c6b2b880a777dcb32 attach SourceMap
<s> [webpack.Progress] 92% sealing asset processing SourceMapDevToolPlugin larpinq-node_modules_date-fns_locale_ar-EG_js.js?v=e42c6b2b880a777dcb32 attached SourceMap
<s> [webpack.Progress] 92% sealing asset processing SourceMapDevToolPlugin larpinq-node_modules_date-fns_locale_ar-MA_js.js?v=908b606374d62b4deadf attach SourceMap
<s> [webpack.Progress] 92% sealing asset processing SourceMapDevToolPlugin larpinq-node_modules_date-fns_locale_ar-MA_js.js?v=908b606374d62b4deadf attached SourceMap
<s> [webpack.Progress] 92% sealing asset processing SourceMapDevToolPlugin larpinq-node_modules_date-fns_locale_ar-SA_js.js?v=74688f2329a3d33e1c50 attach SourceMap
<s> [webpack.Progress] 92% sealing asset processing SourceMapDevToolPlugin larpinq-node_modules_date-fns_locale_ar-SA_js.js?v=74688f2329a3d33e1c50 attached SourceMap
<s> [webpack.Progress] 92% sealing asset processing SourceMapDevToolPlugin larpinq-node_modules_date-fns_locale_ar-TN_js.js?v=2b5e102628608d125817 attach SourceMap
<s> [webpack.Progress] 92% sealing asset processing SourceMapDevToolPlugin larpinq-node_modules_date-fns_locale_ar-TN_js.js?v=2b5e102628608d125817 attached SourceMap
<s> [webpack.Progress] 92% sealing asset processing SourceMapDevToolPlugin larpinq-node_modules_date-fns_locale_ar_js.js?v=e20c7dbde90122fce38b attach SourceMap
<s> [webpack.Progress] 92% sealing asset processing SourceMapDevToolPlugin larpinq-node_modules_date-fns_locale_ar_js.js?v=e20c7dbde90122fce38b attached SourceMap
<s> [webpack.Progress] 92% sealing asset processing SourceMapDevToolPlugin larpinq-node_modules_date-fns_locale_az_js.js?v=2a8623e9e979a5a3b971 attach SourceMap
<s> [webpack.Progress] 92% sealing asset processing SourceMapDevToolPlugin larpinq-node_modules_date-fns_locale_az_js.js?v=2a8623e9e979a5a3b971 attached SourceMap
<s> [webpack.Progress] 92% sealing asset processing SourceMapDevToolPlugin larpinq-vendors-node_modules_date-fns_locale_be-tarask_js.js?v=55a54eca6bb7e00f4a7f attach SourceMap
<s> [webpack.Progress] 92% sealing asset processing SourceMapDevToolPlugin larpinq-vendors-node_modules_date-fns_locale_be-tarask_js.js?v=55a54eca6bb7e00f4a7f attached SourceMap
<s> [webpack.Progress] 92% sealing asset processing SourceMapDevToolPlugin larpinq-vendors-node_modules_date-fns_locale_be_js.js?v=298e88db5d9eef57e4fc attach SourceMap
<s> [webpack.Progress] 92% sealing asset processing SourceMapDevToolPlugin larpinq-vendors-node_modules_date-fns_locale_be_js.js?v=298e88db5d9eef57e4fc attached SourceMap
<s> [webpack.Progress] 92% sealing asset processing SourceMapDevToolPlugin larpinq-node_modules_date-fns_locale_bg_js.js?v=808c33274170692acf67 attach SourceMap
<s> [webpack.Progress] 92% sealing asset processing SourceMapDevToolPlugin larpinq-node_modules_date-fns_locale_bg_js.js?v=808c33274170692acf67 attached SourceMap
<s> [webpack.Progress] 92% sealing asset processing SourceMapDevToolPlugin larpinq-node_modules_date-fns_locale_bn_js.js?v=ce9cb52c36c66b72224f attach SourceMap
<s> [webpack.Progress] 92% sealing asset processing SourceMapDevToolPlugin larpinq-node_modules_date-fns_locale_bn_js.js?v=ce9cb52c36c66b72224f attached SourceMap
<s> [webpack.Progress] 92% sealing asset processing SourceMapDevToolPlugin larpinq-node_modules_date-fns_locale_bs_js.js?v=77f08d2f8aa0b4b2417e attach SourceMap
<s> [webpack.Progress] 92% sealing asset processing SourceMapDevToolPlugin larpinq-node_modules_date-fns_locale_bs_js.js?v=77f08d2f8aa0b4b2417e attached SourceMap
<s> [webpack.Progress] 92% sealing asset processing SourceMapDevToolPlugin larpinq-node_modules_date-fns_locale_ca_js.js?v=75667267f97061ac8715 attach SourceMap
<s> [webpack.Progress] 92% sealing asset processing SourceMapDevToolPlugin larpinq-node_modules_date-fns_locale_ca_js.js?v=75667267f97061ac8715 attached SourceMap
<s> [webpack.Progress] 92% sealing asset processing SourceMapDevToolPlugin larpinq-node_modules_date-fns_locale_ckb_js.js?v=d852c092b3a2ff70ddde attach SourceMap
<s> [webpack.Progress] 92% sealing asset processing SourceMapDevToolPlugin larpinq-node_modules_date-fns_locale_ckb_js.js?v=d852c092b3a2ff70ddde attached SourceMap
<s> [webpack.Progress] 92% sealing asset processing SourceMapDevToolPlugin larpinq-node_modules_date-fns_locale_cs_js.js?v=8f900eb62349c807812e attach SourceMap
<s> [webpack.Progress] 92% sealing asset processing SourceMapDevToolPlugin larpinq-node_modules_date-fns_locale_cs_js.js?v=8f900eb62349c807812e attached SourceMap
<s> [webpack.Progress] 92% sealing asset processing SourceMapDevToolPlugin larpinq-node_modules_date-fns_locale_cy_js.js?v=2700247b7844b8d699a3 attach SourceMap
<s> [webpack.Progress] 92% sealing asset processing SourceMapDevToolPlugin larpinq-node_modules_date-fns_locale_cy_js.js?v=2700247b7844b8d699a3 attached SourceMap
<s> [webpack.Progress] 92% sealing asset processing SourceMapDevToolPlugin larpinq-node_modules_date-fns_locale_da_js.js?v=5ff3d28df9d3cc458a7b attach SourceMap
<s> [webpack.Progress] 92% sealing asset processing SourceMapDevToolPlugin larpinq-node_modules_date-fns_locale_da_js.js?v=5ff3d28df9d3cc458a7b attached SourceMap
<s> [webpack.Progress] 92% sealing asset processing SourceMapDevToolPlugin larpinq-node_modules_date-fns_locale_de-AT_js.js?v=4dd82753562ea17a91aa attach SourceMap
<s> [webpack.Progress] 92% sealing asset processing SourceMapDevToolPlugin larpinq-node_modules_date-fns_locale_de-AT_js.js?v=4dd82753562ea17a91aa attached SourceMap
<s> [webpack.Progress] 92% sealing asset processing SourceMapDevToolPlugin larpinq-node_modules_date-fns_locale_de_js.js?v=ee8c8bb1aaf9b2e5d68d attach SourceMap
<s> [webpack.Progress] 92% sealing asset processing SourceMapDevToolPlugin larpinq-node_modules_date-fns_locale_de_js.js?v=ee8c8bb1aaf9b2e5d68d attached SourceMap
<s> [webpack.Progress] 92% sealing asset processing SourceMapDevToolPlugin larpinq-node_modules_date-fns_locale_el_js.js?v=fc38f8a944855e721552 attach SourceMap
<s> [webpack.Progress] 92% sealing asset processing SourceMapDevToolPlugin larpinq-node_modules_date-fns_locale_el_js.js?v=fc38f8a944855e721552 attached SourceMap
<s> [webpack.Progress] 92% sealing asset processing SourceMapDevToolPlugin larpinq-node_modules_date-fns_locale_en-AU_js.js?v=c08b0f0d340b344770ac attach SourceMap
<s> [webpack.Progress] 92% sealing asset processing SourceMapDevToolPlugin larpinq-node_modules_date-fns_locale_en-AU_js.js?v=c08b0f0d340b344770ac attached SourceMap
<s> [webpack.Progress] 92% sealing asset processing SourceMapDevToolPlugin larpinq-node_modules_date-fns_locale_en-CA_js.js?v=a29f8a0954e8a6f401e2 attach SourceMap
<s> [webpack.Progress] 92% sealing asset processing SourceMapDevToolPlugin larpinq-node_modules_date-fns_locale_en-CA_js.js?v=a29f8a0954e8a6f401e2 attached SourceMap
<s> [webpack.Progress] 92% sealing asset processing SourceMapDevToolPlugin larpinq-node_modules_date-fns_locale_en-GB_js.js?v=baa928fb63ab4a7a5fe5 attach SourceMap
<s> [webpack.Progress] 92% sealing asset processing SourceMapDevToolPlugin larpinq-node_modules_date-fns_locale_en-GB_js.js?v=baa928fb63ab4a7a5fe5 attached SourceMap
<s> [webpack.Progress] 92% sealing asset processing SourceMapDevToolPlugin larpinq-node_modules_date-fns_locale_en-IE_js.js?v=999890245124ce14ee04 attach SourceMap
<s> [webpack.Progress] 92% sealing asset processing SourceMapDevToolPlugin larpinq-node_modules_date-fns_locale_en-IE_js.js?v=999890245124ce14ee04 attached SourceMap
<s> [webpack.Progress] 92% sealing asset processing SourceMapDevToolPlugin larpinq-node_modules_date-fns_locale_en-IN_js.js?v=809a301b2e80d6a8a820 attach SourceMap
<s> [webpack.Progress] 92% sealing asset processing SourceMapDevToolPlugin larpinq-node_modules_date-fns_locale_en-IN_js.js?v=809a301b2e80d6a8a820 attached SourceMap
<s> [webpack.Progress] 92% sealing asset processing SourceMapDevToolPlugin larpinq-node_modules_date-fns_locale_en-NZ_js.js?v=125755db85d0b5d5d7ff attach SourceMap
<s> [webpack.Progress] 92% sealing asset processing SourceMapDevToolPlugin larpinq-node_modules_date-fns_locale_en-NZ_js.js?v=125755db85d0b5d5d7ff attached SourceMap
<s> [webpack.Progress] 92% sealing asset processing SourceMapDevToolPlugin larpinq-node_modules_date-fns_locale_en-ZA_js.js?v=e87874db4248bb3bdda2 attach SourceMap
<s> [webpack.Progress] 92% sealing asset processing SourceMapDevToolPlugin larpinq-node_modules_date-fns_locale_en-ZA_js.js?v=e87874db4248bb3bdda2 attached SourceMap
<s> [webpack.Progress] 92% sealing asset processing SourceMapDevToolPlugin larpinq-node_modules_date-fns_locale_eo_js.js?v=f6a688ca61adca2e436d attach SourceMap
<s> [webpack.Progress] 92% sealing asset processing SourceMapDevToolPlugin larpinq-node_modules_date-fns_locale_eo_js.js?v=f6a688ca61adca2e436d attached SourceMap
<s> [webpack.Progress] 92% sealing asset processing SourceMapDevToolPlugin larpinq-node_modules_date-fns_locale_es_js.js?v=945958ea0ac3a96c0c0e attach SourceMap
<s> [webpack.Progress] 92% sealing asset processing SourceMapDevToolPlugin larpinq-node_modules_date-fns_locale_es_js.js?v=945958ea0ac3a96c0c0e attached SourceMap
<s> [webpack.Progress] 92% sealing asset processing SourceMapDevToolPlugin larpinq-node_modules_date-fns_locale_et_js.js?v=fc1b630ce8811925e20a attach SourceMap
<s> [webpack.Progress] 92% sealing asset processing SourceMapDevToolPlugin larpinq-node_modules_date-fns_locale_et_js.js?v=fc1b630ce8811925e20a attached SourceMap
<s> [webpack.Progress] 92% sealing asset processing SourceMapDevToolPlugin larpinq-node_modules_date-fns_locale_eu_js.js?v=3b231e56aec5d5c25e67 attach SourceMap
<s> [webpack.Progress] 92% sealing asset processing SourceMapDevToolPlugin larpinq-node_modules_date-fns_locale_eu_js.js?v=3b231e56aec5d5c25e67 attached SourceMap
<s> [webpack.Progress] 92% sealing asset processing SourceMapDevToolPlugin larpinq-node_modules_date-fns_locale_fa-IR_js.js?v=98a8ff15ea8410d8c74c attach SourceMap
<s> [webpack.Progress] 92% sealing asset processing SourceMapDevToolPlugin larpinq-node_modules_date-fns_locale_fa-IR_js.js?v=98a8ff15ea8410d8c74c attached SourceMap
<s> [webpack.Progress] 92% sealing asset processing SourceMapDevToolPlugin larpinq-node_modules_date-fns_locale_fi_js.js?v=3de5dc045ea26ee9c750 attach SourceMap
<s> [webpack.Progress] 92% sealing asset processing SourceMapDevToolPlugin larpinq-node_modules_date-fns_locale_fi_js.js?v=3de5dc045ea26ee9c750 attached SourceMap
<s> [webpack.Progress] 92% sealing asset processing SourceMapDevToolPlugin larpinq-node_modules_date-fns_locale_fr-CA_js.js?v=2c26868e9fe03e8b1393 attach SourceMap
<s> [webpack.Progress] 92% sealing asset processing SourceMapDevToolPlugin larpinq-node_modules_date-fns_locale_fr-CA_js.js?v=2c26868e9fe03e8b1393 attached SourceMap
<s> [webpack.Progress] 92% sealing asset processing SourceMapDevToolPlugin larpinq-node_modules_date-fns_locale_fr-CH_js.js?v=083c0dce12d666d90457 attach SourceMap
<s> [webpack.Progress] 92% sealing asset processing SourceMapDevToolPlugin larpinq-node_modules_date-fns_locale_fr-CH_js.js?v=083c0dce12d666d90457 attached SourceMap
<s> [webpack.Progress] 92% sealing asset processing SourceMapDevToolPlugin larpinq-node_modules_date-fns_locale_fr_js.js?v=f897172ebe69f251c0bc attach SourceMap
<s> [webpack.Progress] 92% sealing asset processing SourceMapDevToolPlugin larpinq-node_modules_date-fns_locale_fr_js.js?v=f897172ebe69f251c0bc attached SourceMap
<s> [webpack.Progress] 92% sealing asset processing SourceMapDevToolPlugin larpinq-node_modules_date-fns_locale_fy_js.js?v=eb17ded7dae230ade5bf attach SourceMap
<s> [webpack.Progress] 92% sealing asset processing SourceMapDevToolPlugin larpinq-node_modules_date-fns_locale_fy_js.js?v=eb17ded7dae230ade5bf attached SourceMap
<s> [webpack.Progress] 92% sealing asset processing SourceMapDevToolPlugin larpinq-node_modules_date-fns_locale_gd_js.js?v=9467bf5047fd952fe84d attach SourceMap
<s> [webpack.Progress] 92% sealing asset processing SourceMapDevToolPlugin larpinq-node_modules_date-fns_locale_gd_js.js?v=9467bf5047fd952fe84d attached SourceMap
<s> [webpack.Progress] 92% sealing asset processing SourceMapDevToolPlugin larpinq-node_modules_date-fns_locale_gl_js.js?v=f0eb37d28ff715fbd7a2 attach SourceMap
<s> [webpack.Progress] 92% sealing asset processing SourceMapDevToolPlugin larpinq-node_modules_date-fns_locale_gl_js.js?v=f0eb37d28ff715fbd7a2 attached SourceMap
<s> [webpack.Progress] 92% sealing asset processing SourceMapDevToolPlugin larpinq-node_modules_date-fns_locale_gu_js.js?v=b97f72e0af0f7e2a1c94 attach SourceMap
<s> [webpack.Progress] 92% sealing asset processing SourceMapDevToolPlugin larpinq-node_modules_date-fns_locale_gu_js.js?v=b97f72e0af0f7e2a1c94 attached SourceMap
<s> [webpack.Progress] 92% sealing asset processing SourceMapDevToolPlugin larpinq-node_modules_date-fns_locale_he_js.js?v=367109680cd24523d93a attach SourceMap
<s> [webpack.Progress] 92% sealing asset processing SourceMapDevToolPlugin larpinq-node_modules_date-fns_locale_he_js.js?v=367109680cd24523d93a attached SourceMap
<s> [webpack.Progress] 92% sealing asset processing SourceMapDevToolPlugin larpinq-node_modules_date-fns_locale_hi_js.js?v=8a28549606c41f3638ab attach SourceMap
<s> [webpack.Progress] 92% sealing asset processing SourceMapDevToolPlugin larpinq-node_modules_date-fns_locale_hi_js.js?v=8a28549606c41f3638ab attached SourceMap
<s> [webpack.Progress] 92% sealing asset processing SourceMapDevToolPlugin larpinq-node_modules_date-fns_locale_hr_js.js?v=6765a02deb94a16a0f1f attach SourceMap
<s> [webpack.Progress] 92% sealing asset processing SourceMapDevToolPlugin larpinq-node_modules_date-fns_locale_hr_js.js?v=6765a02deb94a16a0f1f attached SourceMap
<s> [webpack.Progress] 92% sealing asset processing SourceMapDevToolPlugin larpinq-node_modules_date-fns_locale_ht_js.js?v=256c84cc24a65840290c attach SourceMap
<s> [webpack.Progress] 92% sealing asset processing SourceMapDevToolPlugin larpinq-node_modules_date-fns_locale_ht_js.js?v=256c84cc24a65840290c attached SourceMap
<s> [webpack.Progress] 92% sealing asset processing SourceMapDevToolPlugin larpinq-node_modules_date-fns_locale_hu_js.js?v=2de75ffef4e2f87f13b5 attach SourceMap
<s> [webpack.Progress] 92% sealing asset processing SourceMapDevToolPlugin larpinq-node_modules_date-fns_locale_hu_js.js?v=2de75ffef4e2f87f13b5 attached SourceMap
<s> [webpack.Progress] 92% sealing asset processing SourceMapDevToolPlugin larpinq-node_modules_date-fns_locale_hy_js.js?v=b0fa08f5bff6cb6e29a9 attach SourceMap
<s> [webpack.Progress] 92% sealing asset processing SourceMapDevToolPlugin larpinq-node_modules_date-fns_locale_hy_js.js?v=b0fa08f5bff6cb6e29a9 attached SourceMap
<s> [webpack.Progress] 92% sealing asset processing SourceMapDevToolPlugin larpinq-node_modules_date-fns_locale_id_js.js?v=78d879909ae6fd128378 attach SourceMap
<s> [webpack.Progress] 92% sealing asset processing SourceMapDevToolPlugin larpinq-node_modules_date-fns_locale_id_js.js?v=78d879909ae6fd128378 attached SourceMap
<s> [webpack.Progress] 92% sealing asset processing SourceMapDevToolPlugin larpinq-node_modules_date-fns_locale_is_js.js?v=e58a792f454039e4992b attach SourceMap
<s> [webpack.Progress] 92% sealing asset processing SourceMapDevToolPlugin larpinq-node_modules_date-fns_locale_is_js.js?v=e58a792f454039e4992b attached SourceMap
<s> [webpack.Progress] 92% sealing asset processing SourceMapDevToolPlugin larpinq-node_modules_date-fns_locale_it-CH_js.js?v=11cfb9543923a03af23a attach SourceMap
<s> [webpack.Progress] 92% sealing asset processing SourceMapDevToolPlugin larpinq-node_modules_date-fns_locale_it-CH_js.js?v=11cfb9543923a03af23a attached SourceMap
<s> [webpack.Progress] 92% sealing asset processing SourceMapDevToolPlugin larpinq-node_modules_date-fns_locale_it_js.js?v=8330b415f3e53c61b11f attach SourceMap
<s> [webpack.Progress] 92% sealing asset processing SourceMapDevToolPlugin larpinq-node_modules_date-fns_locale_it_js.js?v=8330b415f3e53c61b11f attached SourceMap
<s> [webpack.Progress] 92% sealing asset processing SourceMapDevToolPlugin larpinq-node_modules_date-fns_locale_ja-Hira_js.js?v=160ee1fb78de14a77e4a attach SourceMap
<s> [webpack.Progress] 92% sealing asset processing SourceMapDevToolPlugin larpinq-node_modules_date-fns_locale_ja-Hira_js.js?v=160ee1fb78de14a77e4a attached SourceMap
<s> [webpack.Progress] 92% sealing asset processing SourceMapDevToolPlugin larpinq-node_modules_date-fns_locale_ja_js.js?v=077b6fbb9e5c3c4b2d72 attach SourceMap
<s> [webpack.Progress] 92% sealing asset processing SourceMapDevToolPlugin larpinq-node_modules_date-fns_locale_ja_js.js?v=077b6fbb9e5c3c4b2d72 attached SourceMap
<s> [webpack.Progress] 92% sealing asset processing SourceMapDevToolPlugin larpinq-node_modules_date-fns_locale_ka_js.js?v=32aee48eff3508084eb7 attach SourceMap
<s> [webpack.Progress] 92% sealing asset processing SourceMapDevToolPlugin larpinq-node_modules_date-fns_locale_ka_js.js?v=32aee48eff3508084eb7 attached SourceMap
<s> [webpack.Progress] 92% sealing asset processing SourceMapDevToolPlugin larpinq-vendors-node_modules_date-fns_locale_kk_js.js?v=97b9af5c9c885502f460 attach SourceMap
<s> [webpack.Progress] 92% sealing asset processing SourceMapDevToolPlugin larpinq-vendors-node_modules_date-fns_locale_kk_js.js?v=97b9af5c9c885502f460 attached SourceMap
<s> [webpack.Progress] 92% sealing asset processing SourceMapDevToolPlugin larpinq-node_modules_date-fns_locale_km_js.js?v=39f6da9069dc1f6c765f attach SourceMap
<s> [webpack.Progress] 92% sealing asset processing SourceMapDevToolPlugin larpinq-node_modules_date-fns_locale_km_js.js?v=39f6da9069dc1f6c765f attached SourceMap
<s> [webpack.Progress] 92% sealing asset processing SourceMapDevToolPlugin larpinq-node_modules_date-fns_locale_kn_js.js?v=e3cb7cb5037a95e0263f attach SourceMap
<s> [webpack.Progress] 92% sealing asset processing SourceMapDevToolPlugin larpinq-node_modules_date-fns_locale_kn_js.js?v=e3cb7cb5037a95e0263f attached SourceMap
<s> [webpack.Progress] 92% sealing asset processing SourceMapDevToolPlugin larpinq-node_modules_date-fns_locale_ko_js.js?v=b36e551f329bb60849e0 attach SourceMap
<s> [webpack.Progress] 92% sealing asset processing SourceMapDevToolPlugin larpinq-node_modules_date-fns_locale_ko_js.js?v=b36e551f329bb60849e0 attached SourceMap
<s> [webpack.Progress] 92% sealing asset processing SourceMapDevToolPlugin larpinq-node_modules_date-fns_locale_lb_js.js?v=425c5e19a68e92cdcea3 attach SourceMap
<s> [webpack.Progress] 92% sealing asset processing SourceMapDevToolPlugin larpinq-node_modules_date-fns_locale_lb_js.js?v=425c5e19a68e92cdcea3 attached SourceMap
<s> [webpack.Progress] 92% sealing asset processing SourceMapDevToolPlugin larpinq-node_modules_date-fns_locale_lt_js.js?v=fd3ae93e75e3f6722a01 attach SourceMap
<s> [webpack.Progress] 92% sealing asset processing SourceMapDevToolPlugin larpinq-node_modules_date-fns_locale_lt_js.js?v=fd3ae93e75e3f6722a01 attached SourceMap
<s> [webpack.Progress] 92% sealing asset processing SourceMapDevToolPlugin larpinq-node_modules_date-fns_locale_lv_js.js?v=3e34d5d05ec4a4dacfdc attach SourceMap
<s> [webpack.Progress] 92% sealing asset processing SourceMapDevToolPlugin larpinq-node_modules_date-fns_locale_lv_js.js?v=3e34d5d05ec4a4dacfdc attached SourceMap
<s> [webpack.Progress] 92% sealing asset processing SourceMapDevToolPlugin larpinq-node_modules_date-fns_locale_mk_js.js?v=6b3a8028a0c83773a0e8 attach SourceMap
<s> [webpack.Progress] 92% sealing asset processing SourceMapDevToolPlugin larpinq-node_modules_date-fns_locale_mk_js.js?v=6b3a8028a0c83773a0e8 attached SourceMap
<s> [webpack.Progress] 92% sealing asset processing SourceMapDevToolPlugin larpinq-node_modules_date-fns_locale_mn_js.js?v=094065c6e6a74f394738 attach SourceMap
<s> [webpack.Progress] 92% sealing asset processing SourceMapDevToolPlugin larpinq-node_modules_date-fns_locale_mn_js.js?v=094065c6e6a74f394738 attached SourceMap
<s> [webpack.Progress] 92% sealing asset processing SourceMapDevToolPlugin larpinq-node_modules_date-fns_locale_ms_js.js?v=156b89eafb21185ff686 attach SourceMap
<s> [webpack.Progress] 92% sealing asset processing SourceMapDevToolPlugin larpinq-node_modules_date-fns_locale_ms_js.js?v=156b89eafb21185ff686 attached SourceMap
<s> [webpack.Progress] 92% sealing asset processing SourceMapDevToolPlugin larpinq-node_modules_date-fns_locale_mt_js.js?v=518fab3c1df3145b0f55 attach SourceMap
<s> [webpack.Progress] 92% sealing asset processing SourceMapDevToolPlugin larpinq-node_modules_date-fns_locale_mt_js.js?v=518fab3c1df3145b0f55 attached SourceMap
<s> [webpack.Progress] 92% sealing asset processing SourceMapDevToolPlugin larpinq-node_modules_date-fns_locale_nb_js.js?v=66908c1758569313503e attach SourceMap
<s> [webpack.Progress] 92% sealing asset processing SourceMapDevToolPlugin larpinq-node_modules_date-fns_locale_nb_js.js?v=66908c1758569313503e attached SourceMap
<s> [webpack.Progress] 92% sealing asset processing SourceMapDevToolPlugin larpinq-node_modules_date-fns_locale_nl-BE_js.js?v=80526c3e0957555c9f13 attach SourceMap
<s> [webpack.Progress] 92% sealing asset processing SourceMapDevToolPlugin larpinq-node_modules_date-fns_locale_nl-BE_js.js?v=80526c3e0957555c9f13 attached SourceMap
<s> [webpack.Progress] 92% sealing asset processing SourceMapDevToolPlugin larpinq-node_modules_date-fns_locale_nl_js.js?v=cdbff1a1383ef8eb589f attach SourceMap
<s> [webpack.Progress] 92% sealing asset processing SourceMapDevToolPlugin larpinq-node_modules_date-fns_locale_nl_js.js?v=cdbff1a1383ef8eb589f attached SourceMap
<s> [webpack.Progress] 92% sealing asset processing SourceMapDevToolPlugin larpinq-node_modules_date-fns_locale_nn_js.js?v=548ba0f805971983dfd6 attach SourceMap
<s> [webpack.Progress] 92% sealing asset processing SourceMapDevToolPlugin larpinq-node_modules_date-fns_locale_nn_js.js?v=548ba0f805971983dfd6 attached SourceMap
<s> [webpack.Progress] 92% sealing asset processing SourceMapDevToolPlugin larpinq-node_modules_date-fns_locale_oc_js.js?v=9986d8a72d06d7218e6a attach SourceMap
<s> [webpack.Progress] 92% sealing asset processing SourceMapDevToolPlugin larpinq-node_modules_date-fns_locale_oc_js.js?v=9986d8a72d06d7218e6a attached SourceMap
<s> [webpack.Progress] 92% sealing asset processing SourceMapDevToolPlugin larpinq-node_modules_date-fns_locale_pl_js.js?v=e483ba54336783f98354 attach SourceMap
<s> [webpack.Progress] 92% sealing asset processing SourceMapDevToolPlugin larpinq-node_modules_date-fns_locale_pl_js.js?v=e483ba54336783f98354 attached SourceMap
<s> [webpack.Progress] 92% sealing asset processing SourceMapDevToolPlugin larpinq-node_modules_date-fns_locale_pt-BR_js.js?v=1f353d25a681f55d6319 attach SourceMap
<s> [webpack.Progress] 92% sealing asset processing SourceMapDevToolPlugin larpinq-node_modules_date-fns_locale_pt-BR_js.js?v=1f353d25a681f55d6319 attached SourceMap
<s> [webpack.Progress] 92% sealing asset processing SourceMapDevToolPlugin larpinq-node_modules_date-fns_locale_pt_js.js?v=50822335e2c5b0830b68 attach SourceMap
<s> [webpack.Progress] 92% sealing asset processing SourceMapDevToolPlugin larpinq-node_modules_date-fns_locale_pt_js.js?v=50822335e2c5b0830b68 attached SourceMap
<s> [webpack.Progress] 92% sealing asset processing SourceMapDevToolPlugin larpinq-node_modules_date-fns_locale_ro_js.js?v=871095aade2083ae9287 attach SourceMap
<s> [webpack.Progress] 92% sealing asset processing SourceMapDevToolPlugin larpinq-node_modules_date-fns_locale_ro_js.js?v=871095aade2083ae9287 attached SourceMap
<s> [webpack.Progress] 92% sealing asset processing SourceMapDevToolPlugin larpinq-vendors-node_modules_date-fns_locale_ru_js.js?v=1402183746a09fd8e952 attach SourceMap
<s> [webpack.Progress] 92% sealing asset processing SourceMapDevToolPlugin larpinq-vendors-node_modules_date-fns_locale_ru_js.js?v=1402183746a09fd8e952 attached SourceMap
<s> [webpack.Progress] 92% sealing asset processing SourceMapDevToolPlugin larpinq-node_modules_date-fns_locale_se_js.js?v=f0e22ecfeff371a92e44 attach SourceMap
<s> [webpack.Progress] 92% sealing asset processing SourceMapDevToolPlugin larpinq-node_modules_date-fns_locale_se_js.js?v=f0e22ecfeff371a92e44 attached SourceMap
<s> [webpack.Progress] 92% sealing asset processing SourceMapDevToolPlugin larpinq-node_modules_date-fns_locale_sk_js.js?v=9b66e89bb2a874de3da1 attach SourceMap
<s> [webpack.Progress] 92% sealing asset processing SourceMapDevToolPlugin larpinq-node_modules_date-fns_locale_sk_js.js?v=9b66e89bb2a874de3da1 attached SourceMap
<s> [webpack.Progress] 92% sealing asset processing SourceMapDevToolPlugin larpinq-node_modules_date-fns_locale_sl_js.js?v=d3273fcae43651445903 attach SourceMap
<s> [webpack.Progress] 92% sealing asset processing SourceMapDevToolPlugin larpinq-node_modules_date-fns_locale_sl_js.js?v=d3273fcae43651445903 attached SourceMap
<s> [webpack.Progress] 92% sealing asset processing SourceMapDevToolPlugin larpinq-node_modules_date-fns_locale_sq_js.js?v=faabd483e22a551ae896 attach SourceMap
<s> [webpack.Progress] 92% sealing asset processing SourceMapDevToolPlugin larpinq-node_modules_date-fns_locale_sq_js.js?v=faabd483e22a551ae896 attached SourceMap
<s> [webpack.Progress] 92% sealing asset processing SourceMapDevToolPlugin larpinq-node_modules_date-fns_locale_sr-Latn_js.js?v=d32f373cfebb7f851a36 attach SourceMap
<s> [webpack.Progress] 92% sealing asset processing SourceMapDevToolPlugin larpinq-node_modules_date-fns_locale_sr-Latn_js.js?v=d32f373cfebb7f851a36 attached SourceMap
<s> [webpack.Progress] 92% sealing asset processing SourceMapDevToolPlugin larpinq-node_modules_date-fns_locale_sr_js.js?v=ad1b5729b634d4939bb4 attach SourceMap
<s> [webpack.Progress] 92% sealing asset processing SourceMapDevToolPlugin larpinq-node_modules_date-fns_locale_sr_js.js?v=ad1b5729b634d4939bb4 attached SourceMap
<s> [webpack.Progress] 92% sealing asset processing SourceMapDevToolPlugin larpinq-node_modules_date-fns_locale_sv_js.js?v=bb92ec9435a54da23e85 attach SourceMap
<s> [webpack.Progress] 92% sealing asset processing SourceMapDevToolPlugin larpinq-node_modules_date-fns_locale_sv_js.js?v=bb92ec9435a54da23e85 attached SourceMap
<s> [webpack.Progress] 92% sealing asset processing SourceMapDevToolPlugin larpinq-node_modules_date-fns_locale_ta_js.js?v=33ca7a14a204fadef5e1 attach SourceMap
<s> [webpack.Progress] 92% sealing asset processing SourceMapDevToolPlugin larpinq-node_modules_date-fns_locale_ta_js.js?v=33ca7a14a204fadef5e1 attached SourceMap
<s> [webpack.Progress] 92% sealing asset processing SourceMapDevToolPlugin larpinq-node_modules_date-fns_locale_te_js.js?v=1d6887ecb4212ad53e4c attach SourceMap
<s> [webpack.Progress] 92% sealing asset processing SourceMapDevToolPlugin larpinq-node_modules_date-fns_locale_te_js.js?v=1d6887ecb4212ad53e4c attached SourceMap
<s> [webpack.Progress] 92% sealing asset processing SourceMapDevToolPlugin larpinq-node_modules_date-fns_locale_th_js.js?v=93cedc6870b4233fc862 attach SourceMap
<s> [webpack.Progress] 92% sealing asset processing SourceMapDevToolPlugin larpinq-node_modules_date-fns_locale_th_js.js?v=93cedc6870b4233fc862 attached SourceMap
<s> [webpack.Progress] 92% sealing asset processing SourceMapDevToolPlugin larpinq-node_modules_date-fns_locale_tr_js.js?v=5c2614afc43ecce05cdd attach SourceMap
<s> [webpack.Progress] 92% sealing asset processing SourceMapDevToolPlugin larpinq-node_modules_date-fns_locale_tr_js.js?v=5c2614afc43ecce05cdd attached SourceMap
<s> [webpack.Progress] 92% sealing asset processing SourceMapDevToolPlugin larpinq-node_modules_date-fns_locale_ug_js.js?v=cdb95e424c69ee68b5f6 attach SourceMap
<s> [webpack.Progress] 92% sealing asset processing SourceMapDevToolPlugin larpinq-node_modules_date-fns_locale_ug_js.js?v=cdb95e424c69ee68b5f6 attached SourceMap
<s> [webpack.Progress] 92% sealing asset processing SourceMapDevToolPlugin larpinq-vendors-node_modules_date-fns_locale_uk_js.js?v=256088b7eb50aca89208 attach SourceMap
<s> [webpack.Progress] 92% sealing asset processing SourceMapDevToolPlugin larpinq-vendors-node_modules_date-fns_locale_uk_js.js?v=256088b7eb50aca89208 attached SourceMap
<s> [webpack.Progress] 92% sealing asset processing SourceMapDevToolPlugin larpinq-node_modules_date-fns_locale_uz-Cyrl_js.js?v=e3a7266e13b98c3a4548 attach SourceMap
<s> [webpack.Progress] 92% sealing asset processing SourceMapDevToolPlugin larpinq-node_modules_date-fns_locale_uz-Cyrl_js.js?v=e3a7266e13b98c3a4548 attached SourceMap
<s> [webpack.Progress] 92% sealing asset processing SourceMapDevToolPlugin larpinq-node_modules_date-fns_locale_uz_js.js?v=8e75bb5151ab60d36920 attach SourceMap
<s> [webpack.Progress] 92% sealing asset processing SourceMapDevToolPlugin larpinq-node_modules_date-fns_locale_uz_js.js?v=8e75bb5151ab60d36920 attached SourceMap
<s> [webpack.Progress] 92% sealing asset processing SourceMapDevToolPlugin larpinq-node_modules_date-fns_locale_vi_js.js?v=100817b261defc6bbff0 attach SourceMap
<s> [webpack.Progress] 92% sealing asset processing SourceMapDevToolPlugin larpinq-node_modules_date-fns_locale_vi_js.js?v=100817b261defc6bbff0 attached SourceMap
<s> [webpack.Progress] 92% sealing asset processing SourceMapDevToolPlugin larpinq-node_modules_date-fns_locale_zh-CN_js.js?v=c2c81cedd37de7129548 attach SourceMap
<s> [webpack.Progress] 92% sealing asset processing SourceMapDevToolPlugin larpinq-node_modules_date-fns_locale_zh-CN_js.js?v=c2c81cedd37de7129548 attached SourceMap
<s> [webpack.Progress] 92% sealing asset processing SourceMapDevToolPlugin larpinq-node_modules_date-fns_locale_zh-HK_js.js?v=62341c012f87ff6c1bde attach SourceMap
<s> [webpack.Progress] 92% sealing asset processing SourceMapDevToolPlugin larpinq-node_modules_date-fns_locale_zh-HK_js.js?v=62341c012f87ff6c1bde attached SourceMap
<s> [webpack.Progress] 92% sealing asset processing SourceMapDevToolPlugin larpinq-node_modules_date-fns_locale_zh-TW_js.js?v=f328f07f179a4a5705c8 attach SourceMap
<s> [webpack.Progress] 92% sealing asset processing SourceMapDevToolPlugin larpinq-node_modules_date-fns_locale_zh-TW_js.js?v=f328f07f179a4a5705c8 attached SourceMap
<s> [webpack.Progress] 92% sealing asset processing SourceMapDevToolPlugin larpinq-vendors-node_modules_rehype-highlight_index_js.js?v=f4173bc294b5de5d504e attach SourceMap
<s> [webpack.Progress] 92% sealing asset processing SourceMapDevToolPlugin larpinq-vendors-node_modules_rehype-highlight_index_js.js?v=f4173bc294b5de5d504e attached SourceMap
<s> [webpack.Progress] 92% sealing asset processing SourceMapDevToolPlugin larpinq-vendors-node_modules_toast-ui_editor_dist_esm_index_js.js?v=26f603f4ec043775fc70 attach SourceMap
<s> [webpack.Progress] 92% sealing asset processing SourceMapDevToolPlugin larpinq-vendors-node_modules_toast-ui_editor_dist_esm_index_js.js?v=26f603f4ec043775fc70 attached SourceMap
<s> [webpack.Progress] 92% sealing asset processing SourceMapDevToolPlugin larpinq-cn-icons-mdi.js?v=c187d4d5acc6f8ef9db5 attach SourceMap
<s> [webpack.Progress] 92% sealing asset processing SourceMapDevToolPlugin larpinq-cn-icons-mdi.js?v=c187d4d5acc6f8ef9db5 attached SourceMap
<s> [webpack.Progress] 92% sealing asset processing SourceMapDevToolPlugin larpinq-node_modules_conduction_nextcloud-vue_dist_esm_components_CnIconPicker_iconCatalogues_js.js?v=869fb0f0845be317a5ee attach SourceMap
<s> [webpack.Progress] 92% sealing asset processing SourceMapDevToolPlugin larpinq-node_modules_conduction_nextcloud-vue_dist_esm_components_CnIconPicker_iconCatalogues_js.js?v=869fb0f0845be317a5ee attached SourceMap
<s> [webpack.Progress] 92% sealing asset processing SourceMapDevToolPlugin larpinq-cn-icons-rvo.js?v=3e44da222173a0e1f464 attach SourceMap
<s> [webpack.Progress] 92% sealing asset processing SourceMapDevToolPlugin larpinq-cn-icons-rvo.js?v=3e44da222173a0e1f464 attached SourceMap
<s> [webpack.Progress] 92% sealing asset processing SourceMapDevToolPlugin larpinq-vendors-node_modules_conduction_nextcloud-vue_dist_esm_node_modules_nextcloud_dialogs_dist_ch-899bef.js?v=34623ae530b47a512250 attach SourceMap
<s> [webpack.Progress] 92% sealing asset processing SourceMapDevToolPlugin larpinq-vendors-node_modules_conduction_nextcloud-vue_dist_esm_node_modules_nextcloud_dialogs_dist_ch-899bef.js?v=34623ae530b47a512250 attached SourceMap
<s> [webpack.Progress] 92% sealing asset processing SourceMapDevToolPlugin larpinq-vendors-node_modules_conduction_nextcloud-vue_dist_esm_node_modules_nextcloud_dialogs_dist_ch-82cd34.js?v=9a10caf743e8aaa7df72 attach SourceMap
<s> [webpack.Progress] 92% sealing asset processing SourceMapDevToolPlugin larpinq-vendors-node_modules_conduction_nextcloud-vue_dist_esm_node_modules_nextcloud_dialogs_dist_ch-82cd34.js?v=9a10caf743e8aaa7df72 attached SourceMap
<s> [webpack.Progress] 92% sealing asset processing SourceMapDevToolPlugin larpinq-node_modules_conduction_nextcloud-vue_dist_esm_node_modules_nextcloud_dialogs_dist_chunks_Pub-1ead8e.js?v=9edae118b29332e6c7a1 attach SourceMap
<s> [webpack.Progress] 92% sealing asset processing SourceMapDevToolPlugin larpinq-node_modules_conduction_nextcloud-vue_dist_esm_node_modules_nextcloud_dialogs_dist_chunks_Pub-1ead8e.js?v=9edae118b29332e6c7a1 attached SourceMap
<s> [webpack.Progress] 92% sealing asset processing SourceMapDevToolPlugin larpinq-node_modules_conduction_nextcloud-vue_dist_esm_utils_evalFormula_js.js?v=9591a9cc543da29df68c attach SourceMap
<s> [webpack.Progress] 92% sealing asset processing SourceMapDevToolPlugin larpinq-node_modules_conduction_nextcloud-vue_dist_esm_utils_evalFormula_js.js?v=9591a9cc543da29df68c attached SourceMap
<s> [webpack.Progress] 92% sealing asset processing SourceMapDevToolPlugin larpinq-vendors-node_modules_conduction_nextcloud-vue_dist_esm_node_modules_leaflet_dist_leaflet-src_js.js?v=a9f6bd874a744df3cba4 attach SourceMap
<s> [webpack.Progress] 92% sealing asset processing SourceMapDevToolPlugin larpinq-vendors-node_modules_conduction_nextcloud-vue_dist_esm_node_modules_leaflet_dist_leaflet-src_js.js?v=a9f6bd874a744df3cba4 attached SourceMap
<s> [webpack.Progress] 92% sealing asset processing SourceMapDevToolPlugin larpinq-vendors-node_modules_conduction_nextcloud-vue_dist_esm_components_CnIndexPage_CnIndexPage_vue_js.js?v=14dcd1e83ac7b506cbfa attach SourceMap
<s> [webpack.Progress] 92% sealing asset processing SourceMapDevToolPlugin larpinq-vendors-node_modules_conduction_nextcloud-vue_dist_esm_components_CnIndexPage_CnIndexPage_vue_js.js?v=14dcd1e83ac7b506cbfa attached SourceMap
<s> [webpack.Progress] 92% sealing asset processing SourceMapDevToolPlugin larpinq-vendors-node_modules_conduction_nextcloud-vue_dist_esm_components_CnDetailPage_CnDetailPage_vue_js.js?v=6c286656771e2392716d attach SourceMap
<s> [webpack.Progress] 92% sealing asset processing SourceMapDevToolPlugin larpinq-vendors-node_modules_conduction_nextcloud-vue_dist_esm_components_CnDetailPage_CnDetailPage_vue_js.js?v=6c286656771e2392716d attached SourceMap
<s> [webpack.Progress] 92% sealing asset processing SourceMapDevToolPlugin larpinq-vendors-node_modules_conduction_nextcloud-vue_dist_esm_components_CnDashboardPage_CnDashboard-fec47c.js?v=645623ca1b1f74001d5a attach SourceMap
<s> [webpack.Progress] 92% sealing asset processing SourceMapDevToolPlugin larpinq-vendors-node_modules_conduction_nextcloud-vue_dist_esm_components_CnDashboardPage_CnDashboard-fec47c.js?v=645623ca1b1f74001d5a attached SourceMap
<s> [webpack.Progress] 92% sealing asset processing SourceMapDevToolPlugin larpinq-vendors-node_modules_conduction_nextcloud-vue_dist_esm_components_CnLogsPage_CnLogsPage_vue_js.js?v=fefec9860468cd14ec60 attach SourceMap
<s> [webpack.Progress] 92% sealing asset processing SourceMapDevToolPlugin larpinq-vendors-node_modules_conduction_nextcloud-vue_dist_esm_components_CnLogsPage_CnLogsPage_vue_js.js?v=fefec9860468cd14ec60 attached SourceMap
<s> [webpack.Progress] 92% sealing asset processing SourceMapDevToolPlugin larpinq-vendors-node_modules_conduction_nextcloud-vue_dist_esm_components_CnSettingsPage_CnSettingsPa-384462.js?v=a04fcb09dffb819409b8 attach SourceMap
<s> [webpack.Progress] 92% sealing asset processing SourceMapDevToolPlugin larpinq-vendors-node_modules_conduction_nextcloud-vue_dist_esm_components_CnSettingsPage_CnSettingsPa-384462.js?v=a04fcb09dffb819409b8 attached SourceMap
<s> [webpack.Progress] 92% sealing asset processing SourceMapDevToolPlugin larpinq-node_modules_conduction_nextcloud-vue_dist_esm_components_CnChatPage_CnChatPage_vue_js.js?v=d05a0fd32fdda0ac1348 attach SourceMap
<s> [webpack.Progress] 92% sealing asset processing SourceMapDevToolPlugin larpinq-node_modules_conduction_nextcloud-vue_dist_esm_components_CnChatPage_CnChatPage_vue_js.js?v=d05a0fd32fdda0ac1348 attached SourceMap
<s> [webpack.Progress] 92% sealing asset processing SourceMapDevToolPlugin larpinq-node_modules_conduction_nextcloud-vue_dist_esm_components_CnFilesPage_CnFilesPage_vue_js.js?v=f7406c806df5943cd966 attach SourceMap
<s> [webpack.Progress] 92% sealing asset processing SourceMapDevToolPlugin larpinq-node_modules_conduction_nextcloud-vue_dist_esm_components_CnFilesPage_CnFilesPage_vue_js.js?v=f7406c806df5943cd966 attached SourceMap
<s> [webpack.Progress] 92% sealing asset processing SourceMapDevToolPlugin larpinq-node_modules_conduction_nextcloud-vue_dist_esm_components_CnMapPage_CnMapPage_vue_js.js?v=ed22f8d6e28d7823b56d attach SourceMap
<s> [webpack.Progress] 92% sealing asset processing SourceMapDevToolPlugin larpinq-node_modules_conduction_nextcloud-vue_dist_esm_components_CnMapPage_CnMapPage_vue_js.js?v=ed22f8d6e28d7823b56d attached SourceMap
<s> [webpack.Progress] 92% sealing asset processing SourceMapDevToolPlugin larpinq-vendors-node_modules_conduction_nextcloud-vue_dist_esm_components_CnFeaturesAndRoadmapPage_Cn-4c37f3.js?v=24b849734c626aa74d33 attach SourceMap
<s> [webpack.Progress] 92% sealing asset processing SourceMapDevToolPlugin larpinq-vendors-node_modules_conduction_nextcloud-vue_dist_esm_components_CnFeaturesAndRoadmapPage_Cn-4c37f3.js?v=24b849734c626aa74d33 attached SourceMap
<s> [webpack.Progress] 92% sealing asset processing SourceMapDevToolPlugin larpinq-node_modules_conduction_nextcloud-vue_dist_esm_components_CnSearchPage_CnSearchPage_vue_js.js?v=b965965e9ea8e712214e attach SourceMap
<s> [webpack.Progress] 92% sealing asset processing SourceMapDevToolPlugin larpinq-node_modules_conduction_nextcloud-vue_dist_esm_components_CnSearchPage_CnSearchPage_vue_js.js?v=b965965e9ea8e712214e attached SourceMap
<s> [webpack.Progress] 92% sealing asset processing SourceMapDevToolPlugin larpinq-node_modules_conduction_nextcloud-vue_dist_esm_components_CnWikiPage_CnWikiPage_vue_js.js?v=91d998c16f089038deaa attach SourceMap
<s> [webpack.Progress] 92% sealing asset processing SourceMapDevToolPlugin larpinq-node_modules_conduction_nextcloud-vue_dist_esm_components_CnWikiPage_CnWikiPage_vue_js.js?v=91d998c16f089038deaa attached SourceMap
<s> [webpack.Progress] 92% sealing asset processing SourceMapDevToolPlugin larpinq-node_modules_conduction_nextcloud-vue_dist_esm_components_CnFlowsPage_CnFlowsPage_vue_js.js?v=5e15fd80e4680523bed0 attach SourceMap
<s> [webpack.Progress] 92% sealing asset processing SourceMapDevToolPlugin larpinq-node_modules_conduction_nextcloud-vue_dist_esm_components_CnFlowsPage_CnFlowsPage_vue_js.js?v=5e15fd80e4680523bed0 attached SourceMap
<s> [webpack.Progress] 92% sealing asset processing SourceMapDevToolPlugin larpinq-node_modules_conduction_nextcloud-vue_dist_esm_components_CnFlowsPage_CnFlowEditorPage_vue_js.js?v=162134f63b599bf97e99 attach SourceMap
<s> [webpack.Progress] 92% sealing asset processing SourceMapDevToolPlugin larpinq-node_modules_conduction_nextcloud-vue_dist_esm_components_CnFlowsPage_CnFlowEditorPage_vue_js.js?v=162134f63b599bf97e99 attached SourceMap
<s> [webpack.Progress] 92% sealing asset processing SourceMapDevToolPlugin larpinq-vendors-node_modules_conduction_nextcloud-vue_dist_esm_components_CnAdvancedFormDialog_CnAdva-f0f0c9.js?v=90537c7f44daed91785d attach SourceMap
<s> [webpack.Progress] 92% sealing asset processing SourceMapDevToolPlugin larpinq-vendors-node_modules_conduction_nextcloud-vue_dist_esm_components_CnAdvancedFormDialog_CnAdva-f0f0c9.js?v=90537c7f44daed91785d attached SourceMap
<s> [webpack.Progress] 92% sealing asset processing SourceMapDevToolPlugin larpinq-vendors-node_modules_conduction_nextcloud-vue_dist_esm_node_modules_nextcloud_dialogs_dist_ch-eabf4e.js?v=622bd307727be25b6498 attach SourceMap
<s> [webpack.Progress] 92% sealing asset processing SourceMapDevToolPlugin larpinq-vendors-node_modules_conduction_nextcloud-vue_dist_esm_node_modules_nextcloud_dialogs_dist_ch-eabf4e.js?v=622bd307727be25b6498 attached SourceMap
<s> [webpack.Progress] 92% sealing asset processing SourceMapDevToolPlugin larpinq-vendors-node_modules_conduction_nextcloud-vue_dist_esm_components_CnPagination_CnPagination_v-e96f7d.js?v=164f29a61c3d6ffe1e2d attach SourceMap
<s> [webpack.Progress] 92% sealing asset processing SourceMapDevToolPlugin larpinq-vendors-node_modules_conduction_nextcloud-vue_dist_esm_components_CnPagination_CnPagination_v-e96f7d.js?v=164f29a61c3d6ffe1e2d attached SourceMap
<s> [webpack.Progress] 92% sealing asset processing SourceMapDevToolPlugin larpinq-vendors-node_modules_conduction_nextcloud-vue_dist_esm_components_CnActionButtons_CnActionBut-ce6b26.js?v=f5f8073ba69dac0374a1 attach SourceMap
<s> [webpack.Progress] 92% sealing asset processing SourceMapDevToolPlugin larpinq-vendors-node_modules_conduction_nextcloud-vue_dist_esm_components_CnActionButtons_CnActionBut-ce6b26.js?v=f5f8073ba69dac0374a1 attached SourceMap
<s> [webpack.Progress] 92% sealing asset processing SourceMapDevToolPlugin larpinq-vendors-node_modules_conduction_nextcloud-vue_dist_esm_node_modules_nextcloud_dialogs_dist_ch-37cc38.js?v=41a3ee82663577d4b042 attach SourceMap
<s> [webpack.Progress] 92% sealing asset processing SourceMapDevToolPlugin larpinq-vendors-node_modules_conduction_nextcloud-vue_dist_esm_node_modules_nextcloud_dialogs_dist_ch-37cc38.js?v=41a3ee82663577d4b042 attached SourceMap
<s> [webpack.Progress] 92% sealing asset processing SourceMapDevToolPlugin larpinq-vendors-node_modules_toast-ui_editor_dist_toastui-editor_css.js?v=53571533df6735c7afa3 attach SourceMap
<s> [webpack.Progress] 92% sealing asset processing SourceMapDevToolPlugin larpinq-vendors-node_modules_toast-ui_editor_dist_toastui-editor_css.js?v=53571533df6735c7afa3 attached SourceMap
<s> [webpack.Progress] 92% sealing asset processing SourceMapDevToolPlugin
<s> [webpack.Progress] 92% sealing asset processing SourceMapDevToolPlugin
<s> [webpack.Progress] 92% sealing asset processing SourceMapDevToolPlugin resolve sources
<s> [webpack.Progress] 92% sealing asset processing SourceMapDevToolPlugin
<s> [webpack.Progress] 92% sealing asset processing RealContentHashPlugin
<s> [webpack.Progress] 92% sealing asset processing RealContentHashPlugin
<s> [webpack.Progress] 92% sealing asset processing RealContentHashPlugin larpinq-node_modules_nextcloud_vue_dist_components_NcColorPicker_index_mjs.js?v=9682b7f6f44ea3739339 generate SourceMap
<s> [webpack.Progress] 92% sealing asset processing RealContentHashPlugin larpinq-node_modules_nextcloud_vue_dist_components_NcColorPicker_index_mjs.js?v=9682b7f6f44ea3739339 generated SourceMap
<s> [webpack.Progress] 92% sealing asset processing RealContentHashPlugin larpinq-node_modules_nextcloud_vue_dist_components_NcDateTimePicker_index_mjs.js?v=185f845ba9e64720d828 generate SourceMap
<s> [webpack.Progress] 92% sealing asset processing RealContentHashPlugin larpinq-node_modules_nextcloud_vue_dist_components_NcDateTimePicker_index_mjs.js?v=185f845ba9e64720d828 generated SourceMap
<s> [webpack.Progress] 92% sealing asset processing RealContentHashPlugin larpinq-node_modules_nextcloud_vue_dist_components_NcSelect_index_mjs.js?v=3bb0381d0b4a3c1f0627 generate SourceMap
<s> [webpack.Progress] 92% sealing asset processing RealContentHashPlugin larpinq-node_modules_nextcloud_vue_dist_components_NcSelect_index_mjs.js?v=3bb0381d0b4a3c1f0627 generated SourceMap
<s> [webpack.Progress] 92% sealing asset processing RealContentHashPlugin larpinq-data_image_png_base64_iVBORw0KGgoAAAANSUhEUgAAA6QAAAEkCAYAAAA4kPwsAAAAAXNSR0IArs4c6QAAQABJREF-bc006b.js?v=763dbd4669328a6f1296 generate SourceMap
<s> [webpack.Progress] 92% sealing asset processing RealContentHashPlugin larpinq-data_image_png_base64_iVBORw0KGgoAAAANSUhEUgAAA6QAAAEkCAYAAAA4kPwsAAAAAXNSR0IArs4c6QAAQABJREF-bc006b.js?v=763dbd4669328a6f1296 generated SourceMap
<s> [webpack.Progress] 92% sealing asset processing RealContentHashPlugin larpinq-node_modules_conduction_nextcloud-vue_dist_esm_node_modules_nextcloud_dialogs_dist_index_js.js?v=236a160b389db0099453 generate SourceMap
<s> [webpack.Progress] 92% sealing asset processing RealContentHashPlugin larpinq-node_modules_conduction_nextcloud-vue_dist_esm_node_modules_nextcloud_dialogs_dist_index_js.js?v=236a160b389db0099453 generated SourceMap
<s> [webpack.Progress] 92% sealing asset processing RealContentHashPlugin larpinq-node_modules_date-fns_locale_af_js.js?v=3bed2a70494373610972 generate SourceMap
<s> [webpack.Progress] 92% sealing asset processing RealContentHashPlugin larpinq-node_modules_date-fns_locale_af_js.js?v=3bed2a70494373610972 generated SourceMap
<s> [webpack.Progress] 92% sealing asset processing RealContentHashPlugin larpinq-node_modules_date-fns_locale_ar-DZ_js.js?v=f21d6d0b4e94d3fe7d63 generate SourceMap
<s> [webpack.Progress] 92% sealing asset processing RealContentHashPlugin larpinq-node_modules_date-fns_locale_ar-DZ_js.js?v=f21d6d0b4e94d3fe7d63 generated SourceMap
<s> [webpack.Progress] 92% sealing asset processing RealContentHashPlugin larpinq-node_modules_date-fns_locale_ar-EG_js.js?v=cc8df7eda22e3a849f29 generate SourceMap
<s> [webpack.Progress] 92% sealing asset processing RealContentHashPlugin larpinq-node_modules_date-fns_locale_ar-EG_js.js?v=cc8df7eda22e3a849f29 generated SourceMap
<s> [webpack.Progress] 92% sealing asset processing RealContentHashPlugin larpinq-node_modules_date-fns_locale_ar-MA_js.js?v=059e84e5fdb60ed70968 generate SourceMap
<s> [webpack.Progress] 92% sealing asset processing RealContentHashPlugin larpinq-node_modules_date-fns_locale_ar-MA_js.js?v=059e84e5fdb60ed70968 generated SourceMap
<s> [webpack.Progress] 92% sealing asset processing RealContentHashPlugin larpinq-node_modules_date-fns_locale_ar-SA_js.js?v=6f144b00a0412b202566 generate SourceMap
<s> [webpack.Progress] 92% sealing asset processing RealContentHashPlugin larpinq-node_modules_date-fns_locale_ar-SA_js.js?v=6f144b00a0412b202566 generated SourceMap
<s> [webpack.Progress] 92% sealing asset processing RealContentHashPlugin larpinq-node_modules_date-fns_locale_ar-TN_js.js?v=4da8f43a89cd369f8e56 generate SourceMap
<s> [webpack.Progress] 92% sealing asset processing RealContentHashPlugin larpinq-node_modules_date-fns_locale_ar-TN_js.js?v=4da8f43a89cd369f8e56 generated SourceMap
<s> [webpack.Progress] 92% sealing asset processing RealContentHashPlugin larpinq-node_modules_date-fns_locale_ar_js.js?v=8fa6c9d1e5bb10489519 generate SourceMap
<s> [webpack.Progress] 92% sealing asset processing RealContentHashPlugin larpinq-node_modules_date-fns_locale_ar_js.js?v=8fa6c9d1e5bb10489519 generated SourceMap
<s> [webpack.Progress] 92% sealing asset processing RealContentHashPlugin larpinq-node_modules_date-fns_locale_az_js.js?v=d608bb723740a9f24baa generate SourceMap
<s> [webpack.Progress] 92% sealing asset processing RealContentHashPlugin larpinq-node_modules_date-fns_locale_az_js.js?v=d608bb723740a9f24baa generated SourceMap
<s> [webpack.Progress] 92% sealing asset processing RealContentHashPlugin larpinq-vendors-node_modules_date-fns_locale_be-tarask_js.js?v=c023721f7d3a2b939996 generate SourceMap
<s> [webpack.Progress] 92% sealing asset processing RealContentHashPlugin larpinq-vendors-node_modules_date-fns_locale_be-tarask_js.js?v=c023721f7d3a2b939996 generated SourceMap
<s> [webpack.Progress] 92% sealing asset processing RealContentHashPlugin larpinq-vendors-node_modules_date-fns_locale_be_js.js?v=3b6421c7f1deafbf6d5e generate SourceMap
<s> [webpack.Progress] 92% sealing asset processing RealContentHashPlugin larpinq-vendors-node_modules_date-fns_locale_be_js.js?v=3b6421c7f1deafbf6d5e generated SourceMap
<s> [webpack.Progress] 92% sealing asset processing RealContentHashPlugin larpinq-node_modules_date-fns_locale_bg_js.js?v=fdebbd4fdc9646c3154b generate SourceMap
<s> [webpack.Progress] 92% sealing asset processing RealContentHashPlugin larpinq-node_modules_date-fns_locale_bg_js.js?v=fdebbd4fdc9646c3154b generated SourceMap
<s> [webpack.Progress] 92% sealing asset processing RealContentHashPlugin larpinq-node_modules_date-fns_locale_bn_js.js?v=e7092394becc00037162 generate SourceMap
<s> [webpack.Progress] 92% sealing asset processing RealContentHashPlugin larpinq-node_modules_date-fns_locale_bn_js.js?v=e7092394becc00037162 generated SourceMap
<s> [webpack.Progress] 92% sealing asset processing RealContentHashPlugin larpinq-node_modules_date-fns_locale_bs_js.js?v=e1bdfc14bc6d42f7f87a generate SourceMap
<s> [webpack.Progress] 92% sealing asset processing RealContentHashPlugin larpinq-node_modules_date-fns_locale_bs_js.js?v=e1bdfc14bc6d42f7f87a generated SourceMap
<s> [webpack.Progress] 92% sealing asset processing RealContentHashPlugin larpinq-node_modules_date-fns_locale_ca_js.js?v=9ff0c2c948ae9168611e generate SourceMap
<s> [webpack.Progress] 92% sealing asset processing RealContentHashPlugin larpinq-node_modules_date-fns_locale_ca_js.js?v=9ff0c2c948ae9168611e generated SourceMap
<s> [webpack.Progress] 92% sealing asset processing RealContentHashPlugin larpinq-node_modules_date-fns_locale_ckb_js.js?v=43c9f60d687ef62c5b73 generate SourceMap
<s> [webpack.Progress] 92% sealing asset processing RealContentHashPlugin larpinq-node_modules_date-fns_locale_ckb_js.js?v=43c9f60d687ef62c5b73 generated SourceMap
<s> [webpack.Progress] 92% sealing asset processing RealContentHashPlugin larpinq-node_modules_date-fns_locale_cs_js.js?v=f1d016cf1ef4a7e4e3de generate SourceMap
<s> [webpack.Progress] 92% sealing asset processing RealContentHashPlugin larpinq-node_modules_date-fns_locale_cs_js.js?v=f1d016cf1ef4a7e4e3de generated SourceMap
<s> [webpack.Progress] 92% sealing asset processing RealContentHashPlugin larpinq-node_modules_date-fns_locale_cy_js.js?v=1866d98cb21e0a3e048a generate SourceMap
<s> [webpack.Progress] 92% sealing asset processing RealContentHashPlugin larpinq-node_modules_date-fns_locale_cy_js.js?v=1866d98cb21e0a3e048a generated SourceMap
<s> [webpack.Progress] 92% sealing asset processing RealContentHashPlugin larpinq-node_modules_date-fns_locale_da_js.js?v=753c15a1101d78619a25 generate SourceMap
<s> [webpack.Progress] 92% sealing asset processing RealContentHashPlugin larpinq-node_modules_date-fns_locale_da_js.js?v=753c15a1101d78619a25 generated SourceMap
<s> [webpack.Progress] 92% sealing asset processing RealContentHashPlugin larpinq-node_modules_date-fns_locale_de-AT_js.js?v=7873c4fb6396c7cf49c6 generate SourceMap
<s> [webpack.Progress] 92% sealing asset processing RealContentHashPlugin larpinq-node_modules_date-fns_locale_de-AT_js.js?v=7873c4fb6396c7cf49c6 generated SourceMap
<s> [webpack.Progress] 92% sealing asset processing RealContentHashPlugin larpinq-node_modules_date-fns_locale_de_js.js?v=547c265ebff448771c7e generate SourceMap
<s> [webpack.Progress] 92% sealing asset processing RealContentHashPlugin larpinq-node_modules_date-fns_locale_de_js.js?v=547c265ebff448771c7e generated SourceMap
<s> [webpack.Progress] 92% sealing asset processing RealContentHashPlugin larpinq-node_modules_date-fns_locale_el_js.js?v=cfe3c63111d248184ff1 generate SourceMap
<s> [webpack.Progress] 92% sealing asset processing RealContentHashPlugin larpinq-node_modules_date-fns_locale_el_js.js?v=cfe3c63111d248184ff1 generated SourceMap
<s> [webpack.Progress] 92% sealing asset processing RealContentHashPlugin larpinq-node_modules_date-fns_locale_en-AU_js.js?v=2e70398aa071cc48ee15 generate SourceMap
<s> [webpack.Progress] 92% sealing asset processing RealContentHashPlugin larpinq-node_modules_date-fns_locale_en-AU_js.js?v=2e70398aa071cc48ee15 generated SourceMap
<s> [webpack.Progress] 92% sealing asset processing RealContentHashPlugin larpinq-node_modules_date-fns_locale_en-CA_js.js?v=63ab596f5d73e9b236d3 generate SourceMap
<s> [webpack.Progress] 92% sealing asset processing RealContentHashPlugin larpinq-node_modules_date-fns_locale_en-CA_js.js?v=63ab596f5d73e9b236d3 generated SourceMap
<s> [webpack.Progress] 92% sealing asset processing RealContentHashPlugin larpinq-node_modules_date-fns_locale_en-GB_js.js?v=c7a93fd869cffb7ccf2a generate SourceMap
<s> [webpack.Progress] 92% sealing asset processing RealContentHashPlugin larpinq-node_modules_date-fns_locale_en-GB_js.js?v=c7a93fd869cffb7ccf2a generated SourceMap
<s> [webpack.Progress] 92% sealing asset processing RealContentHashPlugin larpinq-node_modules_date-fns_locale_en-IE_js.js?v=5df8ef319e9580b25d39 generate SourceMap
<s> [webpack.Progress] 92% sealing asset processing RealContentHashPlugin larpinq-node_modules_date-fns_locale_en-IE_js.js?v=5df8ef319e9580b25d39 generated SourceMap
<s> [webpack.Progress] 92% sealing asset processing RealContentHashPlugin larpinq-node_modules_date-fns_locale_en-IN_js.js?v=8ed4fff53f1db5142a60 generate SourceMap
<s> [webpack.Progress] 92% sealing asset processing RealContentHashPlugin larpinq-node_modules_date-fns_locale_en-IN_js.js?v=8ed4fff53f1db5142a60 generated SourceMap
<s> [webpack.Progress] 92% sealing asset processing RealContentHashPlugin larpinq-node_modules_date-fns_locale_en-NZ_js.js?v=4187b69b0137d5c62e98 generate SourceMap
<s> [webpack.Progress] 92% sealing asset processing RealContentHashPlugin larpinq-node_modules_date-fns_locale_en-NZ_js.js?v=4187b69b0137d5c62e98 generated SourceMap
<s> [webpack.Progress] 92% sealing asset processing RealContentHashPlugin larpinq-node_modules_date-fns_locale_en-ZA_js.js?v=e5686f3008a2ba8e121b generate SourceMap
<s> [webpack.Progress] 92% sealing asset processing RealContentHashPlugin larpinq-node_modules_date-fns_locale_en-ZA_js.js?v=e5686f3008a2ba8e121b generated SourceMap
<s> [webpack.Progress] 92% sealing asset processing RealContentHashPlugin larpinq-node_modules_date-fns_locale_eo_js.js?v=b87156bb20a1a8bdf420 generate SourceMap
<s> [webpack.Progress] 92% sealing asset processing RealContentHashPlugin larpinq-node_modules_date-fns_locale_eo_js.js?v=b87156bb20a1a8bdf420 generated SourceMap
<s> [webpack.Progress] 92% sealing asset processing RealContentHashPlugin larpinq-node_modules_date-fns_locale_es_js.js?v=23145649b7d570e24732 generate SourceMap
<s> [webpack.Progress] 92% sealing asset processing RealContentHashPlugin larpinq-node_modules_date-fns_locale_es_js.js?v=23145649b7d570e24732 generated SourceMap
<s> [webpack.Progress] 92% sealing asset processing RealContentHashPlugin larpinq-node_modules_date-fns_locale_et_js.js?v=daaa4df6a3efdce532bf generate SourceMap
<s> [webpack.Progress] 92% sealing asset processing RealContentHashPlugin larpinq-node_modules_date-fns_locale_et_js.js?v=daaa4df6a3efdce532bf generated SourceMap
<s> [webpack.Progress] 92% sealing asset processing RealContentHashPlugin larpinq-node_modules_date-fns_locale_eu_js.js?v=93d17ce47e339a5ec6a6 generate SourceMap
<s> [webpack.Progress] 92% sealing asset processing RealContentHashPlugin larpinq-node_modules_date-fns_locale_eu_js.js?v=93d17ce47e339a5ec6a6 generated SourceMap
<s> [webpack.Progress] 92% sealing asset processing RealContentHashPlugin larpinq-node_modules_date-fns_locale_fa-IR_js.js?v=bba550ae76b009b430b9 generate SourceMap
<s> [webpack.Progress] 92% sealing asset processing RealContentHashPlugin larpinq-node_modules_date-fns_locale_fa-IR_js.js?v=bba550ae76b009b430b9 generated SourceMap
<s> [webpack.Progress] 92% sealing asset processing RealContentHashPlugin larpinq-node_modules_date-fns_locale_fi_js.js?v=fc24180ad297b236a2a8 generate SourceMap
<s> [webpack.Progress] 92% sealing asset processing RealContentHashPlugin larpinq-node_modules_date-fns_locale_fi_js.js?v=fc24180ad297b236a2a8 generated SourceMap
<s> [webpack.Progress] 92% sealing asset processing RealContentHashPlugin larpinq-node_modules_date-fns_locale_fr-CA_js.js?v=14eb331d876670fbae99 generate SourceMap
<s> [webpack.Progress] 92% sealing asset processing RealContentHashPlugin larpinq-node_modules_date-fns_locale_fr-CA_js.js?v=14eb331d876670fbae99 generated SourceMap
<s> [webpack.Progress] 92% sealing asset processing RealContentHashPlugin larpinq-node_modules_date-fns_locale_fr-CH_js.js?v=c28ef1dfe38ff7b2cab1 generate SourceMap
<s> [webpack.Progress] 92% sealing asset processing RealContentHashPlugin larpinq-node_modules_date-fns_locale_fr-CH_js.js?v=c28ef1dfe38ff7b2cab1 generated SourceMap
<s> [webpack.Progress] 92% sealing asset processing RealContentHashPlugin larpinq-node_modules_date-fns_locale_fr_js.js?v=aae887ea66d37749098d generate SourceMap
<s> [webpack.Progress] 92% sealing asset processing RealContentHashPlugin larpinq-node_modules_date-fns_locale_fr_js.js?v=aae887ea66d37749098d generated SourceMap
<s> [webpack.Progress] 92% sealing asset processing RealContentHashPlugin larpinq-node_modules_date-fns_locale_fy_js.js?v=24eafe380bebb5c3b205 generate SourceMap
<s> [webpack.Progress] 92% sealing asset processing RealContentHashPlugin larpinq-node_modules_date-fns_locale_fy_js.js?v=24eafe380bebb5c3b205 generated SourceMap
<s> [webpack.Progress] 92% sealing asset processing RealContentHashPlugin larpinq-node_modules_date-fns_locale_gd_js.js?v=7826eb0efee1a5bf9ab9 generate SourceMap
<s> [webpack.Progress] 92% sealing asset processing RealContentHashPlugin larpinq-node_modules_date-fns_locale_gd_js.js?v=7826eb0efee1a5bf9ab9 generated SourceMap
<s> [webpack.Progress] 92% sealing asset processing RealContentHashPlugin larpinq-node_modules_date-fns_locale_gl_js.js?v=00ff887e8466df6c4884 generate SourceMap
<s> [webpack.Progress] 92% sealing asset processing RealContentHashPlugin larpinq-node_modules_date-fns_locale_gl_js.js?v=00ff887e8466df6c4884 generated SourceMap
<s> [webpack.Progress] 92% sealing asset processing RealContentHashPlugin larpinq-node_modules_date-fns_locale_gu_js.js?v=da5336220220f235adf2 generate SourceMap
<s> [webpack.Progress] 92% sealing asset processing RealContentHashPlugin larpinq-node_modules_date-fns_locale_gu_js.js?v=da5336220220f235adf2 generated SourceMap
<s> [webpack.Progress] 92% sealing asset processing RealContentHashPlugin larpinq-node_modules_date-fns_locale_he_js.js?v=9790cff81f40c77d0a59 generate SourceMap
<s> [webpack.Progress] 92% sealing asset processing RealContentHashPlugin larpinq-node_modules_date-fns_locale_he_js.js?v=9790cff81f40c77d0a59 generated SourceMap
<s> [webpack.Progress] 92% sealing asset processing RealContentHashPlugin larpinq-node_modules_date-fns_locale_hi_js.js?v=7915ac60697a79982b4b generate SourceMap
<s> [webpack.Progress] 92% sealing asset processing RealContentHashPlugin larpinq-node_modules_date-fns_locale_hi_js.js?v=7915ac60697a79982b4b generated SourceMap
<s> [webpack.Progress] 92% sealing asset processing RealContentHashPlugin larpinq-node_modules_date-fns_locale_hr_js.js?v=22e78626bc97d40d175b generate SourceMap
<s> [webpack.Progress] 92% sealing asset processing RealContentHashPlugin larpinq-node_modules_date-fns_locale_hr_js.js?v=22e78626bc97d40d175b generated SourceMap
<s> [webpack.Progress] 92% sealing asset processing RealContentHashPlugin larpinq-node_modules_date-fns_locale_ht_js.js?v=dcddf8bdb17953868fd4 generate SourceMap
<s> [webpack.Progress] 92% sealing asset processing RealContentHashPlugin larpinq-node_modules_date-fns_locale_ht_js.js?v=dcddf8bdb17953868fd4 generated SourceMap
<s> [webpack.Progress] 92% sealing asset processing RealContentHashPlugin larpinq-node_modules_date-fns_locale_hu_js.js?v=fb8e4f16c00b11ea60aa generate SourceMap
<s> [webpack.Progress] 92% sealing asset processing RealContentHashPlugin larpinq-node_modules_date-fns_locale_hu_js.js?v=fb8e4f16c00b11ea60aa generated SourceMap
<s> [webpack.Progress] 92% sealing asset processing RealContentHashPlugin larpinq-node_modules_date-fns_locale_hy_js.js?v=fb9f6ba09975b2f86ffa generate SourceMap
<s> [webpack.Progress] 92% sealing asset processing RealContentHashPlugin larpinq-node_modules_date-fns_locale_hy_js.js?v=fb9f6ba09975b2f86ffa generated SourceMap
<s> [webpack.Progress] 92% sealing asset processing RealContentHashPlugin larpinq-node_modules_date-fns_locale_id_js.js?v=847df66b97609d84876e generate SourceMap
<s> [webpack.Progress] 92% sealing asset processing RealContentHashPlugin larpinq-node_modules_date-fns_locale_id_js.js?v=847df66b97609d84876e generated SourceMap
<s> [webpack.Progress] 92% sealing asset processing RealContentHashPlugin larpinq-node_modules_date-fns_locale_is_js.js?v=71e68bd3ff7da0cd550e generate SourceMap
<s> [webpack.Progress] 92% sealing asset processing RealContentHashPlugin larpinq-node_modules_date-fns_locale_is_js.js?v=71e68bd3ff7da0cd550e generated SourceMap
<s> [webpack.Progress] 92% sealing asset processing RealContentHashPlugin larpinq-node_modules_date-fns_locale_it-CH_js.js?v=1e4623306e001bc8f299 generate SourceMap
<s> [webpack.Progress] 92% sealing asset processing RealContentHashPlugin larpinq-node_modules_date-fns_locale_it-CH_js.js?v=1e4623306e001bc8f299 generated SourceMap
<s> [webpack.Progress] 92% sealing asset processing RealContentHashPlugin larpinq-node_modules_date-fns_locale_it_js.js?v=696ac4839853717daf40 generate SourceMap
<s> [webpack.Progress] 92% sealing asset processing RealContentHashPlugin larpinq-node_modules_date-fns_locale_it_js.js?v=696ac4839853717daf40 generated SourceMap
<s> [webpack.Progress] 92% sealing asset processing RealContentHashPlugin larpinq-node_modules_date-fns_locale_ja-Hira_js.js?v=9a1b07898ef98480b6fd generate SourceMap
<s> [webpack.Progress] 92% sealing asset processing RealContentHashPlugin larpinq-node_modules_date-fns_locale_ja-Hira_js.js?v=9a1b07898ef98480b6fd generated SourceMap
<s> [webpack.Progress] 92% sealing asset processing RealContentHashPlugin larpinq-node_modules_date-fns_locale_ja_js.js?v=800a1fe3ded972c5116c generate SourceMap
<s> [webpack.Progress] 92% sealing asset processing RealContentHashPlugin larpinq-node_modules_date-fns_locale_ja_js.js?v=800a1fe3ded972c5116c generated SourceMap
<s> [webpack.Progress] 92% sealing asset processing RealContentHashPlugin larpinq-node_modules_date-fns_locale_ka_js.js?v=5289325bb0684ca82e2e generate SourceMap
<s> [webpack.Progress] 92% sealing asset processing RealContentHashPlugin larpinq-node_modules_date-fns_locale_ka_js.js?v=5289325bb0684ca82e2e generated SourceMap
<s> [webpack.Progress] 92% sealing asset processing RealContentHashPlugin larpinq-vendors-node_modules_date-fns_locale_kk_js.js?v=858f568ce6715ceab2b3 generate SourceMap
<s> [webpack.Progress] 92% sealing asset processing RealContentHashPlugin larpinq-vendors-node_modules_date-fns_locale_kk_js.js?v=858f568ce6715ceab2b3 generated SourceMap
<s> [webpack.Progress] 92% sealing asset processing RealContentHashPlugin larpinq-node_modules_date-fns_locale_km_js.js?v=75be09f138c9855c1da3 generate SourceMap
<s> [webpack.Progress] 92% sealing asset processing RealContentHashPlugin larpinq-node_modules_date-fns_locale_km_js.js?v=75be09f138c9855c1da3 generated SourceMap
<s> [webpack.Progress] 92% sealing asset processing RealContentHashPlugin larpinq-node_modules_date-fns_locale_kn_js.js?v=15a167d537fb9be56363 generate SourceMap
<s> [webpack.Progress] 92% sealing asset processing RealContentHashPlugin larpinq-node_modules_date-fns_locale_kn_js.js?v=15a167d537fb9be56363 generated SourceMap
<s> [webpack.Progress] 92% sealing asset processing RealContentHashPlugin larpinq-node_modules_date-fns_locale_ko_js.js?v=55e14ce2f3c2df324719 generate SourceMap
<s> [webpack.Progress] 92% sealing asset processing RealContentHashPlugin larpinq-node_modules_date-fns_locale_ko_js.js?v=55e14ce2f3c2df324719 generated SourceMap
<s> [webpack.Progress] 92% sealing asset processing RealContentHashPlugin larpinq-node_modules_date-fns_locale_lb_js.js?v=45190a3b955e92b15d9d generate SourceMap
<s> [webpack.Progress] 92% sealing asset processing RealContentHashPlugin larpinq-node_modules_date-fns_locale_lb_js.js?v=45190a3b955e92b15d9d generated SourceMap
<s> [webpack.Progress] 92% sealing asset processing RealContentHashPlugin larpinq-node_modules_date-fns_locale_lt_js.js?v=ac8aeabb9417b8773607 generate SourceMap
<s> [webpack.Progress] 92% sealing asset processing RealContentHashPlugin larpinq-node_modules_date-fns_locale_lt_js.js?v=ac8aeabb9417b8773607 generated SourceMap
<s> [webpack.Progress] 92% sealing asset processing RealContentHashPlugin larpinq-node_modules_date-fns_locale_lv_js.js?v=1854aa17fa0f51c9fec1 generate SourceMap
<s> [webpack.Progress] 92% sealing asset processing RealContentHashPlugin larpinq-node_modules_date-fns_locale_lv_js.js?v=1854aa17fa0f51c9fec1 generated SourceMap
<s> [webpack.Progress] 92% sealing asset processing RealContentHashPlugin larpinq-node_modules_date-fns_locale_mk_js.js?v=091b9a80ac723c397c00 generate SourceMap
<s> [webpack.Progress] 92% sealing asset processing RealContentHashPlugin larpinq-node_modules_date-fns_locale_mk_js.js?v=091b9a80ac723c397c00 generated SourceMap
<s> [webpack.Progress] 92% sealing asset processing RealContentHashPlugin larpinq-node_modules_date-fns_locale_mn_js.js?v=1f5cd1e8d3e329ce4916 generate SourceMap
<s> [webpack.Progress] 92% sealing asset processing RealContentHashPlugin larpinq-node_modules_date-fns_locale_mn_js.js?v=1f5cd1e8d3e329ce4916 generated SourceMap
<s> [webpack.Progress] 92% sealing asset processing RealContentHashPlugin larpinq-node_modules_date-fns_locale_ms_js.js?v=92655cb07ceea803ad1f generate SourceMap
<s> [webpack.Progress] 92% sealing asset processing RealContentHashPlugin larpinq-node_modules_date-fns_locale_ms_js.js?v=92655cb07ceea803ad1f generated SourceMap
<s> [webpack.Progress] 92% sealing asset processing RealContentHashPlugin larpinq-node_modules_date-fns_locale_mt_js.js?v=94f289f28d024f5b8f97 generate SourceMap
<s> [webpack.Progress] 92% sealing asset processing RealContentHashPlugin larpinq-node_modules_date-fns_locale_mt_js.js?v=94f289f28d024f5b8f97 generated SourceMap
<s> [webpack.Progress] 92% sealing asset processing RealContentHashPlugin larpinq-node_modules_date-fns_locale_nb_js.js?v=bc6b18461fdca1ccfafe generate SourceMap
<s> [webpack.Progress] 92% sealing asset processing RealContentHashPlugin larpinq-node_modules_date-fns_locale_nb_js.js?v=bc6b18461fdca1ccfafe generated SourceMap
<s> [webpack.Progress] 92% sealing asset processing RealContentHashPlugin larpinq-node_modules_date-fns_locale_nl-BE_js.js?v=35b366f5c1c4564819b2 generate SourceMap
<s> [webpack.Progress] 92% sealing asset processing RealContentHashPlugin larpinq-node_modules_date-fns_locale_nl-BE_js.js?v=35b366f5c1c4564819b2 generated SourceMap
<s> [webpack.Progress] 92% sealing asset processing RealContentHashPlugin larpinq-node_modules_date-fns_locale_nl_js.js?v=4fb7bc1cfd07e95e740e generate SourceMap
<s> [webpack.Progress] 92% sealing asset processing RealContentHashPlugin larpinq-node_modules_date-fns_locale_nl_js.js?v=4fb7bc1cfd07e95e740e generated SourceMap
<s> [webpack.Progress] 92% sealing asset processing RealContentHashPlugin larpinq-node_modules_date-fns_locale_nn_js.js?v=12780c03c936ecd38845 generate SourceMap
<s> [webpack.Progress] 92% sealing asset processing RealContentHashPlugin larpinq-node_modules_date-fns_locale_nn_js.js?v=12780c03c936ecd38845 generated SourceMap
<s> [webpack.Progress] 92% sealing asset processing RealContentHashPlugin larpinq-node_modules_date-fns_locale_oc_js.js?v=8d42c20a8d21660cae13 generate SourceMap
<s> [webpack.Progress] 92% sealing asset processing RealContentHashPlugin larpinq-node_modules_date-fns_locale_oc_js.js?v=8d42c20a8d21660cae13 generated SourceMap
<s> [webpack.Progress] 92% sealing asset processing RealContentHashPlugin larpinq-node_modules_date-fns_locale_pl_js.js?v=a7fae4048522c5e2609f generate SourceMap
<s> [webpack.Progress] 92% sealing asset processing RealContentHashPlugin larpinq-node_modules_date-fns_locale_pl_js.js?v=a7fae4048522c5e2609f generated SourceMap
<s> [webpack.Progress] 92% sealing asset processing RealContentHashPlugin larpinq-node_modules_date-fns_locale_pt-BR_js.js?v=5b13e9e913b13fc03732 generate SourceMap
<s> [webpack.Progress] 92% sealing asset processing RealContentHashPlugin larpinq-node_modules_date-fns_locale_pt-BR_js.js?v=5b13e9e913b13fc03732 generated SourceMap
<s> [webpack.Progress] 92% sealing asset processing RealContentHashPlugin larpinq-node_modules_date-fns_locale_pt_js.js?v=eaa47e034136c5bb948f generate SourceMap
<s> [webpack.Progress] 92% sealing asset processing RealContentHashPlugin larpinq-node_modules_date-fns_locale_pt_js.js?v=eaa47e034136c5bb948f generated SourceMap
<s> [webpack.Progress] 92% sealing asset processing RealContentHashPlugin larpinq-node_modules_date-fns_locale_ro_js.js?v=c2d11d4276c7569c8f93 generate SourceMap
<s> [webpack.Progress] 92% sealing asset processing RealContentHashPlugin larpinq-node_modules_date-fns_locale_ro_js.js?v=c2d11d4276c7569c8f93 generated SourceMap
<s> [webpack.Progress] 92% sealing asset processing RealContentHashPlugin larpinq-vendors-node_modules_date-fns_locale_ru_js.js?v=904ae4c8787c6d49072b generate SourceMap
<s> [webpack.Progress] 92% sealing asset processing RealContentHashPlugin larpinq-vendors-node_modules_date-fns_locale_ru_js.js?v=904ae4c8787c6d49072b generated SourceMap
<s> [webpack.Progress] 92% sealing asset processing RealContentHashPlugin larpinq-node_modules_date-fns_locale_se_js.js?v=2ca8a121688b5522a31a generate SourceMap
<s> [webpack.Progress] 92% sealing asset processing RealContentHashPlugin larpinq-node_modules_date-fns_locale_se_js.js?v=2ca8a121688b5522a31a generated SourceMap
<s> [webpack.Progress] 92% sealing asset processing RealContentHashPlugin larpinq-node_modules_date-fns_locale_sk_js.js?v=b28c2564ba9f8a97d504 generate SourceMap
<s> [webpack.Progress] 92% sealing asset processing RealContentHashPlugin larpinq-node_modules_date-fns_locale_sk_js.js?v=b28c2564ba9f8a97d504 generated SourceMap
<s> [webpack.Progress] 92% sealing asset processing RealContentHashPlugin larpinq-node_modules_date-fns_locale_sl_js.js?v=a4f77ede4265ea9d7d45 generate SourceMap
<s> [webpack.Progress] 92% sealing asset processing RealContentHashPlugin larpinq-node_modules_date-fns_locale_sl_js.js?v=a4f77ede4265ea9d7d45 generated SourceMap
<s> [webpack.Progress] 92% sealing asset processing RealContentHashPlugin larpinq-node_modules_date-fns_locale_sq_js.js?v=08ba07fbb6943ef4b2b6 generate SourceMap
<s> [webpack.Progress] 92% sealing asset processing RealContentHashPlugin larpinq-node_modules_date-fns_locale_sq_js.js?v=08ba07fbb6943ef4b2b6 generated SourceMap
<s> [webpack.Progress] 92% sealing asset processing RealContentHashPlugin larpinq-node_modules_date-fns_locale_sr-Latn_js.js?v=8800f640598ef33c06ca generate SourceMap
<s> [webpack.Progress] 92% sealing asset processing RealContentHashPlugin larpinq-node_modules_date-fns_locale_sr-Latn_js.js?v=8800f640598ef33c06ca generated SourceMap
<s> [webpack.Progress] 92% sealing asset processing RealContentHashPlugin larpinq-node_modules_date-fns_locale_sr_js.js?v=f964b0fef414fec3e770 generate SourceMap
<s> [webpack.Progress] 92% sealing asset processing RealContentHashPlugin larpinq-node_modules_date-fns_locale_sr_js.js?v=f964b0fef414fec3e770 generated SourceMap
<s> [webpack.Progress] 92% sealing asset processing RealContentHashPlugin larpinq-node_modules_date-fns_locale_sv_js.js?v=71f71906eb41f5a029a9 generate SourceMap
<s> [webpack.Progress] 92% sealing asset processing RealContentHashPlugin larpinq-node_modules_date-fns_locale_sv_js.js?v=71f71906eb41f5a029a9 generated SourceMap
<s> [webpack.Progress] 92% sealing asset processing RealContentHashPlugin larpinq-node_modules_date-fns_locale_ta_js.js?v=2e56a56c4b6200a9da1d generate SourceMap
<s> [webpack.Progress] 92% sealing asset processing RealContentHashPlugin larpinq-node_modules_date-fns_locale_ta_js.js?v=2e56a56c4b6200a9da1d generated SourceMap
<s> [webpack.Progress] 92% sealing asset processing RealContentHashPlugin larpinq-node_modules_date-fns_locale_te_js.js?v=ec81fa41a8d060b79603 generate SourceMap
<s> [webpack.Progress] 92% sealing asset processing RealContentHashPlugin larpinq-node_modules_date-fns_locale_te_js.js?v=ec81fa41a8d060b79603 generated SourceMap
<s> [webpack.Progress] 92% sealing asset processing RealContentHashPlugin larpinq-node_modules_date-fns_locale_th_js.js?v=49d6c28c44cf055a2c77 generate SourceMap
<s> [webpack.Progress] 92% sealing asset processing RealContentHashPlugin larpinq-node_modules_date-fns_locale_th_js.js?v=49d6c28c44cf055a2c77 generated SourceMap
<s> [webpack.Progress] 92% sealing asset processing RealContentHashPlugin larpinq-node_modules_date-fns_locale_tr_js.js?v=191d83e344bd3d2dfa35 generate SourceMap
<s> [webpack.Progress] 92% sealing asset processing RealContentHashPlugin larpinq-node_modules_date-fns_locale_tr_js.js?v=191d83e344bd3d2dfa35 generated SourceMap
<s> [webpack.Progress] 92% sealing asset processing RealContentHashPlugin larpinq-node_modules_date-fns_locale_ug_js.js?v=291d14a30cccd2449708 generate SourceMap
<s> [webpack.Progress] 92% sealing asset processing RealContentHashPlugin larpinq-node_modules_date-fns_locale_ug_js.js?v=291d14a30cccd2449708 generated SourceMap
<s> [webpack.Progress] 92% sealing asset processing RealContentHashPlugin larpinq-vendors-node_modules_date-fns_locale_uk_js.js?v=418b5659142d31b3d7dc generate SourceMap
<s> [webpack.Progress] 92% sealing asset processing RealContentHashPlugin larpinq-vendors-node_modules_date-fns_locale_uk_js.js?v=418b5659142d31b3d7dc generated SourceMap
<s> [webpack.Progress] 92% sealing asset processing RealContentHashPlugin larpinq-node_modules_date-fns_locale_uz-Cyrl_js.js?v=37b844ddb9971f4c29d0 generate SourceMap
<s> [webpack.Progress] 92% sealing asset processing RealContentHashPlugin larpinq-node_modules_date-fns_locale_uz-Cyrl_js.js?v=37b844ddb9971f4c29d0 generated SourceMap
<s> [webpack.Progress] 92% sealing asset processing RealContentHashPlugin larpinq-node_modules_date-fns_locale_uz_js.js?v=cd6572296b9946e77940 generate SourceMap
<s> [webpack.Progress] 92% sealing asset processing RealContentHashPlugin larpinq-node_modules_date-fns_locale_uz_js.js?v=cd6572296b9946e77940 generated SourceMap
<s> [webpack.Progress] 92% sealing asset processing RealContentHashPlugin larpinq-node_modules_date-fns_locale_vi_js.js?v=4a18538e0770a11f22ef generate SourceMap
<s> [webpack.Progress] 92% sealing asset processing RealContentHashPlugin larpinq-node_modules_date-fns_locale_vi_js.js?v=4a18538e0770a11f22ef generated SourceMap
<s> [webpack.Progress] 92% sealing asset processing RealContentHashPlugin larpinq-node_modules_date-fns_locale_zh-CN_js.js?v=1e7d061025084085b67d generate SourceMap
<s> [webpack.Progress] 92% sealing asset processing RealContentHashPlugin larpinq-node_modules_date-fns_locale_zh-CN_js.js?v=1e7d061025084085b67d generated SourceMap
<s> [webpack.Progress] 92% sealing asset processing RealContentHashPlugin larpinq-node_modules_date-fns_locale_zh-HK_js.js?v=8da821153f5b0ce5d080 generate SourceMap
<s> [webpack.Progress] 92% sealing asset processing RealContentHashPlugin larpinq-node_modules_date-fns_locale_zh-HK_js.js?v=8da821153f5b0ce5d080 generated SourceMap
<s> [webpack.Progress] 92% sealing asset processing RealContentHashPlugin larpinq-node_modules_date-fns_locale_zh-TW_js.js?v=4d2bc1dfb0ec260f5a86 generate SourceMap
<s> [webpack.Progress] 92% sealing asset processing RealContentHashPlugin larpinq-node_modules_date-fns_locale_zh-TW_js.js?v=4d2bc1dfb0ec260f5a86 generated SourceMap
<s> [webpack.Progress] 92% sealing asset processing RealContentHashPlugin larpinq-vendors-node_modules_rehype-highlight_index_js.js?v=e370d53743307cea3c8d generate SourceMap
<s> [webpack.Progress] 92% sealing asset processing RealContentHashPlugin larpinq-vendors-node_modules_rehype-highlight_index_js.js?v=e370d53743307cea3c8d generated SourceMap
<s> [webpack.Progress] 92% sealing asset processing RealContentHashPlugin larpinq-vendors-node_modules_toast-ui_editor_dist_esm_index_js.js?v=8b27f866360e86dcf85a generate SourceMap
<s> [webpack.Progress] 92% sealing asset processing RealContentHashPlugin larpinq-vendors-node_modules_toast-ui_editor_dist_esm_index_js.js?v=8b27f866360e86dcf85a generated SourceMap
<s> [webpack.Progress] 92% sealing asset processing RealContentHashPlugin larpinq-cn-icons-mdi.js?v=e2243abca80133655f1f generate SourceMap
<s> [webpack.Progress] 92% sealing asset processing RealContentHashPlugin larpinq-cn-icons-mdi.js?v=e2243abca80133655f1f generated SourceMap
<s> [webpack.Progress] 92% sealing asset processing RealContentHashPlugin larpinq-node_modules_conduction_nextcloud-vue_dist_esm_components_CnIconPicker_iconCatalogues_js.js?v=e41409d1ac275487882a generate SourceMap
<s> [webpack.Progress] 92% sealing asset processing RealContentHashPlugin larpinq-node_modules_conduction_nextcloud-vue_dist_esm_components_CnIconPicker_iconCatalogues_js.js?v=e41409d1ac275487882a generated SourceMap
<s> [webpack.Progress] 92% sealing asset processing RealContentHashPlugin larpinq-cn-icons-rvo.js?v=282f7d77ab337cc91cde generate SourceMap
<s> [webpack.Progress] 92% sealing asset processing RealContentHashPlugin larpinq-cn-icons-rvo.js?v=282f7d77ab337cc91cde generated SourceMap
<s> [webpack.Progress] 92% sealing asset processing RealContentHashPlugin larpinq-vendors-node_modules_conduction_nextcloud-vue_dist_esm_node_modules_nextcloud_dialogs_dist_ch-899bef.js?v=7c379f6fa6f9a232504f generate SourceMap
<s> [webpack.Progress] 92% sealing asset processing RealContentHashPlugin larpinq-vendors-node_modules_conduction_nextcloud-vue_dist_esm_node_modules_nextcloud_dialogs_dist_ch-899bef.js?v=7c379f6fa6f9a232504f generated SourceMap
<s> [webpack.Progress] 92% sealing asset processing RealContentHashPlugin larpinq-vendors-node_modules_conduction_nextcloud-vue_dist_esm_node_modules_nextcloud_dialogs_dist_ch-82cd34.js?v=17348d9baaaa29245bab generate SourceMap
<s> [webpack.Progress] 92% sealing asset processing RealContentHashPlugin larpinq-vendors-node_modules_conduction_nextcloud-vue_dist_esm_node_modules_nextcloud_dialogs_dist_ch-82cd34.js?v=17348d9baaaa29245bab generated SourceMap
<s> [webpack.Progress] 92% sealing asset processing RealContentHashPlugin larpinq-node_modules_conduction_nextcloud-vue_dist_esm_node_modules_nextcloud_dialogs_dist_chunks_Pub-1ead8e.js?v=4d27e303a6c200e1d6ff generate SourceMap
<s> [webpack.Progress] 92% sealing asset processing RealContentHashPlugin larpinq-node_modules_conduction_nextcloud-vue_dist_esm_node_modules_nextcloud_dialogs_dist_chunks_Pub-1ead8e.js?v=4d27e303a6c200e1d6ff generated SourceMap
<s> [webpack.Progress] 92% sealing asset processing RealContentHashPlugin larpinq-node_modules_conduction_nextcloud-vue_dist_esm_utils_evalFormula_js.js?v=bcfe11f612ade9feeecf generate SourceMap
<s> [webpack.Progress] 92% sealing asset processing RealContentHashPlugin larpinq-node_modules_conduction_nextcloud-vue_dist_esm_utils_evalFormula_js.js?v=bcfe11f612ade9feeecf generated SourceMap
<s> [webpack.Progress] 92% sealing asset processing RealContentHashPlugin larpinq-vendors-node_modules_conduction_nextcloud-vue_dist_esm_node_modules_leaflet_dist_leaflet-src_js.js?v=b4688dd6980dfe3b73da generate SourceMap
<s> [webpack.Progress] 92% sealing asset processing RealContentHashPlugin larpinq-vendors-node_modules_conduction_nextcloud-vue_dist_esm_node_modules_leaflet_dist_leaflet-src_js.js?v=b4688dd6980dfe3b73da generated SourceMap
<s> [webpack.Progress] 92% sealing asset processing RealContentHashPlugin larpinq-vendors-node_modules_conduction_nextcloud-vue_dist_esm_components_CnIndexPage_CnIndexPage_vue_js.js?v=0683ba9b7ba0ea626b09 generate SourceMap
<s> [webpack.Progress] 92% sealing asset processing RealContentHashPlugin larpinq-vendors-node_modules_conduction_nextcloud-vue_dist_esm_components_CnIndexPage_CnIndexPage_vue_js.js?v=0683ba9b7ba0ea626b09 generated SourceMap
<s> [webpack.Progress] 92% sealing asset processing RealContentHashPlugin larpinq-vendors-node_modules_conduction_nextcloud-vue_dist_esm_components_CnDetailPage_CnDetailPage_vue_js.js?v=0517e0da098472d1b8f2 generate SourceMap
<s> [webpack.Progress] 92% sealing asset processing RealContentHashPlugin larpinq-vendors-node_modules_conduction_nextcloud-vue_dist_esm_components_CnDetailPage_CnDetailPage_vue_js.js?v=0517e0da098472d1b8f2 generated SourceMap
<s> [webpack.Progress] 92% sealing asset processing RealContentHashPlugin larpinq-vendors-node_modules_conduction_nextcloud-vue_dist_esm_components_CnDashboardPage_CnDashboard-fec47c.js?v=6162956e48bd6c7070fa generate SourceMap
<s> [webpack.Progress] 92% sealing asset processing RealContentHashPlugin larpinq-vendors-node_modules_conduction_nextcloud-vue_dist_esm_components_CnDashboardPage_CnDashboard-fec47c.js?v=6162956e48bd6c7070fa generated SourceMap
<s> [webpack.Progress] 92% sealing asset processing RealContentHashPlugin larpinq-vendors-node_modules_conduction_nextcloud-vue_dist_esm_components_CnLogsPage_CnLogsPage_vue_js.js?v=434db2fd7e17f1e9350f generate SourceMap
<s> [webpack.Progress] 92% sealing asset processing RealContentHashPlugin larpinq-vendors-node_modules_conduction_nextcloud-vue_dist_esm_components_CnLogsPage_CnLogsPage_vue_js.js?v=434db2fd7e17f1e9350f generated SourceMap
<s> [webpack.Progress] 92% sealing asset processing RealContentHashPlugin larpinq-vendors-node_modules_conduction_nextcloud-vue_dist_esm_components_CnSettingsPage_CnSettingsPa-384462.js?v=e9ebf60a90eb7be1b283 generate SourceMap
<s> [webpack.Progress] 92% sealing asset processing RealContentHashPlugin larpinq-vendors-node_modules_conduction_nextcloud-vue_dist_esm_components_CnSettingsPage_CnSettingsPa-384462.js?v=e9ebf60a90eb7be1b283 generated SourceMap
<s> [webpack.Progress] 92% sealing asset processing RealContentHashPlugin larpinq-node_modules_conduction_nextcloud-vue_dist_esm_components_CnChatPage_CnChatPage_vue_js.js?v=9527b959a667e7b4d0b3 generate SourceMap
<s> [webpack.Progress] 92% sealing asset processing RealContentHashPlugin larpinq-node_modules_conduction_nextcloud-vue_dist_esm_components_CnChatPage_CnChatPage_vue_js.js?v=9527b959a667e7b4d0b3 generated SourceMap
<s> [webpack.Progress] 92% sealing asset processing RealContentHashPlugin larpinq-node_modules_conduction_nextcloud-vue_dist_esm_components_CnFilesPage_CnFilesPage_vue_js.js?v=f6eafdcb6dc08f1a3765 generate SourceMap
<s> [webpack.Progress] 92% sealing asset processing RealContentHashPlugin larpinq-node_modules_conduction_nextcloud-vue_dist_esm_components_CnFilesPage_CnFilesPage_vue_js.js?v=f6eafdcb6dc08f1a3765 generated SourceMap
<s> [webpack.Progress] 92% sealing asset processing RealContentHashPlugin larpinq-node_modules_conduction_nextcloud-vue_dist_esm_components_CnMapPage_CnMapPage_vue_js.js?v=3ebb04c9385bd594a741 generate SourceMap
<s> [webpack.Progress] 92% sealing asset processing RealContentHashPlugin larpinq-node_modules_conduction_nextcloud-vue_dist_esm_components_CnMapPage_CnMapPage_vue_js.js?v=3ebb04c9385bd594a741 generated SourceMap
<s> [webpack.Progress] 92% sealing asset processing RealContentHashPlugin larpinq-vendors-node_modules_conduction_nextcloud-vue_dist_esm_components_CnFeaturesAndRoadmapPage_Cn-4c37f3.js?v=f871996dae9319dc1af1 generate SourceMap
<s> [webpack.Progress] 92% sealing asset processing RealContentHashPlugin larpinq-vendors-node_modules_conduction_nextcloud-vue_dist_esm_components_CnFeaturesAndRoadmapPage_Cn-4c37f3.js?v=f871996dae9319dc1af1 generated SourceMap
<s> [webpack.Progress] 92% sealing asset processing RealContentHashPlugin larpinq-node_modules_conduction_nextcloud-vue_dist_esm_components_CnSearchPage_CnSearchPage_vue_js.js?v=0b5dc30e7cfb76515593 generate SourceMap
<s> [webpack.Progress] 92% sealing asset processing RealContentHashPlugin larpinq-node_modules_conduction_nextcloud-vue_dist_esm_components_CnSearchPage_CnSearchPage_vue_js.js?v=0b5dc30e7cfb76515593 generated SourceMap
<s> [webpack.Progress] 92% sealing asset processing RealContentHashPlugin larpinq-node_modules_conduction_nextcloud-vue_dist_esm_components_CnWikiPage_CnWikiPage_vue_js.js?v=eeaaaf78a2b8e61a6d02 generate SourceMap
<s> [webpack.Progress] 92% sealing asset processing RealContentHashPlugin larpinq-node_modules_conduction_nextcloud-vue_dist_esm_components_CnWikiPage_CnWikiPage_vue_js.js?v=eeaaaf78a2b8e61a6d02 generated SourceMap
<s> [webpack.Progress] 92% sealing asset processing RealContentHashPlugin larpinq-node_modules_conduction_nextcloud-vue_dist_esm_components_CnFlowsPage_CnFlowsPage_vue_js.js?v=fb342d1f4b4282f4b9a4 generate SourceMap
<s> [webpack.Progress] 92% sealing asset processing RealContentHashPlugin larpinq-node_modules_conduction_nextcloud-vue_dist_esm_components_CnFlowsPage_CnFlowsPage_vue_js.js?v=fb342d1f4b4282f4b9a4 generated SourceMap
<s> [webpack.Progress] 92% sealing asset processing RealContentHashPlugin larpinq-node_modules_conduction_nextcloud-vue_dist_esm_components_CnFlowsPage_CnFlowEditorPage_vue_js.js?v=670a6a745cb74b3d949e generate SourceMap
<s> [webpack.Progress] 92% sealing asset processing RealContentHashPlugin larpinq-node_modules_conduction_nextcloud-vue_dist_esm_components_CnFlowsPage_CnFlowEditorPage_vue_js.js?v=670a6a745cb74b3d949e generated SourceMap
<s> [webpack.Progress] 92% sealing asset processing RealContentHashPlugin larpinq-vendors-node_modules_conduction_nextcloud-vue_dist_esm_components_CnAdvancedFormDialog_CnAdva-f0f0c9.js?v=90f0e54583f5608f1a2e generate SourceMap
<s> [webpack.Progress] 92% sealing asset processing RealContentHashPlugin larpinq-vendors-node_modules_conduction_nextcloud-vue_dist_esm_components_CnAdvancedFormDialog_CnAdva-f0f0c9.js?v=90f0e54583f5608f1a2e generated SourceMap
<s> [webpack.Progress] 92% sealing asset processing RealContentHashPlugin larpinq-vendors-node_modules_conduction_nextcloud-vue_dist_esm_node_modules_nextcloud_dialogs_dist_ch-eabf4e.js?v=d0d139daba45e93bba06 generate SourceMap
<s> [webpack.Progress] 92% sealing asset processing RealContentHashPlugin larpinq-vendors-node_modules_conduction_nextcloud-vue_dist_esm_node_modules_nextcloud_dialogs_dist_ch-eabf4e.js?v=d0d139daba45e93bba06 generated SourceMap
<s> [webpack.Progress] 92% sealing asset processing RealContentHashPlugin larpinq-vendors-node_modules_conduction_nextcloud-vue_dist_esm_components_CnPagination_CnPagination_v-e96f7d.js?v=bae1fb46a13495835d22 generate SourceMap
<s> [webpack.Progress] 92% sealing asset processing RealContentHashPlugin larpinq-vendors-node_modules_conduction_nextcloud-vue_dist_esm_components_CnPagination_CnPagination_v-e96f7d.js?v=bae1fb46a13495835d22 generated SourceMap
<s> [webpack.Progress] 92% sealing asset processing RealContentHashPlugin larpinq-vendors-node_modules_conduction_nextcloud-vue_dist_esm_components_CnActionButtons_CnActionBut-ce6b26.js?v=72fe2f8a6e14eab14000 generate SourceMap
<s> [webpack.Progress] 92% sealing asset processing RealContentHashPlugin larpinq-vendors-node_modules_conduction_nextcloud-vue_dist_esm_components_CnActionButtons_CnActionBut-ce6b26.js?v=72fe2f8a6e14eab14000 generated SourceMap
<s> [webpack.Progress] 92% sealing asset processing RealContentHashPlugin larpinq-vendors-node_modules_conduction_nextcloud-vue_dist_esm_node_modules_nextcloud_dialogs_dist_ch-37cc38.js?v=e280eb07082486ebb7ff generate SourceMap
<s> [webpack.Progress] 92% sealing asset processing RealContentHashPlugin larpinq-vendors-node_modules_conduction_nextcloud-vue_dist_esm_node_modules_nextcloud_dialogs_dist_ch-37cc38.js?v=e280eb07082486ebb7ff generated SourceMap
<s> [webpack.Progress] 92% sealing asset processing RealContentHashPlugin larpinq-vendors-node_modules_toast-ui_editor_dist_toastui-editor_css.js?v=a95c9d445ccfeb2f060d generate SourceMap
<s> [webpack.Progress] 92% sealing asset processing RealContentHashPlugin larpinq-vendors-node_modules_toast-ui_editor_dist_toastui-editor_css.js?v=a95c9d445ccfeb2f060d generated SourceMap
<s> [webpack.Progress] 92% sealing asset processing RealContentHashPlugin resolve sources
<s> [webpack.Progress] 92% sealing asset processing RealContentHashPlugin
<s> [webpack.Progress] 92% sealing asset processing
<s> [webpack.Progress] 93% sealing after asset optimization
<s> [webpack.Progress] 93% sealing after asset optimization
<s> [webpack.Progress] 93% sealing recording
<s> [webpack.Progress] 93% sealing recording
<s> [webpack.Progress] 94% sealing after seal
<s> [webpack.Progress] 94% sealing after seal
<s> [webpack.Progress] 95% emitting emit
<s> [webpack.Progress] 95% emitting emit CleanPlugin
<s> [webpack.Progress] 95% emitting emit
<s> [webpack.Progress] 98% emitting after emit
<s> [webpack.Progress] 98% emitting after emit SizeLimitsPlugin
<s> [webpack.Progress] 98% emitting after emit
<s> [webpack.Progress] 99% done plugins
<s> [webpack.Progress] 99% done plugins
<s> [webpack.Progress] 99% 

<s> [webpack.Progress] 99% cache store build dependencies
<s> [webpack.Progress] 99% cache store build dependencies
<s> [webpack.Progress] 99% cache begin idle
<s> [webpack.Progress] 99% cache begin idle
<s> [webpack.Progress] 100% 

<s> [webpack.Progress] 99% cache shutdown
<s> [webpack.Progress] 99% cache shutdown
<s> [webpack.Progress] 100% 

assets by info 7.13 MiB [1m[32m[immutable][39m[22m
  assets by chunk 6.4 MiB (id hint: vendors)
    assets by status [1m[33m5.13 MiB[39m[22m [1m[33m[big][39m[22m
      asset [1m[33mlarpinq-cn-icons-mdi.js?v=e2243abca80133655f1f[39m[22m [1m[33m2.68 MiB[39m[22m [1m[32m[emitted][39m[22m [1m[32m[immutable][39m[22m [1m[32m[minimized][39m[22m [1m[33m[big][39m[22m (name: cn-icons-mdi) (id hint: vendors) 1 related asset
      asset [1m[33mlarpinq-cn-icons-rvo.js?v=282f7d77ab337cc91cde[39m[22m [1m[33m1.82 MiB[39m[22m [1m[32m[emitted][39m[22m [1m[32m[immutable][39m[22m [1m[32m[minimized][39m[22m [1m[33m[big][39m[22m (name: cn-icons-rvo) (id hint: vendors) 1 related asset
      asset [1m[33mlarpinq-vendors-node_modules_toast-ui_editor_dist_esm_index_js.js?v=8b27f866360e86dcf85a[39m[22m [1m[33m640 KiB[39m[22m [1m[32m[emitted][39m[22m [1m[32m[immutable][39m[22m [1m[32m[minimized][39m[22m [1m[33m[big][39m[22m (id hint: vendors) 2 related assets
    + 21 assets
  + 104 assets
asset [1m[33mlarpinq-main.js[39m[22m [1m[33m10 MiB[39m[22m [1m[32m[emitted][39m[22m [1m[32m[minimized][39m[22m [1m[33m[big][39m[22m (name: main) 2 related assets
asset [1m[33mlarpinq-settings.js[39m[22m [1m[33m3.54 MiB[39m[22m [1m[32m[emitted][39m[22m [1m[32m[minimized][39m[22m [1m[33m[big][39m[22m (name: adminSettings) 2 related assets

[1m[33mWARNING[39m[22m in [1masset size limit: The following asset(s) exceed the recommended size limit (244 KiB).
This can impact web performance.
Assets: 
  larpinq-main.js (10 MiB)
  larpinq-settings.js (3.54 MiB)
  larpinq-vendors-node_modules_toast-ui_editor_dist_esm_index_js.js?v=8b27f866360e86dcf85a (640 KiB)
  larpinq-cn-icons-mdi.js?v=e2243abca80133655f1f (2.68 MiB)
  larpinq-cn-icons-rvo.js?v=282f7d77ab337cc91cde (1.82 MiB)[39m[22m

[1m[33mWARNING[39m[22m in [1mentrypoint size limit: The following entrypoint(s) combined asset size exceeds the recommended limit (244 KiB). This can impact web performance.
Entrypoints:
  main (10 MiB)
      larpinq-main.js
  adminSettings (3.54 MiB)
      larpinq-settings.js
[39m[22m

webpack 5.109.2 compiled with [1m[33m2 warnings[39m[22m in 63713 ms
