"id","type","organisatieType","samenwerkingtype","naam","website","e-mailadres","telefoonnummer","cbsCode","deelnemers","status","sector","geregistreerd_door","@self.organisation","@self.published"
"1f41e9e0-ac4d-471d-850a-9c083103667d",Gemeente,Gemeente,,'s-Gravenhage,https://www.denhaag.nl,test.vng.swc+Bre@gmail.com,+31 23 4567890,"0518",,Actief,Gemeenten,Gemeente,"1f41e9e0-ac4d-471d-850a-9c083103667d","2014-03-26T10:13:27+00:00"
"8c3363d7-2269-49fd-ac71-5b4e9b809ed3",Gemeente,Gemeente,,'s-Hertogenbosch,https://www.s-hertogenbosch.nl,test.vng.swc+W@gmail.com,+31 23 4567890,"0796",,Actief,Gemeenten,Gemeente,"8c3363d7-2269-49fd-ac71-5b4e9b809ed3","2014-03-26T10:13:27+00:00"
f7db0bc8-ec7a-4aa9-902e-51a23f7bce51,Gemeente,Gemeente,,Aa en Hunze,https://www.aaenhunze.nl,test.vng.swc+Emu@gmail.com,+31 23 4567890,"1680",,Actief,Gemeenten,Gemeente,f7db0bc8-ec7a-4aa9-902e-51a23f7bce51,"2014-03-26T10:13:27+00:00"
e1863e39-a0d3-4384-b359-a3f0d98af2c8,Gemeente,Gemeente,,Aalsmeer,,test.vng.swc+L@gmail.com,+31 23 4567890,"0358",,Actief,Gemeenten,Gemeente,e1863e39-a0d3-4384-b359-a3f0d98af2c8,"2014-03-26T10:13:27+00:00"
"53873206-6267-4cc5-b24a-726e0e013ac3",Gemeente,Gemeente,,Aalten,https://www.aalten.nl,test.vng.swc+E@gmail.com,+31 23 4567890,"0197",,Actief,Gemeenten,Gemeente,"53873206-6267-4cc5-b24a-726e0e013ac3","2014-03-26T10:13:27+00:00"
"4b441630-bc37-4337-9908-b3ffeaf5393a",Gemeente,Gemeente,,Achtkarspelen,https://www.achtkarspelen.nl,test.vng.swc+H@gmail.com,+31 23 4567890,"0059",,Actief,Gemeenten,Gemeente,"4b441630-bc37-4337-9908-b3ffeaf5393a","2014-03-26T10:13:27+00:00"
d4e731d8-263d-4b94-aeb0-cfaee2fdf18e,Gemeente,Gemeente,,Alblasserdam,,test.vng.swc+Mlc@gmail.com,+31 23 4567890,"0482",,Actief,Gemeenten,Gemeente,d4e731d8-263d-4b94-aeb0-cfaee2fdf18e,"2014-03-26T10:13:27+00:00"
ea661217-960b-45af-9f80-758534be782c,Gemeente,Gemeente,,Albrandswaard,,test.vng.swc+P@gmail.com,,"0613",,Actief,Gemeenten,Gemeente,ea661217-960b-45af-9f80-758534be782c,"2014-03-26T10:13:27+00:00"
"9e903d5f-9d6e-42f6-8c40-43ef3f1cd3d6",Gemeente,Gemeente,,Alkmaar,https://www.alkmaar.nl,test.vng.swc+Rvr@gmail.com,+31 23 4567890,"0361",,Actief,Gemeenten,Gemeente,"9e903d5f-9d6e-42f6-8c40-43ef3f1cd3d6","2014-03-26T10:13:27+00:00"
d55fabda-c229-491d-a9f6-a339bb89f736,Gemeente,Gemeente,,Almelo,https://www.almelo.nl,test.vng.swc+G@gmail.com,+31 23 4567890,"0141",,Actief,Gemeenten,Gemeente,d55fabda-c229-491d-a9f6-a339bb89f736,"2014-03-26T10:13:27+00:00"
"1f66615f-fa81-44f6-92e3-eadac6b11eca",Gemeente,Gemeente,,Almere,https://www.almere.nl,test.vng.swc+Jmk@gmail.com,+31 23 4567890,"0034",,Actief,Gemeenten,Gemeente,"1f66615f-fa81-44f6-92e3-eadac6b11eca","2014-03-26T10:13:27+00:00"
"19aa7eda-1fcb-4af7-8fc3-b31d44597b63",Gemeente,Gemeente,,Alphen aan den Rijn,https://www.alphenaandenrijn.nl,test.vng.swc+Hvd@gmail.com,+31 23 4567890,"0484",,Actief,Gemeenten,Gemeente,"19aa7eda-1fcb-4af7-8fc3-b31d44597b63","2014-03-26T10:13:27+00:00"
c4777164-8768-494f-8b74-ce090653063d,Gemeente,Gemeente,,Alphen-Chaam,https://www.alphen-chaam.nl,test.vng.swc+Maa@gmail.com,+31 23 4567890,"1723",,Actief,Gemeenten,Gemeente,c4777164-8768-494f-8b74-ce090653063d,"2014-03-26T10:13:27+00:00"
"5cdb1948-e731-4906-904e-f5e427ee28dc",Gemeente,Gemeente,,Altena,,test.vng.swc+J@gmail.com,,"1959",,Actief,Gemeenten,Gemeente,"5cdb1948-e731-4906-904e-f5e427ee28dc","2019-02-19T13:01:26+00:00"
"3ddb44e4-b009-4989-adb2-82b2b079f4e2",Gemeente,Gemeente,,Ameland,https://www.ameland.nl,test.vng.swc+Jbe@gmail.com,+31 23 4567890,"0060",,Actief,Gemeenten,Gemeente,"3ddb44e4-b009-4989-adb2-82b2b079f4e2","2014-03-26T10:13:27+00:00"
cb634d57-2b5f-4a03-9be4-d04c483853a7,Gemeente,Gemeente,,Amersfoort,https://www.amersfoort.nl,test.vng.swc+F@gmail.com,,"0307",,Actief,Gemeenten,Gemeente,cb634d57-2b5f-4a03-9be4-d04c483853a7,"2014-03-26T10:13:27+00:00"
"7dd39288-b23c-4a6e-9c8c-1b3dfc7b2392",Gemeente,Gemeente,,Amstelveen,https://www.amstelveen.nl,test.vng.swc+A@gmail.com,+31 23 4567890,"0362",,Actief,Gemeenten,Gemeente,"7dd39288-b23c-4a6e-9c8c-1b3dfc7b2392","2014-03-26T10:13:27+00:00"
"9524d26f-c554-4179-9b1f-9f0fb4edcddb",Gemeente,Gemeente,,Amsterdam,https://www.amsterdam.nl,test.vng.swc+V@gmail.com,+31 23 4567890,"0363",,Actief,Gemeenten,Gemeente,"9524d26f-c554-4179-9b1f-9f0fb4edcddb","2014-03-26T10:13:27+00:00"
d620f6fd-1d42-4bf7-a46a-d26c1c8cdfc9,Gemeente,Gemeente,,Apeldoorn,https://www.apeldoorn.nl,,,"0200",,Actief,Gemeenten,Gemeente,d620f6fd-1d42-4bf7-a46a-d26c1c8cdfc9,"2014-03-26T10:13:27+00:00"
"9aa7afc7-39a5-41f1-a104-91429c495592",Gemeente,Gemeente,,Arnhem,https://www.arnhem.nl,test.vng.swc+Wim@gmail.com,+31 23 4567890,"0202",,Actief,Gemeenten,Gemeente,"9aa7afc7-39a5-41f1-a104-91429c495592","2014-03-26T10:13:27+00:00"
cd1ccd26-bb1a-4958-99f9-573b559b7ac9,Gemeente,Gemeente,,Assen,https://www.assen.nl,test.vng.swc+E@gmail.com,+31 23 4567890,"0106",,Actief,Gemeenten,Gemeente,cd1ccd26-bb1a-4958-99f9-573b559b7ac9,"2014-03-26T10:13:27+00:00"
"0da54fc5-f705-4840-bdd1-b1a61e5357b9",Gemeente,Gemeente,,Asten,https://www.asten.nl,test.vng.swc+I@gmail.com,+31 23 4567890,"0743",,Actief,Gemeenten,Gemeente,"0da54fc5-f705-4840-bdd1-b1a61e5357b9","2014-03-26T10:13:27+00:00"
e236cbe8-688b-4a22-b094-999da2b0dbcf,Gemeente,Gemeente,,Baarle-Nassau,https://www.baarle-nassau.nl,test.vng.swc+Maa@gmail.com,+31 23 4567890,"0744",,Actief,Gemeenten,Gemeente,e236cbe8-688b-4a22-b094-999da2b0dbcf,"2014-03-26T10:13:27+00:00"
bb45238c-398a-47e6-85fd-09b684ea7434,Gemeente,Gemeente,,Baarn,https://www.baarn.nl,test.vng.swc+Eri@gmail.com,+31 23 4567890,"0308",,Actief,Gemeenten,Gemeente,bb45238c-398a-47e6-85fd-09b684ea7434,"2014-03-26T10:13:27+00:00"
"7388a732-25d9-480c-9827-a3e2586c2656",Gemeente,Gemeente,,Barendrecht,,test.vng.swc+P@gmail.com,,"0489",,Actief,Gemeenten,Gemeente,"7388a732-25d9-480c-9827-a3e2586c2656","2014-03-26T10:13:27+00:00"
"349e6027-b7c4-42ac-88e6-a5f17fc833f6",Gemeente,Gemeente,,Barneveld,https://www.barneveld.nl,test.vng.swc+H@gmail.com,+31 23 4567890,"0203",,Actief,Gemeenten,Gemeente,"349e6027-b7c4-42ac-88e6-a5f17fc833f6","2014-03-26T10:13:27+00:00"
"30e292cc-61cf-411b-9d29-5f670ee6adb7",Gemeente,Gemeente,,Beek,https://www.gemeentebeek.nl,test.vng.swc+Rai@gmail.com,+31 23 4567890,"0888",,Actief,Gemeenten,Gemeente,"30e292cc-61cf-411b-9d29-5f670ee6adb7","2014-03-26T10:13:27+00:00"
"364991e9-f0d6-4aaf-85ec-9cf96e7943b2",Gemeente,Gemeente,,Beekdaelen,https://www.beekdaelen.nl,test.vng.swc+K@gmail.com,+31 23 4567890,"1954",,Actief,Gemeenten,Gemeente,"364991e9-f0d6-4aaf-85ec-9cf96e7943b2","2019-02-19T09:16:36+00:00"
"6d9c64bb-1938-44da-ac15-15ca0cb80cbc",Gemeente,Gemeente,,Beesel,https://www.beesel.nl,test.vng.swc+Inf@gmail.com,+31 23 4567890,"0889",,Actief,Gemeenten,Gemeente,"6d9c64bb-1938-44da-ac15-15ca0cb80cbc","2014-03-26T10:13:27+00:00"
"16b45e38-297f-47ab-bc12-541d21499bdb",Gemeente,Gemeente,,Berg en Dal,https://www.bergendal.nl,test.vng.swc+A@gmail.com,+31 23 4567890,"1945",,Actief,Gemeenten,Gemeente,"16b45e38-297f-47ab-bc12-541d21499bdb","2014-03-26T10:13:27+00:00"
"8a608d38-6e03-4853-8a73-9e81f3c8d126",Gemeente,Gemeente,,Bergeijk,https://www.bergeijk.nl,test.vng.swc+A@gmail.com,+31 23 4567890,"1724",,Actief,Gemeenten,Gemeente,"8a608d38-6e03-4853-8a73-9e81f3c8d126","2014-03-26T10:13:27+00:00"
d70e7220-833b-4bd6-ba32-b8dec10a9b89,Gemeente,Gemeente,,Bergen (L),https://www.bergen.nl,test.vng.swc+J@gmail.com,+31 23 4567890,"0893",,Actief,Gemeenten,Gemeente,d70e7220-833b-4bd6-ba32-b8dec10a9b89,"2014-03-26T10:13:27+00:00"
"56b375f7-062b-460d-9b27-45f0bab0b089",Gemeente,Gemeente,,Bergen NH,https://www.bergen-nh.nl,test.vng.swc+Hel@gmail.com,+31 23 4567890,"0373",,Actief,Gemeenten,Gemeente,"56b375f7-062b-460d-9b27-45f0bab0b089","2014-03-26T10:13:27+00:00"
"33673cd7-cba4-4ef3-9677-c64eb21d0c13",Gemeente,Gemeente,,Bergen op Zoom,https://www.bergenopzoom.nl,test.vng.swc+A@gmail.com,+31 23 4567890,"0748",,Actief,Gemeenten,Gemeente,"33673cd7-cba4-4ef3-9677-c64eb21d0c13","2014-03-26T10:13:27+00:00"
"24e2f780-e346-434e-b687-6502f63971d5",Gemeente,Gemeente,,Berkelland,https://www.gemeenteberkelland.nl,test.vng.swc+P@gmail.com,+31 23 4567890,"1859",,Actief,Gemeenten,Gemeente,"24e2f780-e346-434e-b687-6502f63971d5","2014-03-26T10:13:27+00:00"
"2dc07139-15f7-4efa-82be-701ff40773fd",Gemeente,Gemeente,,Bernheze,https://www.bernheze.org,test.vng.swc+T@gmail.com,+31 23 4567890,"1721",,Actief,Gemeenten,Gemeente,"2dc07139-15f7-4efa-82be-701ff40773fd","2014-03-26T10:13:27+00:00"
"719fb103-bf04-4f83-ae99-f72cc1b514c2",Gemeente,Gemeente,,Best,https://www.gemeentebest.nl,test.vng.swc+F@gmail.com,+31 23 4567890,"0753",,Actief,Gemeenten,Gemeente,"719fb103-bf04-4f83-ae99-f72cc1b514c2","2014-03-26T10:13:27+00:00"
"79a0ea30-b70c-47e3-8f03-8e15a8599243",Gemeente,Gemeente,,Beuningen,https://www.beuningen.nl,test.vng.swc+P@gmail.com,+31 23 4567890,"0209",,Actief,Gemeenten,Gemeente,"79a0ea30-b70c-47e3-8f03-8e15a8599243","2014-03-26T10:13:27+00:00"
f63a28ee-64e0-48bc-951f-e25617bed1f6,Gemeente,Gemeente,,Beverwijk,https://www.beverwijk.nl,test.vng.swc+P@gmail.com,+31 23 4567890,"0375",,Actief,Gemeenten,Gemeente,f63a28ee-64e0-48bc-951f-e25617bed1f6,"2014-03-26T10:13:27+00:00"
fed3aecb-33e0-4187-afbc-f402b1029620,Gemeente,Gemeente,,Bladel,https://www.bladel.nl,test.vng.swc+V@gmail.com,,"1728",,Actief,Gemeenten,Gemeente,fed3aecb-33e0-4187-afbc-f402b1029620,"2014-03-26T10:13:27+00:00"
"96b6210e-4236-47c5-be2c-46f825b0276f",Gemeente,Gemeente,,Blaricum,,test.vng.swc+Ruu@gmail.com,,"0376",,Actief,Gemeenten,Gemeente,"96b6210e-4236-47c5-be2c-46f825b0276f","2014-03-26T10:13:27+00:00"
f85a6bf9-4478-481b-a1b6-d7a5ea1fa647,Gemeente,Gemeente,,Bloemendaal,https://www.bloemendaal.nl,test.vng.swc+B@gmail.com,,"0377",,Actief,Gemeenten,Gemeente,f85a6bf9-4478-481b-a1b6-d7a5ea1fa647,"2014-03-26T10:13:27+00:00"
"311c99f5-18d7-478b-b615-faf55530142a",Gemeente,Gemeente,,Bodegraven-Reeuwijk,https://www.bodegraven-reeuwijk.nl,test.vng.swc+Pla@gmail.com,,"1901",,Actief,Gemeenten,Gemeente,"311c99f5-18d7-478b-b615-faf55530142a","2014-03-26T10:13:27+00:00"
"7d0697a4-c69c-4e05-ba08-5a2516c21363",Gemeente,Gemeente,,Boekel,https://www.boekel.nl,test.vng.swc+San@gmail.com,+31 23 4567890,"0755",,Actief,Gemeenten,Gemeente,"7d0697a4-c69c-4e05-ba08-5a2516c21363","2014-03-26T10:13:27+00:00"
dee5ddab-5c04-40f4-909d-8272a4a2cc3d,Gemeente,Gemeente,,Borger-Odoorn,https://www.borger-odoorn.nl,test.vng.swc+W@gmail.com,+31 23 4567890,"1681",,Actief,Gemeenten,Gemeente,dee5ddab-5c04-40f4-909d-8272a4a2cc3d,"2014-03-26T10:13:27+00:00"
"117bd10c-546a-44e6-8071-7582a5f303a7",Gemeente,Gemeente,,Borne,https://www.borne.nl,test.vng.swc+Hj@gmail.com,+31 23 4567890,"0147",,Actief,Gemeenten,Gemeente,"117bd10c-546a-44e6-8071-7582a5f303a7","2014-03-26T10:13:27+00:00"
"1e66cc98-1d66-4955-97a1-343571383c76",Gemeente,Gemeente,,Borsele,https://www.borsele.nl,,,"0654",,Actief,Gemeenten,Gemeente,"1e66cc98-1d66-4955-97a1-343571383c76","2014-03-26T10:13:27+00:00"
f643a8ce-525d-463e-992a-a0d7d612d9d9,Gemeente,Gemeente,,Boxtel,https://www.boxtel.nl,test.vng.swc+T@gmail.com,+31 23 4567890,"0757",,Actief,Gemeenten,Gemeente,f643a8ce-525d-463e-992a-a0d7d612d9d9,"2014-03-26T10:13:27+00:00"
b71a4bb9-89ab-41e2-9d25-8f8c6754afc9,Gemeente,Gemeente,,Breda,https://www.breda.nl,test.vng.swc+K@gmail.com,+31 23 4567890,"0758",,Actief,Gemeenten,Gemeente,b71a4bb9-89ab-41e2-9d25-8f8c6754afc9,"2014-03-26T10:13:27+00:00"
"41301287-5c86-467d-8afb-7947df0e0b5d",Gemeente,Gemeente,,Bronckhorst,https://www.bronckhorst.nl,test.vng.swc+R@gmail.com,+31 23 4567890,"1876",,Actief,Gemeenten,Gemeente,"41301287-5c86-467d-8afb-7947df0e0b5d","2014-03-26T10:13:27+00:00"
"83034cc8-5c69-42a8-b734-e1428c9dc510",Gemeente,Gemeente,,Brummen,https://www.brummen.nl,test.vng.swc+M@gmail.com,+31 23 4567890,"0213",,Actief,Gemeenten,Gemeente,"83034cc8-5c69-42a8-b734-e1428c9dc510","2014-03-26T10:13:27+00:00"
d3bd1fce-d247-4a9c-93a0-a52c9a89e282,Gemeente,Gemeente,,Brunssum,https://www.brunssum.nl,test.vng.swc+Ben@gmail.com,+31 23 4567890,"0899",,Actief,Gemeenten,Gemeente,d3bd1fce-d247-4a9c-93a0-a52c9a89e282,"2014-03-26T10:13:27+00:00"
afef434c-6ba1-4f92-9cd9-4a59374a7669,Gemeente,Gemeente,,Bunnik,https://www.bunnik.nl,test.vng.swc+M@gmail.com,+31 23 4567890,"0312",,Actief,Gemeenten,Gemeente,afef434c-6ba1-4f92-9cd9-4a59374a7669,"2014-03-26T10:13:27+00:00"
d3bff000-b308-463e-a6cb-bedbec0687c0,Gemeente,Gemeente,,Bunschoten,https://www.bunschoten.nl,test.vng.swc+H@gmail.com,+31 23 4567890,"0313",,Actief,Gemeenten,Gemeente,d3bff000-b308-463e-a6cb-bedbec0687c0,"2014-03-26T10:13:27+00:00"
d7bc0706-2dc7-41b6-9f28-95fe62d20e93,Gemeente,Gemeente,,Buren,https://www.buren.nl,test.vng.swc+Hpe@gmail.com,+31 23 4567890,"0214",,Actief,Gemeenten,Gemeente,d7bc0706-2dc7-41b6-9f28-95fe62d20e93,"2014-03-26T10:13:27+00:00"
"67fb30e3-af7c-45dc-8791-9ba3b03aa704",Gemeente,Gemeente,,Capelle aan den IJssel,,test.vng.swc+H@gmail.com,,"0502",,Actief,Gemeenten,Gemeente,"67fb30e3-af7c-45dc-8791-9ba3b03aa704","2014-03-26T10:13:27+00:00"
b348f59f-9ae3-4e1d-9191-1a98cd15c6cf,Gemeente,Gemeente,,Castricum,https://www.castricum.nl,,,"0383",,Actief,Gemeenten,Gemeente,b348f59f-9ae3-4e1d-9191-1a98cd15c6cf,"2014-03-26T10:13:27+00:00"
"195b04a5-bf8e-4407-9995-dbef720921db",Gemeente,Gemeente,,Coevorden,https://www.coevorden.nl,test.vng.swc+H@gmail.com,+31 23 4567890,"0109",,Actief,Gemeenten,Gemeente,"195b04a5-bf8e-4407-9995-dbef720921db","2014-03-26T10:13:27+00:00"
e28206df-6a65-4d90-8c72-5c7e2ccbf0ed,Gemeente,Gemeente,,Cranendonck,https://www.cranendonck.nl,test.vng.swc+Mas@gmail.com,+31 23 4567890,"1706",,Actief,Gemeenten,Gemeente,e28206df-6a65-4d90-8c72-5c7e2ccbf0ed,"2014-03-26T10:13:27+00:00"
"8687f2d2-dedb-4a65-b90f-c6f3963e7487",Gemeente,Gemeente,,Culemborg,https://www.culemborg.nl,test.vng.swc+K@gmail.com,,"0216",,Actief,Gemeenten,Gemeente,"8687f2d2-dedb-4a65-b90f-c6f3963e7487","2014-03-26T10:13:27+00:00"
e4c6918c-6930-4fec-b814-be0164f26816,Gemeente,Gemeente,,Dalfsen,https://www.dalfsen.nl,test.vng.swc+M@gmail.com,+31 23 4567890,"0148",,Actief,Gemeenten,Gemeente,e4c6918c-6930-4fec-b814-be0164f26816,"2014-03-26T10:13:27+00:00"
"81e0fc01-74f8-4439-b2e5-ee7c957e32ae",Gemeente,Gemeente,,Dantumadiel,https://www.dantumadiel.frl,test.vng.swc+L@gmail.com,+31 23 4567890,"1891",,Actief,Gemeenten,Gemeente,"81e0fc01-74f8-4439-b2e5-ee7c957e32ae","2014-03-26T10:13:27+00:00"
"8d3cd712-dfde-40d9-afcd-d4a841eec50b",Gemeente,Gemeente,,De Bilt,https://www.debilt.nl,test.vng.swc+W@gmail.com,+31 23 4567890,"0310",,Actief,Gemeenten,Gemeente,"8d3cd712-dfde-40d9-afcd-d4a841eec50b","2014-03-26T10:13:27+00:00"
"97a3b6fb-90f7-45cf-ae37-003febf346ef",Gemeente,Gemeente,,De Fryske Marren,https://www.defryskemarren.nl,test.vng.swc+Rob@gmail.com,+31 23 4567890,"1940",,Actief,Gemeenten,Gemeente,"97a3b6fb-90f7-45cf-ae37-003febf346ef","2014-03-26T10:13:27+00:00"
"4eea92fd-7757-46dd-bb2a-7c83a81558bd",Gemeente,Gemeente,,De Ronde Venen,https://www.derondevenen.nl,test.vng.swc+E@gmail.com,+31 23 4567890,"0736",,Actief,Gemeenten,Gemeente,"4eea92fd-7757-46dd-bb2a-7c83a81558bd","2014-03-26T10:13:27+00:00"
"1cd39972-3139-4028-a3eb-ba89613ad699",Gemeente,Gemeente,,De Wolden,,,,"1690",,Actief,Gemeenten,Gemeente,"1cd39972-3139-4028-a3eb-ba89613ad699","2014-03-26T10:13:27+00:00"
e033b25b-3b17-4b55-a1f8-2c40a3ece8a7,Gemeente,Gemeente,,Delft,https://www.delft.nl,test.vng.swc+Eco@gmail.com,+31 23 4567890,"0503",,Actief,Gemeenten,Gemeente,e033b25b-3b17-4b55-a1f8-2c40a3ece8a7,"2014-03-26T10:13:27+00:00"
"9de9d53d-8f18-4ecf-a5d6-3b3ca07e312a",Gemeente,Gemeente,,Den Helder,https://www.denhelder.nl,test.vng.swc+M@gmail.com,+31 23 4567890,"0400",,Actief,Gemeenten,Gemeente,"9de9d53d-8f18-4ecf-a5d6-3b3ca07e312a","2014-03-26T10:13:27+00:00"
"269a3750-61f1-41f0-b03b-e53ab7eb6315",Gemeente,Gemeente,,Deurne,https://www.deurne.nl,test.vng.swc+J@gmail.com,+31 23 4567890,"0762",,Actief,Gemeenten,Gemeente,"269a3750-61f1-41f0-b03b-e53ab7eb6315","2014-03-26T10:13:27+00:00"
"49f17690-c60f-4d1e-844c-4e84d473e39a",Gemeente,Gemeente,,Deventer,,test.vng.swc+Har@gmail.com,+31 23 4567890,"0150",,Actief,Gemeenten,Gemeente,"49f17690-c60f-4d1e-844c-4e84d473e39a","2014-03-26T10:13:27+00:00"
"35537ae8-70b1-4ea8-ae6a-dd9a31e1b3b8",Gemeente,Gemeente,,Diemen,https://www.diemen.nl,,,"0384",,Actief,Gemeenten,Gemeente,"35537ae8-70b1-4ea8-ae6a-dd9a31e1b3b8","2014-03-26T10:13:27+00:00"
"41d71569-c52d-4b3b-bd4c-2dd3bdfcc5c3",Gemeente,Gemeente,,Dijk en Waard,https://www.dijkenwaard.nl,test.vng.swc+R@gmail.com,+31 23 4567890,"1980",,Actief,Gemeenten,Gemeente,"41d71569-c52d-4b3b-bd4c-2dd3bdfcc5c3","2014-03-26T10:13:27+00:00"
"2d073496-5139-4c3a-9c56-c7e4ced8e2ba",Gemeente,Gemeente,,Dinkelland,,test.vng.swc+A@gmail.com,,"1774",,Actief,Gemeenten,Gemeente,"2d073496-5139-4c3a-9c56-c7e4ced8e2ba","2014-03-26T10:13:27+00:00"
"1e5f65a2-1b5d-4124-920b-66b1399d35e4",Gemeente,Gemeente,,Doesburg,https://www.doesburg.nl,test.vng.swc+And@gmail.com,+31 23 4567890,"0221",,Actief,Gemeenten,Gemeente,"1e5f65a2-1b5d-4124-920b-66b1399d35e4","2014-03-26T10:13:27+00:00"
"594c14ea-d309-4e9d-aadc-4bdac7d2584d",Gemeente,Gemeente,,Doetinchem,https://www.doetinchem.nl,test.vng.swc+S@gmail.com,,"0222",,Actief,Gemeenten,Gemeente,"594c14ea-d309-4e9d-aadc-4bdac7d2584d","2014-03-26T10:13:27+00:00"
"26f29531-8849-490d-a7d7-2836e6fd4da3",Gemeente,Gemeente,,Dongen,https://www.dongen.nl,test.vng.swc+Vee@gmail.com,+31 23 4567890,"0766",,Actief,Gemeenten,Gemeente,"26f29531-8849-490d-a7d7-2836e6fd4da3","2014-03-26T10:13:27+00:00"
"27e8436c-c067-4c8f-96c9-34b055b7e795",Gemeente,Gemeente,,Dordrecht,,test.vng.swc+Mlc@gmail.com,+31 23 4567890,"0505",,Actief,Gemeenten,Gemeente,"27e8436c-c067-4c8f-96c9-34b055b7e795","2014-03-26T10:13:27+00:00"
"1a2842d8-711b-4fd9-a225-5149cca9e58d",Gemeente,Gemeente,,Drechterland,,test.vng.swc+Pau@gmail.com,,"0498",,Actief,Gemeenten,Gemeente,"1a2842d8-711b-4fd9-a225-5149cca9e58d","2014-03-26T10:13:27+00:00"
"6257908f-f29b-4b3b-9501-b1ffb71d025a",Gemeente,Gemeente,,Drimmelen,https://www.drimmelen.nl,test.vng.swc+Ade@gmail.com,+31 23 4567890,"1719",,Actief,Gemeenten,Gemeente,"6257908f-f29b-4b3b-9501-b1ffb71d025a","2014-03-26T10:13:27+00:00"
"8908e84f-8ac2-41be-8cd8-95adbacf48df",Gemeente,Gemeente,,Dronten,https://www.dronten.nl,test.vng.swc+M@gmail.com,+31 23 4567890,"0303",,Actief,Gemeenten,Gemeente,"8908e84f-8ac2-41be-8cd8-95adbacf48df","2014-03-26T10:13:27+00:00"
f7315496-8c82-49f8-9c1e-f2663261f274,Gemeente,Gemeente,,Druten,https://druten.nl,test.vng.swc+Awa@gmail.com,+31 23 4567890,"0225",,Actief,Gemeenten,Gemeente,f7315496-8c82-49f8-9c1e-f2663261f274,"2014-03-26T10:13:27+00:00"
"0830b6df-4965-4306-97f4-5d0e15b165a0",Gemeente,Gemeente,,Duiven,https://www.riddeliemers.nl,test.vng.swc+B@gmail.com,+31 23 4567890,"0226",,Actief,Gemeenten,Gemeente,"0830b6df-4965-4306-97f4-5d0e15b165a0","2014-03-26T10:13:27+00:00"
"8e2be4d7-6f71-4138-9725-350ca5f5370d",Gemeente,Gemeente,,Echt-Susteren,https://www.echt-susteren.nl,test.vng.swc+M@gmail.com,+31 23 4567890,"1711",,Actief,Gemeenten,Gemeente,"8e2be4d7-6f71-4138-9725-350ca5f5370d","2014-03-26T10:13:27+00:00"
daa59355-5ba2-47d7-89e1-637c53838f70,Gemeente,Gemeente,,Edam-Volendam,https://www.edam-volendam.nl,test.vng.swc+N@gmail.com,+31 23 4567890,"0385",,Actief,Gemeenten,Gemeente,daa59355-5ba2-47d7-89e1-637c53838f70,"2014-03-26T10:13:27+00:00"
"8e0e04d8-8574-4a5e-9505-49dfbde3ad3a",Gemeente,Gemeente,,Ede,https://www.ede.nl,test.vng.swc+Eri@gmail.com,+31 23 4567890,"0228",,Actief,Gemeenten,Gemeente,"8e0e04d8-8574-4a5e-9505-49dfbde3ad3a","2014-03-26T10:13:27+00:00"
"769b4359-b891-4198-b924-86e1bb7f6cdd",Gemeente,Gemeente,,Eemnes,,test.vng.swc+Ruu@gmail.com,,"0317",,Actief,Gemeenten,Gemeente,"769b4359-b891-4198-b924-86e1bb7f6cdd","2014-03-26T10:13:27+00:00"
a052957f-2cd0-4a80-87ca-00a54ebe85fc,Gemeente,Gemeente,,Eemsdelta,https://www.eemsdelta.nl,test.vng.swc+Inf@gmail.com,+31 23 4567890,"1979",,Actief,Gemeenten,Gemeente,a052957f-2cd0-4a80-87ca-00a54ebe85fc,"2021-01-05T14:52:58+00:00"
cc4f25f3-b3cf-4f42-8923-07b77a12bb8f,Gemeente,Gemeente,,Eersel,https://eersel.nl,test.vng.swc+K@gmail.com,,"0770",,Actief,Gemeenten,Gemeente,cc4f25f3-b3cf-4f42-8923-07b77a12bb8f,"2014-03-26T10:13:27+00:00"
"6a706348-e2e7-41fe-b9b6-24ccf4c37cc1",Gemeente,Gemeente,,Eijsden-Margraten,https://www.eijsden-margraten.nl,test.vng.swc+Jim@gmail.com,+31 23 4567890,"1903",,Actief,Gemeenten,Gemeente,"6a706348-e2e7-41fe-b9b6-24ccf4c37cc1","2014-03-26T10:13:27+00:00"
"0889ef9c-e5b4-4ef1-a92a-bb31f8562073",Gemeente,Gemeente,,Eindhoven,https://eindhoven.nl,test.vng.swc+L@gmail.com,+31 23 4567890,"0772",,Actief,Gemeenten,Gemeente,"0889ef9c-e5b4-4ef1-a92a-bb31f8562073","2014-03-26T10:13:27+00:00"
"177e9e85-87e5-4a3c-bad4-b78b2f6c3887",Gemeente,Gemeente,,Elburg,https://www.elburg.nl,test.vng.swc+Vla@gmail.com,+31 23 4567890,"0230",,Actief,Gemeenten,Gemeente,"177e9e85-87e5-4a3c-bad4-b78b2f6c3887","2014-03-26T10:13:27+00:00"
"4d385e00-86bb-423e-86dc-1ec0629b5200",Gemeente,Gemeente,,Emmen,https://www.emmen.nl,test.vng.swc+P@gmail.com,+31 23 4567890,"0114",,Actief,Gemeenten,Gemeente,"4d385e00-86bb-423e-86dc-1ec0629b5200","2014-03-26T10:13:27+00:00"
eed6179b-91b2-4375-97fc-9bcf46bfdaa2,Gemeente,Gemeente,,Enkhuizen,,test.vng.swc+Pau@gmail.com,,"0388",,Actief,Gemeenten,Gemeente,eed6179b-91b2-4375-97fc-9bcf46bfdaa2,"2014-03-26T10:13:27+00:00"
dea35f50-183b-4d08-9d7b-96a8623def46,Gemeente,Gemeente,,Enschede,https://www.enschede.nl,test.vng.swc+D@gmail.com,+31 23 4567890,"0153",,Actief,Gemeenten,Gemeente,dea35f50-183b-4d08-9d7b-96a8623def46,"2014-03-26T10:13:27+00:00"
e604cac6-2ba6-4c23-9197-85a4df340e6c,Gemeente,Gemeente,,Epe,https://www.epe.nl,test.vng.swc+Jan@gmail.com,+31 23 4567890,"0232",,Actief,Gemeenten,Gemeente,e604cac6-2ba6-4c23-9197-85a4df340e6c,"2014-03-26T10:13:27+00:00"
cdf95eee-39af-4847-a06f-5b46768d1887,Gemeente,Gemeente,,Ermelo,https://www.ermelo.nl,,,"0233",,Actief,Gemeenten,Gemeente,cdf95eee-39af-4847-a06f-5b46768d1887,"2014-03-26T10:13:27+00:00"
"1fbdf5f9-d227-443f-a455-b4893d6f96db",Gemeente,Gemeente,,Etten-Leur,https://www.etten-leur.nl,test.vng.swc+Koe@gmail.com,+31 23 4567890,"0777",,Actief,Gemeenten,Gemeente,"1fbdf5f9-d227-443f-a455-b4893d6f96db","2014-03-26T10:13:27+00:00"
cd3ad582-40da-4de1-a230-fcfd33fef75e,Gemeente,Gemeente,,Geertruidenberg,https://www.geertruidenberg.nl,test.vng.swc+R@gmail.com,+31 23 4567890,"0779",,Actief,Gemeenten,Gemeente,cd3ad582-40da-4de1-a230-fcfd33fef75e,"2014-03-26T10:13:27+00:00"
"0709754b-8c2a-448b-97d9-8a1769e6005e",Gemeente,Gemeente,,Geldrop-Mierlo,,test.vng.swc+H@gmail.com,,"1771",,Actief,Gemeenten,Gemeente,"0709754b-8c2a-448b-97d9-8a1769e6005e","2014-03-26T10:13:27+00:00"
"38b6a38e-991a-4940-b499-e362b38d2feb",Gemeente,Gemeente,,Gemert-Bakel,https://www.gemert-bakel.nl,test.vng.swc+Wen@gmail.com,+31 23 4567890,"1652",,Actief,Gemeenten,Gemeente,"38b6a38e-991a-4940-b499-e362b38d2feb","2014-03-26T10:13:27+00:00"
bd186c79-d0c4-4dea-b4fc-cc95949fcfb5,Gemeente,Gemeente,,Gennep,https://www.gennep.nl,test.vng.swc+R@gmail.com,+31 23 4567890,"0907",,Actief,Gemeenten,Gemeente,bd186c79-d0c4-4dea-b4fc-cc95949fcfb5,"2014-03-26T10:13:27+00:00"
a72de2d1-9a5a-462f-92e4-a79986d89109,Gemeente,Gemeente,,Gilze en Rijen,https://www.gilzerijen.nl,test.vng.swc+Maa@gmail.com,+31 23 4567890,"0784",,Actief,Gemeenten,Gemeente,a72de2d1-9a5a-462f-92e4-a79986d89109,"2014-03-26T10:13:27+00:00"
"1ffc9bf5-b2ba-463c-80de-8d1430a3ac83",Gemeente,Gemeente,,Goeree-Overflakkee,https://www.goeree-overflakkee.nl,test.vng.swc+J@gmail.com,+31 23 4567890,"1924",,Actief,Gemeenten,Gemeente,"1ffc9bf5-b2ba-463c-80de-8d1430a3ac83","2014-03-26T10:13:27+00:00"
c345d2bc-98b4-4fa9-8aa3-21ba885375a0,Gemeente,Gemeente,,Goes,https://www.goes.nl,test.vng.swc+J@gmail.com,+31 23 4567890,"0664",,Actief,Gemeenten,Gemeente,c345d2bc-98b4-4fa9-8aa3-21ba885375a0,"2014-03-26T10:13:27+00:00"
"8931f517-6573-45cd-bb1d-c182151a069f",Gemeente,Gemeente,,Goirle,https://www.goirle.nl,,+31 23 4567890,"0785",,Actief,Gemeenten,Gemeente,"8931f517-6573-45cd-bb1d-c182151a069f","2014-03-26T10:13:27+00:00"
"0844b9eb-2d66-445c-a183-1095d7fa0bf7",Gemeente,Gemeente,,Gooise Meren,https://www.gooisemeren.nl,test.vng.swc+E@gmail.com,+31 23 4567890,"1942",,Actief,Gemeenten,Gemeente,"0844b9eb-2d66-445c-a183-1095d7fa0bf7","2016-01-11T10:39:08+00:00"
"0fe772ed-ba30-40cf-8f5d-922a3038a068",Gemeente,Gemeente,,Gorinchem,https://www.gorinchem.nl,,+31 23 4567890,"0512",,Actief,Gemeenten,Gemeente,"0fe772ed-ba30-40cf-8f5d-922a3038a068","2014-03-26T10:13:27+00:00"
"2af271e0-a05b-460d-88c9-24c06b6eabe5",Gemeente,Gemeente,,Gouda,https://www.gouda.nl,test.vng.swc+Sja@gmail.com,+31 23 4567890,"0513",,Actief,Gemeenten,Gemeente,"2af271e0-a05b-460d-88c9-24c06b6eabe5","2014-03-26T10:13:27+00:00"
"4bfb4c05-0c9d-4138-b0d2-90a09374caf4",Gemeente,Gemeente,,Groningen,https://www.groningen.nl,test.vng.swc+Jan@gmail.com,+31 23 4567890,"0014",,Actief,Gemeenten,Gemeente,"4bfb4c05-0c9d-4138-b0d2-90a09374caf4","2014-03-26T10:13:27+00:00"
"5cb338f0-2fd5-4da2-8d33-54b2065a663a",Gemeente,Gemeente,,Gulpen-Wittem,https://www.gulpen-wittem.nl,test.vng.swc+Han@gmail.com,+31 23 4567890,"1729",,Actief,Gemeenten,Gemeente,"5cb338f0-2fd5-4da2-8d33-54b2065a663a","2014-03-26T10:13:27+00:00"
"62a3ee34-6292-4c81-9da5-61790d8f5240",Gemeente,Gemeente,,Haaksbergen,https://www.haaksbergen.nl,test.vng.swc+Gja@gmail.com,+31 23 4567890,"0158",,Actief,Gemeenten,Gemeente,"62a3ee34-6292-4c81-9da5-61790d8f5240","2014-03-26T10:13:27+00:00"
a9cf6f01-0195-4ade-b357-2a5a84048e34,Gemeente,Gemeente,,Haarlem,https://www.haarlem.nl,test.vng.swc+Cor@gmail.com,+31 23 4567890,"0392",,Actief,Gemeenten,Gemeente,a9cf6f01-0195-4ade-b357-2a5a84048e34,"2014-03-26T10:13:27+00:00"
e26d5ab2-fb4d-4034-b704-c1c08bddbe58,Gemeente,Gemeente,,Haarlemmermeer,https://www.haarlemmermeer.nl,test.vng.swc+Jan@gmail.com,+31 23 4567890,"0394",,Actief,Gemeenten,Gemeente,e26d5ab2-fb4d-4034-b704-c1c08bddbe58,"2014-03-26T10:13:27+00:00"
"4e4992f8-6ef0-452b-9d71-fcad5de41c65",Gemeente,Gemeente,,Halderberge,https://www.halderberge.nl,test.vng.swc+F@gmail.com,+31 23 4567890,"1655",,Actief,Gemeenten,Gemeente,"4e4992f8-6ef0-452b-9d71-fcad5de41c65","2014-03-26T10:13:27+00:00"
b0afbe6f-3c36-411c-b290-ca02d4568705,Gemeente,Gemeente,,Hardenberg,https://www.hardenberg.nl,test.vng.swc+Lam@gmail.com,+31 23 4567890,"0160",,Actief,Gemeenten,Gemeente,b0afbe6f-3c36-411c-b290-ca02d4568705,"2014-03-26T10:13:27+00:00"
"256ec30e-c208-42f7-ba6c-29a63225cf77",Gemeente,Gemeente,,Harderwijk,,test.vng.swc+T@gmail.com,+31 23 4567890,"0243",,Actief,Gemeenten,Gemeente,"256ec30e-c208-42f7-ba6c-29a63225cf77","2014-03-26T10:13:27+00:00"
f7b9534e-80ea-45e9-a06f-ba971866b59b,Gemeente,Gemeente,,Hardinxveld-Giessendam,https://www.gemhg.nl,test.vng.swc+Tan@gmail.com,+31 23 4567890,"0523",,Actief,Gemeenten,Gemeente,f7b9534e-80ea-45e9-a06f-ba971866b59b,"2014-03-26T10:13:27+00:00"
c2839fd8-4678-4fed-87a2-cba551f5b114,Gemeente,Gemeente,,Harlingen,https://www.harlingen.nl,test.vng.swc+J@gmail.com,+31 23 4567890,"0072",,Actief,Gemeenten,Gemeente,c2839fd8-4678-4fed-87a2-cba551f5b114,"2014-03-26T10:13:27+00:00"
a010aebb-95c3-4b8b-b25b-e76b7a128cc3,Gemeente,Gemeente,,Hattem,,test.vng.swc+Rad@gmail.com,+31 23 4567890,"0244",,Actief,Gemeenten,Gemeente,a010aebb-95c3-4b8b-b25b-e76b7a128cc3,"2014-03-26T10:13:27+00:00"
"594d1a96-ef07-4193-9359-26a3301b7ef1",Gemeente,Gemeente,,Heemskerk,https://www.heemskerk.nl,test.vng.swc+Sbe@gmail.com,+31 23 4567890,"0396",,Actief,Gemeenten,Gemeente,"594d1a96-ef07-4193-9359-26a3301b7ef1","2014-03-26T10:13:27+00:00"
"72615a0b-8276-4f0c-ac73-82ee98c80d0b",Gemeente,Gemeente,,Heemstede,https://www.heemstede.nl,test.vng.swc+Wde@gmail.com,+31 23 4567890,"0397",,Actief,Gemeenten,Gemeente,"72615a0b-8276-4f0c-ac73-82ee98c80d0b","2014-03-26T10:13:27+00:00"
"92f8585f-3bfe-4ff3-929a-d751db3b128c",Gemeente,Gemeente,,Heerde,,test.vng.swc+Rad@gmail.com,+31 23 4567890,"0246",,Actief,Gemeenten,Gemeente,"92f8585f-3bfe-4ff3-929a-d751db3b128c","2014-03-26T10:13:27+00:00"
b0eea343-8d48-4144-a80d-2022d60c097f,Gemeente,Gemeente,,Heerenveen,https://www.heerenveen.nl,test.vng.swc+H@gmail.com,+31 23 4567890,"0074",,Actief,Gemeenten,Gemeente,b0eea343-8d48-4144-a80d-2022d60c097f,"2014-03-26T10:13:27+00:00"
"38b23e24-b2c9-410e-83ce-44e66bfba429",Gemeente,Gemeente,,Heerlen,https://www.heerlen.nl,test.vng.swc+J@gmail.com,+31 23 4567890,"0917",,Actief,Gemeenten,Gemeente,"38b23e24-b2c9-410e-83ce-44e66bfba429","2014-03-26T10:13:27+00:00"
d22b9ff2-8b62-4b48-b6ad-7b9e86002cd8,Gemeente,Gemeente,,Heeze-Leende,,test.vng.swc+Han@gmail.com,,"1658",,Actief,Gemeenten,Gemeente,d22b9ff2-8b62-4b48-b6ad-7b9e86002cd8,"2014-03-26T10:13:27+00:00"
af35678a-5dea-4e49-806a-19ca48e2315e,Gemeente,Gemeente,,Heiloo,https://www.heiloo.nl,test.vng.swc+Ron@gmail.com,+31 23 4567890,"0399",,Actief,Gemeenten,Gemeente,af35678a-5dea-4e49-806a-19ca48e2315e,"2014-03-26T10:13:27+00:00"
"61e41392-ac37-40c6-823b-de7f0363871c",Gemeente,Gemeente,,Hellendoorn,https://www.hellendoorn.nl,test.vng.swc+E@gmail.com,+31 23 4567890,"0163",,Actief,Gemeenten,Gemeente,"61e41392-ac37-40c6-823b-de7f0363871c","2014-03-26T10:13:27+00:00"
"60845a9b-6ddd-417f-ad71-e99cf4b0780d",Gemeente,Gemeente,,Helmond,https://www.helmond.nl,test.vng.swc+F@gmail.com,+31 23 4567890,"0794",,Actief,Gemeenten,Gemeente,"60845a9b-6ddd-417f-ad71-e99cf4b0780d","2014-03-26T10:13:27+00:00"
"0ec8116c-766f-436f-9888-1e5bf4f6566c",Gemeente,Gemeente,,Hendrik-Ido-Ambacht,,test.vng.swc+Mlc@gmail.com,+31 23 4567890,"0531",,Actief,Gemeenten,Gemeente,"0ec8116c-766f-436f-9888-1e5bf4f6566c","2014-03-26T10:13:27+00:00"
"018d98dc-0771-41c2-b343-18cd77752803",Gemeente,Gemeente,,Hengelo,,test.vng.swc+A@gmail.com,,"0164",,Actief,Gemeenten,Gemeente,"018d98dc-0771-41c2-b343-18cd77752803","2014-03-26T10:13:27+00:00"
bc343b52-289d-4f5e-b420-f0d0b2abdcbe,Gemeente,Gemeente,,Het Hogeland,https://www.hethogeland.nl,test.vng.swc+E@gmail.com,+31 23 4567890,"1966",,Actief,Gemeenten,Gemeente,bc343b52-289d-4f5e-b420-f0d0b2abdcbe,"2019-02-13T11:15:44+00:00"
"862e3a76-e104-44e2-ae75-45d0170b11aa",Gemeente,Gemeente,,Heumen,https://www.heumen.nl,test.vng.swc+Tko@gmail.com,+31 23 4567890,"0252",,Actief,Gemeenten,Gemeente,"862e3a76-e104-44e2-ae75-45d0170b11aa","2014-03-26T10:13:27+00:00"
"3f730be9-9e9a-42fb-b0d2-a5191d194b44",Gemeente,Gemeente,,Heusden,https://www.heusden.nl,test.vng.swc+Bvd@gmail.com,+31 23 4567890,"0797",,Actief,Gemeenten,Gemeente,"3f730be9-9e9a-42fb-b0d2-a5191d194b44","2014-03-26T10:13:27+00:00"
ebc0c5b3-27f7-4259-9ae1-a6451090aa50,Gemeente,Gemeente,,Hillegom,https://www.hillegom.nl/inwoners.html,test.vng.swc+N@gmail.com,+31 23 4567890,"0534",,Actief,Gemeenten,Gemeente,ebc0c5b3-27f7-4259-9ae1-a6451090aa50,"2014-03-26T10:13:27+00:00"
"90e7b266-4ac8-41fb-bf24-c2b8bb1eb351",Gemeente,Gemeente,,Hilvarenbeek,https://www.hilvarenbeek.nl,,+31 23 4567890,"0798",,Actief,Gemeenten,Gemeente,"90e7b266-4ac8-41fb-bf24-c2b8bb1eb351","2014-03-26T10:13:27+00:00"
"90cb9d65-8a63-4bea-8631-57c9c818c72e",Gemeente,Gemeente,,Hilversum,https://www.hilversum.nl,test.vng.swc+Jh@gmail.com,+31 23 4567890,"0402",,Actief,Gemeenten,Gemeente,"90cb9d65-8a63-4bea-8631-57c9c818c72e","2014-03-26T10:13:27+00:00"
d2f31396-24a2-436d-b921-870491160b4a,Gemeente,Gemeente,,Hoeksche Waard,https://www.gemeentehw.nl,test.vng.swc+Jer@gmail.com,+31 23 4567890,"1963",,Actief,Gemeenten,Gemeente,d2f31396-24a2-436d-b921-870491160b4a,"2019-01-04T17:36:45+00:00"
aa0a2234-9a12-438c-a16a-c90e16fd1328,Gemeente,Gemeente,,Hof van Twente,https://www.hofvantwente.nl,test.vng.swc+Jaa@gmail.com,+31 23 4567890,"1735",,Actief,Gemeenten,Gemeente,aa0a2234-9a12-438c-a16a-c90e16fd1328,"2014-03-26T10:13:27+00:00"
"9f6da3f9-8d9c-4ddb-9185-85d8bbaab091",Gemeente,Gemeente,,Hollands Kroon,https://www.hollandskroon.nl,test.vng.swc+San@gmail.com,,"1911",,Actief,Gemeenten,Gemeente,"9f6da3f9-8d9c-4ddb-9185-85d8bbaab091","2014-03-26T10:13:27+00:00"
abc22c01-d930-47a6-90ef-42118e39938e,Gemeente,Gemeente,,Hoogeveen,https://www.hoogeveen.nl,test.vng.swc+J@gmail.com,+31 23 4567890,"0118",,Actief,Gemeenten,Gemeente,abc22c01-d930-47a6-90ef-42118e39938e,"2014-03-26T10:13:27+00:00"
"8bf752fa-5a8b-4c8b-8394-159092f9006f",Gemeente,Gemeente,,Hoorn,https://www.hoorn.nl,test.vng.swc+Mf@gmail.com,+31 23 4567890,"0405",,Actief,Gemeenten,Gemeente,"8bf752fa-5a8b-4c8b-8394-159092f9006f","2014-03-26T10:13:27+00:00"
"30ce6d55-75a0-4caa-a5cd-5c20281e6809",Gemeente,Gemeente,,Horst aan de Maas,https://www.horstaandemaas.nl,test.vng.swc+Sha@gmail.com,+31 23 4567890,"1507",,Actief,Gemeenten,Gemeente,"30ce6d55-75a0-4caa-a5cd-5c20281e6809","2014-03-26T10:13:27+00:00"
"414864c8-7b9f-466e-af62-fc81751e3e49",Gemeente,Gemeente,,Houten,https://www.houten.nl,test.vng.swc+Ron@gmail.com,+31 23 4567890,"0321",,Actief,Gemeenten,Gemeente,"414864c8-7b9f-466e-af62-fc81751e3e49","2014-03-26T10:13:27+00:00"
"905dbf9e-94a6-4ddd-9778-77e69f3900f1",Gemeente,Gemeente,,Huizen,https://www.huizen.nl,test.vng.swc+S@gmail.com,+31 23 4567890,"0406",,Actief,Gemeenten,Gemeente,"905dbf9e-94a6-4ddd-9778-77e69f3900f1","2014-03-26T10:13:27+00:00"
"9074dcb3-7fa3-4e32-b8df-891f5a54c3b4",Gemeente,Gemeente,,Hulst,https://www.gemeentehulst.nl,test.vng.swc+M@gmail.com,+31 23 4567890,"0677",,Actief,Gemeenten,Gemeente,"9074dcb3-7fa3-4e32-b8df-891f5a54c3b4","2014-03-26T10:13:27+00:00"
da4c5341-98f2-404f-995a-99f11d76643d,Gemeente,Gemeente,,IJsselstein,https://www.ijsselstein.nl,test.vng.swc+C@gmail.com,+31 23 4567890,"0353",,Actief,Gemeenten,Gemeente,da4c5341-98f2-404f-995a-99f11d76643d,"2014-03-26T10:13:27+00:00"
"2c25a9e0-0c1a-4f24-9804-6ee64310bea9",Gemeente,Gemeente,,Kaag en Braassem,https://www.kaagenbraassem.nl,test.vng.swc+Jve@gmail.com,,"1884",,Actief,Gemeenten,Gemeente,"2c25a9e0-0c1a-4f24-9804-6ee64310bea9","2014-03-26T10:13:27+00:00"
"6b60be12-5721-4593-8a8f-a004ed7d8b8f",Gemeente,Gemeente,,Kampen,https://www.kampen.nl,,,"0166",,Actief,Gemeenten,Gemeente,"6b60be12-5721-4593-8a8f-a004ed7d8b8f","2014-03-26T10:13:27+00:00"
"5e6c9fb0-6a38-4065-8a70-6f5e27a856ef",Gemeente,Gemeente,,Kapelle,https://www.kapelle.nl,,,"0678",,Actief,Gemeenten,Gemeente,"5e6c9fb0-6a38-4065-8a70-6f5e27a856ef","2014-03-26T10:13:27+00:00"
f27de83f-f8b2-4c6b-b6c2-980800ad7910,Gemeente,Gemeente,,Katwijk,https://www.katwijk.nl,test.vng.swc+B@gmail.com,+31 23 4567890,"0537",,Actief,Gemeenten,Gemeente,f27de83f-f8b2-4c6b-b6c2-980800ad7910,"2014-03-26T10:13:27+00:00"
"4b8b5369-455f-4904-a85e-f3705dfc5a8b",Gemeente,Gemeente,,Kerkrade,https://www.kerkrade.nl,,,"0928",,Actief,Gemeenten,Gemeente,"4b8b5369-455f-4904-a85e-f3705dfc5a8b","2014-03-26T10:13:27+00:00"
"60f93b86-2a75-4f93-b4ec-9495d52b1f9d",Gemeente,Gemeente,,Koggenland,https://www.koggenland.nl,test.vng.swc+D@gmail.com,+31 23 4567890,"1598",,Actief,Gemeenten,Gemeente,"60f93b86-2a75-4f93-b4ec-9495d52b1f9d","2014-03-26T10:13:27+00:00"
cb363c0a-9e4f-4158-b050-158e764e035f,Gemeente,Gemeente,,Krimpen aan den IJssel,https://www.krimpenaandenijssel.nl,test.vng.swc+H@gmail.com,,"0542",,Actief,Gemeenten,Gemeente,cb363c0a-9e4f-4158-b050-158e764e035f,"2014-03-26T10:13:27+00:00"
"81286a6e-ac05-451f-8f7b-f8b5111bd530",Gemeente,Gemeente,,Krimpenerwaard,https://www.krimpenerwaard.nl,test.vng.swc+G@gmail.com,+31 23 4567890,"1931",,Actief,Gemeenten,Gemeente,"81286a6e-ac05-451f-8f7b-f8b5111bd530","2014-07-15T11:55:46+00:00"
"189e8388-50f5-4416-b7de-ebffaa56b9a4",Gemeente,Gemeente,,Laarbeek,https://www.laarbeek.nl,test.vng.swc+Han@gmail.com,+31 23 4567890,"1659",,Actief,Gemeenten,Gemeente,"189e8388-50f5-4416-b7de-ebffaa56b9a4","2014-03-26T10:13:27+00:00"
"3c8ac90a-26e5-4ee6-aaf9-30bb485a0a73",Gemeente,Gemeente,,Land van Cuijk,https://landvancuijk.nl,test.vng.swc+Cen@gmail.com,+31 23 4567890,"1982",,Actief,Gemeenten,Gemeente,"3c8ac90a-26e5-4ee6-aaf9-30bb485a0a73","2021-10-27T13:29:19+00:00"
"78c5ab73-a49c-432e-9ae1-aab6cf7cc0f7",Gemeente,Gemeente,,Landgraaf,https://www.landgraaf.nl,test.vng.swc+Pat@gmail.com,+31 23 4567890,"0882",,Actief,Gemeenten,Gemeente,"78c5ab73-a49c-432e-9ae1-aab6cf7cc0f7","2014-03-26T10:13:27+00:00"
ee339831-ab89-4d86-8914-85a9cabda275,Gemeente,Gemeente,,Landsmeer,,test.vng.swc+J@gmail.com,+31 23 4567890,"0415",,Actief,Gemeenten,Gemeente,ee339831-ab89-4d86-8914-85a9cabda275,"2014-03-26T10:13:27+00:00"
"8d6548e4-da96-4d52-b866-db16bea7bb1a",Gemeente,Gemeente,,Lansingerland,https://www.lansingerland.nl,,+31 23 4567890,"1621",,Actief,Gemeenten,Gemeente,"8d6548e4-da96-4d52-b866-db16bea7bb1a","2014-03-26T10:13:27+00:00"
ed2cee05-845e-4554-830e-6b34a92ba4a1,Gemeente,Gemeente,,Laren,https://www.laren.nl,test.vng.swc+Ruu@gmail.com,,"0417",,Actief,Gemeenten,Gemeente,ed2cee05-845e-4554-830e-6b34a92ba4a1,"2014-03-26T10:13:27+00:00"
"0e29a030-f0e8-4e82-9d34-43a000861af6",Gemeente,Gemeente,,Leeuwarden,https://www.leeuwarden.nl,test.vng.swc+Sus@gmail.com,+31 23 4567890,"0080",,Actief,Gemeenten,Gemeente,"0e29a030-f0e8-4e82-9d34-43a000861af6","2014-03-26T10:13:27+00:00"
f1115d63-6c06-470e-a030-8ce7cafab64e,Gemeente,Gemeente,,Leiden,https://www.leiden.nl,test.vng.swc+M@gmail.com,+31 23 4567890,"0546",,Actief,Gemeenten,Gemeente,f1115d63-6c06-470e-a030-8ce7cafab64e,"2014-03-26T10:13:27+00:00"
"6bc1e72a-52a4-42ad-a130-a46c745f69e0",Gemeente,Gemeente,,Leiderdorp,https://www.leiderdorp.nl,,,"0547",,Actief,Gemeenten,Gemeente,"6bc1e72a-52a4-42ad-a130-a46c745f69e0","2014-03-26T10:13:27+00:00"
"4474d3df-dc1f-4e4f-bd70-e1e9ba7f5628",Gemeente,Gemeente,,Leidschendam-Voorburg,https://lv.nl,test.vng.swc+Jp@gmail.com,+31 23 4567890,"1916",,Actief,Gemeenten,Gemeente,"4474d3df-dc1f-4e4f-bd70-e1e9ba7f5628","2014-03-26T10:13:27+00:00"
"88d860d6-83ee-4e26-bf9b-225e549ba461",Gemeente,Gemeente,,Lelystad,https://www.lelystad.nl,test.vng.swc+R@gmail.com,+31 23 4567890,"0995",,Actief,Gemeenten,Gemeente,"88d860d6-83ee-4e26-bf9b-225e549ba461","2014-03-26T10:13:27+00:00"
"3b9bb816-ade8-44ba-98a1-611e05ebb84b",Gemeente,Gemeente,,Leudal,https://www.leudal.nl,test.vng.swc+R@gmail.com,+31 23 4567890,"1640",,Actief,Gemeenten,Gemeente,"3b9bb816-ade8-44ba-98a1-611e05ebb84b","2014-03-26T10:13:27+00:00"
"6d035517-e748-4d99-84e5-e379ecffc44d",Gemeente,Gemeente,,Leusden,https://www.leusden.nl,test.vng.swc+E@gmail.com,+31 23 4567890,"0327",,Actief,Gemeenten,Gemeente,"6d035517-e748-4d99-84e5-e379ecffc44d","2014-03-26T10:13:27+00:00"
"9fa07799-c3c5-47de-b1f9-f5b36964c3af",Gemeente,Gemeente,,Lingewaard,https://www.lingewaard.nl,test.vng.swc+A@gmail.com,+31 23 4567890,"1705",,Actief,Gemeenten,Gemeente,"9fa07799-c3c5-47de-b1f9-f5b36964c3af","2014-03-26T10:13:27+00:00"
"8cd04cab-46ce-4a04-b082-5a406be405ec",Gemeente,Gemeente,,Lisse,https://www.lisse.nl,test.vng.swc+N@gmail.com,,"0553",,Actief,Gemeenten,Gemeente,"8cd04cab-46ce-4a04-b082-5a406be405ec","2014-03-26T10:13:27+00:00"
ddf0e7af-285a-4853-ad18-dce8f58c7d5f,Gemeente,Gemeente,,Lochem,https://www.lochem.nl,test.vng.swc+A@gmail.com,+31 23 4567890,"0262",,Actief,Gemeenten,Gemeente,ddf0e7af-285a-4853-ad18-dce8f58c7d5f,"2014-03-26T10:13:27+00:00"
e4bb14f8-af29-4958-a9b0-befbe65bcee4,Gemeente,Gemeente,,Loon op Zand,https://www.loonopzand.nl,,+31 23 4567890,"0809",,Actief,Gemeenten,Gemeente,e4bb14f8-af29-4958-a9b0-befbe65bcee4,"2014-03-26T10:13:27+00:00"
"22633027-4e8d-40c6-ae79-e15405728f19",Gemeente,Gemeente,,Lopik,https://www.lopik.nl,test.vng.swc+Hel@gmail.com,,"0331",,Actief,Gemeenten,Gemeente,"22633027-4e8d-40c6-ae79-e15405728f19","2014-03-26T10:13:27+00:00"
d61f60cf-d3de-458c-86e6-0e2d27b3757e,Gemeente,Gemeente,,Losser,https://www.losser.nl,test.vng.swc+R@gmail.com,+31 23 4567890,"0168",,Actief,Gemeenten,Gemeente,d61f60cf-d3de-458c-86e6-0e2d27b3757e,"2014-03-26T10:13:27+00:00"
"32c53733-eb4b-49f7-9451-7ad09cade085",Gemeente,Gemeente,,Maasdriel,https://www.maasdriel.nl,test.vng.swc+Lbl@gmail.com,+31 23 4567890,"0263",,Actief,Gemeenten,Gemeente,"32c53733-eb4b-49f7-9451-7ad09cade085","2014-03-26T10:13:27+00:00"
"22fc6f37-e8cd-45f7-9441-095acbfe7f7c",Gemeente,Gemeente,,Maasgouw,https://www.gemeentemaasgouw.nl,test.vng.swc+Den@gmail.com,+31 23 4567890,"1641",,Actief,Gemeenten,Gemeente,"22fc6f37-e8cd-45f7-9441-095acbfe7f7c","2014-03-26T10:13:27+00:00"
c9ff5da7-1b40-4991-aff2-0159ce47ceaa,Gemeente,Gemeente,,Maashorst,https://www.gemeentemaashorst.nl,test.vng.swc+Pau@gmail.com,+31 23 4567890,"1991",,Actief,Gemeenten,Gemeente,c9ff5da7-1b40-4991-aff2-0159ce47ceaa,"2022-02-15T15:50:57+00:00"
"91a2ab0f-25aa-43bd-b4e6-c8ef360fa0f2",Gemeente,Gemeente,,Maassluis,https://www.maassluis.nl,test.vng.swc+S@gmail.com,+31 23 4567890,"0556",,Actief,Gemeenten,Gemeente,"91a2ab0f-25aa-43bd-b4e6-c8ef360fa0f2","2014-03-26T10:13:27+00:00"
"39a6abee-c408-422c-b3e2-71ed1fd94f90",Gemeente,Gemeente,,Maastricht,https://www.gemeentemaastricht.nl,test.vng.swc+Alb@gmail.com,+31 23 4567890,"0935",,Actief,Gemeenten,Gemeente,"39a6abee-c408-422c-b3e2-71ed1fd94f90","2014-03-26T10:13:27+00:00"
"5100bcc3-f38a-445c-8dd8-b8f54b2d5031",Gemeente,Gemeente,,Medemblik,https://www.medemblik.nl,test.vng.swc+Eri@gmail.com,+31 23 4567890,"0420",,Actief,Gemeenten,Gemeente,"5100bcc3-f38a-445c-8dd8-b8f54b2d5031","2014-03-26T10:13:27+00:00"
e95f469a-2d54-446e-a9dc-8ebeb1a21ca4,Gemeente,Gemeente,,Meerssen,https://www.meerssen.nl,test.vng.swc+Hen@gmail.com,+31 23 4567890,"0938",,Actief,Gemeenten,Gemeente,e95f469a-2d54-446e-a9dc-8ebeb1a21ca4,"2014-03-26T10:13:27+00:00"
"8adeb567-defe-4dd0-8887-f1c01889308c",Gemeente,Gemeente,,Meierijstad,https://www.meierijstad.nl,test.vng.swc+Kva@gmail.com,+31 23 4567890,"1948",,Actief,Gemeenten,Gemeente,"8adeb567-defe-4dd0-8887-f1c01889308c","2017-01-02T15:55:43+00:00"
"3a6aa04a-11ff-4ee5-9424-d65c8eb0b6bd",Gemeente,Gemeente,,Meppel,https://www.meppel.nl,test.vng.swc+A@gmail.com,+31 23 4567890,"0119",,Actief,Gemeenten,Gemeente,"3a6aa04a-11ff-4ee5-9424-d65c8eb0b6bd","2014-03-26T10:13:27+00:00"
ac1473da-4533-4642-82b9-98c2219caccc,Gemeente,Gemeente,,Middelburg,https://www.middelburg.nl,test.vng.swc+H@gmail.com,+31 23 4567890,"0687",,Actief,Gemeenten,Gemeente,ac1473da-4533-4642-82b9-98c2219caccc,"2014-03-26T10:13:27+00:00"
"93921d69-ac8e-4c11-b3a2-51efb704d969",Gemeente,Gemeente,,Midden-Delfland,https://www.middendelfland.nl,test.vng.swc+Mst@gmail.com,+31 23 4567890,"1842",,Actief,Gemeenten,Gemeente,"93921d69-ac8e-4c11-b3a2-51efb704d969","2014-03-26T10:13:27+00:00"
"995d4960-65ad-45fa-87d2-c2dd93af0a8a",Gemeente,Gemeente,,Midden-Drenthe,https://www.middendrenthe.nl,test.vng.swc+K@gmail.com,,"1731",,Actief,Gemeenten,Gemeente,"995d4960-65ad-45fa-87d2-c2dd93af0a8a","2014-03-26T10:13:27+00:00"
db7fdd84-bdfd-41d6-8641-0f1e2a954c25,Gemeente,Gemeente,,Midden-Groningen,https://www.midden-groningen.nl,test.vng.swc+Edw@gmail.com,+31 23 4567890,"1952",,Actief,Gemeenten,Gemeente,db7fdd84-bdfd-41d6-8641-0f1e2a954c25,"2018-01-19T14:54:51+00:00"
f8cb8df4-a098-451a-896b-bda12d03895e,Gemeente,Gemeente,,Moerdijk,https://www.moerdijk.nl,,,"1709",,Actief,Gemeenten,Gemeente,f8cb8df4-a098-451a-896b-bda12d03895e,"2014-03-26T10:13:27+00:00"
ee2cfcb1-a184-4e5c-85f0-8fc3ad859ddc,Gemeente,Gemeente,,Molenlanden,https://www.molenlanden.nl,test.vng.swc+Fra@gmail.com,+31 23 4567890,"1978",,Actief,Gemeenten,Gemeente,ee2cfcb1-a184-4e5c-85f0-8fc3ad859ddc,"2019-02-13T16:59:03+00:00"
"0c2ed450-ea9d-4a0d-afe0-9fdb632da8dc",Gemeente,Gemeente,,Montferland,https://www.montferland.info,test.vng.swc+M@gmail.com,+31 23 4567890,"1955",,Actief,Gemeenten,Gemeente,"0c2ed450-ea9d-4a0d-afe0-9fdb632da8dc","2014-03-26T10:13:27+00:00"
f255ea3b-8351-4e0d-9e7b-f5efa97fa199,Gemeente,Gemeente,,Montfoort,,test.vng.swc+M@gmail.com,+31 23 4567890,"0335",,Actief,Gemeenten,Gemeente,f255ea3b-8351-4e0d-9e7b-f5efa97fa199,"2014-03-26T10:13:27+00:00"
"577af48c-5fd3-44b3-92df-9bf52410eaa8",Gemeente,Gemeente,,Mook en Middelaar,https://www.mookenmiddelaar.nl,test.vng.swc+Fra@gmail.com,+31 23 4567890,"0944",,Actief,Gemeenten,Gemeente,"577af48c-5fd3-44b3-92df-9bf52410eaa8","2014-03-26T10:13:27+00:00"
ae750e6d-8a21-4edf-a06d-f023216a6f05,Gemeente,Gemeente,,Neder-Betuwe,https://www.nederbetuwe.nl,test.vng.swc+Ebr@gmail.com,+31 23 4567890,"1740",,Actief,Gemeenten,Gemeente,ae750e6d-8a21-4edf-a06d-f023216a6f05,"2014-03-26T10:13:27+00:00"
"23ee7789-c62a-4344-91e1-8aa43cea91b2",Gemeente,Gemeente,,Nederweert,https://nederweert.nl,test.vng.swc+R@gmail.com,+31 23 4567890,"0946",,Actief,Gemeenten,Gemeente,"23ee7789-c62a-4344-91e1-8aa43cea91b2","2014-03-26T10:13:27+00:00"
"6ea9357b-c6cb-4702-8e95-baafeaa6b38c",Gemeente,Gemeente,,Nieuwegein,https://www.nieuwegein.nl,test.vng.swc+S@gmail.com,+31 23 4567890,"0356",,Actief,Gemeenten,Gemeente,"6ea9357b-c6cb-4702-8e95-baafeaa6b38c","2014-03-26T10:13:27+00:00"
"85b4ae27-bba1-4239-b041-b17ae7bf6641",Gemeente,Gemeente,,Nieuwkoop,https://www.nieuwkoop.nl,test.vng.swc+J@gmail.com,+31 23 4567890,"0569",,Actief,Gemeenten,Gemeente,"85b4ae27-bba1-4239-b041-b17ae7bf6641","2014-03-26T10:13:27+00:00"
cb54cdcf-f60b-4cf4-b938-2515e482ce95,Gemeente,Gemeente,,Nijkerk (Hoevelaken&Nijkerk&Nijkerkerveen),https://www.nijkerk.eu,test.vng.swc+M@gmail.com,+31 23 4567890,"0267",,Actief,Gemeenten,Gemeente,cb54cdcf-f60b-4cf4-b938-2515e482ce95,"2014-03-26T10:13:27+00:00"
"79a9341e-decf-4010-b2d3-f30d82f4e450",Gemeente,Gemeente,,Nijmegen,https://www.nijmegen.nl,test.vng.swc+T@gmail.com,+31 23 4567890,"0268",,Actief,Gemeenten,Gemeente,"79a9341e-decf-4010-b2d3-f30d82f4e450","2014-03-26T10:13:27+00:00"
"87cf05e3-7358-4007-9cbf-1cb61eb7ec8d",Gemeente,Gemeente,,Nissewaard,,test.vng.swc+La@gmail.com,,"1930",,Actief,Gemeenten,Gemeente,"87cf05e3-7358-4007-9cbf-1cb61eb7ec8d","2014-09-03T10:31:50+00:00"
fbe33151-fbb7-4486-9d5c-582bcf5fdef6,Gemeente,Gemeente,,Noardeast-Fryslân,,,,"1970",,Actief,Gemeenten,Gemeente,fbe33151-fbb7-4486-9d5c-582bcf5fdef6,"2019-01-03T11:53:13+00:00"
"6245803e-3c7f-4527-a582-488b370189b9",Gemeente,Gemeente,,Noord-Beveland,https://www.noord-beveland.nl,test.vng.swc+W@gmail.com,+31 23 4567890,"1695",,Actief,Gemeenten,Gemeente,"6245803e-3c7f-4527-a582-488b370189b9","2014-03-26T10:13:27+00:00"
c04aad5f-8f0a-4ae0-b2d6-156c20845f8c,Gemeente,Gemeente,,Noordenveld,https://www.noordenveld.nl,test.vng.swc+W@gmail.com,+31 23 4567890,"1699",,Actief,Gemeenten,Gemeente,c04aad5f-8f0a-4ae0-b2d6-156c20845f8c,"2014-03-26T10:13:27+00:00"
"3f8a0f92-979c-4cae-9ddf-7147a036d60b",Gemeente,Gemeente,,Noordoostpolder,https://www.noordoostpolder.nl,test.vng.swc+A@gmail.com,+31 23 4567890,"0171",,Actief,Gemeenten,Gemeente,"3f8a0f92-979c-4cae-9ddf-7147a036d60b","2014-03-26T10:13:27+00:00"
"98a40e90-e9ef-4450-8a76-ca694f1f67f3",Gemeente,Gemeente,,Noordwijk,https://www.noordwijk.nl,test.vng.swc+E@gmail.com,+31 23 4567890,"0575",,Actief,Gemeenten,Gemeente,"98a40e90-e9ef-4450-8a76-ca694f1f67f3","2014-03-26T10:13:27+00:00"
a715b484-74aa-4383-8d2b-359aed5dc919,Gemeente,Gemeente,,"Nuenen, Gerwen en Nederwetten",,test.vng.swc+H@gmail.com,,"0820",,Actief,Gemeenten,Gemeente,a715b484-74aa-4383-8d2b-359aed5dc919,"2014-03-26T10:13:27+00:00"
"3fa41daf-5e2d-4da2-a5a8-af0ed195ec13",Gemeente,Gemeente,,Nunspeet,https://www.nunspeet.nl,test.vng.swc+J@gmail.com,+31 23 4567890,"0302",,Actief,Gemeenten,Gemeente,"3fa41daf-5e2d-4da2-a5a8-af0ed195ec13","2014-03-26T10:13:27+00:00"
"97d21ce8-1e9f-49ff-98a1-7997eeb778ad",Gemeente,Gemeente,,Oegstgeest,https://www.oegstgeest.nl,,,"0579",,Actief,Gemeenten,Gemeente,"97d21ce8-1e9f-49ff-98a1-7997eeb778ad","2014-03-26T10:13:27+00:00"
"77a26407-be1a-4dbb-8f5c-8caec3ffeeb7",Gemeente,Gemeente,,Oirschot,,test.vng.swc+E@gmail.com,+31 23 4567890,"0823",,Actief,Gemeenten,Gemeente,"77a26407-be1a-4dbb-8f5c-8caec3ffeeb7","2014-03-26T10:13:27+00:00"
a0bc2e58-d219-4e51-84af-cf3c334591b2,Gemeente,Gemeente,,Oisterwijk,,test.vng.swc+A@gmail.com,,"0824",,Actief,Gemeenten,Gemeente,a0bc2e58-d219-4e51-84af-cf3c334591b2,"2014-03-26T10:13:27+00:00"
"9384ee66-e19d-4cb1-be5a-861436ad9d67",Gemeente,Gemeente,,Oldambt,https://www.gemeente-oldambt.nl,test.vng.swc+Tam@gmail.com,+31 23 4567890,"1895",,Actief,Gemeenten,Gemeente,"9384ee66-e19d-4cb1-be5a-861436ad9d67","2014-03-26T10:13:27+00:00"
f64d2d60-6fc2-4271-8347-4c30a760a6a5,Gemeente,Gemeente,,Oldebroek,https://oldebroek.nl,test.vng.swc+Rsa@gmail.com,+31 23 4567890,"0269",,Actief,Gemeenten,Gemeente,f64d2d60-6fc2-4271-8347-4c30a760a6a5,"2014-03-26T10:13:27+00:00"
"563593bf-81ce-4877-aa87-759b12d821b3",Gemeente,Gemeente,,Oldenzaal,https://www.oldenzaal.nl,test.vng.swc+M@gmail.com,+31 23 4567890,"0173",,Actief,Gemeenten,Gemeente,"563593bf-81ce-4877-aa87-759b12d821b3","2014-03-26T10:13:27+00:00"
d328e7bc-4c85-4346-ba9a-90942a83d779,Gemeente,Gemeente,,Olst-Wijhe,,test.vng.swc+Har@gmail.com,+31 23 4567890,"1773",,Actief,Gemeenten,Gemeente,d328e7bc-4c85-4346-ba9a-90942a83d779,"2014-03-26T10:13:27+00:00"
"12896e41-a72f-40a8-aea5-04349eb677e5",Gemeente,Gemeente,,Ommen,https://www.ommen.nl,test.vng.swc+And@gmail.com,+31 23 4567890,"0175",,Actief,Gemeenten,Gemeente,"12896e41-a72f-40a8-aea5-04349eb677e5","2014-03-26T10:13:27+00:00"
"311ae210-a58e-44b9-80cc-6dd5f9349e96",Gemeente,Gemeente,,Oost Gelre,https://www.oostgelre.nl,test.vng.swc+P@gmail.com,+31 23 4567890,"1586",,Actief,Gemeenten,Gemeente,"311ae210-a58e-44b9-80cc-6dd5f9349e96","2014-03-26T10:13:27+00:00"
abaf8feb-b22c-4198-8a84-accc8d137da5,Gemeente,Gemeente,,Oosterhout,https://www.oosterhout.nl,,+31 23 4567890,"0826",,Actief,Gemeenten,Gemeente,abaf8feb-b22c-4198-8a84-accc8d137da5,"2014-03-26T10:13:27+00:00"
"9b562277-bb20-45d8-8127-e27c9c7a784f",Gemeente,Gemeente,,Ooststellingwerf,https://www.ooststellingwerf.nl,test.vng.swc+W@gmail.com,+31 23 4567890,"0085",,Actief,Gemeenten,Gemeente,"9b562277-bb20-45d8-8127-e27c9c7a784f","2014-03-26T10:13:27+00:00"
"696cad4e-2743-41b4-8243-a69171012d49",Gemeente,Gemeente,,Oostzaan,https://www.oostzaan.nl,test.vng.swc+Pat@gmail.com,+31 23 4567890,"0431",,Actief,Gemeenten,Gemeente,"696cad4e-2743-41b4-8243-a69171012d49","2014-03-26T10:13:27+00:00"
c46223c8-bdca-44e2-b0c0-d6e266257ea9,Gemeente,Gemeente,,Openbaar Lichaam Bonaire,https://bonairegov.com,test.vng.swc+Rob@gmail.com,+31 23 4567890,"9001",,Actief,Gemeenten,Gemeente,c46223c8-bdca-44e2-b0c0-d6e266257ea9,"2023-06-19T14:17:29+00:00"
"9d86cbb0-b387-4694-97dd-2e59d7b847c8",Gemeente,Gemeente,,Opmeer,https://www.opmeer.nl,test.vng.swc+Aka@gmail.com,,"0432",,Actief,Gemeenten,Gemeente,"9d86cbb0-b387-4694-97dd-2e59d7b847c8","2014-03-26T10:13:27+00:00"
"47d7d5c8-f0d0-43b2-a6b5-cdc0667ba469",Gemeente,Gemeente,,Opsterland,,test.vng.swc+W@gmail.com,,"0086",,Actief,Gemeenten,Gemeente,"47d7d5c8-f0d0-43b2-a6b5-cdc0667ba469","2014-03-26T10:13:27+00:00"
d9d26b84-5245-42a3-b84e-97b4de8f0f03,Gemeente,Gemeente,,Oss,https://www.oss.nl,test.vng.swc+M@gmail.com,+31 23 4567890,"0828",,Actief,Gemeenten,Gemeente,d9d26b84-5245-42a3-b84e-97b4de8f0f03,"2014-03-26T10:13:27+00:00"
f2fb4e64-9967-47e5-a5b8-8bab3b71a800,Gemeente,Gemeente,,Oude IJsselstreek,https://www.oude-ijsselstreek.nl,test.vng.swc+A@gmail.com,+31 23 4567890,"1509",,Actief,Gemeenten,Gemeente,f2fb4e64-9967-47e5-a5b8-8bab3b71a800,"2014-03-26T10:13:27+00:00"
b8f6c562-92f8-4d45-b307-1cc27ba5e560,Gemeente,Gemeente,,Ouder-Amstel,https://www.ouder-amstel.nl,test.vng.swc+Ola@gmail.com,,"0437",,Actief,Gemeenten,Gemeente,b8f6c562-92f8-4d45-b307-1cc27ba5e560,"2014-03-26T10:13:27+00:00"
ed7cf5a3-4c19-43ef-a28a-c84af4827e13,Gemeente,Gemeente,,Oudewater,,test.vng.swc+Rin@gmail.com,,"0589",,Actief,Gemeenten,Gemeente,ed7cf5a3-4c19-43ef-a28a-c84af4827e13,"2014-03-26T10:13:27+00:00"
"93fd53f0-4e7c-44e9-a378-9aca1085d2e6",Gemeente,Gemeente,,Overbetuwe,https://www.overbetuwe.nl,test.vng.swc+F@gmail.com,+31 23 4567890,"1734",,Actief,Gemeenten,Gemeente,"93fd53f0-4e7c-44e9-a378-9aca1085d2e6","2014-03-26T10:13:27+00:00"
e0583764-effb-4ef3-8ef9-bf17c36d0852,Gemeente,Gemeente,,Papendrecht,https://www.papendrecht.nl,,,"0590",,Actief,Gemeenten,Gemeente,e0583764-effb-4ef3-8ef9-bf17c36d0852,"2014-03-26T10:13:27+00:00"
d492c8e6-bc8d-453f-9ab7-a4c6690cbe62,Gemeente,Gemeente,,Peel en Maas,https://www.peelenmaas.nl,test.vng.swc+Her@gmail.com,+31 23 4567890,"1894",,Actief,Gemeenten,Gemeente,d492c8e6-bc8d-453f-9ab7-a4c6690cbe62,"2014-03-26T10:13:27+00:00"
"44924c74-a91c-4e83-80ec-8fd1b52556a5",Gemeente,Gemeente,,Pekela,https://www.dekompanjie.nl,test.vng.swc+Sve@gmail.com,,"0765",,Actief,Gemeenten,Gemeente,"44924c74-a91c-4e83-80ec-8fd1b52556a5","2014-03-26T10:13:27+00:00"
c506903c-cb46-4b91-a5a7-880578af3701,Gemeente,Gemeente,,Pijnacker-Nootdorp,https://www.pijnacker-nootdorp.nl,test.vng.swc+R@gmail.com,,"1926",,Actief,Gemeenten,Gemeente,c506903c-cb46-4b91-a5a7-880578af3701,"2014-03-26T10:13:27+00:00"
"44186862-2873-43d2-b446-f6811e3627f6",Gemeente,Gemeente,,Purmerend,https://www.purmerend.nl,test.vng.swc+C@gmail.com,+31 23 4567890,"0439",,Actief,Gemeenten,Gemeente,"44186862-2873-43d2-b446-f6811e3627f6","2014-03-26T10:13:27+00:00"
"715c7b7e-9f24-4725-826b-c0928834d0cf",Gemeente,Gemeente,,Putten,https://www.putten.nl,test.vng.swc+Gjf@gmail.com,+31 23 4567890,"0273",,Actief,Gemeenten,Gemeente,"715c7b7e-9f24-4725-826b-c0928834d0cf","2014-03-26T10:13:27+00:00"
ec92526a-9baa-4fa7-8a42-7a1d75cfc64a,Gemeente,Gemeente,,Raalte,,test.vng.swc+Har@gmail.com,+31 23 4567890,"0177",,Actief,Gemeenten,Gemeente,ec92526a-9baa-4fa7-8a42-7a1d75cfc64a,"2014-03-26T10:13:27+00:00"
"2177e079-a458-4d0c-84f9-139058aace92",Gemeente,Gemeente,,Reimerswaal,https://www.reimerswaal.nl,test.vng.swc+L@gmail.com,+31 23 4567890,"0703",,Actief,Gemeenten,Gemeente,"2177e079-a458-4d0c-84f9-139058aace92","2014-03-26T10:13:27+00:00"
"2f1dea82-05f2-4be0-be7c-01b93a4eacfc",Gemeente,Gemeente,,Renkum,https://www.renkum.nl,test.vng.swc+H@gmail.com,+31 23 4567890,"0274",,Actief,Gemeenten,Gemeente,"2f1dea82-05f2-4be0-be7c-01b93a4eacfc","2014-03-26T10:13:27+00:00"
"5bbc91c5-63fd-4311-b07c-a4311de243b0",Gemeente,Gemeente,,Renswoude,https://www.renswoude.nl,,,"0339",,Actief,Gemeenten,Gemeente,"5bbc91c5-63fd-4311-b07c-a4311de243b0","2014-03-26T10:13:27+00:00"
adb723c7-a10a-49eb-96bb-b1201aedcb84,Gemeente,Gemeente,,Reusel-De Mierden,https://www.reuseldemierden.nl,,+31 23 4567890,"1667",,Actief,Gemeenten,Gemeente,adb723c7-a10a-49eb-96bb-b1201aedcb84,"2014-03-26T10:13:27+00:00"
"095b8087-36d2-4df1-b5de-6309427af230",Gemeente,Gemeente,,Rheden,,test.vng.swc+Kev@gmail.com,+31 23 4567890,"0275",,Actief,Gemeenten,Gemeente,"095b8087-36d2-4df1-b5de-6309427af230","2014-03-26T10:13:27+00:00"
"1deaa425-1979-4d6a-8017-d65461fbc3fb",Gemeente,Gemeente,,Rhenen,https://www.rhenen.nl,,,"0340",,Actief,Gemeenten,Gemeente,"1deaa425-1979-4d6a-8017-d65461fbc3fb","2014-03-26T10:13:27+00:00"
"837369e3-ef8b-4b6f-8ff6-16d63ff9af41",Gemeente,Gemeente,,Ridderkerk,https://www.bar-organisatie.nl,test.vng.swc+P@gmail.com,+31 23 4567890,"0597",,Actief,Gemeenten,Gemeente,"837369e3-ef8b-4b6f-8ff6-16d63ff9af41","2014-03-26T10:13:27+00:00"
b5091fac-f235-42fe-a67f-aba7f89f3473,Gemeente,Gemeente,,Rijssen-Holten,https://www.rijssen-holten.nl,test.vng.swc+S@gmail.com,+31 23 4567890,"1742",,Actief,Gemeenten,Gemeente,b5091fac-f235-42fe-a67f-aba7f89f3473,"2014-03-26T10:13:27+00:00"
"3b083d81-e9ae-4641-a737-f043735263a4",Gemeente,Gemeente,,Rijswijk,https://www.rijswijk.nl,test.vng.swc+Ggr@gmail.com,+31 23 4567890,"0603",,Actief,Gemeenten,Gemeente,"3b083d81-e9ae-4641-a737-f043735263a4","2014-03-26T10:13:27+00:00"
a75aa25a-b2a1-4fb1-9c18-5fbc0109152c,Gemeente,Gemeente,,Roerdalen,https://www.roerdalen.nl,test.vng.swc+Han@gmail.com,+31 23 4567890,"1669",,Actief,Gemeenten,Gemeente,a75aa25a-b2a1-4fb1-9c18-5fbc0109152c,"2014-03-26T10:13:27+00:00"
c8fd7e56-b681-43b0-a50f-659c48fd5bf5,Gemeente,Gemeente,,Roermond,https://www.roermond.nl,test.vng.swc+Cag@gmail.com,+31 23 4567890,"0957",,Actief,Gemeenten,Gemeente,c8fd7e56-b681-43b0-a50f-659c48fd5bf5,"2014-03-26T10:13:27+00:00"
e3840d25-451b-4107-a5f0-0588d4fca3ee,Gemeente,Gemeente,,Roosendaal,https://www.roosendaal.nl,test.vng.swc+R@gmail.com,+31 23 4567890,"1674",,Actief,Gemeenten,Gemeente,e3840d25-451b-4107-a5f0-0588d4fca3ee,"2014-03-26T10:13:27+00:00"
b70f1957-81dd-42da-b299-c5fd25c188d4,Gemeente,Gemeente,,Rotterdam,https://rotterdam.nl,test.vng.swc+R@gmail.com,+31 23 4567890,"0599",,Actief,Gemeenten,Gemeente,b70f1957-81dd-42da-b299-c5fd25c188d4,"2014-03-26T10:13:27+00:00"
"01fc5662-d354-4e58-baaf-335529b7f762",Gemeente,Gemeente,,Rozendaal,https://www.rozendaal.nl,test.vng.swc+H@gmail.com,+31 23 4567890,"0277",,Actief,Gemeenten,Gemeente,"01fc5662-d354-4e58-baaf-335529b7f762","2014-03-26T10:13:27+00:00"
"1c68c344-2292-4bf5-9a98-fc8c86d60297",Gemeente,Gemeente,,Rucphen,https://www.rucphen.nl,test.vng.swc+L@gmail.com,+31 23 4567890,"0840",,Actief,Gemeenten,Gemeente,"1c68c344-2292-4bf5-9a98-fc8c86d60297","2014-03-26T10:13:27+00:00"
"16b87d12-769f-414c-8d66-3ec26fa94725",Gemeente,Gemeente,,Schagen,https://www.schagen.nl,test.vng.swc+Wie@gmail.com,+31 23 4567890,"0441",,Actief,Gemeenten,Gemeente,"16b87d12-769f-414c-8d66-3ec26fa94725","2014-03-26T10:13:27+00:00"
e606cb1a-7096-4d1f-8d2c-435bdac3e690,Gemeente,Gemeente,,Scherpenzeel,https://www.scherpenzeel.nl,test.vng.swc+J@gmail.com,+31 23 4567890,"0279",,Actief,Gemeenten,Gemeente,e606cb1a-7096-4d1f-8d2c-435bdac3e690,"2014-03-26T10:13:27+00:00"
"11116e43-889d-4f50-92eb-ce630ebafd9e",Gemeente,Gemeente,,Schiedam,https://www.schiedam.nl,test.vng.swc+E@gmail.com,+31 23 4567890,"0606",,Actief,Gemeenten,Gemeente,"11116e43-889d-4f50-92eb-ce630ebafd9e","2014-03-26T10:13:27+00:00"
"28a5ac0e-e9ad-4aee-a198-b746853cc024",Gemeente,Gemeente,,Schiermonnikoog,https://www.schiermonnikoog.nl,test.vng.swc+Jbe@gmail.com,+31 23 4567890,"0088",,Actief,Gemeenten,Gemeente,"28a5ac0e-e9ad-4aee-a198-b746853cc024","2014-03-26T10:13:27+00:00"
c0738e2f-42cc-4e95-a43e-b79c84f70e86,Gemeente,Gemeente,,Schouwen-Duiveland,https://www.schouwen-duiveland.nl,test.vng.swc+Emi@gmail.com,+31 23 4567890,"1676",,Actief,Gemeenten,Gemeente,c0738e2f-42cc-4e95-a43e-b79c84f70e86,"2014-03-26T10:13:27+00:00"
"5262679f-54ac-48f4-af75-cbfa9fd55ae1",Gemeente,Gemeente,,Simpelveld,https://www.simpelveld.nl,test.vng.swc+G@gmail.com,+31 23 4567890,"0965",,Actief,Gemeenten,Gemeente,"5262679f-54ac-48f4-af75-cbfa9fd55ae1","2014-03-26T10:13:27+00:00"
"58dac655-f256-4e33-8fe4-65f56fdbe4cd",Gemeente,Gemeente,,Sint-Michielsgestel,https://www.sint-michielsgestel.nl,test.vng.swc+F@gmail.com,+31 23 4567890,"0845",,Actief,Gemeenten,Gemeente,"58dac655-f256-4e33-8fe4-65f56fdbe4cd","2014-03-26T10:13:27+00:00"
b096ab23-9242-4e09-9313-c13cb784a3c9,Gemeente,Gemeente,,Sittard-Geleen,https://www.sittard-geleen.nl,test.vng.swc+Pat@gmail.com,+31 23 4567890,"1883",,Actief,Gemeenten,Gemeente,b096ab23-9242-4e09-9313-c13cb784a3c9,"2014-03-26T10:13:27+00:00"
cc04b9da-fb9e-4ccd-ae03-28182b8d39fb,Gemeente,Gemeente,,Sliedrecht,,test.vng.swc+Mlc@gmail.com,+31 23 4567890,"0610",,Actief,Gemeenten,Gemeente,cc04b9da-fb9e-4ccd-ae03-28182b8d39fb,"2014-03-26T10:13:27+00:00"
"9db069c1-0fe5-4423-8357-90b21d5af56c",Gemeente,Gemeente,,Sluis,https://www.gemeentesluis.nl,test.vng.swc+Mca@gmail.com,+31 23 4567890,"1714",,Actief,Gemeenten,Gemeente,"9db069c1-0fe5-4423-8357-90b21d5af56c","2014-03-26T10:13:27+00:00"
"2a8fe6b8-7036-4975-a786-2283dddcf05a",Gemeente,Gemeente,,Smallingerland,https://www.smallingerland.nl,,,"0090",,Actief,Gemeenten,Gemeente,"2a8fe6b8-7036-4975-a786-2283dddcf05a","2014-03-26T10:13:27+00:00"
"11aaf77f-01d1-472b-a0c4-5e63ba1673eb",Gemeente,Gemeente,,Soest,https://www.soest.nl,test.vng.swc+J@gmail.com,+31 23 4567890,"0342",,Actief,Gemeenten,Gemeente,"11aaf77f-01d1-472b-a0c4-5e63ba1673eb","2014-03-26T10:13:27+00:00"
"13fa60a2-8436-4891-85cc-46d238061553",Gemeente,Gemeente,,Someren,https://www.someren.nl/home,,,"0847",,Actief,Gemeenten,Gemeente,"13fa60a2-8436-4891-85cc-46d238061553","2014-03-26T10:13:27+00:00"
"80e99962-15ee-42e8-9bae-b3cb4f63d36e",Gemeente,Gemeente,,Son en Breugel,,test.vng.swc+H@gmail.com,,"0848",,Actief,Gemeenten,Gemeente,"80e99962-15ee-42e8-9bae-b3cb4f63d36e","2014-03-26T10:13:27+00:00"
"0a3fcaad-0a88-4f8c-8b63-91201ddecdca",Gemeente,Gemeente,,Stadskanaal,https://www.stadskanaal.nl,test.vng.swc+R@gmail.com,+31 23 4567890,"0037",,Actief,Gemeenten,Gemeente,"0a3fcaad-0a88-4f8c-8b63-91201ddecdca","2014-03-26T10:13:27+00:00"
e19ec1b3-d5bc-4b94-b32d-1e268e9c199e,Gemeente,Gemeente,,Staphorst,https://www.staphorst.nl,test.vng.swc+J@gmail.com,+31 23 4567890,"0180",,Actief,Gemeenten,Gemeente,e19ec1b3-d5bc-4b94-b32d-1e268e9c199e,"2014-03-26T10:13:27+00:00"
"8917bcba-c880-4d97-8f0e-baff6411b47b",Gemeente,Gemeente,,Stede Broec,,test.vng.swc+Pau@gmail.com,,"0532",,Actief,Gemeenten,Gemeente,"8917bcba-c880-4d97-8f0e-baff6411b47b","2014-03-26T10:13:27+00:00"
a7372db3-c294-42e4-a52a-55246c3fd050,Gemeente,Gemeente,,Steenbergen,https://www.gemeente-steenbergen.nl,test.vng.swc+J@gmail.com,+31 23 4567890,"0851",,Actief,Gemeenten,Gemeente,a7372db3-c294-42e4-a52a-55246c3fd050,"2014-03-26T10:13:27+00:00"
"7319f381-89de-443f-9d9e-e37bf9da30f1",Gemeente,Gemeente,,Steenwijkerland,https://www.steenwijkerland.nl,test.vng.swc+Joh@gmail.com,+31 23 4567890,"1708",,Actief,Gemeenten,Gemeente,"7319f381-89de-443f-9d9e-e37bf9da30f1","2014-03-26T10:13:27+00:00"
"364c76e5-1ef6-4bc3-95dd-f01be3c64669",Gemeente,Gemeente,,Stein,https://www.gemeentestein.nl,test.vng.swc+Jan@gmail.com,+31 23 4567890,"0971",,Actief,Gemeenten,Gemeente,"364c76e5-1ef6-4bc3-95dd-f01be3c64669","2014-03-26T10:13:27+00:00"
e5cb9f1e-3c9f-4a61-b903-651d139a1d43,Gemeente,Gemeente,,Stichtse Vecht,https://www.stichtsevecht.nl,,+31 23 4567890,"1904",,Actief,Gemeenten,Gemeente,e5cb9f1e-3c9f-4a61-b903-651d139a1d43,"2014-03-26T10:13:27+00:00"
e9bf3b82-2033-44cb-8b49-884dc4d25540,Gemeente,Gemeente,,Súdwest-Fryslân,https://www.sudwestfryslan.nl,test.vng.swc+J@gmail.com,+31 23 4567890,"1900",,Actief,Gemeenten,Gemeente,e9bf3b82-2033-44cb-8b49-884dc4d25540,"2014-03-26T10:13:27+00:00"
"9ccc3e28-7695-4baf-910f-6717d0e77d81",Gemeente,Gemeente,,Ter Weksel (VNG realisatie),https://nl.wikipedia.org/wiki/Juinen,test.vng.swc+Sof@gmail.com,+31 23 4567890,,,Actief,Gemeenten,Gemeente,"9ccc3e28-7695-4baf-910f-6717d0e77d81","2014-12-11T13:46:12+00:00"
"283b34be-e623-414e-a828-0fb0cee04bc7",Gemeente,Gemeente,,Terneuzen,https://www.terneuzen.nl,test.vng.swc+M@gmail.com,+31 23 4567890,"0715",,Actief,Gemeenten,Gemeente,"283b34be-e623-414e-a828-0fb0cee04bc7","2014-03-26T10:13:27+00:00"
"36b72ebe-e6e9-4fe1-99d2-aa4a0b8d4b91",Gemeente,Gemeente,,Terschelling,https://www.terschelling.nl,test.vng.swc+Jbe@gmail.com,+31 23 4567890,"0093",,Actief,Gemeenten,Gemeente,"36b72ebe-e6e9-4fe1-99d2-aa4a0b8d4b91","2014-03-26T10:13:27+00:00"
c1976897-521d-484a-b9ad-2adc817cf632,Gemeente,Gemeente,,Texel,https://www.texel.nl,test.vng.swc+Rjv@gmail.com,+31 23 4567890,"0448",,Actief,Gemeenten,Gemeente,c1976897-521d-484a-b9ad-2adc817cf632,"2014-03-26T10:13:27+00:00"
fdf34baf-8ef3-42ca-860b-525e1a3084c8,Gemeente,Gemeente,,Teylingen,https://www.teylingen.nl,,+31 23 4567890,"1525",,Actief,Gemeenten,Gemeente,fdf34baf-8ef3-42ca-860b-525e1a3084c8,"2014-03-26T10:13:27+00:00"
"275bef1a-abb4-431e-9f8c-372b6ea258e9",Gemeente,Gemeente,,Tholen,https://www.tholen.nl,test.vng.swc+Joh@gmail.com,+31 23 4567890,"0716",,Actief,Gemeenten,Gemeente,"275bef1a-abb4-431e-9f8c-372b6ea258e9","2014-03-26T10:13:27+00:00"
"63dc0d57-fabf-4634-aadc-1c2343a18f30",Gemeente,Gemeente,,Tiel,https://www.tiel.nl,test.vng.swc+K@gmail.com,,"0281",,Actief,Gemeenten,Gemeente,"63dc0d57-fabf-4634-aadc-1c2343a18f30","2014-03-26T10:13:27+00:00"
"963a9aa4-e02a-4f3b-93b9-eef410a4d43e",Gemeente,Gemeente,,Tilburg,https://www.tilburg.nl,test.vng.swc+Har@gmail.com,+31 23 4567890,"0855",,Actief,Gemeenten,Gemeente,"963a9aa4-e02a-4f3b-93b9-eef410a4d43e","2014-03-26T10:13:27+00:00"
e0b24c31-ff0a-472f-a7f7-0215481b365a,Gemeente,Gemeente,,Tubbergen,https://www.tubbergen.nl,test.vng.swc+A@gmail.com,+31 23 4567890,"0183",,Actief,Gemeenten,Gemeente,e0b24c31-ff0a-472f-a7f7-0215481b365a,"2014-03-26T10:13:27+00:00"
"96212a54-214a-4f94-9e6b-9b7eec6d47d2",Gemeente,Gemeente,,Turfbrug (test VNG Realisatie),https://www.softwarecatalogus.nl,test.vng.swc+Sof@gmail.com,+31 23 4567890,"9999",,Actief,Gemeenten,Gemeente,"96212a54-214a-4f94-9e6b-9b7eec6d47d2","2014-03-17T11:08:21+00:00"
bb5ad246-416d-4efa-9ff8-9bcfa884f9db,Gemeente,Gemeente,,Twenterand,https://www.twenterand.nl,,+31 23 4567890,"1700",,Actief,Gemeenten,Gemeente,bb5ad246-416d-4efa-9ff8-9bcfa884f9db,"2014-03-26T10:13:27+00:00"
af185a56-58cd-4a45-88b0-9e7d34f398d8,Gemeente,Gemeente,,Tynaarlo,https://www.tynaarlo.nl,test.vng.swc+J@gmail.com,+31 23 4567890,"1730",,Actief,Gemeenten,Gemeente,af185a56-58cd-4a45-88b0-9e7d34f398d8,"2014-03-26T10:13:27+00:00"
"6585ae1a-208b-48e7-a08d-5aac2f0f29b4",Gemeente,Gemeente,,Tytsjerksteradiel,https://www.t-diel.nl,test.vng.swc+Est@gmail.com,+31 23 4567890,"0737",,Actief,Gemeenten,Gemeente,"6585ae1a-208b-48e7-a08d-5aac2f0f29b4","2014-03-26T10:13:27+00:00"
"81e76470-ba29-4701-a94a-5c5b0d8f6972",Gemeente,Gemeente,,Uitgeest,https://www.uitgeest.nl,test.vng.swc+Bra@gmail.com,,"0450",,Actief,Gemeenten,Gemeente,"81e76470-ba29-4701-a94a-5c5b0d8f6972","2014-03-26T10:13:27+00:00"
"25423a74-7a95-44e5-ad48-d3240f2323f5",Gemeente,Gemeente,,Uithoorn,https://www.uithoorn.nl,test.vng.swc+Ola@gmail.com,+31 23 4567890,"0451",,Actief,Gemeenten,Gemeente,"25423a74-7a95-44e5-ad48-d3240f2323f5","2014-03-26T10:13:27+00:00"
"5c01e729-1fc1-47c3-b740-801eb01cbae2",Gemeente,Gemeente,,Urk,https://www.urk.nl,,+31 23 4567890,"0184",,Actief,Gemeenten,Gemeente,"5c01e729-1fc1-47c3-b740-801eb01cbae2","2014-03-26T10:13:27+00:00"
"901879ec-f8fc-4fdf-a979-d3120dc882d0",Gemeente,Gemeente,,Utrecht,https://www.utrecht.nl,test.vng.swc+C@gmail.com,+31 23 4567890,"0344",,Actief,Gemeenten,Gemeente,"901879ec-f8fc-4fdf-a979-d3120dc882d0","2014-03-26T10:13:27+00:00"
"79061205-d3a8-40c4-addb-8e9a15f5f04e",Gemeente,Gemeente,,Utrechtse Heuvelrug,https://www.heuvelrug.nl,test.vng.swc+Joh@gmail.com,+31 23 4567890,"1581",,Actief,Gemeenten,Gemeente,"79061205-d3a8-40c4-addb-8e9a15f5f04e","2014-03-26T10:13:27+00:00"
"01cbfa8e-e58f-4246-97b3-b115cf01f7e0",Gemeente,Gemeente,,Vaals,https://www.vaals.nl,test.vng.swc+E@gmail.com,+31 23 4567890,"0981",,Actief,Gemeenten,Gemeente,"01cbfa8e-e58f-4246-97b3-b115cf01f7e0","2014-03-26T10:13:27+00:00"
"9c21469a-e15c-49e8-8943-b552788372ec",Gemeente,Gemeente,,Valkenburg aan de Geul,https://www.valkenburg.nl,test.vng.swc+R@gmail.com,+31 23 4567890,"0994",,Actief,Gemeenten,Gemeente,"9c21469a-e15c-49e8-8943-b552788372ec","2014-03-26T10:13:27+00:00"
ebecf9a3-162e-4da8-a888-889b09192838,Gemeente,Gemeente,,Valkenswaard,,test.vng.swc+Mas@gmail.com,,"0858",,Actief,Gemeenten,Gemeente,ebecf9a3-162e-4da8-a888-889b09192838,"2014-03-26T10:13:27+00:00"
"4b737290-78e1-49a5-9312-721083009c8b",Gemeente,Gemeente,,Veendam,https://www.veendam.nl,test.vng.swc+Cla@gmail.com,+31 23 4567890,"0047",,Actief,Gemeenten,Gemeente,"4b737290-78e1-49a5-9312-721083009c8b","2014-03-26T10:13:27+00:00"
"9cc33087-9a49-4d5c-b70a-a3b8ae03a218",Gemeente,Gemeente,,Veenendaal,https://www.veenendaal.nl,test.vng.swc+Ber@gmail.com,+31 23 4567890,"0345",,Actief,Gemeenten,Gemeente,"9cc33087-9a49-4d5c-b70a-a3b8ae03a218","2014-03-26T10:13:27+00:00"
"3b9b7aa7-f794-4a67-a8d8-c517ad1ddbd1",Gemeente,Gemeente,,Veere,https://veere.nl,test.vng.swc+M@gmail.com,+31 23 4567890,"0717",,Actief,Gemeenten,Gemeente,"3b9b7aa7-f794-4a67-a8d8-c517ad1ddbd1","2014-03-26T10:13:27+00:00"
"40e8ebf0-f8c7-4ce0-a804-8da6c367c3fd",Gemeente,Gemeente,,Veldhoven,https://www.veldhoven.nl,test.vng.swc+Ine@gmail.com,+31 23 4567890,"0861",,Actief,Gemeenten,Gemeente,"40e8ebf0-f8c7-4ce0-a804-8da6c367c3fd","2014-03-26T10:13:27+00:00"
"52caa365-fa44-4d93-b456-8e8774081b53",Gemeente,Gemeente,,Velsen,https://www.velsen.nl,test.vng.swc+Rba@gmail.com,+31 23 4567890,"0453",,Actief,Gemeenten,Gemeente,"52caa365-fa44-4d93-b456-8e8774081b53","2014-03-26T10:13:27+00:00"
b6a3804a-012d-452e-859d-9955e1bd6bc2,Gemeente,Gemeente,,Venlo,https://www.venlo.nl,test.vng.swc+H@gmail.com,+31 23 4567890,"0983",,Actief,Gemeenten,Gemeente,b6a3804a-012d-452e-859d-9955e1bd6bc2,"2014-03-26T10:13:27+00:00"
fd4629e7-f5bb-474f-94a2-5bcc1e672089,Gemeente,Gemeente,,Venray,https://www.venray.nl,test.vng.swc+Rud@gmail.com,+31 23 4567890,"0984",,Actief,Gemeenten,Gemeente,fd4629e7-f5bb-474f-94a2-5bcc1e672089,"2014-03-26T10:13:27+00:00"
"207e0713-76bb-4a76-885f-13c6977a259c",Gemeente,Gemeente,,Vijfheerenlanden,https://www.vijfheerenlanden.nl,test.vng.swc+R@gmail.com,+31 23 4567890,"1961",,Actief,Gemeenten,Gemeente,"207e0713-76bb-4a76-885f-13c6977a259c","2019-02-26T18:38:24+00:00"
"098fa2df-f721-4d5d-802f-d555af15639d",Gemeente,Gemeente,,Vlaardingen,https://vlaardingen.nl,,+31 23 4567890,"0622",,Actief,Gemeenten,Gemeente,"098fa2df-f721-4d5d-802f-d555af15639d","2014-03-26T10:13:27+00:00"
"0205f65c-9dc9-421b-bcbf-4719bc0775e4",Gemeente,Gemeente,,Vlieland,https://www.ameland.nl,test.vng.swc+Jbe@gmail.com,+31 23 4567890,"0096",,Actief,Gemeenten,Gemeente,"0205f65c-9dc9-421b-bcbf-4719bc0775e4","2014-03-26T10:13:27+00:00"
"6e13f380-a81a-46dc-b204-6e8b8e4645dc",Gemeente,Gemeente,,Vlissingen,https://www.vlissingen.nl,,,"0718",,Actief,Gemeenten,Gemeente,"6e13f380-a81a-46dc-b204-6e8b8e4645dc","2014-03-26T10:13:27+00:00"
"8f815a1f-8d8c-46cd-89a7-4218c1a43d21",Gemeente,Gemeente,,Voerendaal,https://www.voerendaal.nl,,,"0986",,Actief,Gemeenten,Gemeente,"8f815a1f-8d8c-46cd-89a7-4218c1a43d21","2014-03-26T10:13:27+00:00"
db3b997f-5a48-4133-bd9d-5695acf2a521,Gemeente,Gemeente,,Voorne aan Zee,https://www.voorneaanzee.nl,test.vng.swc+E@gmail.com,+31 23 4567890,"1992",,Actief,Gemeenten,Gemeente,db3b997f-5a48-4133-bd9d-5695acf2a521,"2014-03-26T10:13:27+00:00"
"3805cccd-958f-48cd-b6a1-65a5d9ec30d8",Gemeente,Gemeente,,Voorschoten,https://www.voorschoten.nl,test.vng.swc+Mth@gmail.com,+31 23 4567890,"0626",,Actief,Gemeenten,Gemeente,"3805cccd-958f-48cd-b6a1-65a5d9ec30d8","2014-03-26T10:13:27+00:00"
"4f0860d5-d31c-4a4d-9ec2-541bfe72860f",Gemeente,Gemeente,,Voorst,https://www.voorst.nl,test.vng.swc+T@gmail.com,+31 23 4567890,"0285",,Actief,Gemeenten,Gemeente,"4f0860d5-d31c-4a4d-9ec2-541bfe72860f","2014-03-26T10:13:27+00:00"
a14883c0-8e70-4381-bd75-1ecc3e4ef785,Gemeente,Gemeente,,Vught,https://www.vught.nl,test.vng.swc+H@gmail.com,+31 23 4567890,"0865",,Actief,Gemeenten,Gemeente,a14883c0-8e70-4381-bd75-1ecc3e4ef785,"2014-03-26T10:13:27+00:00"
"58d99218-042b-43d6-85c2-27d8a957f308",Gemeente,Gemeente,,Waadhoeke,https://www.waadhoeke.nl,test.vng.swc+Gj@gmail.com,+31 23 4567890,,,Actief,Gemeenten,Gemeente,"58d99218-042b-43d6-85c2-27d8a957f308","2018-02-02T10:11:44+00:00"
"8c82c910-6e18-4e86-9477-8c7dd043e5a5",Gemeente,Gemeente,,Waadhoeke,https://www.waadhoeke.nl,,,"1949",,Actief,Gemeenten,Gemeente,"8c82c910-6e18-4e86-9477-8c7dd043e5a5","2018-03-19T15:19:14+00:00"
"182c86d6-9ba2-4975-a585-94e3f1659006",Gemeente,Gemeente,,Waalre,,test.vng.swc+Jba@gmail.com,+31 23 4567890,"0866",,Actief,Gemeenten,Gemeente,"182c86d6-9ba2-4975-a585-94e3f1659006","2014-03-26T10:13:27+00:00"
"35142b1e-c394-4a4b-a8bf-1445dbfb62cb",Gemeente,Gemeente,,Waalwijk,https://www.waalwijk.nl,test.vng.swc+Jko@gmail.com,+31 23 4567890,"0867",,Actief,Gemeenten,Gemeente,"35142b1e-c394-4a4b-a8bf-1445dbfb62cb","2014-03-26T10:13:27+00:00"
b2301b50-241e-4a1d-b1cc-f50d5e83458f,Gemeente,Gemeente,,Waddinxveen,https://www.waddinxveen.nl,test.vng.swc+J@gmail.com,+31 23 4567890,"0627",,Actief,Gemeenten,Gemeente,b2301b50-241e-4a1d-b1cc-f50d5e83458f,"2014-03-26T10:13:27+00:00"
"8e0729ca-7e07-45b1-ab6a-6d947fdd9f54",Gemeente,Gemeente,,Wageningen,https://www.wageningen.nl,test.vng.swc+Bar@gmail.com,+31 23 4567890,"0289",,Actief,Gemeenten,Gemeente,"8e0729ca-7e07-45b1-ab6a-6d947fdd9f54","2014-03-26T10:13:27+00:00"
"2fd586fd-63f9-4cf9-b847-7ca5e3e6c2a4",Gemeente,Gemeente,,Wassenaar,https://www.wassenaar.nl,test.vng.swc+Mth@gmail.com,+31 23 4567890,"0629",,Actief,Gemeenten,Gemeente,"2fd586fd-63f9-4cf9-b847-7ca5e3e6c2a4","2014-03-26T10:13:27+00:00"
"4395dfdd-1c9d-4039-9c99-6817e13e62d7",Gemeente,Gemeente,,Waterland,https://www.waterland.nl,test.vng.swc+Iva@gmail.com,+31 23 4567890,"0852",,Actief,Gemeenten,Gemeente,"4395dfdd-1c9d-4039-9c99-6817e13e62d7","2014-03-26T10:13:27+00:00"
afc57f25-5450-4621-a1f1-7c847bcb5933,Gemeente,Gemeente,,Weert,https://www.weert.nl,test.vng.swc+Mc@gmail.com,+31 23 4567890,"0988",,Actief,Gemeenten,Gemeente,afc57f25-5450-4621-a1f1-7c847bcb5933,"2014-03-26T10:13:27+00:00"
d0d14388-6db4-4943-b0ed-dc1a20714505,Gemeente,Gemeente,,West Betuwe,https://www.westbetuwe.nl,test.vng.swc+K@gmail.com,,"1960",,Actief,Gemeenten,Gemeente,d0d14388-6db4-4943-b0ed-dc1a20714505,"2019-01-03T13:05:12+00:00"
fea3c97a-7d59-47a0-86b0-4f842980a8c3,Gemeente,Gemeente,,West Maas en Waal,https://www.westmaasenwaal.nl,test.vng.swc+Pdw@gmail.com,+31 23 4567890,"0668",,Actief,Gemeenten,Gemeente,fea3c97a-7d59-47a0-86b0-4f842980a8c3,"2014-03-26T10:13:27+00:00"
e7b34d5f-6917-4aef-8753-bfcb3d07660b,Gemeente,Gemeente,,Westerkwartier,https://www.westerkwartier.nl,test.vng.swc+Pet@gmail.com,,"1969",,Actief,Gemeenten,Gemeente,e7b34d5f-6917-4aef-8753-bfcb3d07660b,"2018-12-31T14:42:59+00:00"
"4d8aa917-ba68-4df4-be56-9491accaa05a",Gemeente,Gemeente,,Westerveld,https://www.gemeentewesterveld.nl,test.vng.swc+M@gmail.com,+31 23 4567890,"1701",,Actief,Gemeenten,Gemeente,"4d8aa917-ba68-4df4-be56-9491accaa05a","2014-03-26T10:13:27+00:00"
cb74c831-dcd3-41b8-8e23-425f39de5a7b,Gemeente,Gemeente,,Westervoort,,test.vng.swc+B@gmail.com,+31 23 4567890,"0293",,Actief,Gemeenten,Gemeente,cb74c831-dcd3-41b8-8e23-425f39de5a7b,"2014-03-26T10:13:27+00:00"
"5fd035bf-903a-4f7c-89ba-78c5239ac56a",Gemeente,Gemeente,,Westerwolde,https://www.westerwolde.nl,test.vng.swc+F@gmail.com,,"1950",,Actief,Gemeenten,Gemeente,"5fd035bf-903a-4f7c-89ba-78c5239ac56a","2014-03-26T10:13:27+00:00"
"9b0411ba-41da-4a15-9eaa-42b624dba40c",Gemeente,Gemeente,,Westland,https://www.gemeentewestland.nl,test.vng.swc+Evv@gmail.com,+31 23 4567890,"1783",,Actief,Gemeenten,Gemeente,"9b0411ba-41da-4a15-9eaa-42b624dba40c","2014-03-26T10:13:27+00:00"
"8084132e-901b-41dd-b415-747116ff68c6",Gemeente,Gemeente,,Weststellingwerf,https://www.weststellingwerf.nl,test.vng.swc+W@gmail.com,+31 23 4567890,"0098",,Actief,Gemeenten,Gemeente,"8084132e-901b-41dd-b415-747116ff68c6","2014-03-26T10:13:27+00:00"
"7b14c0d7-278e-40e7-a6db-836140d9c810",Gemeente,Gemeente,,Wierden,https://www.wierden.nl,test.vng.swc+J@gmail.com,+31 23 4567890,"0189",,Actief,Gemeenten,Gemeente,"7b14c0d7-278e-40e7-a6db-836140d9c810","2014-03-26T10:13:27+00:00"
d6088f73-1be3-46b6-a67d-9045db0842c1,Gemeente,Gemeente,,Wijchen,,test.vng.swc+K@gmail.com,,"0296",,Actief,Gemeenten,Gemeente,d6088f73-1be3-46b6-a67d-9045db0842c1,"2014-03-26T10:13:27+00:00"
c1e1e352-30cf-4f9d-bea3-ab1825f668a6,Gemeente,Gemeente,,Wijdemeren,https://www.wijdemeren.nl,test.vng.swc+Rw@gmail.com,+31 23 4567890,"1696",,Actief,Gemeenten,Gemeente,c1e1e352-30cf-4f9d-bea3-ab1825f668a6,"2014-03-26T10:13:27+00:00"
"1880c34d-da3f-4e29-8a36-49f96e2e0392",Gemeente,Gemeente,,Wijk bij Duurstede,https://www.wijkbijduurstede.nl,test.vng.swc+Ict@gmail.com,+31 23 4567890,"0352",,Actief,Gemeenten,Gemeente,"1880c34d-da3f-4e29-8a36-49f96e2e0392","2014-03-26T10:13:27+00:00"
b8011e5f-e6ab-4bd5-be79-417517fe41b3,Gemeente,Gemeente,,Winterswijk,https://www.winterswijk.nl,,+31 23 4567890,"0294",,Actief,Gemeenten,Gemeente,b8011e5f-e6ab-4bd5-be79-417517fe41b3,"2014-03-26T10:13:27+00:00"
f4812c10-70df-4780-ae37-6f6ead9bce80,Gemeente,Gemeente,,Woensdrecht,https://www.woensdrecht.nl,test.vng.swc+S@gmail.com,+31 23 4567890,"0873",,Actief,Gemeenten,Gemeente,f4812c10-70df-4780-ae37-6f6ead9bce80,"2014-03-26T10:13:27+00:00"
"86aa66a7-4802-4d73-95d7-0d4e7ca98255",Gemeente,Gemeente,,Woerden,https://www.woerden.nl,test.vng.swc+Rin@gmail.com,,"0632",,Actief,Gemeenten,Gemeente,"86aa66a7-4802-4d73-95d7-0d4e7ca98255","2014-03-26T10:13:27+00:00"
"02fe378e-6e85-49eb-ba3e-61641834ab00",Gemeente,Gemeente,,Wormerland,https://www.wormerland.nl,test.vng.swc+Pat@gmail.com,+31 23 4567890,"0880",,Actief,Gemeenten,Gemeente,"02fe378e-6e85-49eb-ba3e-61641834ab00","2014-03-26T10:13:27+00:00"
"03cd0545-e538-44b3-b482-0ef41c1dd906",Gemeente,Gemeente,,Woudenberg,https://www.woudenberg.nl,,+31 23 4567890,"0351",,Actief,Gemeenten,Gemeente,"03cd0545-e538-44b3-b482-0ef41c1dd906","2014-03-26T10:13:27+00:00"
"402d47dd-12e3-4ac0-9a14-ecbd07df62a4",Gemeente,Gemeente,,Zaanstad,https://www.zaanstad.nl,test.vng.swc+G@gmail.com,+31 23 4567890,"0479",,Actief,Gemeenten,Gemeente,"402d47dd-12e3-4ac0-9a14-ecbd07df62a4","2014-03-26T10:13:27+00:00"
e3e8114d-0732-4bdc-94b6-45822f17de4d,Gemeente,Gemeente,,Zaltbommel,https://www.zaltbommel.nl,test.vng.swc+Mte@gmail.com,+31 23 4567890,"0297",,Actief,Gemeenten,Gemeente,e3e8114d-0732-4bdc-94b6-45822f17de4d,"2014-03-26T10:13:27+00:00"
f5e9de66-fa74-407e-a061-331a2cf226f5,Gemeente,Gemeente,,Zandvoort,https://www.zandvoort.nl,test.vng.swc+Eho@gmail.com,+31 23 4567890,"0473",,Actief,Gemeenten,Gemeente,f5e9de66-fa74-407e-a061-331a2cf226f5,"2014-03-26T10:13:27+00:00"
"49f18a47-fb89-4587-9fbd-a3f994cfc895",Gemeente,Gemeente,,Zeewolde,https://www.zeewolde.nl,test.vng.swc+J@gmail.com,+31 23 4567890,"0050",,Actief,Gemeenten,Gemeente,"49f18a47-fb89-4587-9fbd-a3f994cfc895","2014-03-26T10:13:27+00:00"
"751d7216-3be5-4ab2-9d95-40bdbc4444ec",Gemeente,Gemeente,,Zeist,https://www.zeist.nl,test.vng.swc+M@gmail.com,+31 23 4567890,"0355",,Actief,Gemeenten,Gemeente,"751d7216-3be5-4ab2-9d95-40bdbc4444ec","2014-03-26T10:13:27+00:00"
ab8c21a3-105a-437c-be7e-41553dff6dc4,Gemeente,Gemeente,,Zevenaar,https://www.zevenaar.nl,test.vng.swc+R@gmail.com,+31 23 4567890,"0299",,Actief,Gemeenten,Gemeente,ab8c21a3-105a-437c-be7e-41553dff6dc4,"2014-03-26T10:13:27+00:00"
c3bd44b3-bbf9-4513-aea3-847e5ef79cf4,Gemeente,Gemeente,,Zoetermeer,https://www.zoetermeer.nl,test.vng.swc+F@gmail.com,+31 23 4567890,"0637",,Actief,Gemeenten,Gemeente,c3bd44b3-bbf9-4513-aea3-847e5ef79cf4,"2014-03-26T10:13:27+00:00"
b5fc4714-1555-49e4-abcb-7242da894d56,Gemeente,Gemeente,,Zoeterwoude,https://www.zoeterwoude.nl,,+31 23 4567890,"0638",,Actief,Gemeenten,Gemeente,b5fc4714-1555-49e4-abcb-7242da894d56,"2014-03-26T10:13:27+00:00"
"3f7cdf8f-197e-4d8b-9aec-0e8a1b505fde",Gemeente,Gemeente,,Zuidplas,https://www.zuidplas.nl,,+31 23 4567890,"1892",,Actief,Gemeenten,Gemeente,"3f7cdf8f-197e-4d8b-9aec-0e8a1b505fde","2014-03-26T10:13:27+00:00"
c9e26ee2-0de6-476a-85e2-631a5e84ea42,Gemeente,Gemeente,,Zundert,https://www.zundert.nl,test.vng.swc+H@gmail.com,+31 23 4567890,"0879",,Actief,Gemeenten,Gemeente,c9e26ee2-0de6-476a-85e2-631a5e84ea42,"2014-03-26T10:13:27+00:00"
"7738e2c7-d435-4884-9827-d62583ba48a7",Gemeente,Gemeente,,Zutphen,https://www.zutphen.nl,test.vng.swc+E@gmail.com,,"0301",,Actief,Gemeenten,Gemeente,"7738e2c7-d435-4884-9827-d62583ba48a7","2014-03-26T10:13:27+00:00"
"0c6efa6c-be20-4186-b012-c68db74eb897",Gemeente,Gemeente,,Zwartewaterland,https://www.zwartewaterland.nl,,+31 23 4567890,"1896",,Actief,Gemeenten,Gemeente,"0c6efa6c-be20-4186-b012-c68db74eb897","2014-03-26T10:13:27+00:00"
"877aec9e-3675-4739-a9c8-984f8e779507",Gemeente,Gemeente,,Zwijndrecht,,test.vng.swc+Mlc@gmail.com,+31 23 4567890,"0642",,Actief,Gemeenten,Gemeente,"877aec9e-3675-4739-a9c8-984f8e779507","2014-03-26T10:13:27+00:00"
f6760577-58c8-477d-85b7-06796fdfd82d,Gemeente,Gemeente,,Zwolle,https://www.zwolle.nl,test.vng.swc+T@gmail.com,+31 23 4567890,"0193",,Actief,Gemeenten,Gemeente,f6760577-58c8-477d-85b7-06796fdfd82d,"2014-03-26T10:13:27+00:00"
"8f8a428e-5c73-51ba-92f2-664cd80675b9",Leverancier,Leverancier,,"050media",,,,,,Actief,Gemeenten,Samenwerking,"4a0233a4-ea38-47ae-86f5-e3bd348b8deb","2020-03-30T13:14:05+00:00"
d2889e63-76c7-5b0e-931a-1a983e58bca7,Leverancier,Leverancier,,"1Password.com",,,,,,Actief,Gemeenten,Gemeente,"269a3750-61f1-41f0-b03b-e53ab7eb6315","2024-05-14T09:45:44+00:00"
"5a13ee71-91bf-51da-89d7-c2a74d6d32e0",Leverancier,Leverancier,,"2150",,,,,,Actief,Gemeenten,Gemeente,"11116e43-889d-4f50-92eb-ce630ebafd9e","2021-12-28T13:20:33+00:00"
"53edb697-1fd6-5bde-9b37-f35f82045c76",Leverancier,Leverancier,,"21South",,,,,,Actief,Gemeenten,Gemeente,af185a56-58cd-4a45-88b0-9e7d34f398d8,"2024-05-02T16:25:48+00:00"
"0aa22f86-7862-51be-9891-800e3c34bb6f",Leverancier,Leverancier,,"2da",,,,,,Actief,Gemeenten,Gemeente,"1f41e9e0-ac4d-471d-850a-9c083103667d","2014-08-27T15:02:56+00:00"
"89a1926e-0bd2-5199-818e-42fa1c3c7fab",Leverancier,Leverancier,,"2Jours",,,,,,Actief,Gemeenten,Samenwerking,"72615a0b-8276-4f0c-ac73-82ee98c80d0b","2018-08-21T15:04:33+00:00"
"888c1576-cbae-524e-805d-eb7ae168040d",Leverancier,Leverancier,,"360Geo",https://360geo.nl,test.vng.swc+Jac@gmail.com,+31 23 4567890,,,Actief,Gemeenten,Leverancier,"888c1576-cbae-524e-805d-eb7ae168040d","2021-06-02T17:12:05+00:00"
a7d0cf8c-8045-5fc0-9919-7a23433910fa,Leverancier,Leverancier,,"3M Software Informer",,,,,,Actief,Gemeenten,Gemeente,"6e13f380-a81a-46dc-b204-6e8b8e4645dc","2014-10-08T09:19:52+00:00"
d1e25f4e-6aff-59c7-83e0-187edd017ec2,Leverancier,Leverancier,,"4D Select",,,,,,Actief,Gemeenten,Samenwerking,"769b4359-b891-4198-b924-86e1bb7f6cdd","2020-06-09T16:45:10+00:00"
e141af72-9124-5cc9-9864-6af9b09280a9,Leverancier,Leverancier,,"4ME",,,,,,Actief,Gemeenten,Samenwerking,"86aa66a7-4802-4d73-95d7-0d4e7ca98255","2024-07-24T15:10:22+00:00"
"62118e03-69fa-5e8c-924e-355ff0be3557",Leverancier,Leverancier,,"4Value",,,,,,Actief,Gemeenten,Samenwerking,"1d299c60-cae1-4550-a7f9-dc8d79cab5c6","2015-09-23T12:58:15+00:00"
"8079258c-d037-5e9b-ad37-008fd7bc81c1",Leverancier,Leverancier,,"8x8",,,,,,Actief,Gemeenten,Gemeente,bc343b52-289d-4f5e-b420-f0d0b2abdcbe,"2022-04-19T12:04:52+00:00"
"01b97b04-0072-5bcf-b7c6-5e262e437ceb",Leverancier,Leverancier,,A&O fonds gemeenten,,,,,,Actief,Gemeenten,Gemeente,ab8c21a3-105a-437c-be7e-41553dff6dc4,"2022-01-05T16:01:40+00:00"
"0d166546-48de-50cd-9422-e7786296c5a6",Leverancier,Leverancier,,A&O-fonds,,,,,,Actief,Gemeenten,Gemeente,"1f66615f-fa81-44f6-92e3-eadac6b11eca","2017-10-20T13:28:56+00:00"
cec89dab-955c-566e-b824-b0f135d1d297,Leverancier,Leverancier,,A&X Automatisering,,,,,,Actief,Gemeenten,Gemeente,"3a6aa04a-11ff-4ee5-9424-d65c8eb0b6bd","2021-04-06T09:26:07+00:00"
edbc5f60-e18c-55ac-915c-812a4ccef3ec,Leverancier,Leverancier,,A-Rea,,,,,,Actief,Gemeenten,Gemeente,"1f66615f-fa81-44f6-92e3-eadac6b11eca","2017-10-20T09:02:05+00:00"
"0fdc3622-643e-5a29-b946-cbaa0e3da3bd",Leverancier,Leverancier,,A.E.T. Europe,,,,,,Actief,Gemeenten,Gemeente,c506903c-cb46-4b91-a5a7-880578af3701,"2025-07-10T13:46:36+00:00"
b55dc7ee-e0dd-5955-ad21-85b690e094e4,Leverancier,Leverancier,,AAFM,,,,,,Actief,Gemeenten,Gemeente,"79a9341e-decf-4010-b2d3-f30d82f4e450","2021-06-08T12:09:23+00:00"
"10da8dca-c6b5-5be7-a665-4bf051e675ff",Leverancier,Leverancier,,Aanbesteding nieuw software pakket 1,,,,,,Actief,Gemeenten,Gemeente,b6a3804a-012d-452e-859d-9955e1bd6bc2,"2023-07-25T16:26:51+00:00"
ce51da62-d3bf-5610-bdf2-f0adc83252fb,Leverancier,Leverancier,,Aanbestedingskalender.nl,,,,,,Actief,Gemeenten,Gemeente,e9bf3b82-2033-44cb-8b49-884dc4d25540,"2020-11-02T11:46:33+00:00"
"4edd823b-3e1b-5b55-bbc0-e738b154840b",Leverancier,Leverancier,,Aangetekend,,,,,,Actief,Gemeenten,Gemeente,"11116e43-889d-4f50-92eb-ce630ebafd9e","2025-08-07T15:13:46+00:00"
"10455bad-6e24-5b64-9f38-4388872d4c52",Leverancier,Leverancier,,Aareon,,,,,,Actief,Gemeenten,Gemeente,dea35f50-183b-4d08-9d7b-96a8623def46,"2022-10-18T13:40:16+00:00"
d7b35269-ca01-5333-90c6-a518a91a4f68,Leverancier,Leverancier,,AB Software,,,,,,Actief,Gemeenten,Gemeente,bc343b52-289d-4f5e-b420-f0d0b2abdcbe,"2022-04-12T13:33:32+00:00"
d51f2475-7405-5470-9f01-8a1515097fd6,Leverancier,Leverancier,,Ab-c media,,,,,,Actief,Gemeenten,Gemeente,"11116e43-889d-4f50-92eb-ce630ebafd9e","2025-06-19T09:45:00+00:00"
"74148009-6ecc-59ef-9365-46e2d6f5d5b5",Leverancier,Leverancier,,ABBYY,,,,,,Actief,Gemeenten,Gemeente,c506903c-cb46-4b91-a5a7-880578af3701,"2025-07-10T11:13:21+00:00"
"83d0ccfa-420b-57d4-acee-2955f2491207",Leverancier,Leverancier,,ABC Hekwerk,,,,,,Actief,Gemeenten,Gemeente,"91a2ab0f-25aa-43bd-b4e6-c8ef360fa0f2","2025-09-05T12:24:08+00:00"
"1b7ed6b8-e21e-594e-8368-6126b8a97969",Leverancier,Leverancier,,Abecon,,,,,,Actief,Gemeenten,Gemeente,f6760577-58c8-477d-85b7-06796fdfd82d,"2019-08-24T08:32:18+00:00"
"5ed7666d-f646-5ea5-bf6b-e66b6e5d1c61",Leverancier,Leverancier,,ABF Research,,,,,,Actief,Gemeenten,Gemeente,"2af271e0-a05b-460d-88c9-24c06b6eabe5","2024-11-28T15:23:38+00:00"
"8c36d623-cbdb-5e5a-8238-2093679f419d",Leverancier,Leverancier,,ABG,,,,,,Actief,Gemeenten,Gemeente,"11116e43-889d-4f50-92eb-ce630ebafd9e","2020-12-14T10:43:15+00:00"
"3c2bcefb-885f-5b43-8c81-95bbffe3e845",Leverancier,Leverancier,,Abiom,,,,,,Actief,Gemeenten,Gemeente,"098fa2df-f721-4d5d-802f-d555af15639d","2022-06-07T13:00:59+00:00"
b2709841-41db-51f4-8ca4-bd1b8d8f8d5d,Leverancier,Leverancier,,ABN,,,,,,Actief,Gemeenten,Gemeente,b0eea343-8d48-4144-a80d-2022d60c097f,"2015-04-14T13:15:32+00:00"
"64cdef12-da85-584f-b57c-e67c1fe054ad",Leverancier,Leverancier,,Abode Nederland,,,,,,Actief,Gemeenten,Gemeente,"1fbdf5f9-d227-443f-a455-b4893d6f96db","2016-07-26T10:10:27+00:00"
b299a842-bb72-561f-b08b-9f6f8cd8932a,Leverancier,Leverancier,,ABS,,,,,,Actief,Gemeenten,Gemeente,"6ea9357b-c6cb-4702-8e95-baafeaa6b38c","2018-10-16T15:44:02+00:00"
"8f6f4297-1f73-5635-ba91-f327c107f2ac",Leverancier,Leverancier,,ABS Spelen,,,,,,Actief,Gemeenten,Gemeente,"3a6aa04a-11ff-4ee5-9424-d65c8eb0b6bd","2022-08-19T10:26:49+00:00"
a51d7747-e3ea-5cc1-8f64-f2975da7cbe4,Leverancier,Leverancier,,Absoworld,,,,,,Actief,Gemeenten,Gemeente,"6ea9357b-c6cb-4702-8e95-baafeaa6b38c","2018-10-16T15:40:08+00:00"
"2de95fae-4871-54b9-835a-74d184e7548f",Leverancier,Leverancier,,Abstract Computing International,,,,,,Actief,Gemeenten,Gemeente,"11116e43-889d-4f50-92eb-ce630ebafd9e","2021-01-06T09:34:54+00:00"
d401731a-e866-5062-a448-fa038ebe7f03,Leverancier,Leverancier,,ABT,,,,,,Actief,Gemeenten,Gemeente,"4bfb4c05-0c9d-4138-b0d2-90a09374caf4","2015-12-31T13:32:14+00:00"
"29904744-3139-508b-ae27-5c300ca9abeb",Leverancier,Leverancier,,ABUS Secvest,,,,,,Actief,Gemeenten,Gemeente,"6e13f380-a81a-46dc-b204-6e8b8e4645dc","2014-10-13T16:18:38+00:00"
"15e9ca0d-76c3-5f64-8f60-c1046dd76912",Leverancier,Leverancier,,Acanthis,,,,,,Actief,Gemeenten,Gemeente,cd1ccd26-bb1a-4958-99f9-573b559b7ac9,"2015-04-17T11:30:57+00:00"
d72f118e-69a5-5f34-ad3f-147013f5265a,Leverancier,Leverancier,,Acato,https://acato.nl,test.vng.swc+Jer@gmail.com,+31 23 4567890,,,Actief,Gemeenten,Leverancier,d72f118e-69a5-5f34-ad3f-147013f5265a,"2025-02-12T16:43:46+00:00"
bea94bd6-5cc1-5dc8-8741-1d821d9c9f3c,Leverancier,Leverancier,,Accomodatiehuur BV,,,,,,Actief,Gemeenten,Gemeente,"11aaf77f-01d1-472b-a0c4-5e63ba1673eb","2024-01-29T12:11:48+00:00"
"3670fab6-8de7-545e-9655-d140d45de8e5",Leverancier,Leverancier,,Accountancy Portal Solutions,,,,,,Actief,Gemeenten,Gemeente,"3fa41daf-5e2d-4da2-a5a8-af0ed195ec13","2023-03-20T15:01:50+00:00"
"51ae4c71-4a01-5918-b32e-ef03fe541dac",Leverancier,Leverancier,,Accres,,,,,,Actief,Gemeenten,Gemeente,"364c76e5-1ef6-4bc3-95dd-f01be3c64669","2017-09-06T11:24:54+00:00"
c1fc7668-ae79-566a-8f68-3ba26f8b9ea7,Leverancier,Leverancier,,Accumen Data,,,,,,Actief,Gemeenten,Gemeente,"91a2ab0f-25aa-43bd-b4e6-c8ef360fa0f2","2022-02-11T11:40:13+00:00"
"5ad2abbf-64dc-53e5-a569-22752aaa159d",Leverancier,Leverancier,,ACD-Systems,,,,,,Actief,Gemeenten,Gemeente,"79a9341e-decf-4010-b2d3-f30d82f4e450","2021-02-10T14:27:14+00:00"
"31ba1f9d-65c5-55f2-ad97-3417f78d3c7c",Leverancier,Leverancier,,ACES,,,,,,Actief,Gemeenten,Gemeente,"3fa41daf-5e2d-4da2-a5a8-af0ed195ec13","2023-04-25T16:30:37+00:00"
"5feeb446-64f4-545a-a666-90afa3f99347",Leverancier,Leverancier,,Acme DWG2PDF Software,,,,,,Actief,Gemeenten,Gemeente,"6ea9357b-c6cb-4702-8e95-baafeaa6b38c","2018-10-26T13:37:46+00:00"
"10327ce1-6e64-5f4c-be3b-f2e5462aa47a",Leverancier,Leverancier,,Acquia,,,,,,Actief,Gemeenten,Gemeente,"11116e43-889d-4f50-92eb-ce630ebafd9e","2025-07-15T07:47:42+00:00"
"68062661-90ae-5cd2-93e7-db541633fed5",Leverancier,Leverancier,,Acro Software,,,,,,Actief,Gemeenten,Gemeente,"79a9341e-decf-4010-b2d3-f30d82f4e450","2021-04-13T15:52:32+00:00"
eda71a95-cfc0-5770-8399-fadd156a18f6,Leverancier,Leverancier,,Active Professionals,,,,,,Actief,Gemeenten,Gemeente,"963a9aa4-e02a-4f3b-93b9-eef410a4d43e","2017-04-20T15:30:17+00:00"
"4f62d0ed-1d18-594a-ba14-1e29cefeeb17",Leverancier,Leverancier,,Acuant Inc.,,,,,,Actief,Gemeenten,Gemeente,fea3c97a-7d59-47a0-86b0-4f842980a8c3,"2019-06-04T16:37:02+00:00"
fcb2b5d2-e502-5f4a-b363-fa1581c6ceb2,Leverancier,Leverancier,,Acuity,,,,,,Actief,Gemeenten,Gemeente,"3b083d81-e9ae-4641-a737-f043735263a4","2016-07-26T11:40:36+00:00"
"9a9fdc4a-5bd8-53f1-b8e7-6d02874d9d3c",Leverancier,Leverancier,,AddComm,,,,,,Actief,Gemeenten,Gemeente,"9384ee66-e19d-4cb1-be5a-861436ad9d67","2024-06-06T09:25:22+00:00"
"099cfc6a-b0f8-5a97-ac93-0d85ac09b4d3",Leverancier,Leverancier,,AddComm Direct B.V.,,,,,,Actief,Gemeenten,Gemeente,db3b997f-5a48-4133-bd9d-5695acf2a521,"2023-06-07T10:37:15+00:00"
c335fd48-04b9-5516-87e2-c859927e5d7e,Leverancier,Leverancier,,Adecon,,,,,,Actief,Gemeenten,Gemeente,"79a9341e-decf-4010-b2d3-f30d82f4e450","2021-07-06T16:26:38+00:00"
"867c3ac6-1b9a-5f34-91a9-63d4ea49ca93",Leverancier,Leverancier,,Adeptia,,,,,,Actief,Gemeenten,Gemeente,"349e6027-b7c4-42ac-88e6-a5f17fc833f6","2019-07-29T11:11:05+00:00"
"601c20dc-8ea8-5321-8878-6e1357abdacc",Leverancier,Leverancier,,Adesys,,,,,,Actief,Gemeenten,Gemeente,db3b997f-5a48-4133-bd9d-5695acf2a521,"2023-06-07T10:51:02+00:00"
"7bc25d25-f16d-5dba-9f6c-14f842f30e22",Leverancier,Leverancier,,Adobe,,,,,,Actief,Gemeenten,Gemeente,c506903c-cb46-4b91-a5a7-880578af3701,"2025-07-10T11:14:40+00:00"
"02a0f3f4-b025-5449-856b-54831904fddf",Leverancier,Leverancier,,Adobe Systems,,,,,,Actief,Gemeenten,Gemeente,"563593bf-81ce-4877-aa87-759b12d821b3","2017-01-12T11:24:43+00:00"
e9482c5e-3b03-5a8c-870b-7600b87a5e6d,Leverancier,Leverancier,,ADP,,,,,,Actief,Gemeenten,Gemeente,"2af271e0-a05b-460d-88c9-24c06b6eabe5","2024-12-04T12:48:19+00:00"
f5788e58-39f8-5c09-a1cd-1d3d920ea9db,Leverancier,Leverancier,,Advani,,,,,,Actief,Gemeenten,Gemeente,b0eea343-8d48-4144-a80d-2022d60c097f,"2021-03-15T15:38:28+00:00"
"5ff5c9a1-921a-5653-8f38-24c83973603e",Leverancier,Leverancier,,Adver-Online,,,,,,Actief,Gemeenten,Gemeente,"90cb9d65-8a63-4bea-8631-57c9c818c72e","2021-10-08T18:34:03+00:00"
"7b51f8ca-8964-5a67-a648-8465f939a79b",Leverancier,Leverancier,,Aebi Schmidt,,,,,,Actief,Gemeenten,Gemeente,"41301287-5c86-467d-8afb-7947df0e0b5d","2022-12-12T14:33:53+00:00"
fdd0f481-9aad-5fd3-938d-f0f44fdd23fb,Leverancier,Leverancier,,Aebi Schmidt Group,,,,,,Actief,Gemeenten,Gemeente,"9384ee66-e19d-4cb1-be5a-861436ad9d67","2024-06-06T09:37:29+00:00"
efde4b39-af53-5eb0-a917-c0f5c3595ebf,Leverancier,Leverancier,,Aebi Schmidt Holding AG,,,,,,Actief,Gemeenten,Samenwerking,"25423a74-7a95-44e5-ad48-d3240f2323f5","2016-06-21T11:16:35+00:00"
d98a3d83-1845-555e-a78c-f2a081b1a705,Leverancier,Leverancier,,Aenova,,,,,,Actief,Gemeenten,Gemeente,"719fb103-bf04-4f83-ae99-f72cc1b514c2","2025-07-01T07:55:45+00:00"
"5d82117e-b4e7-57eb-a243-375203e6020a",Leverancier,Leverancier,,Aerohive / Extreme Networks,,,,,,Actief,Gemeenten,Gemeente,"3fa41daf-5e2d-4da2-a5a8-af0ed195ec13","2023-04-25T16:29:11+00:00"
aa0e6a9e-906f-5c44-b407-a06f493102a8,Leverancier,Leverancier,,AFAS,,,,,,Actief,Gemeenten,Gemeente,b71a4bb9-89ab-41e2-9d25-8f8c6754afc9,"2024-05-14T14:38:02+00:00"
"819a4db3-b961-5268-a548-2ed1965eda96",Leverancier,Leverancier,,AFAS Software,https://www.afas.nl,test.vng.swc+Eri@gmail.com,+31 23 4567890,,,Actief,Gemeenten,Leverancier,"819a4db3-b961-5268-a548-2ed1965eda96","2022-01-24T16:29:25+00:00"
afdbf293-88ca-5841-87af-2a4c5100d7b5,Leverancier,Leverancier,,AFKAS,,,,,,Actief,Gemeenten,Gemeente,"88d860d6-83ee-4e26-bf9b-225e549ba461","2015-10-21T09:45:24+00:00"
"3511091a-4040-5b3a-8fe7-a4b6523d8e7a",Leverancier,Leverancier,,Afvalinfo.nl,,,,,,Actief,Gemeenten,Gemeente,e5cb9f1e-3c9f-4a61-b903-651d139a1d43,"2022-08-10T09:41:35+00:00"
"466b4c5e-bb67-5329-b188-9258164b12bf",Leverancier,Leverancier,,AFX,,,,,,Actief,Gemeenten,Samenwerking,"87cf05e3-7358-4007-9cbf-1cb61eb7ec8d","2016-01-13T16:54:37+00:00"
"29ff97b6-ddcd-5b82-b4e3-20c973a3be05",Leverancier,Leverancier,,Agentschap NL,,,,,,Actief,Gemeenten,Gemeente,"4d385e00-86bb-423e-86dc-1ec0629b5200","2016-03-31T16:24:20+00:00"
c6b8d2d1-bfbd-55a4-a5fa-78b0cd1a10e3,Leverancier,Leverancier,,Ai Squared,,,,,,Actief,Gemeenten,Samenwerking,ec92526a-9baa-4fa7-8a42-7a1d75cfc64a,"2017-12-08T15:05:19+00:00"
"92294a3a-135e-51ca-a19d-72ed7c4246d3",Leverancier,Leverancier,,AICN,,,,,,Actief,Gemeenten,Gemeente,"97a3b6fb-90f7-45cf-ae37-003febf346ef","2020-04-08T14:49:42+00:00"
"56444517-6e3d-544b-a95e-9ec55fa098f7",Leverancier,Leverancier,,AIS-Groep,,,,,,Actief,Gemeenten,Samenwerking,"9aa7afc7-39a5-41f1-a104-91429c495592","2017-11-29T14:28:32+00:00"
ef846628-4143-5327-9f11-04564c56587a,Leverancier,Leverancier,,Alcatel,,,,,,Actief,Gemeenten,Gemeente,ddf0e7af-285a-4853-ad18-dce8f58c7d5f,"2020-01-31T15:29:36+00:00"
"4722d954-4a62-5cac-b929-d864fcb73cba",Leverancier,Leverancier,,Alfresco,,,,,,Actief,Gemeenten,Samenwerking,"90e7b266-4ac8-41fb-bf24-c2b8bb1eb351","2016-04-14T19:26:44+00:00"
ab32d19b-8cf9-516c-a294-31425edc608e,Leverancier,Leverancier,,Algemene Pensioen Groep (AGP),,,,,,Actief,Gemeenten,Gemeente,"963a9aa4-e02a-4f3b-93b9-eef410a4d43e","2017-04-25T10:31:07+00:00"
"0339b97c-cad0-5f8d-817e-9eadcd1ad2ac",Leverancier,Leverancier,,Algolia,,,,,,Actief,Gemeenten,Gemeente,b0eea343-8d48-4144-a80d-2022d60c097f,"2019-11-06T08:46:28+00:00"
ea09a548-7e52-5b77-8473-11c096216526,Leverancier,Leverancier,,Alkmaar,,,,,,Actief,Gemeenten,Gemeente,"9e903d5f-9d6e-42f6-8c40-43ef3f1cd3d6","2019-12-05T09:28:13+00:00"
c740f5ec-29b8-56e7-a9db-2fe623a6056b,Leverancier,Leverancier,,Allegion,,,,,,Actief,Gemeenten,Gemeente,"4e4992f8-6ef0-452b-9d71-fcad5de41c65","2018-08-09T13:30:24+00:00"
a21193c4-a51e-5def-9fee-3efc9cc29853,Leverancier,Leverancier,,Alliance,,,,,,Actief,Gemeenten,Gemeente,"4d385e00-86bb-423e-86dc-1ec0629b5200","2016-04-01T09:42:22+00:00"
b324d3e0-86fc-5f0a-be21-6d32b1974496,Leverancier,Leverancier,,Allround Automations,,,,,,Actief,Gemeenten,Gemeente,"1f66615f-fa81-44f6-92e3-eadac6b11eca","2017-11-10T08:02:19+00:00"
"2d00beb8-82f4-5d94-9447-1dfed97f0dd9",Leverancier,Leverancier,,AllSolutions,https://allsolutions.nl,test.vng.swc+Ej@gmail.com,+31 23 4567890,,,Actief,Gemeenten,Leverancier,"2d00beb8-82f4-5d94-9447-1dfed97f0dd9","2025-01-08T09:38:25+00:00"
f9403237-52de-5480-84ca-9b029041f502,Leverancier,Leverancier,,Aloha,,,,,,Actief,Gemeenten,Gemeente,"4bfb4c05-0c9d-4138-b0d2-90a09374caf4","2015-12-21T14:36:55+00:00"
"1a7166bb-9525-574b-824b-9de3af72e418",Leverancier,Leverancier,,Alphatronics BV,,,,,,Actief,Gemeenten,Samenwerking,"32c53733-eb4b-49f7-9451-7ad09cade085","2017-11-23T08:05:28+00:00"
e830d208-1ca0-5f48-9a00-00950e6ead1e,Leverancier,Leverancier,,ALS Beheersarchief,,,,,,Actief,Gemeenten,Samenwerking,d22b9ff2-8b62-4b48-b6ad-7b9e86002cd8,"2019-02-06T16:07:05+00:00"
"02513000-ba61-5e84-a083-ac9e848b96ec",Leverancier,Leverancier,,Altec,,,,,,Actief,Gemeenten,Gemeente,db7fdd84-bdfd-41d6-8641-0f1e2a954c25,"2017-07-05T15:19:32+00:00"
b7454a06-cf4b-5deb-a16c-1739f8ead6af,Leverancier,Leverancier,,AlterNet,,,,,,Actief,Gemeenten,Gemeente,f27de83f-f8b2-4c6b-b6c2-980800ad7910,"2014-07-15T12:46:43+00:00"
"20710108-ee45-5001-9b83-fcb4d28e4b87",Leverancier,Leverancier,,Alteryx,,,,,,Actief,Gemeenten,Gemeente,"563593bf-81ce-4877-aa87-759b12d821b3","2023-05-08T16:44:32+00:00"
"21a917af-438b-5a44-b1b3-e64c4e31f260",Leverancier,Leverancier,,Altova,,,,,,Actief,Gemeenten,Samenwerking,"35537ae8-70b1-4ea8-ae6a-dd9a31e1b3b8","2017-07-26T14:52:00+00:00"
"7c7d08ca-ef2b-58b8-8f67-d83e21a3f99e",Leverancier,Leverancier,,Amag Technology,,,,,,Actief,Gemeenten,Gemeente,"6e13f380-a81a-46dc-b204-6e8b8e4645dc","2014-10-15T11:42:59+00:00"
"2fa55c99-70d9-586d-9c0e-be6970e67464",Leverancier,Leverancier,,Amazon Web Services (AWS),,,,,,Actief,Gemeenten,Gemeente,b0eea343-8d48-4144-a80d-2022d60c097f,"2020-01-24T14:34:05+00:00"
f863cd24-19dc-569d-b157-ee0269c7d483,Leverancier,Leverancier,,AMCS,,,,,,Actief,Gemeenten,Gemeente,db3b997f-5a48-4133-bd9d-5695acf2a521,"2023-06-07T11:02:11+00:00"
a2fd75bc-e923-5725-8d4a-3a6f43c1fe39,Leverancier,Leverancier,,Amersfoort,,,,,,Actief,Gemeenten,Gemeente,cb634d57-2b5f-4a03-9be4-d04c483853a7,"2017-12-22T12:13:39+00:00"
a34f47f4-8c4f-5cee-8eae-abf1909b54ea,Leverancier,Leverancier,,Amyyon,https://www.amyyon.nl/software-amyyon/amyyon-crm/#crm-overheid-id,test.vng.swc+J@gmail.com,+31 23 4567890,,,Actief,Gemeenten,Leverancier,a34f47f4-8c4f-5cee-8eae-abf1909b54ea,"2024-01-10T15:37:05+00:00"
a34f47f4-8c4f-5cee-8eae-abf1909b54ea,Leverancier,Leverancier,,Amyyon,https://www.amyyon.nl/software-amyyon/amyyon-crm/#crm-overheid-id,test.vng.swc+J@gmail.com,+31 23 4567890,,,Actief,Gemeenten,Gemeente,cd1ccd26-bb1a-4958-99f9-573b559b7ac9,"2019-12-12T14:23:08+00:00"
"038a0a6c-4d99-56d2-8c27-3030e9457a9f",Leverancier,Leverancier,,ANC,,,,,,Actief,Gemeenten,Gemeente,db3b997f-5a48-4133-bd9d-5695acf2a521,"2023-06-07T11:06:43+00:00"
"4618d945-05b3-5f79-8011-0bf82058fb73",Leverancier,Leverancier,,Andes,https://www.andes.nl,test.vng.swc+Dav@gmail.com,+31 23 4567890,,,Actief,Gemeenten,Leverancier,"4618d945-05b3-5f79-8011-0bf82058fb73","2018-09-13T14:34:08+00:00"
"4618d945-05b3-5f79-8011-0bf82058fb73",Leverancier,Leverancier,,Andes,https://www.andes.nl,test.vng.swc+Dav@gmail.com,+31 23 4567890,,,Actief,Gemeenten,Gemeente,"6ea9357b-c6cb-4702-8e95-baafeaa6b38c","2018-10-19T19:28:14+00:00"
"5d389140-440e-530d-80d6-6b48c9e23552",Leverancier,Leverancier,,Andes B.V.,,,,,,Actief,Gemeenten,Gemeente,db7fdd84-bdfd-41d6-8641-0f1e2a954c25,"2017-07-03T15:34:18+00:00"
"4f94e320-3a59-5e12-8085-b79e79fc803a",Leverancier,Leverancier,,ANG Connectie,,,,,,Actief,Gemeenten,Samenwerking,"531dc053-40ae-4180-94a4-0af14eea374b","2017-01-06T10:58:19+00:00"
d75ba594-27aa-54fc-9f80-e0bdde28adc4,Leverancier,Leverancier,,Anoigo,,,,,,Actief,Gemeenten,Gemeente,"402d47dd-12e3-4ac0-9a14-ecbd07df62a4","2019-03-11T14:28:53+00:00"
d0a966ba-7755-529a-9415-94a2a34f1f50,Leverancier,Leverancier,,ANP,,,,,,Actief,Gemeenten,Gemeente,b0eea343-8d48-4144-a80d-2022d60c097f,"2017-10-16T08:46:01+00:00"
ba334cb3-4c57-53b7-9421-8468e2c6140b,Leverancier,Leverancier,,Antea,,,,,,Actief,Gemeenten,Gemeente,"91a2ab0f-25aa-43bd-b4e6-c8ef360fa0f2","2023-03-07T07:56:20+00:00"
"34e72c57-5cb1-54a3-8d0d-0b82f2393d0b",Leverancier,Leverancier,,Antea Group,https://www.anteagroup.nl,test.vng.swc+Bas@gmail.com,,,,Actief,Gemeenten,Leverancier,"34e72c57-5cb1-54a3-8d0d-0b82f2393d0b","2014-03-26T10:13:27+00:00"
"34e72c57-5cb1-54a3-8d0d-0b82f2393d0b",Leverancier,Leverancier,,Antea Group,https://www.anteagroup.nl,test.vng.swc+Bas@gmail.com,,,,Actief,Gemeenten,Gemeente,"8908e84f-8ac2-41be-8cd8-95adbacf48df","2021-07-26T16:23:36+00:00"
d5cea62e-d065-564d-8152-843c9497772c,Leverancier,Leverancier,,Antwoordplus,,,,,,Actief,Gemeenten,Gemeente,"311c99f5-18d7-478b-b615-faf55530142a","2021-02-08T10:56:48+00:00"
"203f5637-d14e-58e1-8549-159d0abc9ffa",Leverancier,Leverancier,,Any2info,,,,,,Actief,Gemeenten,Gemeente,"269a3750-61f1-41f0-b03b-e53ab7eb6315","2021-05-17T11:59:09+00:00"
a9b6db5d-4756-5d53-b8da-4a44f7ee4615,Leverancier,Leverancier,,Anylinq,,,,,,Actief,Gemeenten,Gemeente,b0eea343-8d48-4144-a80d-2022d60c097f,"2019-11-07T16:31:32+00:00"
"105ee63d-e399-50db-9f78-235b771d4652",Leverancier,Leverancier,,Anywhere365,,,,,,Actief,Gemeenten,Gemeente,b2301b50-241e-4a1d-b1cc-f50d5e83458f,"2023-08-03T15:43:32+00:00"
"289bcba5-97d6-58e5-a4e0-a922c1db935c",Leverancier,Leverancier,,Ap-art,,,,,,Actief,Gemeenten,Gemeente,"1f66615f-fa81-44f6-92e3-eadac6b11eca","2017-11-10T12:52:17+00:00"
"0b5958b0-f53c-5499-b88d-d9ee04a106a3",Leverancier,Leverancier,,Apache,,,,,,Actief,Gemeenten,Gemeente,"275bef1a-abb4-431e-9f8c-372b6ea258e9","2016-04-28T16:15:14+00:00"
"7dc2013f-fd12-5c7f-ac49-6ea878c004c7",Leverancier,Leverancier,,Apache Software Foundation,,,,,,Actief,Gemeenten,Samenwerking,"531dc053-40ae-4180-94a4-0af14eea374b","2019-12-24T15:01:47+00:00"
"25143817-4248-5114-968c-84745a8a74d6",Leverancier,Leverancier,,Apache.org,,,,,,Actief,Gemeenten,Gemeente,"79a9341e-decf-4010-b2d3-f30d82f4e450","2021-02-10T14:51:56+00:00"
"738de58c-d857-5802-a438-88ecbec4214a",Leverancier,Leverancier,,APG,,,,,,Actief,Gemeenten,Gemeente,db3b997f-5a48-4133-bd9d-5695acf2a521,"2023-06-07T11:13:58+00:00"
"2305917c-aab1-533f-9de6-1e93c130e6a7",Leverancier,Leverancier,,Appical,,,,,,Actief,Gemeenten,Gemeente,db3b997f-5a48-4133-bd9d-5695acf2a521,"2023-06-07T11:21:01+00:00"
"16e6c73d-d37f-5a96-aa23-e565b571403f",Leverancier,Leverancier,,Appical BV,,,,,,Actief,Gemeenten,Samenwerking,"72615a0b-8276-4f0c-ac73-82ee98c80d0b","2018-08-21T09:28:59+00:00"
"476432a3-e85a-5aa2-9c23-f5abd2975a89",Leverancier,Leverancier,,Apple,,,,,,Actief,Gemeenten,Gemeente,"11116e43-889d-4f50-92eb-ce630ebafd9e","2025-09-22T15:51:42+00:00"
"52f9c830-6167-5834-aeb9-57b9edc70d0a",Leverancier,Leverancier,,Approxx B.V.,,,,,,Actief,Gemeenten,Gemeente,ee2cfcb1-a184-4e5c-85f0-8fc3ad859ddc,"2025-07-04T16:07:07+00:00"
cfdb055c-377d-5ca6-bfeb-ab3d2393bf03,Leverancier,Leverancier,,Appsemble,https://appsemble.com,test.vng.swc+Kee@gmail.com,+31 23 4567890,,,Actief,Gemeenten,Leverancier,cfdb055c-377d-5ca6-bfeb-ab3d2393bf03,"2025-06-30T15:33:55+00:00"
"53399fe8-40e4-5b31-a74e-387b5902fcce",Leverancier,Leverancier,,AppStudio BV,,,,,,Actief,Gemeenten,Samenwerking,"7b92c77f-e71f-42a5-8fcb-539cbc55740c","2019-11-18T13:29:53+00:00"
"169a43af-4769-5b49-88cf-1715a4537833",Leverancier,Leverancier,,Apptimize,,,,,,Actief,Gemeenten,Gemeente,"0844b9eb-2d66-445c-a183-1095d7fa0bf7","2024-09-17T09:41:53+00:00"
"7d8f864f-6c77-5ed0-8cd0-f24c353dfd0e",Leverancier,Leverancier,,Aqqo (voorheen Accommodatiehuur),https://www.aqqo.com,test.vng.swc+Gem@gmail.com,+31 23 4567890,,,Actief,Gemeenten,Leverancier,"7d8f864f-6c77-5ed0-8cd0-f24c353dfd0e","2020-03-23T14:20:30+00:00"
"6027882a-24cf-56a5-bed5-05277f685dd9",Leverancier,Leverancier,,ARAS,,,,,,Actief,Gemeenten,Gemeente,b6a3804a-012d-452e-859d-9955e1bd6bc2,"2023-05-01T10:32:45+00:00"
"00a7faf9-0956-57f5-91f7-ca705212ab94",Leverancier,Leverancier,,ARAS Security,https://www.cardaccess.nl,test.vng.swc+Jea@gmail.com,+31 23 4567890,,,Actief,Gemeenten,Leverancier,"00a7faf9-0956-57f5-91f7-ca705212ab94","2025-03-31T17:36:15+00:00"
"00a7faf9-0956-57f5-91f7-ca705212ab94",Leverancier,Leverancier,,ARAS Security,https://www.cardaccess.nl,test.vng.swc+Jea@gmail.com,+31 23 4567890,,,Actief,Gemeenten,Gemeente,"9e903d5f-9d6e-42f6-8c40-43ef3f1cd3d6","2019-12-05T09:08:41+00:00"
"3381e428-f08b-556d-b2c8-8b72b05a22dd",Leverancier,Leverancier,,Arbor,,,,,,Actief,Gemeenten,Gemeente,"41301287-5c86-467d-8afb-7947df0e0b5d","2022-12-15T15:11:14+00:00"
fdec0ae9-a832-53e8-939f-6dd2a045104e,Leverancier,Leverancier,,Arbor Media,,,,,,Actief,Gemeenten,Gemeente,"311c99f5-18d7-478b-b615-faf55530142a","2021-02-08T09:59:14+00:00"
e361f324-98f8-5c28-8108-6b40addb191d,Leverancier,Leverancier,,Arbovitale,,,,,,Actief,Gemeenten,Gemeente,db3b997f-5a48-4133-bd9d-5695acf2a521,"2023-06-07T11:24:15+00:00"
fc3816e4-6fbb-5af7-b4d7-8ccb86a122e4,Leverancier,Leverancier,,Arcadis,,,,,,Actief,Gemeenten,Samenwerking,"5e6c9fb0-6a38-4065-8a70-6f5e27a856ef","2020-08-11T12:00:15+00:00"
b9e3ac72-8001-5d35-a993-ae5c87f3a2ec,Leverancier,Leverancier,,Archi Europe B.V.,,,,,,Actief,Gemeenten,Gemeente,c506903c-cb46-4b91-a5a7-880578af3701,"2025-07-10T11:22:27+00:00"
"9502f786-3583-593c-bfe6-c10170c7767f",Leverancier,Leverancier,,Archidat,,,,,,Actief,Gemeenten,Gemeente,cd3ad582-40da-4de1-a230-fcfd33fef75e,"2019-06-18T11:01:37+00:00"
c9d3fc81-d1df-5098-8dae-0b08ac6cec46,Leverancier,Leverancier,,Archie Europe,https://www.archie.nl,test.vng.swc+Ruu@gmail.com,+31 23 4567890,,,Actief,Gemeenten,Leverancier,c9d3fc81-d1df-5098-8dae-0b08ac6cec46,"2022-08-16T15:31:22+00:00"
"857ca3eb-a4fe-5224-b1d4-398c45f7fb9a",Leverancier,Leverancier,,Archiefweb.eu,,,,,,Actief,Gemeenten,Gemeente,"9b0411ba-41da-4a15-9eaa-42b624dba40c","2017-12-08T11:24:29+00:00"
c4791a66-a296-5359-9e79-790d31fed565,Leverancier,Leverancier,,ArchiXL,https://www.archixl.nl,test.vng.swc+Tsc@gmail.com,+31 23 4567890,,,Actief,Gemeenten,Leverancier,c4791a66-a296-5359-9e79-790d31fed565,"2020-05-11T10:09:02+00:00"
"21482bfc-34cf-5c42-967d-ef76be52bee7",Leverancier,Leverancier,,Arcsoft,,,,,,Actief,Gemeenten,Gemeente,"60845a9b-6ddd-417f-ad71-e99cf4b0780d","2017-03-15T14:03:35+00:00"
c2a066b8-7325-58f7-952b-684244229e0c,Leverancier,Leverancier,,ARdus,,,,,,Actief,Gemeenten,Gemeente,fea3c97a-7d59-47a0-86b0-4f842980a8c3,"2019-04-30T11:21:12+00:00"
"6c1f9f38-1d56-599b-8cb1-38f0bd4c33a0",Leverancier,Leverancier,,ARdus Systems,,,,,,Actief,Gemeenten,Gemeente,"8adeb567-defe-4dd0-8887-f1c01889308c","2018-07-04T10:20:37+00:00"
"20c632d7-a160-589a-9ccb-41396eb626d1",Leverancier,Leverancier,,Argaleo,https://www.argaleo.com,test.vng.swc+Jer@gmail.com,+31 23 4567890,,,Actief,Gemeenten,Leverancier,"20c632d7-a160-589a-9ccb-41396eb626d1","2020-09-23T08:49:42+00:00"
"99f73ecb-1d15-5b06-a2d7-cb6188ad364e",Leverancier,Leverancier,,Argis,,,,,,Actief,Gemeenten,Gemeente,"6ea9357b-c6cb-4702-8e95-baafeaa6b38c","2018-10-29T15:15:33+00:00"
efde8ae8-e7a1-5d87-b57d-b8448523a58b,Leverancier,Leverancier,,Argonaut,,,,,,Actief,Gemeenten,Gemeente,b0eea343-8d48-4144-a80d-2022d60c097f,"2018-10-01T09:33:58+00:00"
"3e4a36eb-e947-582d-afe9-e351faf031c5",Leverancier,Leverancier,,Argu Nederland,,,,,,Actief,Gemeenten,Gemeente,"9e903d5f-9d6e-42f6-8c40-43ef3f1cd3d6","2019-10-17T12:02:20+00:00"
cf9d5b08-fdd9-5869-92ea-f188fca3cea6,Leverancier,Leverancier,,Aristoteles webconsultancy,,,,,,Actief,Gemeenten,Gemeente,"1f66615f-fa81-44f6-92e3-eadac6b11eca","2017-11-08T09:40:20+00:00"
a1b246e2-b04e-578c-92f9-81bcc254039b,Leverancier,Leverancier,,Aritech,,,,,,Actief,Gemeenten,Gemeente,"3fa41daf-5e2d-4da2-a5a8-af0ed195ec13","2025-09-22T14:26:51+00:00"
"9275e63a-2126-5fef-8a43-932e0efed03b",Leverancier,Leverancier,,Arkance Systems,https://www.arkance-systems.nl,test.vng.swc+Mar@gmail.com,+31 23 4567890,,,Actief,Gemeenten,Leverancier,"9275e63a-2126-5fef-8a43-932e0efed03b","2021-02-09T13:41:32+00:00"
"9275e63a-2126-5fef-8a43-932e0efed03b",Leverancier,Leverancier,,Arkance Systems,https://www.arkance-systems.nl,test.vng.swc+Mar@gmail.com,+31 23 4567890,,,Actief,Gemeenten,Gemeente,"22633027-4e8d-40c6-ae79-e15405728f19","2023-04-18T11:47:28+00:00"
cdbf912a-4bbd-5c31-942d-0403d766ca89,Leverancier,Leverancier,,Arrangementenmonitor,,,,,,Actief,Gemeenten,Gemeente,b6a3804a-012d-452e-859d-9955e1bd6bc2,"2023-06-12T12:58:42+00:00"
"39fa539c-71d4-592e-813f-c6ef115eaff9",Leverancier,Leverancier,,ARS,,,,,,Actief,Gemeenten,Gemeente,b71a4bb9-89ab-41e2-9d25-8f8c6754afc9,"2020-02-17T14:17:58+00:00"
"2a52519e-2065-56b4-bfe3-1c3383ab4858",Leverancier,Leverancier,,Artemis,,,,,,Actief,Gemeenten,Gemeente,"60845a9b-6ddd-417f-ad71-e99cf4b0780d","2017-03-15T11:59:35+00:00"
b40540ad-4f09-51f5-84f5-a4cc73cd9ebd,Leverancier,Leverancier,,Artifex Software,,,,,,Actief,Gemeenten,Samenwerking,"73156abd-8a53-4575-b12d-1f1479ac1f86","2019-01-09T09:34:20+00:00"
"23b59395-cc82-544b-85af-c604d9f0a472",Leverancier,Leverancier,,Aruba Networks,,,,,,Actief,Gemeenten,Gemeente,dea35f50-183b-4d08-9d7b-96a8623def46,"2018-08-31T15:49:10+00:00"
"53ff491d-072b-5adc-a69b-4709e2749eed",Leverancier,Leverancier,,AS/400,,,,,,Actief,Gemeenten,Gemeente,db7fdd84-bdfd-41d6-8641-0f1e2a954c25,"2017-07-12T12:51:24+00:00"
"16258ebb-8e29-5a44-a1ec-0d8e1e6cf70b",Leverancier,Leverancier,,Ascert (stichting),,,,,,Actief,Gemeenten,Samenwerking,dd6a2c6c-fe81-4e57-b412-45c4ebc9f032,"2020-02-05T10:27:28+00:00"
"344e5a64-f04d-580c-b1aa-ccd748cf8144",Leverancier,Leverancier,,ASH Group,,,,,,Actief,Gemeenten,Samenwerking,d328e7bc-4c85-4346-ba9a-90942a83d779,"2016-04-13T10:27:17+00:00"
"4ccc04b3-05ec-55ea-9a11-f556d5342020",Leverancier,Leverancier,,Askey,,,,,,Actief,Gemeenten,Gemeente,"4d385e00-86bb-423e-86dc-1ec0629b5200","2016-03-31T16:47:03+00:00"
c54dc16a-1ad7-53c2-9270-89cc87f7e9ae,Leverancier,Leverancier,,AskRoger,,,,,,Actief,Gemeenten,Samenwerking,"1d299c60-cae1-4550-a7f9-dc8d79cab5c6","2023-11-10T08:25:29+00:00"
ed3fbec7-ca61-548f-bb99-8fd32a535c00,Leverancier,Leverancier,,AskSam Benelux,,,,,,Actief,Gemeenten,Gemeente,"3fa41daf-5e2d-4da2-a5a8-af0ed195ec13","2019-03-25T08:30:40+00:00"
bb0d609b-5edd-5e8a-a51b-a6a295bfbff4,Leverancier,Leverancier,,Assa Abloy,,,,,,Actief,Gemeenten,Gemeente,"91a2ab0f-25aa-43bd-b4e6-c8ef360fa0f2","2025-09-05T12:26:38+00:00"
"1fcaea0e-c09e-51c6-bfb2-69464e40fc94",Leverancier,Leverancier,,Atabix,https://www.atabix.nl,test.vng.swc+R@gmail.com,+31 23 4567890,,,Actief,Gemeenten,Leverancier,"1fcaea0e-c09e-51c6-bfb2-69464e40fc94","2023-08-07T10:00:06+00:00"
"0c65ce20-7a9a-583d-9f03-68154b7cf126",Leverancier,Leverancier,,ATAL,,,,,,Actief,Gemeenten,Gemeente,db3b997f-5a48-4133-bd9d-5695acf2a521,"2023-06-07T11:33:38+00:00"
f26afc87-74cb-556c-99e4-01bfff795904,Leverancier,Leverancier,,Athlon,,,,,,Actief,Gemeenten,Gemeente,"79a9341e-decf-4010-b2d3-f30d82f4e450","2021-02-16T12:18:10+00:00"
"6c6f6132-410f-5421-9226-7e24dac88b49",Leverancier,Leverancier,,Atimo,,,,,,Actief,Gemeenten,Gemeente,d70e7220-833b-4bd6-ba32-b8dec10a9b89,"2023-03-06T14:41:13+00:00"
da4c06e4-818b-56bc-9260-91b3ff159997,Leverancier,Leverancier,,Atlantis,,,,,,Actief,Gemeenten,Gemeente,"11116e43-889d-4f50-92eb-ce630ebafd9e","2020-05-17T15:47:07+00:00"
"540224a6-915f-55fa-890e-f307a37bb72c",Leverancier,Leverancier,,Atlassian,,,,,,Actief,Gemeenten,Gemeente,e5cb9f1e-3c9f-4a61-b903-651d139a1d43,"2022-01-03T17:02:45+00:00"
"36f5c036-f296-584b-8bff-f0be20acf74b",Leverancier,Leverancier,,Atos,,,,,,Actief,Gemeenten,Gemeente,f6760577-58c8-477d-85b7-06796fdfd82d,"2019-08-13T10:39:57+00:00"
b7db012c-d483-5b01-a71b-e49cf861a515,Leverancier,Leverancier,,ATPS,,,,,,Actief,Gemeenten,Samenwerking,"86aa66a7-4802-4d73-95d7-0d4e7ca98255","2018-07-17T10:04:15+00:00"
"89a7c4ce-ddeb-5c8a-9a96-947506396ba5",Leverancier,Leverancier,,ATPS B.V.,,,,,,Actief,Gemeenten,Samenwerking,d6088f73-1be3-46b6-a67d-9045db0842c1,"2025-04-09T11:55:54+00:00"
c7da3264-2f0f-5d09-8956-0ab85b6dfd9d,Leverancier,Leverancier,,Atrea,,,,,,Actief,Gemeenten,Gemeente,"4f0860d5-d31c-4a4d-9ec2-541bfe72860f","2024-03-25T12:05:35+00:00"
ce7f666a-7fdc-52ff-8f47-4015c8dcb7c4,Leverancier,Leverancier,,Audacity,,,,,,Actief,Gemeenten,Gemeente,"098fa2df-f721-4d5d-802f-d555af15639d","2022-09-05T15:24:42+00:00"
af508217-9e8d-587a-b55a-5c491a0264c5,Leverancier,Leverancier,,Audacityteam,,,,,,Actief,Gemeenten,Gemeente,"8adeb567-defe-4dd0-8887-f1c01889308c","2018-07-04T10:23:59+00:00"
"239ba085-aa06-54be-ae24-788fdf304696",Leverancier,Leverancier,,Ausems en Kerkvliet,,,,,,Actief,Gemeenten,Gemeente,"563593bf-81ce-4877-aa87-759b12d821b3","2022-08-12T13:35:04+00:00"
"8204d1c7-489f-589f-9625-8dac38d18ced",Leverancier,Leverancier,,AutoDesk,,,,,,Actief,Gemeenten,Gemeente,ee2cfcb1-a184-4e5c-85f0-8fc3ad859ddc,"2025-08-12T15:33:13+00:00"
"2fcac4a8-bda2-5b3e-bdb2-e12a69899811",Leverancier,Leverancier,,Autonomy/HP,,,,,,Actief,Gemeenten,Samenwerking,"49f17690-c60f-4d1e-844c-4e84d473e39a","2015-07-24T17:03:47+00:00"
"9c8d6c91-e1f4-55c2-9a13-330d199ec6ef",Leverancier,Leverancier,,Autoriteit Persoonsgegevens,,,,,,Actief,Gemeenten,Gemeente,e7b34d5f-6917-4aef-8753-bfcb3d07660b,"2018-12-31T17:44:47+00:00"
d4d7d9e3-2b5c-58d2-8226-b0f79842632d,Leverancier,Leverancier,,Auxilium,https://www.auxilium.nl,test.vng.swc+Jkl@gmail.com,+31 23 4567890,,,Actief,Gemeenten,Leverancier,d4d7d9e3-2b5c-58d2-8226-b0f79842632d,"2014-03-26T10:13:27+00:00"
"9e560b1b-8cee-5281-8ac7-095cb58d79cd",Leverancier,Leverancier,,Avalex,,,,,,Actief,Gemeenten,Gemeente,e033b25b-3b17-4b55-a1f8-2c40a3ece8a7,"2019-02-01T09:47:31+00:00"
"1e429165-385a-52a3-a7c4-cf51f6b706e0",Leverancier,Leverancier,,Avangate B.V.,,,,,,Actief,Gemeenten,Gemeente,"24e2f780-e346-434e-b687-6502f63971d5","2017-09-18T11:26:08+00:00"
"268b5863-7655-5aff-8383-32864e25a8e3",Leverancier,Leverancier,,Avaya,,,,,,Actief,Gemeenten,Gemeente,"11116e43-889d-4f50-92eb-ce630ebafd9e","2025-07-09T10:49:22+00:00"
"7fc4ce77-1a51-5ff4-9b24-9a0ebc456107",Leverancier,Leverancier,,Avelon,,,,,,Actief,Gemeenten,Gemeente,db3b997f-5a48-4133-bd9d-5695acf2a521,"2023-06-07T11:49:54+00:00"
"7f883dc4-ae33-5260-887e-c25ac99ef7f9",Leverancier,Leverancier,,AvePoint,,,,,,Actief,Gemeenten,Gemeente,"563593bf-81ce-4877-aa87-759b12d821b3","2022-08-08T16:21:41+00:00"
fa142307-842b-546e-b8b9-a7db9341f750,Leverancier,Leverancier,,Avolve,,,,,,Actief,Gemeenten,Gemeente,"79061205-d3a8-40c4-addb-8e9a15f5f04e","2024-10-24T12:16:41+00:00"
b03357ea-5c07-5f40-a78c-adc7dcd7d697,Leverancier,Leverancier,,Axes4,,,,,,Actief,Gemeenten,Gemeente,b6a3804a-012d-452e-859d-9955e1bd6bc2,"2023-06-12T13:05:27+00:00"
"43aa9acf-3128-52e7-9aa1-e8e0d3ca40bd",Leverancier,Leverancier,,AXI,,,,,,Actief,Gemeenten,Gemeente,e9bf3b82-2033-44cb-8b49-884dc4d25540,"2020-11-02T11:47:47+00:00"
"704d8af9-04cf-553f-b5d8-e39e7d481c2d",Leverancier,Leverancier,,Axians,,,,,,Actief,Gemeenten,Gemeente,"1f66615f-fa81-44f6-92e3-eadac6b11eca","2017-11-13T07:55:14+00:00"
d0c51904-e4ad-5e73-ab18-413a4afad04c,Leverancier,Leverancier,,Axiell,,,,,,Actief,Gemeenten,Gemeente,"2af271e0-a05b-460d-88c9-24c06b6eabe5","2025-01-14T08:57:25+00:00"
"0269630a-6a0c-54fd-a292-425511baa125",Leverancier,Leverancier,,Axle IT,,,,,,Actief,Gemeenten,Gemeente,"1880c34d-da3f-4e29-8a36-49f96e2e0392","2017-06-28T16:37:29+00:00"
b5c8e9ad-5b4b-5adc-9c42-72e04c83894e,Leverancier,Leverancier,,Axxemble,https://www.axxemble.nl,test.vng.swc+B@gmail.com,+31 23 4567890,,,Actief,Gemeenten,Leverancier,b5c8e9ad-5b4b-5adc-9c42-72e04c83894e,"2020-11-30T13:46:05+00:00"
"1e79f0d5-269d-5695-9a2d-4e6c1fb1b592",Leverancier,Leverancier,,Axxerion,,,,,,Actief,Gemeenten,Gemeente,fea3c97a-7d59-47a0-86b0-4f842980a8c3,"2019-04-08T11:44:38+00:00"
c6560512-087d-5056-8da0-bfc933619de5,Leverancier,Leverancier,,B-ware Business Software,https://docsys.nl,test.vng.swc+Sal@gmail.com,+31 23 4567890,,,Actief,Gemeenten,Leverancier,c6560512-087d-5056-8da0-bfc933619de5,"2017-02-27T12:44:56+00:00"
"9426a7fe-c541-50b2-9780-1a0bc16ff639",Leverancier,Leverancier,,B.Smart,,,,,,Actief,Gemeenten,Gemeente,"35142b1e-c394-4a4b-a8bf-1445dbfb62cb","2023-11-13T11:16:23+00:00"
"2385d410-a52f-5e2e-9742-ae218828d57b",Leverancier,Leverancier,,B2B Secure BV,,,,,,Actief,Gemeenten,Gemeente,"3f8a0f92-979c-4cae-9ddf-7147a036d60b","2023-06-05T10:31:19+00:00"
f63fd63d-08b5-557e-80f7-af46a17959de,Leverancier,Leverancier,,B2U,,,,,,Actief,Gemeenten,Gemeente,"563593bf-81ce-4877-aa87-759b12d821b3","2022-08-08T15:24:55+00:00"
"8efed823-c182-5e25-9c53-c67d2b07df36",Leverancier,Leverancier,,B3Partners,https://www.b3partners.nl,test.vng.swc+Inf@gmail.com,+31 23 4567890,,,Actief,Gemeenten,Leverancier,"8efed823-c182-5e25-9c53-c67d2b07df36","2015-04-28T16:59:36+00:00"
"8efed823-c182-5e25-9c53-c67d2b07df36",Leverancier,Leverancier,,B3Partners,https://www.b3partners.nl,test.vng.swc+Inf@gmail.com,+31 23 4567890,,,Actief,Gemeenten,Gemeente,"2af271e0-a05b-460d-88c9-24c06b6eabe5","2024-11-28T15:16:21+00:00"
fd5946b5-260e-5a00-93d1-5012758d4c13,Leverancier,Leverancier,,Baaij software,,,,,,Actief,Gemeenten,Gemeente,"6ea9357b-c6cb-4702-8e95-baafeaa6b38c","2018-10-19T19:01:30+00:00"
"24dff62b-051e-5992-bec2-9e691e6fa520",Leverancier,Leverancier,,BAAIJ Software Engineering,,,,,,Actief,Gemeenten,Gemeente,"8908e84f-8ac2-41be-8cd8-95adbacf48df","2021-07-28T09:42:02+00:00"
"614feda7-7272-5272-9967-5f6211604ac2",Leverancier,Leverancier,,Baasgeo,https://www.baasgeo.com,test.vng.swc+B@gmail.com,+31 23 4567890,,,Actief,Gemeenten,Leverancier,"614feda7-7272-5272-9967-5f6211604ac2","2022-09-27T09:55:52+00:00"
"75d30a8e-3b40-5889-b535-6cdd6ab41bcf",Leverancier,Leverancier,,Babbage,,,,,,Actief,Gemeenten,Samenwerking,"49f17690-c60f-4d1e-844c-4e84d473e39a","2020-04-10T11:29:03+00:00"
"08b98c57-3159-5d2d-8b3c-4f1c384dd9d8",Leverancier,Leverancier,,Babylon,,,,,,Actief,Gemeenten,Samenwerking,d328e7bc-4c85-4346-ba9a-90942a83d779,"2017-12-08T15:25:10+00:00"
"385fe8a2-b5be-59df-89bd-3d4f87fb76a8",Leverancier,Leverancier,,Baggerteam,,,,,,Actief,Gemeenten,Gemeente,"311c99f5-18d7-478b-b615-faf55530142a","2021-02-08T10:27:08+00:00"
b34b14ea-ced0-5014-8f4d-906b2bef0ecf,Leverancier,Leverancier,,BakerWare,https://www.bakerware.nl,test.vng.swc+Fre@gmail.com,+31 23 4567890,,,Actief,Gemeenten,Leverancier,b34b14ea-ced0-5014-8f4d-906b2bef0ecf,"2014-03-26T10:13:27+00:00"
b34b14ea-ced0-5014-8f4d-906b2bef0ecf,Leverancier,Leverancier,,BakerWare,https://www.bakerware.nl,test.vng.swc+Fre@gmail.com,+31 23 4567890,,,Actief,Gemeenten,Samenwerking,"0205f65c-9dc9-421b-bcbf-4719bc0775e4","2022-03-23T16:05:11+00:00"
ed7d80ff-f99b-5a60-8852-715a72ffa232,Leverancier,Leverancier,,Bakker & Spees,https://www.bakkerspees.nl,test.vng.swc+Spe@gmail.com,+31 23 4567890,,,Actief,Gemeenten,Leverancier,ed7d80ff-f99b-5a60-8852-715a72ffa232,"2014-07-18T11:58:57+00:00"
ed7d80ff-f99b-5a60-8852-715a72ffa232,Leverancier,Leverancier,,Bakker & Spees,https://www.bakkerspees.nl,test.vng.swc+Spe@gmail.com,+31 23 4567890,,,Actief,Gemeenten,Gemeente,"60845a9b-6ddd-417f-ad71-e99cf4b0780d","2017-03-15T13:50:20+00:00"
"03fe34c0-6111-5623-b5c3-aa1cd134bbf6",Leverancier,Leverancier,,Bakker en Spees,,,,,,Actief,Gemeenten,Gemeente,"8adeb567-defe-4dd0-8887-f1c01889308c","2015-09-15T13:53:58+00:00"
"43348cd9-c596-5527-afa5-b0c485126c92",Leverancier,Leverancier,,BAM,,,,,,Actief,Gemeenten,Samenwerking,"87cf05e3-7358-4007-9cbf-1cb61eb7ec8d","2016-05-20T16:14:51+00:00"
"66baaee7-6c30-54f9-ab9f-cd222b039e98",Leverancier,Leverancier,,Bank Ned. Gemeenten,,,,,,Actief,Gemeenten,Gemeente,"24e2f780-e346-434e-b687-6502f63971d5","2016-02-29T15:00:05+00:00"
"217adec5-e6ae-5b11-b8f7-4b3ba0ceda0d",Leverancier,Leverancier,,Bank Nederlandse Gemeente,,,,,,Actief,Gemeenten,Gemeente,"11116e43-889d-4f50-92eb-ce630ebafd9e","2025-06-26T08:59:48+00:00"
"8330c45b-1a93-5dfc-b5d7-19eb284bbd00",Leverancier,Leverancier,,Baramundi,,,,,,Actief,Gemeenten,Samenwerking,"49f17690-c60f-4d1e-844c-4e84d473e39a","2020-04-10T11:22:25+00:00"
d31f04f7-be53-5272-8417-9cfe8652fcac,Leverancier,Leverancier,,Barco,,,,,,Actief,Gemeenten,Gemeente,"563593bf-81ce-4877-aa87-759b12d821b3","2022-08-12T11:36:15+00:00"
"7dac5917-f269-5b00-957f-208cf3d777c5",Leverancier,Leverancier,,Basisbeeld,,,,,,Actief,Gemeenten,Gemeente,c506903c-cb46-4b91-a5a7-880578af3701,"2025-07-10T11:33:37+00:00"
"5ffa8a25-cb61-5381-aed4-cf4e331effbc",Leverancier,Leverancier,,Bastion365,,,,,,Actief,Gemeenten,Gemeente,"53873206-6267-4cc5-b24a-726e0e013ac3","2025-07-21T08:36:51+00:00"
"32b8fac5-cfc8-593b-980c-53b1c28b3e7a",Leverancier,Leverancier,,Bastionic B.V.,,,,,,Actief,Gemeenten,Gemeente,"93921d69-ac8e-4c11-b3a2-51efb704d969","2025-08-21T08:26:05+00:00"
"5433549c-54d2-593f-8431-d8afd7c03908",Leverancier,Leverancier,,BBM,,,,,,Actief,Gemeenten,Gemeente,"3b9bb816-ade8-44ba-98a1-611e05ebb84b","2016-02-25T18:47:46+00:00"
"34e48f19-745a-5f3c-94cb-bf2f01c42001",Leverancier,Leverancier,,BBN,,,,,,Actief,Gemeenten,Gemeente,f6760577-58c8-477d-85b7-06796fdfd82d,"2019-09-12T15:23:19+00:00"
"49ae51f8-612e-5507-a4e5-46b78fe0a35f",Leverancier,Leverancier,,BCPI.eu,https://www.bcpi.eu,test.vng.swc+Hro@gmail.com,+31 23 4567890,,,Actief,Gemeenten,Leverancier,"49ae51f8-612e-5507-a4e5-46b78fe0a35f","2018-05-16T14:47:22+00:00"
"7e2f6dd1-937f-50c8-95e3-c80a4865f797",Leverancier,Leverancier,,BCS,,,,,,Actief,Gemeenten,Gemeente,c506903c-cb46-4b91-a5a7-880578af3701,"2025-07-10T13:30:53+00:00"
db1b690a-2786-5a20-97ee-b6392b038e4a,Leverancier,Leverancier,,BCT,https://www.bctsoftware.com/nl,test.vng.swc+Ale@gmail.com,+31 23 4567890,,,Actief,Gemeenten,Leverancier,db1b690a-2786-5a20-97ee-b6392b038e4a,"2014-03-26T10:13:27+00:00"
db1b690a-2786-5a20-97ee-b6392b038e4a,Leverancier,Leverancier,,BCT,https://www.bctsoftware.com/nl,test.vng.swc+Ale@gmail.com,+31 23 4567890,,,Actief,Gemeenten,Gemeente,"11116e43-889d-4f50-92eb-ce630ebafd9e","2025-08-14T16:12:12+00:00"
"7f2f70a9-c89e-5ceb-9baa-be44bf10dcc3",Leverancier,Leverancier,,BCT Software,,,,,,Actief,Gemeenten,Gemeente,db7fdd84-bdfd-41d6-8641-0f1e2a954c25,"2017-07-19T15:08:46+00:00"
fadb717e-6eff-5fe6-8bbe-db50fdcbc3a4,Leverancier,Leverancier,,Bechtle B.V.,,,,,,Actief,Gemeenten,Gemeente,"85b4ae27-bba1-4239-b041-b17ae7bf6641","2020-04-16T10:10:01+00:00"
"4c457ac2-d712-5b76-86cb-8df2c33230ca",Leverancier,Leverancier,,Bedrijfszorg,,,,,,Actief,Gemeenten,Gemeente,db3b997f-5a48-4133-bd9d-5695acf2a521,"2023-06-07T12:21:37+00:00"
"8cbba5be-fc25-5bdd-8159-d0e01bf2bfbb",Leverancier,Leverancier,,Bedrijventerreinaanpak.nl,,,,,,Actief,Gemeenten,Gemeente,"3fa41daf-5e2d-4da2-a5a8-af0ed195ec13","2023-03-09T11:37:00+00:00"
"1ed20321-bb56-54c3-83c7-8272a16ea23e",Leverancier,Leverancier,,BeeOne,,,,,,Actief,Gemeenten,Gemeente,"79a9341e-decf-4010-b2d3-f30d82f4e450","2014-07-01T16:30:52+00:00"
"6a2e77bd-3a57-56c0-a235-80a871c754e6",Leverancier,Leverancier,,Befine Solutions AG,,,,,,Actief,Gemeenten,Samenwerking,"86aa66a7-4802-4d73-95d7-0d4e7ca98255","2018-07-19T14:34:23+00:00"
"5cfeea65-6fda-5d73-82a3-21fdef1b1003",Leverancier,Leverancier,,Beheervisie,,,,,,Actief,Gemeenten,Gemeente,a14883c0-8e70-4381-bd75-1ecc3e4ef785,"2023-05-15T15:10:19+00:00"
b7803c11-d977-505c-bdaa-cec5661445e0,Leverancier,Leverancier,,Belastingdienst,,,,,,Actief,Gemeenten,Gemeente,"3fa41daf-5e2d-4da2-a5a8-af0ed195ec13","2025-01-09T10:44:54+00:00"
"905629e1-5c86-5cda-9f75-fe045383c7f1",Leverancier,Leverancier,,Ben Olden-Cooligan,,,,,,Actief,Gemeenten,Samenwerking,"35537ae8-70b1-4ea8-ae6a-dd9a31e1b3b8","2017-07-27T10:06:43+00:00"
"186478e5-3edf-5888-abca-1ce718b13379",Leverancier,Leverancier,,Benschop,,,,,,Actief,Gemeenten,Samenwerking,"9eb5efd8-49b2-403e-af3b-126c782b5305","2016-01-07T15:51:47+00:00"
fe0ec9f6-5089-557d-8085-3b43fddb5f13,Leverancier,Leverancier,,Bentis B.V.,https://www.bentis.nl,test.vng.swc+Pet@gmail.com,+31 23 4567890,,,Actief,Gemeenten,Leverancier,fe0ec9f6-5089-557d-8085-3b43fddb5f13,"2016-12-15T16:40:36+00:00"
fe0ec9f6-5089-557d-8085-3b43fddb5f13,Leverancier,Leverancier,,Bentis B.V.,https://www.bentis.nl,test.vng.swc+Pet@gmail.com,+31 23 4567890,,,Actief,Gemeenten,Samenwerking,"095b8087-36d2-4df1-b5de-6309427af230","2017-11-23T12:21:02+00:00"
"5bd25aa6-8f4f-5199-9488-d35aa752515c",Leverancier,Leverancier,,Bentley,,,,,,Actief,Gemeenten,Gemeente,c506903c-cb46-4b91-a5a7-880578af3701,"2025-07-11T10:28:36+00:00"
"86742ece-0ef5-5082-b23f-525c195a4771",Leverancier,Leverancier,,BeOne Development,,,,,,Actief,Gemeenten,Samenwerking,a72de2d1-9a5a-462f-92e4-a79986d89109,"2020-01-10T11:51:24+00:00"
e9c99ab8-ba3d-52e5-9a60-c0e680d187dd,Leverancier,Leverancier,,Bepacom,,,,,,Actief,Gemeenten,Gemeente,ab8c21a3-105a-437c-be7e-41553dff6dc4,"2022-01-07T14:48:15+00:00"
a773a548-706e-5f89-bec0-5377ceda926b,Leverancier,Leverancier,,Berkley Bridge,,,,,,Actief,Gemeenten,Gemeente,db3b997f-5a48-4133-bd9d-5695acf2a521,"2023-06-07T14:00:32+00:00"
"0968fbdd-ae9f-5db8-a49b-9ab77351785e",Leverancier,Leverancier,,Bernard D&G,,,,,,Actief,Gemeenten,Samenwerking,"49f17690-c60f-4d1e-844c-4e84d473e39a","2015-07-24T17:09:25+00:00"
e7fbc72e-f922-548c-af47-2de35b71d57e,Leverancier,Leverancier,,Betchle,,,,,,Actief,Gemeenten,Gemeente,f6760577-58c8-477d-85b7-06796fdfd82d,"2019-12-12T12:43:18+00:00"
b6a62088-82a9-5b2e-8972-59a2534f7c12,Leverancier,Leverancier,,Betty Blocks,https://www.bettyblocks.com,test.vng.swc+Ral@gmail.com,+31 23 4567890,,,Actief,Gemeenten,Leverancier,b6a62088-82a9-5b2e-8972-59a2534f7c12,"2015-04-08T08:15:43+00:00"
b6a62088-82a9-5b2e-8972-59a2534f7c12,Leverancier,Leverancier,,Betty Blocks,https://www.bettyblocks.com,test.vng.swc+Ral@gmail.com,+31 23 4567890,,,Actief,Gemeenten,Gemeente,"9e903d5f-9d6e-42f6-8c40-43ef3f1cd3d6","2019-10-17T14:38:21+00:00"
"8d22cfd9-8e98-5353-a9d9-d258ceebb070",Leverancier,Leverancier,,Beurtvaartadres,,,,,,Actief,Gemeenten,Samenwerking,b8f6c562-92f8-4d45-b307-1cc27ba5e560,"2017-07-27T11:18:52+00:00"
b06b20b2-18e5-5261-a4d0-e22e09b9c34f,Leverancier,Leverancier,,Bever automatisering,,,,,,Actief,Gemeenten,Samenwerking,ec92526a-9baa-4fa7-8a42-7a1d75cfc64a,"2019-01-25T13:38:36+00:00"
fe8e01c2-8b0f-5682-bb98-c522eab352b1,Leverancier,Leverancier,,Beversoftware,,,,,,Actief,Gemeenten,Samenwerking,ec92526a-9baa-4fa7-8a42-7a1d75cfc64a,"2017-12-08T15:46:30+00:00"
d6a9eb03-24c8-5af8-9e32-b79e4cfa312b,Leverancier,Leverancier,,BigBelly,,,,,,Actief,Gemeenten,Gemeente,"0844b9eb-2d66-445c-a183-1095d7fa0bf7","2023-02-07T10:26:20+00:00"
"5a0e20cf-6cec-5c23-9a93-53916fa7409d",Leverancier,Leverancier,,BigBen - Support REM Automatisering,,,,,,Actief,Gemeenten,Gemeente,"3b9bb816-ade8-44ba-98a1-611e05ebb84b","2016-02-25T18:45:31+00:00"
e6962a1d-63e8-5ab8-9ce3-5381511e9cb4,Leverancier,Leverancier,,BimVision,,,,,,Actief,Gemeenten,Gemeente,"098fa2df-f721-4d5d-802f-d555af15639d","2022-09-06T11:33:20+00:00"
"0ffe332d-a725-5fd2-ac36-bd1c9ce83dbc",Leverancier,Leverancier,,Bink,,,,,,Actief,Gemeenten,Gemeente,db3b997f-5a48-4133-bd9d-5695acf2a521,"2023-06-07T14:03:17+00:00"
"0bc3f9f8-2fa6-55c6-9499-105bff0d7cb3",Leverancier,Leverancier,,BioLab,,,,,,Actief,Gemeenten,Gemeente,db3b997f-5a48-4133-bd9d-5695acf2a521,"2023-06-07T14:12:16+00:00"
fa71037e-7274-5c94-bad2-c5595b03b577,Leverancier,Leverancier,,BIS,,,,,,Actief,Gemeenten,Samenwerking,"72615a0b-8276-4f0c-ac73-82ee98c80d0b","2018-08-21T09:32:52+00:00"
"4665cc89-96a6-5dfb-9adc-3f2aaf0f08a9",Leverancier,Leverancier,,Bitwarden,,,,,,Actief,Gemeenten,Gemeente,"11116e43-889d-4f50-92eb-ce630ebafd9e","2025-06-26T08:37:06+00:00"
f5cc58d4-acdb-50e1-b81d-05a5ab3f20f2,Leverancier,Leverancier,,Bizagi,,,,,,Actief,Gemeenten,Samenwerking,"0830b6df-4965-4306-97f4-5d0e15b165a0","2021-12-27T13:45:39+00:00"
"1cde96c3-504b-587d-87a3-cd3851d39787",Leverancier,Leverancier,,Bizzdesign,,,,,,Actief,Gemeenten,Gemeente,"2af271e0-a05b-460d-88c9-24c06b6eabe5","2024-11-28T14:51:58+00:00"
e8c04e26-1e90-5c1a-8bd9-c4d6c858f16b,Leverancier,Leverancier,,BiZZdesign ,,,,,,Actief,Gemeenten,Gemeente,d61f60cf-d3de-458c-86e6-0e2d27b3757e,"2017-08-01T14:37:51+00:00"
"2fba0c02-d479-5140-a7b9-b345894879c2",Leverancier,Leverancier,,BizziB,,,,,,Actief,Gemeenten,Gemeente,fea3c97a-7d59-47a0-86b0-4f842980a8c3,"2020-02-10T17:59:04+00:00"
"6857dbc0-f3a1-521a-8340-11d85a76ad7d",Leverancier,Leverancier,,Bk Advies,,,,,,Actief,Gemeenten,Gemeente,c9e26ee2-0de6-476a-85e2-631a5e84ea42,"2019-04-24T13:04:16+00:00"
"1d2d8bba-9c89-58cf-b6d4-a4aa714bad2d",Leverancier,Leverancier,,BKR,,,,,,Actief,Gemeenten,Gemeente,b71a4bb9-89ab-41e2-9d25-8f8c6754afc9,"2023-05-16T14:33:20+00:00"
b6405b01-029c-5f94-ae34-75332e5ce93b,Leverancier,Leverancier,,BKWI,,,,,,Actief,Gemeenten,Gemeente,c506903c-cb46-4b91-a5a7-880578af3701,"2025-07-10T13:55:11+00:00"
"715d87e4-1702-5261-983e-8fc3e858d13a",Leverancier,Leverancier,,BKZ,,,,,,Actief,Gemeenten,Gemeente,"7738e2c7-d435-4884-9827-d62583ba48a7","2019-08-20T13:35:24+00:00"
"2d4e1d41-f35c-5d16-9d21-261126752893",Leverancier,Leverancier,,BlackIP,,,,,,Actief,Gemeenten,Gemeente,"098fa2df-f721-4d5d-802f-d555af15639d","2022-09-05T11:55:02+00:00"
e090e700-d59c-5675-8cee-3ccf4e936d81,Leverancier,Leverancier,,Blaud/ e-office,,,,,,Actief,Gemeenten,Samenwerking,"283b34be-e623-414e-a828-0fb0cee04bc7","2016-05-24T09:52:38+00:00"
"3680a59b-4572-55d7-841a-d2c95db9d953",Leverancier,Leverancier,,Bleeker Overheidsproducten,,,,,,Actief,Gemeenten,Gemeente,"11116e43-889d-4f50-92eb-ce630ebafd9e","2021-01-11T13:32:32+00:00"
d934170d-d720-59e0-b688-33f63055b517,Leverancier,Leverancier,,Blinker,,,,,,Actief,Gemeenten,Gemeente,cd3ad582-40da-4de1-a230-fcfd33fef75e,"2014-10-15T15:15:20+00:00"
bedc8c0c-a282-52bb-8b68-5d8b0aa1d241,Leverancier,Leverancier,,Blinqt,https://blinqt.nl,test.vng.swc+Pat@gmail.com,+31 23 4567890,,,Actief,Gemeenten,Leverancier,bedc8c0c-a282-52bb-8b68-5d8b0aa1d241,"2015-05-06T14:24:13+00:00"
bedc8c0c-a282-52bb-8b68-5d8b0aa1d241,Leverancier,Leverancier,,Blinqt,https://blinqt.nl,test.vng.swc+Pat@gmail.com,+31 23 4567890,,,Actief,Gemeenten,Samenwerking,"86aa66a7-4802-4d73-95d7-0d4e7ca98255","2018-08-22T13:36:31+00:00"
"7e580eb3-277b-5e33-b51b-d2181cfcf40d",Leverancier,Leverancier,,BLITTS BV,https://www.blitts.nl,test.vng.swc+Mar@gmail.com,+31 23 4567890,,,Actief,Gemeenten,Leverancier,"7e580eb3-277b-5e33-b51b-d2181cfcf40d","2014-03-26T10:13:27+00:00"
"558968e2-57eb-5b44-8dec-76e7e5c1379e",Leverancier,Leverancier,,Blue Field Agency,https://bluefieldagency.com/nl,test.vng.swc+Ser@gmail.com,+31 23 4567890,,,Actief,Gemeenten,Leverancier,"558968e2-57eb-5b44-8dec-76e7e5c1379e","2024-11-25T09:14:28+00:00"
b62a3c03-dd7f-5ad3-a81c-5fc8de13548e,Leverancier,Leverancier,,Blue Star,,,,,,Actief,Gemeenten,Gemeente,"3a6aa04a-11ff-4ee5-9424-d65c8eb0b6bd","2014-07-01T16:30:52+00:00"
b0dd31f9-f4f8-54db-82ce-70c35a8c49da,Leverancier,Leverancier,,Bluebeam Software,,,,,,Actief,Gemeenten,Gemeente,c506903c-cb46-4b91-a5a7-880578af3701,"2025-07-10T11:35:25+00:00"
"9be42827-5eb5-5074-b20b-4cbd693dcb5a",Leverancier,Leverancier,,BlueCielo,,,,,,Actief,Gemeenten,Gemeente,"311c99f5-18d7-478b-b615-faf55530142a","2014-07-01T16:30:52+00:00"
f1e4bf84-4bb3-5cdc-9b07-104f05933748,Leverancier,Leverancier,,Bluem,,,,,,Actief,Gemeenten,Gemeente,"2af271e0-a05b-460d-88c9-24c06b6eabe5","2025-03-18T13:50:38+00:00"
fec616c9-2f5b-5011-a974-66bbb55b14ac,Leverancier,Leverancier,,Blueriq,,,,,,Actief,Gemeenten,Gemeente,"963a9aa4-e02a-4f3b-93b9-eef410a4d43e","2014-08-14T16:14:45+00:00"
"2ea3d97c-f1e6-547f-a474-812f93abcba1",Leverancier,Leverancier,,BMC,,,,,,Actief,Gemeenten,Gemeente,cd3ad582-40da-4de1-a230-fcfd33fef75e,"2019-06-18T11:30:49+00:00"
fdcdaf44-260d-5218-9b72-2b3865157c0e,Leverancier,Leverancier,,"BMC Software, Inc",,,,,,Actief,Gemeenten,Gemeente,afc57f25-5450-4621-a1f1-7c847bcb5933,"2014-07-09T09:09:27+00:00"
"3c76852f-4a3f-5ee3-8d5d-5d8ab7381b4b",Leverancier,Leverancier,,BMconsultants,https://bmconsultants.com,test.vng.swc+Jac@gmail.com,+31 23 4567890,,,Actief,Gemeenten,Leverancier,"3c76852f-4a3f-5ee3-8d5d-5d8ab7381b4b","2021-01-11T09:13:39+00:00"
"3c76852f-4a3f-5ee3-8d5d-5d8ab7381b4b",Leverancier,Leverancier,,BMconsultants,https://bmconsultants.com,test.vng.swc+Jac@gmail.com,+31 23 4567890,,,Actief,Gemeenten,Gemeente,db7fdd84-bdfd-41d6-8641-0f1e2a954c25,"2020-11-19T16:05:41+00:00"
ae71f742-82ce-5ae9-8613-1f9711802e5f,Leverancier,Leverancier,,BNG Bank,,,,,,Actief,Gemeenten,Gemeente,"9384ee66-e19d-4cb1-be5a-861436ad9d67","2024-06-13T09:42:31+00:00"
"12063380-42af-58d2-9720-b6ea09ac62db",Leverancier,Leverancier,,Boa Software,,,,,,Actief,Gemeenten,Gemeente,"79a9341e-decf-4010-b2d3-f30d82f4e450","2021-09-08T14:05:22+00:00"
"063ff9a2-ffdd-5d0c-81ff-100f699cb717",Leverancier,Leverancier,,BOLbox,,,,,,Actief,Gemeenten,Gemeente,"90cb9d65-8a63-4bea-8631-57c9c818c72e","2021-02-09T10:24:46+00:00"
e406c0af-cb48-5aa3-a22b-e8b058dd166b,Leverancier,Leverancier,,Bosbeheer,,,,,,Actief,Gemeenten,Gemeente,"3fa41daf-5e2d-4da2-a5a8-af0ed195ec13","2019-03-25T08:36:01+00:00"
"2e4d530a-6ce0-59c1-8eec-e26e92fee9a2",Leverancier,Leverancier,,Bouwen met staal,,,,,,Actief,Gemeenten,Gemeente,"1f66615f-fa81-44f6-92e3-eadac6b11eca","2017-11-10T08:19:31+00:00"
"893b98de-b5c9-568d-bfa9-c24410b3f989",Leverancier,Leverancier,,Bouwens Beek Automatisering,,,,,,Actief,Gemeenten,Gemeente,"8adeb567-defe-4dd0-8887-f1c01889308c","2015-09-15T13:55:16+00:00"
c3cd8d7d-bc37-56a8-ba33-5f71cd298e7b,Leverancier,Leverancier,,BPR,,,,,,Actief,Gemeenten,Gemeente,f64d2d60-6fc2-4271-8347-4c30a760a6a5,"2014-08-26T13:37:24+00:00"
"73d75219-3ee4-5164-91b6-05aa73c97749",Leverancier,Leverancier,,BR Controls,,,,,,Actief,Gemeenten,Gemeente,"9384ee66-e19d-4cb1-be5a-861436ad9d67","2024-06-06T09:44:14+00:00"
"926480d0-bbd4-52af-b1bd-37546f2a3403",Leverancier,Leverancier,,Brabant Water,,,,,,Actief,Gemeenten,Samenwerking,a72de2d1-9a5a-462f-92e4-a79986d89109,"2016-03-30T13:37:53+00:00"
d901e297-7956-50e0-9a53-6c1500982f9f,Leverancier,Leverancier,,BraGIS,,,,,,Actief,Gemeenten,Gemeente,"88d860d6-83ee-4e26-bf9b-225e549ba461","2015-10-21T10:03:10+00:00"
a1d63c92-4b1a-5c3d-907b-045e230b7ce2,Leverancier,Leverancier,,Bram Kap,,,,,,Actief,Gemeenten,Gemeente,db3b997f-5a48-4133-bd9d-5695acf2a521,"2023-06-07T15:11:09+00:00"
de0c87db-eaa8-557f-8600-e069670fa3eb,Leverancier,Leverancier,,Branche Organisatie Horeca,,,,,,Actief,Gemeenten,Gemeente,"349e6027-b7c4-42ac-88e6-a5f17fc833f6","2014-08-28T11:28:46+00:00"
"583f3674-64fc-5f5b-9432-fae3d717886b",Leverancier,Leverancier,,Brandmannen,,,,,,Actief,Gemeenten,Gemeente,db3b997f-5a48-4133-bd9d-5695acf2a521,"2023-06-07T15:14:45+00:00"
b10fe0fb-7ff3-5c28-9357-73e0c171046c,Leverancier,Leverancier,,BRAVO,,,,,,Actief,Gemeenten,Gemeente,"349e6027-b7c4-42ac-88e6-a5f17fc833f6","2019-07-31T11:32:07+00:00"
"746bb0ce-352b-58ee-bdec-5823c4218b80",Leverancier,Leverancier,,Brawesta,,,,,,Actief,Gemeenten,Gemeente,"6ea9357b-c6cb-4702-8e95-baafeaa6b38c","2018-10-26T11:09:59+00:00"
"3414e00d-19df-5fba-a8a9-f5a3db450156",Leverancier,Leverancier,,Brein,,,,,,Actief,Gemeenten,Gemeente,db7fdd84-bdfd-41d6-8641-0f1e2a954c25,"2017-07-19T13:08:59+00:00"
e6fd87c5-0ceb-5dd0-8e85-b6cad0f1339e,Leverancier,Leverancier,,Brick-ICT,https://www.brick-ict.nl,test.vng.swc+San@gmail.com,+31 23 4567890,,,Actief,Gemeenten,Leverancier,e6fd87c5-0ceb-5dd0-8e85-b6cad0f1339e,"2025-01-06T10:42:34+00:00"
"37d5f33d-14f8-5352-8206-9607d41d28ec",Leverancier,Leverancier,,Brickyard B.V.,,,,,,Actief,Gemeenten,Gemeente,"8d3cd712-dfde-40d9-afcd-d4a841eec50b","2021-12-17T15:22:44+00:00"
b1adb657-4efa-5fb7-b56d-58b31adff84c,Leverancier,Leverancier,,Brightin,,,,,,Actief,Gemeenten,Gemeente,d620f6fd-1d42-4bf7-a46a-d26c1c8cdfc9,"2014-07-29T11:06:48+00:00"
"1500d7ba-c80d-5f2b-8eab-618afe333f92",Leverancier,Leverancier,,Brimos,,,,,,Actief,Gemeenten,Gemeente,e7b34d5f-6917-4aef-8753-bfcb3d07660b,"2018-12-31T17:46:26+00:00"
d0a07e2a-a0d4-5f95-8bea-1f6884928b48,Leverancier,Leverancier,,Brink Automatisering en Ultimo Software Solutions,,,,,,Actief,Gemeenten,Gemeente,"1e5f65a2-1b5d-4124-920b-66b1399d35e4","2016-01-06T08:28:44+00:00"
"97025214-008c-5a6e-8ab2-0f37d53ebcf5",Leverancier,Leverancier,,Brink Groep,,,,,,Actief,Gemeenten,Gemeente,"2af271e0-a05b-460d-88c9-24c06b6eabe5","2024-11-28T15:28:20+00:00"
cca755f8-157c-5c4a-955b-8a49e90f97c7,Leverancier,Leverancier,,Brink Software,https://www.ibis.nl,test.vng.swc+S@gmail.com,+31 23 4567890,,,Actief,Gemeenten,Leverancier,cca755f8-157c-5c4a-955b-8a49e90f97c7,"2021-01-25T15:52:27+00:00"
fd23547f-c6d4-51bc-8456-830bdabc9a37,Leverancier,Leverancier,,BRIS,,,,,,Actief,Gemeenten,Gemeente,ab8c21a3-105a-437c-be7e-41553dff6dc4,"2022-01-05T17:09:24+00:00"
"207eb5ee-745c-59d0-ae94-98037f8a5882",Leverancier,Leverancier,,BRIS - BouwRegelgeving InformatieSystemen ,,,,,,Actief,Gemeenten,Gemeente,ab8c21a3-105a-437c-be7e-41553dff6dc4,"2022-01-05T17:10:22+00:00"
"5dee3bb1-0e7d-5db1-96e3-2f4679bb0509",Leverancier,Leverancier,,BRISK ICT B.V.,,,,,,Actief,Gemeenten,Gemeente,e5cb9f1e-3c9f-4a61-b903-651d139a1d43,"2022-01-10T16:51:40+00:00"
bc95e14e-17dc-5f1b-a718-8ef3140d30df,Leverancier,Leverancier,,BrixCRM,,,,,,Actief,Gemeenten,Gemeente,dea35f50-183b-4d08-9d7b-96a8623def46,"2020-06-26T11:20:18+00:00"
"77849c21-fce4-5401-9f90-a6b86edbffac",Leverancier,Leverancier,,BRO,,,,,,Actief,Gemeenten,Gemeente,"22633027-4e8d-40c6-ae79-e15405728f19","2022-04-21T14:11:40+00:00"
"6fa46830-b8ed-52fb-ae30-56ef4cf19300",Leverancier,Leverancier,,Broadcom,,,,,,Actief,Gemeenten,Gemeente,"11116e43-889d-4f50-92eb-ce630ebafd9e","2025-06-23T11:44:25+00:00"
bd7fd08d-3787-5e64-9374-af4bd3912464,Leverancier,Leverancier,,Broadsoft,,,,,,Actief,Gemeenten,Gemeente,"715c7b7e-9f24-4725-826b-c0928834d0cf","2016-05-12T14:48:32+00:00"
"8817d916-8f00-5461-a7d9-9f6404d60f65",Leverancier,Leverancier,,Broadvision,,,,,,Actief,Gemeenten,Gemeente,"963a9aa4-e02a-4f3b-93b9-eef410a4d43e","2017-05-10T13:21:53+00:00"
f686be6e-ab64-5af3-a838-177beb34cf8a,Leverancier,Leverancier,,Brokzis,,,,,,Actief,Gemeenten,Samenwerking,"49f17690-c60f-4d1e-844c-4e84d473e39a","2018-08-10T11:15:50+00:00"
"13b9f726-b31f-5a14-8961-402e3d13c4b6",Leverancier,Leverancier,,Brother,,,,,,Actief,Gemeenten,Gemeente,"1880c34d-da3f-4e29-8a36-49f96e2e0392","2016-11-28T16:18:35+00:00"
"2fd0b7b8-a253-5b03-b269-702d39965a9a",Leverancier,Leverancier,,Brouwer en Partners,,,,,,Actief,Gemeenten,Gemeente,"79a9341e-decf-4010-b2d3-f30d82f4e450","2021-04-06T14:27:19+00:00"
"35c6328f-2868-5d2f-8c90-6d58967c54ff",Leverancier,Leverancier,,Bruel & Kjaer,,,,,,Actief,Gemeenten,Gemeente,"79a9341e-decf-4010-b2d3-f30d82f4e450","2021-02-16T13:44:34+00:00"
"8ce5b844-8058-58f6-9a19-0ddef63216b6",Leverancier,Leverancier,,Bruel en Kjaer,,,,,,Actief,Gemeenten,Gemeente,"1f66615f-fa81-44f6-92e3-eadac6b11eca","2017-10-19T15:44:16+00:00"
"32daf066-5422-509b-9bf2-dfd21ad27f6d",Leverancier,Leverancier,,BS Payone,,,,,,Actief,Gemeenten,Gemeente,f6760577-58c8-477d-85b7-06796fdfd82d,"2022-09-09T12:45:22+00:00"
"753a1d9d-282d-5451-b645-f9f9390d2d14",Leverancier,Leverancier,,BS&F,,,,,,Actief,Gemeenten,Gemeente,"3fa41daf-5e2d-4da2-a5a8-af0ed195ec13","2024-06-20T15:40:36+00:00"
"1a9bb83a-67f9-535d-8d2a-5988fde508cf",Leverancier,Leverancier,,BSchafer,,,,,,Actief,Gemeenten,Gemeente,"1f66615f-fa81-44f6-92e3-eadac6b11eca","2017-10-20T08:47:47+00:00"
"53bc70c6-4d7e-5bda-966d-bb51abe5f14a",Leverancier,Leverancier,,BSGR,,,,,,Actief,Gemeenten,Gemeente,"311c99f5-18d7-478b-b615-faf55530142a","2014-07-01T16:30:52+00:00"
"2cb05193-4bc4-5e6e-aa4d-9755952edd5c",Leverancier,Leverancier,,BsGW,,,,,,Actief,Gemeenten,Gemeente,b6a3804a-012d-452e-859d-9955e1bd6bc2,"2023-06-12T13:10:29+00:00"
b67d621d-49bc-51f9-a04f-adbe6c2571f0,Leverancier,Leverancier,,BSPaas,,,,,,Actief,Gemeenten,Gemeente,c04aad5f-8f0a-4ae0-b2d6-156c20845f8c,"2017-01-24T08:54:47+00:00"
b537b9e5-78a3-5f95-933a-d0e704d97353,Leverancier,Leverancier,,Building&techonolgy,,,,,,Actief,Gemeenten,Gemeente,"7738e2c7-d435-4884-9827-d62583ba48a7","2019-08-21T15:57:37+00:00"
"8d1aec8b-b697-566d-935f-670bed19a381",Leverancier,Leverancier,,Bullhorn,,,,,,Actief,Gemeenten,Gemeente,dea35f50-183b-4d08-9d7b-96a8623def46,"2020-05-13T08:44:45+00:00"
"10601df6-24b7-5955-8a76-c9abfcc779bf",Leverancier,Leverancier,,Bureau BS&F,,,,,,Actief,Gemeenten,Gemeente,"79a9341e-decf-4010-b2d3-f30d82f4e450","2021-06-15T15:10:33+00:00"
e3fc4abd-04f5-5ad5-a1d8-78d5e760badc,Leverancier,Leverancier,,Bureau Cite,,,,,,Actief,Gemeenten,Gemeente,db3b997f-5a48-4133-bd9d-5695acf2a521,"2023-06-07T18:11:50+00:00"
"248662ac-1853-5a8c-82c2-7e2a58b95821",Leverancier,Leverancier,,Bureau integr. bevordering,,,,,,Actief,Gemeenten,Samenwerking,"49f17690-c60f-4d1e-844c-4e84d473e39a","2018-08-10T11:19:40+00:00"
"7ce8c39b-739a-5020-8b60-ad633de6071a",Leverancier,Leverancier,,Bureau Kragten,,,,,,Actief,Gemeenten,Gemeente,"5cb338f0-2fd5-4da2-8d33-54b2065a663a","2015-08-06T17:48:01+00:00"
"8458bb0d-1821-57ea-ba1a-8431ae4956f6",Leverancier,Leverancier,,Bureau WSNP,,,,,,Actief,Gemeenten,Gemeente,db7fdd84-bdfd-41d6-8641-0f1e2a954c25,"2021-10-08T19:50:54+00:00"
c83fb2bd-bbfa-59b1-bebc-76001830be50,Leverancier,Leverancier,,Bureo de Wilg,,,,,,Actief,Gemeenten,Gemeente,ae750e6d-8a21-4edf-a06d-f023216a6f05,"2014-08-15T14:56:42+00:00"
"3ba4aa0c-ecc4-55e9-958d-b206e0de913a",Leverancier,Leverancier,,Burgers Ergon,,,,,,Actief,Gemeenten,Gemeente,b71a4bb9-89ab-41e2-9d25-8f8c6754afc9,"2014-11-18T08:28:42+00:00"
b8c20fb9-2c12-5165-b9a4-297110cd4f39,Leverancier,Leverancier,,Buro BOV,,,,,,Actief,Gemeenten,Gemeente,d620f6fd-1d42-4bf7-a46a-d26c1c8cdfc9,"2015-08-04T09:03:23+00:00"
dd55e07d-f789-5214-905a-15bd992b9b62,Leverancier,Leverancier,,Buro Radstake,,,,,,Actief,Gemeenten,Gemeente,"563593bf-81ce-4877-aa87-759b12d821b3","2023-05-08T16:42:19+00:00"
abe4b148-b0ad-5c63-a31d-405edef5bb6c,Leverancier,Leverancier,,Bury,,,,,,Actief,Gemeenten,Gemeente,bb5ad246-416d-4efa-9ff8-9bcfa884f9db,"2019-11-20T11:20:14+00:00"
"8b87778a-ae8a-51c5-9c20-6e7a60a2d938",Leverancier,Leverancier,,Business Solution,,,,,,Actief,Gemeenten,Gemeente,"1e5f65a2-1b5d-4124-920b-66b1399d35e4","2020-03-05T17:12:44+00:00"
"2abdf103-b490-5b21-ae17-739703dcf17a",Leverancier,Leverancier,,Business to You BV,,,,,,Actief,Gemeenten,Gemeente,afef434c-6ba1-4f92-9cd9-4a59374a7669,"2021-12-19T11:01:47+00:00"
"5e588794-15dd-52f3-bd83-b2cfae6905f3",Leverancier,Leverancier,,BUUV.nu,,,,,,Actief,Gemeenten,Gemeente,f2fb4e64-9967-47e5-a5b8-8bab3b71a800,"2016-08-15T09:35:01+00:00"
f37c2b83-bb1e-5170-9787-57afb6e01a7e,Leverancier,Leverancier,,Bwaste,,,,,,Actief,Gemeenten,Samenwerking,a72de2d1-9a5a-462f-92e4-a79986d89109,"2018-10-03T17:39:09+00:00"
"6739fafa-5c0c-530b-8aca-f3fd6fc8a170",Leverancier,Leverancier,,BWaste international BV,,,,,,Actief,Gemeenten,Gemeente,"39a6abee-c408-422c-b3e2-71ed1fd94f90","2018-06-21T14:09:33+00:00"
"476928b3-f57c-5555-90b1-2e5ca1723b92",Leverancier,Leverancier,,BWB,,,,,,Actief,Gemeenten,Samenwerking,"1d299c60-cae1-4550-a7f9-dc8d79cab5c6","2015-09-23T13:19:15+00:00"
ec097e18-d416-55e3-9a11-dbb76d6181d8,Leverancier,Leverancier,,BySpy,https://www.byspy.nl,test.vng.swc+De_@gmail.com,+31 23 4567890,,,Actief,Gemeenten,Leverancier,ec097e18-d416-55e3-9a11-dbb76d6181d8,"2015-10-15T15:56:10+00:00"
"836f4bf4-8a9a-59f4-afeb-afcea1f32dab",Leverancier,Leverancier,,Bytewings,,,,,,Actief,Gemeenten,Gemeente,"79a9341e-decf-4010-b2d3-f30d82f4e450","2014-07-01T16:30:52+00:00"
"62a1c019-394a-5780-ab7d-ed148c6df83b",Leverancier,Leverancier,,BZK,,,,,,Actief,Gemeenten,Samenwerking,"49f17690-c60f-4d1e-844c-4e84d473e39a","2018-08-13T12:29:42+00:00"
"0144a3fe-84a1-5913-9129-995cff6b5be4",Leverancier,Leverancier,,C-Content,,,,,,Actief,Gemeenten,Samenwerking,"90e7b266-4ac8-41fb-bf24-c2b8bb1eb351","2017-03-23T12:48:26+00:00"
"1ca0e02b-e811-5307-851b-808b1da23549",Leverancier,Leverancier,,C-Content B.V.,,,,,,Actief,Gemeenten,Gemeente,"4d385e00-86bb-423e-86dc-1ec0629b5200","2016-04-01T10:12:45+00:00"
bcc71872-c54d-5a1c-9d74-5285f99f7194,Leverancier,Leverancier,,C-Quential,,,,,,Actief,Gemeenten,Gemeente,"35142b1e-c394-4a4b-a8bf-1445dbfb62cb","2023-11-03T15:53:45+00:00"
"0e6bf55c-814b-56da-a2cd-ac99e1cbe9a2",Leverancier,Leverancier,,C-quential Roosterplaning,https://www.c-quential.nl,test.vng.swc+Had@gmail.com,+31 23 4567890,,,Actief,Gemeenten,Leverancier,"0e6bf55c-814b-56da-a2cd-ac99e1cbe9a2","2025-05-07T13:37:22+00:00"
e831349e-7eb6-5cde-b698-004098ede125,Leverancier,Leverancier,,C3Group,https://www.c3group.nl,test.vng.swc+G@gmail.com,+31 23 4567890,,,Actief,Gemeenten,Leverancier,e831349e-7eb6-5cde-b698-004098ede125,"2014-06-17T13:57:42+00:00"
e831349e-7eb6-5cde-b698-004098ede125,Leverancier,Leverancier,,C3Group,https://www.c3group.nl,test.vng.swc+G@gmail.com,+31 23 4567890,,,Actief,Gemeenten,Gemeente,db3b997f-5a48-4133-bd9d-5695acf2a521,"2023-06-07T18:25:03+00:00"
ccea2730-066f-5074-86c6-108aac362dd8,Leverancier,Leverancier,,CAD & Company Zuid West,,,,,,Actief,Gemeenten,Gemeente,"11aaf77f-01d1-472b-a0c4-5e63ba1673eb","2017-10-25T16:34:38+00:00"
a15cb123-b986-5216-8513-c8dcf30ca823,Leverancier,Leverancier,,CAD Accent,,,,,,Actief,Gemeenten,Gemeente,db7fdd84-bdfd-41d6-8641-0f1e2a954c25,"2021-05-04T09:47:08+00:00"
"32f7d3aa-c552-5ce5-8a1f-1094c7872c6d",Leverancier,Leverancier,,Cadac Group,https://www.cadac.com/industrieen/overheid,test.vng.swc+Sve@gmail.com,+31 23 4567890,,,Actief,Gemeenten,Leverancier,"32f7d3aa-c552-5ce5-8a1f-1094c7872c6d","2014-03-26T10:13:27+00:00"
"32f7d3aa-c552-5ce5-8a1f-1094c7872c6d",Leverancier,Leverancier,,Cadac Group,https://www.cadac.com/industrieen/overheid,test.vng.swc+Sve@gmail.com,+31 23 4567890,,,Actief,Gemeenten,Gemeente,"905dbf9e-94a6-4ddd-9778-77e69f3900f1","2022-12-14T14:12:40+00:00"
"4fb90a23-034f-525e-ac29-5a623cf98613",Leverancier,Leverancier,,Cadcorp,,,,,,Actief,Gemeenten,Gemeente,fea3c97a-7d59-47a0-86b0-4f842980a8c3,"2019-04-10T16:07:17+00:00"
"28488fa2-a4cc-59fb-bd50-9b2435dd7e62",Leverancier,Leverancier,,Cadkoop (Trimble),,,,,,Actief,Gemeenten,Gemeente,"79061205-d3a8-40c4-addb-8e9a15f5f04e","2018-01-31T13:12:08+00:00"
"971a5312-8ca9-5ad6-a052-f40efca41d9b",Leverancier,Leverancier,,CadPro,,,,,,Actief,Gemeenten,Gemeente,"6ea9357b-c6cb-4702-8e95-baafeaa6b38c","2018-10-29T15:24:24+00:00"
"6278200e-9727-5e5a-a40f-7fe1eb553fb5",Leverancier,Leverancier,,CAK,,,,,,Actief,Gemeenten,Gemeente,"3fa41daf-5e2d-4da2-a5a8-af0ed195ec13","2025-01-09T10:41:41+00:00"
"37e56b74-8100-55f6-8f20-2299165c852f",Leverancier,Leverancier,,Calduran,,,,,,Actief,Gemeenten,Gemeente,"1f66615f-fa81-44f6-92e3-eadac6b11eca","2017-11-13T15:21:20+00:00"
"2a768ff4-d07a-529c-9bda-832bb70790e3",Leverancier,Leverancier,,Cale,,,,,,Actief,Gemeenten,Gemeente,f6760577-58c8-477d-85b7-06796fdfd82d,"2019-08-13T16:00:06+00:00"
"07b8b7a2-da03-5cc3-abde-d847f8c4fbae",Leverancier,Leverancier,,Calib,,,,,,Actief,Gemeenten,Gemeente,"1f66615f-fa81-44f6-92e3-eadac6b11eca","2017-10-20T08:10:23+00:00"
"13b966b3-dc51-5a0e-8fbc-233da76a15db",Leverancier,Leverancier,,Callcenter TOL,,,,,,Actief,Gemeenten,Gemeente,"098fa2df-f721-4d5d-802f-d555af15639d","2022-09-07T15:12:33+00:00"
"5b35dcf0-843b-5ab0-bbe3-b51e07901f06",Leverancier,Leverancier,,Campai,,,,,,Actief,Gemeenten,Gemeente,f5e9de66-fa74-407e-a061-331a2cf226f5,"2014-07-01T16:30:52+00:00"
"018ef4d5-6f6b-5688-b0c8-966940bf3929",Leverancier,Leverancier,,Camtasia,,,,,,Actief,Gemeenten,Gemeente,"098fa2df-f721-4d5d-802f-d555af15639d","2022-09-05T15:31:25+00:00"
"1a38f3ef-fd38-5b27-b756-f55f00d0e328",Leverancier,Leverancier,,Cannock Chase,,,,,,Actief,Gemeenten,Gemeente,b71a4bb9-89ab-41e2-9d25-8f8c6754afc9,"2020-02-17T14:22:06+00:00"
f2d8526a-8109-5115-b9a6-cea186137374,Leverancier,Leverancier,,Canon,,,,,,Actief,Gemeenten,Gemeente,b0eea343-8d48-4144-a80d-2022d60c097f,"2020-09-21T08:40:21+00:00"
"061d5045-4221-52b1-bd8f-c31dfe892431",Leverancier,Leverancier,,Canva,,,,,,Actief,Gemeenten,Gemeente,"751d7216-3be5-4ab2-9d95-40bdbc4444ec","2024-08-20T10:59:15+00:00"
"506516ef-c1c2-54f6-b12f-a7fb2f2f2233",Leverancier,Leverancier,,Canva software,,,,,,Actief,Gemeenten,Gemeente,"53873206-6267-4cc5-b24a-726e0e013ac3","2022-03-24T08:55:14+00:00"
"10eefd0a-e26f-5712-9374-5d0e6ab1114d",Leverancier,Leverancier,,Capgemini,https://www.nl.capgemini.com/diensten/markten/public_sector/overzicht,test.vng.swc+Pie@gmail.com,+31 23 4567890,,,Actief,Gemeenten,Leverancier,"10eefd0a-e26f-5712-9374-5d0e6ab1114d","2014-03-26T10:13:27+00:00"
"10eefd0a-e26f-5712-9374-5d0e6ab1114d",Leverancier,Leverancier,,Capgemini,https://www.nl.capgemini.com/diensten/markten/public_sector/overzicht,test.vng.swc+Pie@gmail.com,+31 23 4567890,,,Actief,Gemeenten,Gemeente,e7b34d5f-6917-4aef-8753-bfcb3d07660b,"2018-12-31T17:47:33+00:00"
"3d23249f-e796-582a-ac37-f82ff4ba1738",Leverancier,Leverancier,,Capsis B.V.,,,,,,Actief,Gemeenten,Gemeente,"38b23e24-b2c9-410e-83ce-44e66bfba429","2016-02-26T12:12:44+00:00"
bc47a3dc-e0c7-5270-9094-6f0a17b5ec88,Leverancier,Leverancier,,Car,,,,,,Actief,Gemeenten,Gemeente,"6ea9357b-c6cb-4702-8e95-baafeaa6b38c","2018-10-26T11:33:11+00:00"
"5647d5c5-5a3f-5037-bbab-2bbedf1a889c",Leverancier,Leverancier,,Car-UwWO,,,,,,Actief,Gemeenten,Gemeente,ee339831-ab89-4d86-8914-85a9cabda275,"2019-09-30T09:02:47+00:00"
"161c82bd-38b5-59bd-a86e-31a48a19b963",Leverancier,Leverancier,,Card Exchange solutions,,,,,,Actief,Gemeenten,Samenwerking,"9aa7afc7-39a5-41f1-a104-91429c495592","2017-11-21T15:03:22+00:00"
fb59befe-f09c-50ba-97c2-48f726a82874,Leverancier,Leverancier,,Cardcorp,,,,,,Actief,Gemeenten,Gemeente,"91a2ab0f-25aa-43bd-b4e6-c8ef360fa0f2","2022-02-16T09:14:47+00:00"
"5ed6bb9f-3ada-5c16-ad97-035c696a6617",Leverancier,Leverancier,,CardPresso,,,,,,Actief,Gemeenten,Gemeente,"098fa2df-f721-4d5d-802f-d555af15639d","2022-09-07T16:24:13+00:00"
"2eccd8ab-aec3-5489-8550-9ec385a7b019",Leverancier,Leverancier,,CARE Internet Services BV,https://www.care.nl,test.vng.swc+Inf@gmail.com,+31 23 4567890,,,Actief,Gemeenten,Leverancier,"2eccd8ab-aec3-5489-8550-9ec385a7b019","2014-03-26T10:13:27+00:00"
"2eccd8ab-aec3-5489-8550-9ec385a7b019",Leverancier,Leverancier,,CARE Internet Services BV,https://www.care.nl,test.vng.swc+Inf@gmail.com,+31 23 4567890,,,Actief,Gemeenten,Gemeente,d492c8e6-bc8d-453f-9ab7-a4c6690cbe62,"2022-11-22T08:32:40+00:00"
"4807cdf0-e6ac-5636-aaf9-7da80b03defa",Leverancier,Leverancier,,Carthago ICT,,,,,,Actief,Gemeenten,Gemeente,"963a9aa4-e02a-4f3b-93b9-eef410a4d43e","2017-04-25T10:34:27+00:00"
"3c6cc048-bd26-586f-837d-cc7c21f1e3a0",Leverancier,Leverancier,,Cathexis,,,,,,Actief,Gemeenten,Gemeente,b70f1957-81dd-42da-b299-c5fd25c188d4,"2017-04-19T13:37:49+00:00"
f6a3d0b9-8b22-590a-b565-61c4ab3c1952,Leverancier,Leverancier,,CBA - ManageEngine / Zoho,https://www.cbabenelux.com/en,test.vng.swc+Pty@gmail.com,+31 23 4567890,,,Actief,Gemeenten,Leverancier,f6a3d0b9-8b22-590a-b565-61c4ab3c1952,"2020-06-22T09:15:40+00:00"
"7141b014-7fc7-522e-8f8e-dfde6b56cd74",Leverancier,Leverancier,,CBA Benelux,,,,,,Actief,Gemeenten,Gemeente,"0c2ed450-ea9d-4a0d-afe0-9fdb632da8dc","2019-11-11T14:01:18+00:00"
"7981619e-6316-524d-b12f-58da38bdb98c",Leverancier,Leverancier,,CBP,,,,,,Actief,Gemeenten,Samenwerking,"49f17690-c60f-4d1e-844c-4e84d473e39a","2018-08-10T11:24:57+00:00"
"64bd02f2-7b7c-5d80-9dcd-a4fbc261fb7c",Leverancier,Leverancier,,CBPweb,,,,,,Actief,Gemeenten,Gemeente,"2f1dea82-05f2-4be0-be7c-01b93a4eacfc","2014-08-20T11:56:57+00:00"
c238cb5d-843d-5ec3-8529-deaf88db5105,Leverancier,Leverancier,,CBS - Centraal Bureau voor de Statistiek,,,,,,Actief,Gemeenten,Gemeente,db3b997f-5a48-4133-bd9d-5695acf2a521,"2023-06-07T18:37:31+00:00"
"8fa9c3b1-0faa-55e8-95a5-5293df949660",Leverancier,Leverancier,,CC4Skype B.V.,,,,,,Actief,Gemeenten,Gemeente,"8adeb567-defe-4dd0-8887-f1c01889308c","2018-07-04T10:37:01+00:00"
a08fbdfe-61ef-520e-be82-3144d5c7588a,Leverancier,Leverancier,,CCV,,,,,,Actief,Gemeenten,Gemeente,"91a2ab0f-25aa-43bd-b4e6-c8ef360fa0f2","2023-03-27T12:01:55+00:00"
"5ef50989-775f-5bfd-a378-e743e8aca658",Leverancier,Leverancier,,Cebes,,,,,,Actief,Gemeenten,Gemeente,"4d385e00-86bb-423e-86dc-1ec0629b5200","2016-04-04T13:19:41+00:00"
"9fdf660a-04a7-5030-85e2-4c8d00e0e2fc",Leverancier,Leverancier,,Cedere B.V.,,,,,,Actief,Gemeenten,Gemeente,b0eea343-8d48-4144-a80d-2022d60c097f,"2019-11-15T17:06:17+00:00"
f8165dc8-5ab1-51e4-9be5-9230a9586801,Leverancier,Leverancier,,Cedric,,,,,,Actief,Gemeenten,Gemeente,"6bc1e72a-52a4-42ad-a130-a46c745f69e0","2014-07-11T13:34:28+00:00"
"75e8a039-67f9-5015-9f58-bbcbd26113c4",Leverancier,Leverancier,,Cegeka,,,,,,Actief,Gemeenten,Gemeente,"1f66615f-fa81-44f6-92e3-eadac6b11eca","2017-10-19T15:39:55+00:00"
a7f8fea9-fbf1-501a-9026-1514ee2f6b50,Leverancier,Leverancier,,Celcus,,,,,,Actief,Gemeenten,Gemeente,bb45238c-398a-47e6-85fd-09b684ea7434,"2017-06-27T14:46:14+00:00"
"887f8869-361f-5aec-a0a1-1a351db0b3c6",Leverancier,Leverancier,,Cell[0],https://cell-0.com,test.vng.swc+Ber@gmail.com,+31 23 4567890,,,Actief,Gemeenten,Leverancier,"887f8869-361f-5aec-a0a1-1a351db0b3c6","2023-11-27T12:52:14+00:00"
"33c7f44d-c773-53b8-9d3e-369cc4a3a954",Leverancier,Leverancier,,Cendris,,,,,,Actief,Gemeenten,Gemeente,"9e903d5f-9d6e-42f6-8c40-43ef3f1cd3d6","2019-12-02T12:06:00+00:00"
"72f3141f-7a03-5af7-b6bf-3008b1cd2261",Leverancier,Leverancier,,Cendris dataconsulting,,,,,,Actief,Gemeenten,Samenwerking,"49f17690-c60f-4d1e-844c-4e84d473e39a","2018-08-13T12:02:35+00:00"
"9e5cec19-f6a1-5f65-a2e1-77de254756a1",Leverancier,Leverancier,,CensorNet,,,,,,Actief,Gemeenten,Gemeente,"8908e84f-8ac2-41be-8cd8-95adbacf48df","2021-07-26T12:12:19+00:00"
fd8c3f88-641f-5f7d-a2a2-b744ba61c04a,Leverancier,Leverancier,,Centennium,,,,,,Actief,Gemeenten,Gemeente,"9b0411ba-41da-4a15-9eaa-42b624dba40c","2017-12-12T14:35:01+00:00"
"99486d71-fb5d-5ffb-85d1-133b1e775a5e",Leverancier,Leverancier,,CenterOne Group,https://www.centerone.nl,test.vng.swc+Pet@gmail.com,+31 23 4567890,,,Actief,Gemeenten,Leverancier,"99486d71-fb5d-5ffb-85d1-133b1e775a5e","2016-04-06T10:06:16+00:00"
"542265bd-4bd3-55c9-92c6-28cd98687660",Leverancier,Leverancier,,Centix BV,,,,,,Actief,Gemeenten,Gemeente,f6760577-58c8-477d-85b7-06796fdfd82d,"2024-01-29T10:48:52+00:00"
"1a1728a5-506d-520e-8da7-067737c3c919",Leverancier,Leverancier,,Centraal Aministratie Kantoor,,,,,,Actief,Gemeenten,Samenwerking,"4a0233a4-ea38-47ae-86f5-e3bd348b8deb","2020-06-08T16:05:40+00:00"
"43a91d58-0694-5b31-b528-b4df4e65c448",Leverancier,Leverancier,,Centraal Justitieel Incasso Bureau,,,,,,Actief,Gemeenten,Samenwerking,ebecf9a3-162e-4da8-a888-889b09192838,"2018-01-24T10:14:08+00:00"
"2f19099a-4f0c-5628-ab8f-67471671845a",Leverancier,Leverancier,,Centraal Orgaan Opvang Asielzoekers,,,,,,Actief,Gemeenten,Samenwerking,"25423a74-7a95-44e5-ad48-d3240f2323f5","2017-07-26T12:43:10+00:00"
"8654869d-50d1-5945-967a-2406a00ac3ab",Leverancier,Leverancier,,Centric,https://www.centric.eu/NL/Default/Branches/Lokale-overheid,test.vng.swc+Mar@gmail.com,+31 23 4567890,,,Actief,Gemeenten,Leverancier,"8654869d-50d1-5945-967a-2406a00ac3ab","2014-03-26T10:13:27+00:00"
"8654869d-50d1-5945-967a-2406a00ac3ab",Leverancier,Leverancier,,Centric,https://www.centric.eu/NL/Default/Branches/Lokale-overheid,test.vng.swc+Mar@gmail.com,+31 23 4567890,,,Actief,Gemeenten,Gemeente,"53873206-6267-4cc5-b24a-726e0e013ac3","2025-09-08T14:39:13+00:00"
d15afabe-4451-54b7-a6d6-e8d7714b78e6,Leverancier,Leverancier,,Centric ,,,,,,Actief,Gemeenten,Gemeente,d9d26b84-5245-42a3-b84e-97b4de8f0f03,"2014-07-01T16:30:52+00:00"
"08b8f3da-a61c-586b-8f35-5ecf1e966c8f",Leverancier,Leverancier,,Centric (?) Pentaho?,,,,,,Actief,Gemeenten,Gemeente,c3bd44b3-bbf9-4513-aea3-847e5ef79cf4,"2019-05-02T13:27:15+00:00"
a82f7295-9cbc-5196-9806-fddd59edcdff,Leverancier,Leverancier,,Centric (applicaties uitrusten met EDI functies),,,,,,Actief,Gemeenten,Samenwerking,f9f6c0ca-5a17-4d5d-bd24-e346ffc4cfff,"2016-03-04T13:57:41+00:00"
"777e5cb5-fc67-5616-ab38-e278c08e880c",Leverancier,Leverancier,,Centric (IBM),,,,,,Actief,Gemeenten,Gemeente,a14883c0-8e70-4381-bd75-1ecc3e4ef785,"2019-11-27T10:09:39+00:00"
"84158256-590e-5e17-97f9-f894f595b9ee",Leverancier,Leverancier,,Centric Netherlands B.V.,,,,,,Actief,Gemeenten,Gemeente,"6ea9357b-c6cb-4702-8e95-baafeaa6b38c","2018-10-26T13:25:47+00:00"
e23a7022-e7cf-588e-b15c-f622bd12bc3b,Leverancier,Leverancier,,Centrum voor publieke innovatie,https://www.publiekeinnovatie.nl,test.vng.swc+Ano@gmail.com,,,,Actief,Gemeenten,Leverancier,e23a7022-e7cf-588e-b15c-f622bd12bc3b,"2015-09-09T17:54:09+00:00"
"4f5aae5c-8a8d-5f9f-a66c-c9cbde36ee6c",Leverancier,Leverancier,,Cerberus,,,,,,Actief,Gemeenten,Gemeente,b71a4bb9-89ab-41e2-9d25-8f8c6754afc9,"2020-02-17T14:10:11+00:00"
e437f02d-19f0-5929-99ae-ba802a7cd158,Leverancier,Leverancier,,CheckMarket,,,,,,Actief,Gemeenten,Gemeente,e5cb9f1e-3c9f-4a61-b903-651d139a1d43,"2022-01-12T15:23:29+00:00"
"6e6e6e50-bf5d-5c0c-8bbe-da12ace0dbd5",Leverancier,Leverancier,,Checkpoint / Kluwer Schulinck,,,,,,Actief,Gemeenten,Gemeente,"79a0ea30-b70c-47e3-8f03-8e15a8599243","2016-02-09T12:08:52+00:00"
"2475509c-0830-5887-89db-2eaa4d1af8ae",Leverancier,Leverancier,,Checkpoint IC,,,,,,Actief,Gemeenten,Gemeente,"16b45e38-297f-47ab-bc12-541d21499bdb","2017-11-29T14:59:04+00:00"
c59be449-8401-5657-88c5-36b4a8651550,Leverancier,Leverancier,,Checkpoint-IC BV,,,,,,Actief,Gemeenten,Gemeente,"9de9d53d-8f18-4ecf-a5d6-3b3ca07e312a","2018-02-02T16:00:21+00:00"
"62a3eb29-75a2-5f4a-9917-c52276f8ebb3",Leverancier,Leverancier,,Chubb,,,,,,Actief,Gemeenten,Gemeente,"098fa2df-f721-4d5d-802f-d555af15639d","2022-09-05T15:50:03+00:00"
"2bea5999-96b6-5505-aecf-5d44887e6558",Leverancier,Leverancier,,Chubb Fire & Security,,,,,,Actief,Gemeenten,Samenwerking,f85a6bf9-4478-481b-a1b6-d7a5ea1fa647,"2018-08-21T10:20:06+00:00"
d524a3fa-a922-56a5-aeab-5c73c322e67f,Leverancier,Leverancier,,Chubb Lips,,,,,,Actief,Gemeenten,Gemeente,"1fbdf5f9-d227-443f-a455-b4893d6f96db","2016-07-26T10:58:29+00:00"
"193a5232-f7de-5f49-9769-be108ee3fbec",Leverancier,Leverancier,,Chubb Varel/Xtralis,,,,,,Actief,Gemeenten,Gemeente,"41301287-5c86-467d-8afb-7947df0e0b5d","2015-06-05T09:23:21+00:00"
c0261bae-6ff5-5796-945a-4a6a45c78f45,Leverancier,Leverancier,,Chubb varell,,,,,,Actief,Gemeenten,Gemeente,f6760577-58c8-477d-85b7-06796fdfd82d,"2019-11-11T11:06:57+00:00"
c83a9076-4c0a-5c81-9b06-d1a083750916,Leverancier,Leverancier,,Chubb-Varel Security B.V.,,,,,,Actief,Gemeenten,Gemeente,f64d2d60-6fc2-4271-8347-4c30a760a6a5,"2014-08-26T13:44:08+00:00"
"5b2d6bb2-d26b-5dd1-b848-46bceb06a4e4",Leverancier,Leverancier,,Cikam,,,,,,Actief,Gemeenten,Gemeente,"3b9b7aa7-f794-4a67-a8d8-c517ad1ddbd1","2025-01-09T14:50:05+00:00"
"35b9f362-d2a8-5e90-9697-459194d9362f",Leverancier,Leverancier,,CIMSOLUTIONS,https://www.cimsolutions.nl,test.vng.swc+R@gmail.com,+31 23 4567890,,,Actief,Gemeenten,Leverancier,"35b9f362-d2a8-5e90-9697-459194d9362f","2014-03-26T10:13:27+00:00"
d419584b-88d3-5554-ab95-085230947040,Leverancier,Leverancier,,Cirato,,,,,,Actief,Gemeenten,Gemeente,"1f66615f-fa81-44f6-92e3-eadac6b11eca","2017-10-20T08:25:37+00:00"
"55c33a38-ef17-5378-aa31-84044cf34518",Leverancier,Leverancier,,Circle Software,,,,,,Actief,Gemeenten,Gemeente,"098fa2df-f721-4d5d-802f-d555af15639d","2022-09-05T12:15:57+00:00"
a23ff878-4cfe-5f85-8a07-b2cdeb25cbd2,Leverancier,Leverancier,,Cisco,,,,,,Actief,Gemeenten,Gemeente,c04aad5f-8f0a-4ae0-b2d6-156c20845f8c,"2024-11-15T09:57:27+00:00"
c6481701-1f69-5a60-8054-22637b9447ca,Leverancier,Leverancier,,Citizenslab,,,,,,Actief,Gemeenten,Gemeente,c345d2bc-98b4-4fa9-8aa3-21ba885375a0,"2024-03-28T10:38:49+00:00"
"4bc0a749-3bfe-5482-93f6-181feea5e28e",Leverancier,Leverancier,,Citrix,,,,,,Actief,Gemeenten,Gemeente,c506903c-cb46-4b91-a5a7-880578af3701,"2025-07-10T14:16:13+00:00"
"05ad94a4-3414-5c99-b25a-d8b70b01f160",Leverancier,Leverancier,,Citrix Systems,,,,,,Actief,Gemeenten,Gemeente,"1f66615f-fa81-44f6-92e3-eadac6b11eca","2017-10-20T07:54:58+00:00"
"41f461e5-700c-5925-8f90-df80102d18a7",Leverancier,Leverancier,,Citytouch,,,,,,Actief,Gemeenten,Gemeente,"751d7216-3be5-4ab2-9d95-40bdbc4444ec","2023-09-29T10:39:08+00:00"
"7b5b51d8-6c71-594b-ad0a-915c5e2b339c",Leverancier,Leverancier,,Civil center,,,,,,Actief,Gemeenten,Gemeente,"594c14ea-d309-4e9d-aadc-4bdac7d2584d","2015-09-10T16:12:57+00:00"
"7e00a995-a481-5509-9040-614a39f6174e",Leverancier,Leverancier,,Civity,https://civity.nl,test.vng.swc+Ric@gmail.com,+31 23 4567890,,,Actief,Gemeenten,Leverancier,"7e00a995-a481-5509-9040-614a39f6174e","2021-07-06T09:49:07+00:00"
"7e00a995-a481-5509-9040-614a39f6174e",Leverancier,Leverancier,,Civity,https://civity.nl,test.vng.swc+Ric@gmail.com,+31 23 4567890,,,Actief,Gemeenten,Gemeente,b71a4bb9-89ab-41e2-9d25-8f8c6754afc9,"2024-08-06T13:07:06+00:00"
fcac6679-adc3-5068-a1ba-30ac3f3d7588,Leverancier,Leverancier,,Civity B.V.,,,,,,Actief,Gemeenten,Gemeente,"38b6a38e-991a-4940-b499-e362b38d2feb","2020-08-31T16:16:21+00:00"
b4ec46fc-d8b0-5f04-85ff-c51072491cce,Leverancier,Leverancier,,CJG,,,,,,Actief,Gemeenten,Gemeente,"8adeb567-defe-4dd0-8887-f1c01889308c","2015-09-15T15:14:10+00:00"
"9aba5a56-0f63-5d51-a8ad-bd44953ab7bd",Leverancier,Leverancier,,CJIB,,,,,,Actief,Gemeenten,Gemeente,"4d385e00-86bb-423e-86dc-1ec0629b5200","2016-04-04T13:38:50+00:00"
"4d300f04-a2c3-5f9d-8793-274f3008b622",Leverancier,Leverancier,,CJIB - Centraal Justitieel Incasso Bureau,,,,,,Actief,Gemeenten,Gemeente,db3b997f-5a48-4133-bd9d-5695acf2a521,"2023-06-12T16:12:43+00:00"
c1a3cec8-9b29-5116-956e-b4e9037dec82,Leverancier,Leverancier,,Claassens Solutions,,,,,,Actief,Gemeenten,Gemeente,"9aa7afc7-39a5-41f1-a104-91429c495592","2025-06-12T09:09:15+00:00"
ca431ea3-9fa8-541b-88e0-b5595d190dca,Leverancier,Leverancier,,CLB,,,,,,Actief,Gemeenten,Gemeente,b348f59f-9ae3-4e1d-9191-1a98cd15c6cf,"2014-07-01T16:30:52+00:00"
d774f854-dd48-5498-a9b3-7af3cc59a591,Leverancier,Leverancier,,Cleo Communications,,,,,,Actief,Gemeenten,Gemeente,"751d7216-3be5-4ab2-9d95-40bdbc4444ec","2016-05-27T11:50:05+00:00"
"4e1bcba5-56e5-5f72-9e79-c08a8b1211ef",Leverancier,Leverancier,,Cleverbridge,,,,,,Actief,Gemeenten,Gemeente,"9e903d5f-9d6e-42f6-8c40-43ef3f1cd3d6","2019-12-02T11:02:24+00:00"
"673f3aed-9be4-55e3-920a-6889fdf5d6f2",Leverancier,Leverancier,,Clipit,,,,,,Actief,Gemeenten,Samenwerking,b84d6d5a-aa9d-4500-90f7-a02545e41797,"2022-03-08T15:37:13+00:00"
"9a6f7c55-4c65-546a-ab70-e44a24c20a67",Leverancier,Leverancier,,Clouddesq,,,,,,Actief,Gemeenten,Gemeente,"364991e9-f0d6-4aaf-85ec-9cf96e7943b2","2018-06-29T17:08:36+00:00"
"8466087c-c666-57b6-a78d-f8bebede46c3",Leverancier,Leverancier,,Cloudoe / Broadworks,,,,,,Actief,Gemeenten,Samenwerking,"769b4359-b891-4198-b924-86e1bb7f6cdd","2021-02-02T15:32:26+00:00"
"8cc68068-49b3-55c8-9754-f60109a1bf21",Leverancier,Leverancier,,Cloudoe B.V.,,,,,,Actief,Gemeenten,Gemeente,"90cb9d65-8a63-4bea-8631-57c9c818c72e","2025-06-26T15:01:04+00:00"
"22db9ed3-498b-5f46-9122-2b24f22833d0",Leverancier,Leverancier,,CLS Inter.,,,,,,Actief,Gemeenten,Gemeente,"90cb9d65-8a63-4bea-8631-57c9c818c72e","2023-03-03T17:45:28+00:00"
ee053c03-27c5-5cfe-952d-b8a424bc0972,Leverancier,Leverancier,,CNet,,,,,,Actief,Gemeenten,Gemeente,"6ea9357b-c6cb-4702-8e95-baafeaa6b38c","2018-10-29T15:17:25+00:00"
e7e9e302-2f22-5b53-acaa-931ba0c75d38,Leverancier,Leverancier,,COA,,,,,,Actief,Gemeenten,Gemeente,"3fa41daf-5e2d-4da2-a5a8-af0ed195ec13","2024-11-22T16:42:13+00:00"
"01286eb8-8d4d-5801-9747-b5ce100a2b77",Leverancier,Leverancier,,Cobee,https://www.cobee.nl,test.vng.swc+Abe@gmail.com,+31 23 4567890,,,Actief,Gemeenten,Leverancier,"01286eb8-8d4d-5801-9747-b5ce100a2b77","2024-12-10T09:54:33+00:00"
"94a99226-abfb-5b3d-9539-e08a72e5eb4e",Leverancier,Leverancier,,CoBrowser,,,,,,Actief,Gemeenten,Gemeente,ab8c21a3-105a-437c-be7e-41553dff6dc4,"2022-01-05T17:12:38+00:00"
"85578804-89e3-5bb5-b642-1dc6a51ae7c4",Leverancier,Leverancier,,Cobytes,,,,,,Actief,Gemeenten,Gemeente,"1880c34d-da3f-4e29-8a36-49f96e2e0392","2018-04-17T16:12:44+00:00"
ae567884-d7cf-5c62-800c-19c15c035f14,Leverancier,Leverancier,,Cocoon,,,,,,Actief,Gemeenten,Gemeente,db3b997f-5a48-4133-bd9d-5695acf2a521,"2023-06-12T10:29:54+00:00"
fc2765a2-f9ed-59cd-841f-4bfbdf16aadb,Leverancier,Leverancier,,Cocoon - Media Management Software,https://use-cocoon.nl,test.vng.swc+Ger@gmail.com,+31 23 4567890,,,Actief,Gemeenten,Leverancier,fc2765a2-f9ed-59cd-841f-4bfbdf16aadb,"2021-06-02T17:00:47+00:00"
"8b521315-1f11-5d70-906e-295fb35de1d7",Leverancier,Leverancier,,Cocoon Software Technology,,,,,,Actief,Gemeenten,Samenwerking,"769b4359-b891-4198-b924-86e1bb7f6cdd","2020-06-09T10:39:50+00:00"
b637a6c7-6fff-520b-af3e-cd1e463fa655,Leverancier,Leverancier,,Cocoon Subsidiesoftware,https://www.subsidiescan.nl,test.vng.swc+Kee@gmail.com,+31 23 4567890,,,Actief,Gemeenten,Leverancier,b637a6c7-6fff-520b-af3e-cd1e463fa655,"2024-07-03T16:14:15+00:00"
eeb2729d-6e05-5581-b104-de3aaa831ffb,Leverancier,Leverancier,,CodeTwo,,,,,,Actief,Gemeenten,Gemeente,"751d7216-3be5-4ab2-9d95-40bdbc4444ec","2016-05-29T21:43:24+00:00"
"3b62a3d8-bc13-5896-abb9-c0a37eb080a5",Leverancier,Leverancier,,Coenradi,,,,,,Actief,Gemeenten,Gemeente,"9e903d5f-9d6e-42f6-8c40-43ef3f1cd3d6","2015-03-20T15:46:03+00:00"
"225dcd8d-badc-59c5-a241-640930078b7b",Leverancier,Leverancier,,Cognos,,,,,,Actief,Gemeenten,Samenwerking,"49f17690-c60f-4d1e-844c-4e84d473e39a","2020-01-03T11:34:34+00:00"
a3d6faad-9235-535b-bf3a-5699539c17ad,Leverancier,Leverancier,,Cognos B.V.,,,,,,Actief,Gemeenten,Gemeente,"963a9aa4-e02a-4f3b-93b9-eef410a4d43e","2017-05-03T15:32:18+00:00"
"553ff6bb-b9df-5eb2-8767-95d0904876aa",Leverancier,Leverancier,,Cohesie,,,,,,Actief,Gemeenten,Samenwerking,f9f6c0ca-5a17-4d5d-bd24-e346ffc4cfff,"2016-03-09T09:55:13+00:00"
"9900dcda-fec5-5d2c-925a-412f7414359b",Leverancier,Leverancier,,College bescherming persoonsgegevens,,,,,,Actief,Gemeenten,Gemeente,"4d385e00-86bb-423e-86dc-1ec0629b5200","2016-04-04T13:52:12+00:00"
cd8774c3-8904-5ad4-accc-b07531b924cc,Leverancier,Leverancier,,COMMERCEHUB,,,,,,Actief,Gemeenten,Gemeente,"4bfb4c05-0c9d-4138-b0d2-90a09374caf4","2017-03-19T16:25:20+00:00"
"01dd57b7-dfd5-5532-aa8f-23fef5a738cf",Leverancier,Leverancier,,Common Ground Pakketten,https://commonground.nl,test.vng.swc+Rea@gmail.com,+31 23 4567890,,,Actief,Gemeenten,Leverancier,"01dd57b7-dfd5-5532-aa8f-23fef5a738cf","2021-05-20T13:42:23+00:00"
fe58239a-b415-5960-b4c6-5e043c741c0b,Leverancier,Leverancier,,Communited,,,,,,Actief,Gemeenten,Gemeente,"6ea9357b-c6cb-4702-8e95-baafeaa6b38c","2017-08-25T15:22:58+00:00"
a6658a2e-8e13-583d-bd94-6d3022bdff0c,Leverancier,Leverancier,,Communited VOF,,,,,,Actief,Gemeenten,Samenwerking,"86aa66a7-4802-4d73-95d7-0d4e7ca98255","2014-07-01T16:30:52+00:00"
bfd58ee3-a270-53a9-b100-9900e1008d54,Leverancier,Leverancier,,Community,,,,,,Actief,Gemeenten,Gemeente,ddf0e7af-285a-4853-ad18-dce8f58c7d5f,"2021-06-24T14:10:20+00:00"
"924a9d50-8b1c-5df1-8830-cb8e81358e61",Leverancier,Leverancier,,Commvault,,,,,,Actief,Gemeenten,Gemeente,"751d7216-3be5-4ab2-9d95-40bdbc4444ec","2023-11-08T11:26:48+00:00"
"57929c62-eaba-5fa8-98a2-1c6d3425fb33",Leverancier,Leverancier,,Company Webcast,,,,,,Actief,Gemeenten,Gemeente,"41301287-5c86-467d-8afb-7947df0e0b5d","2022-12-15T15:09:25+00:00"
fd4b3347-4c42-501c-aef9-911b4e0adf3a,Leverancier,Leverancier,,Comparex,,,,,,Actief,Gemeenten,Gemeente,"11116e43-889d-4f50-92eb-ce630ebafd9e","2025-06-24T08:49:11+00:00"
"87656de5-5d59-576b-88f5-f3d2ebaf7a91",Leverancier,Leverancier,,CompetenSYS,https://www.competensys.nl,test.vng.swc+Pau@gmail.com,+31 23 4567890,,,Actief,Gemeenten,Leverancier,"87656de5-5d59-576b-88f5-f3d2ebaf7a91","2014-05-16T12:44:46+00:00"
"87656de5-5d59-576b-88f5-f3d2ebaf7a91",Leverancier,Leverancier,,CompetenSYS,https://www.competensys.nl,test.vng.swc+Pau@gmail.com,+31 23 4567890,,,Actief,Gemeenten,Gemeente,"26f29531-8849-490d-a7d7-2836e6fd4da3","2022-01-10T15:01:23+00:00"
c3b9ff00-6068-564d-aaae-807d3bda11a7,Leverancier,Leverancier,,CompLions B.V.,,,,,,Actief,Gemeenten,Gemeente,"7738e2c7-d435-4884-9827-d62583ba48a7","2017-02-08T12:02:31+00:00"
ab2d9242-0898-5622-9730-4b0a338c34f8,Leverancier,Leverancier,,CompLions-GRC,,,,,,Actief,Gemeenten,Gemeente,"39a6abee-c408-422c-b3e2-71ed1fd94f90","2018-06-26T09:13:50+00:00"
"7a60bd42-076a-52ff-aba1-72e5799103c6",Leverancier,Leverancier,,Compusystems,,,,,,Actief,Gemeenten,Gemeente,bc343b52-289d-4f5e-b420-f0d0b2abdcbe,"2022-04-12T12:16:08+00:00"
a4ce6b31-ce6d-51ba-8036-485725b1f13b,Leverancier,Leverancier,,Computus BV,,,,,,Actief,Gemeenten,Gemeente,b0eea343-8d48-4144-a80d-2022d60c097f,"2018-09-28T11:03:53+00:00"
"203b64a9-4908-5a09-8719-cfbe2b57fcef",Leverancier,Leverancier,,ComScore,,,,,,Actief,Gemeenten,Gemeente,"963a9aa4-e02a-4f3b-93b9-eef410a4d43e","2017-05-10T13:18:54+00:00"
"74b67d45-1b62-5962-8e48-7e07903403fa",Leverancier,Leverancier,,Comsi,,,,,,Actief,Gemeenten,Gemeente,"3f8a0f92-979c-4cae-9ddf-7147a036d60b","2023-06-05T11:11:22+00:00"
"08580e92-8bb2-52b9-a0f6-1eab5f818b4f",Leverancier,Leverancier,,Conceptronic,,,,,,Actief,Gemeenten,Samenwerking,d328e7bc-4c85-4346-ba9a-90942a83d779,"2018-08-10T11:46:27+00:00"
e39262de-fe80-583f-ac1b-793497417432,Leverancier,Leverancier,,Conclusion,https://www.conclusion.nl,test.vng.swc+Tkr@gmail.com,,,,Actief,Gemeenten,Leverancier,e39262de-fe80-583f-ac1b-793497417432,"2014-09-24T18:27:37+00:00"
e39262de-fe80-583f-ac1b-793497417432,Leverancier,Leverancier,,Conclusion,https://www.conclusion.nl,test.vng.swc+Tkr@gmail.com,,,,Actief,Gemeenten,Samenwerking,f9f6c0ca-5a17-4d5d-bd24-e346ffc4cfff,"2021-07-27T18:59:20+00:00"
fe06545e-69b5-5076-af50-377b532176c9,Leverancier,Leverancier,,Condeco,,,,,,Actief,Gemeenten,Gemeente,b0eea343-8d48-4144-a80d-2022d60c097f,"2022-09-21T13:58:23+00:00"
"9390b0ef-d6ca-58b1-bfe0-07fb61138b37",Leverancier,Leverancier,,Condor,https://www.condor.nl,test.vng.swc+Did@gmail.com,+31 23 4567890,,,Actief,Gemeenten,Leverancier,"9390b0ef-d6ca-58b1-bfe0-07fb61138b37","2025-05-07T13:39:38+00:00"
"9390b0ef-d6ca-58b1-bfe0-07fb61138b37",Leverancier,Leverancier,,Condor,https://www.condor.nl,test.vng.swc+Did@gmail.com,+31 23 4567890,,,Actief,Gemeenten,Gemeente,db7fdd84-bdfd-41d6-8641-0f1e2a954c25,"2021-04-21T10:19:47+00:00"
d543e0c2-db04-5550-8f08-b74584ccf5dd,Leverancier,Leverancier,,Conduction,https://www.conduction.nl,test.vng.swc+Mat@gmail.com,+31 23 4567890,,,Actief,Gemeenten,Leverancier,d543e0c2-db04-5550-8f08-b74584ccf5dd,"2021-08-19T10:54:13+00:00"
d543e0c2-db04-5550-8f08-b74584ccf5dd,Leverancier,Leverancier,,Conduction,https://www.conduction.nl,test.vng.swc+Mat@gmail.com,+31 23 4567890,,,Actief,Gemeenten,Gemeente,"96212a54-214a-4f94-9e6b-9b7eec6d47d2","2025-07-22T11:17:43+00:00"
"628b3efa-d39b-501b-a13a-5f687b86fee1",Leverancier,Leverancier,,Coneco,,,,,,Actief,Gemeenten,Gemeente,"11116e43-889d-4f50-92eb-ce630ebafd9e","2020-12-30T15:23:43+00:00"
"90e4ff6e-89a6-5bb9-94b1-c619266c4dad",Leverancier,Leverancier,,Connected Information Services BV,,,,,,Actief,Gemeenten,Samenwerking,"4a0233a4-ea38-47ae-86f5-e3bd348b8deb","2020-04-01T12:14:34+00:00"
ef06761f-2b7a-5f18-a8f6-8669b63dacdc,Leverancier,Leverancier,,Connectis,,,,,,Actief,Gemeenten,Samenwerking,d22b9ff2-8b62-4b48-b6ad-7b9e86002cd8,"2018-01-24T13:43:18+00:00"
"04525602-9686-5d70-a2a6-aeac56773362",Leverancier,Leverancier,,Connective,,,,,,Actief,Gemeenten,Samenwerking,"01cbfa8e-e58f-4246-97b3-b115cf01f7e0","2019-02-26T13:57:19+00:00"
b9d63b88-f31f-5d39-9e13-b41b98262041,Leverancier,Leverancier,,Connexys,,,,,,Actief,Gemeenten,Gemeente,e3840d25-451b-4107-a5f0-0588d4fca3ee,"2017-02-03T12:43:34+00:00"
"0db6b66b-d806-5d5a-b790-1e1d62f887a4",Leverancier,Leverancier,,Construsoft,,,,,,Actief,Gemeenten,Gemeente,ab8c21a3-105a-437c-be7e-41553dff6dc4,"2022-01-05T17:18:46+00:00"
"92b5a887-5ebc-5f8f-a939-ff83d74d0778",Leverancier,Leverancier,,Contec,,,,,,Actief,Gemeenten,Samenwerking,"44924c74-a91c-4e83-80ec-8fd1b52556a5","2020-02-05T10:20:30+00:00"
"885fa88d-c745-5c42-baba-7d7ef22a8933",Leverancier,Leverancier,,Contec BV,,,,,,Actief,Gemeenten,Gemeente,"3fa41daf-5e2d-4da2-a5a8-af0ed195ec13","2023-03-20T15:02:43+00:00"
"9f81bdb5-711a-5b5c-a427-63e1bee82f6a",Leverancier,Leverancier,,Content Guru,https://www.contentguru.com/nl,test.vng.swc+Rik@gmail.com,+31 23 4567890,,,Actief,Gemeenten,Leverancier,"9f81bdb5-711a-5b5c-a427-63e1bee82f6a","2022-05-17T14:43:11+00:00"
"9f81bdb5-711a-5b5c-a427-63e1bee82f6a",Leverancier,Leverancier,,Content Guru,https://www.contentguru.com/nl,test.vng.swc+Rik@gmail.com,+31 23 4567890,,,Actief,Gemeenten,Gemeente,"53873206-6267-4cc5-b24a-726e0e013ac3","2025-07-21T08:19:44+00:00"
bcdda52c-49ad-54ac-a418-b43f698f8e51,Leverancier,Leverancier,,Contenzo BV,,,,,,Actief,Gemeenten,Gemeente,"7738e2c7-d435-4884-9827-d62583ba48a7","2017-01-31T15:49:38+00:00"
"86656cb8-9c9b-50e4-8710-cfa995ebaff3",Leverancier,Leverancier,,Contezza,https://www.contezza.nl,test.vng.swc+Ric@gmail.com,+31 23 4567890,,,Actief,Gemeenten,Leverancier,"86656cb8-9c9b-50e4-8710-cfa995ebaff3","2018-07-18T14:05:20+00:00"
"2d8cb452-d53b-5f1e-95f4-a7b5ad02e19f",Leverancier,Leverancier,,Continia,,,,,,Actief,Gemeenten,Samenwerking,b84d6d5a-aa9d-4500-90f7-a02545e41797,"2022-03-08T15:47:38+00:00"
be9d0644-2913-5630-9e4f-3f5219917d5d,Leverancier,Leverancier,,CoolProfs,https://www.coolprofs.com,test.vng.swc+Inf@gmail.com,+31 23 4567890,,,Actief,Gemeenten,Leverancier,be9d0644-2913-5630-9e4f-3f5219917d5d,"2016-06-08T08:16:13+00:00"
be9d0644-2913-5630-9e4f-3f5219917d5d,Leverancier,Leverancier,,CoolProfs,https://www.coolprofs.com,test.vng.swc+Inf@gmail.com,+31 23 4567890,,,Actief,Gemeenten,Gemeente,"9b0411ba-41da-4a15-9eaa-42b624dba40c","2025-08-04T15:01:47+00:00"
"7aa6f9ea-e348-5390-8490-170d5b72035a",Leverancier,Leverancier,,Coosto,,,,,,Actief,Gemeenten,Gemeente,b6a3804a-012d-452e-859d-9955e1bd6bc2,"2023-05-17T09:47:41+00:00"
"47716b48-78dc-512f-bbe4-51b5089328eb",Leverancier,Leverancier,,Coosto B.V.,,,,,,Actief,Gemeenten,Gemeente,c9e26ee2-0de6-476a-85e2-631a5e84ea42,"2019-04-24T13:26:32+00:00"
eee2d4cd-b886-5ab1-a027-f587f32177b5,Leverancier,Leverancier,,Copernica,,,,,,Actief,Gemeenten,Gemeente,cb634d57-2b5f-4a03-9be4-d04c483853a7,"2017-12-21T15:15:43+00:00"
"6c3c60a1-ca30-5daf-b70e-1e5f94c6fec8",Leverancier,Leverancier,,Coptron SCARL,,,,,,Actief,Gemeenten,Gemeente,"1f66615f-fa81-44f6-92e3-eadac6b11eca","2017-10-20T13:06:06+00:00"
eacecd0f-2e0d-5ec2-b2c0-5409b10af3f6,Leverancier,Leverancier,,Cordiplan,,test.vng.swc+Inf@gmail.com,+31 23 4567890,,,Actief,Gemeenten,Leverancier,eacecd0f-2e0d-5ec2-b2c0-5409b10af3f6,"2018-09-06T15:35:59+00:00"
"51440f14-7a44-5c1e-a903-cec6cbd54120",Leverancier,Leverancier,,Core FTP,,,,,,Actief,Gemeenten,Gemeente,ddf0e7af-285a-4853-ad18-dce8f58c7d5f,"2018-10-26T15:08:19+00:00"
"36bf09fc-e6bf-52d0-951f-43758f9a1445",Leverancier,Leverancier,,Cosa,,,,,,Actief,Gemeenten,Gemeente,"6585ae1a-208b-48e7-a08d-5aac2f0f29b4","2014-07-01T16:30:52+00:00"
"29de37e6-bb3b-5f88-a63a-238b15130b75",Leverancier,Leverancier,,COVOG,,,,,,Actief,Gemeenten,Samenwerking,"4a0233a4-ea38-47ae-86f5-e3bd348b8deb","2020-04-01T14:44:05+00:00"
"18c1b75c-fedb-5bc2-8138-d3d6aa827df9",Leverancier,Leverancier,,CRB Fusion,,,,,,Actief,Gemeenten,Gemeente,"719fb103-bf04-4f83-ae99-f72cc1b514c2","2025-07-01T08:10:44+00:00"
"50035fd6-d455-5d50-a064-6c30f4a899c4",Leverancier,Leverancier,,CRB Fusion B.V.,,,,,,Actief,Gemeenten,Gemeente,"79a9341e-decf-4010-b2d3-f30d82f4e450","2021-09-08T14:03:31+00:00"
"1bef1d88-2e3f-541d-a14d-28674743668c",Leverancier,Leverancier,,CREAIM,,,,,,Actief,Gemeenten,Gemeente,db7fdd84-bdfd-41d6-8641-0f1e2a954c25,"2017-07-14T16:05:28+00:00"
"5d9acb4f-b33f-50cc-a289-d7cfe5247620",Leverancier,Leverancier,,CreaIM B.V.,,,,,,Actief,Gemeenten,Gemeente,b5fc4714-1555-49e4-abcb-7242da894d56,"2017-05-17T14:30:51+00:00"
"34137cc7-32df-5dbb-baac-8e03878fd980",Leverancier,Leverancier,,Creaim IDSP,,,,,,Actief,Gemeenten,Gemeente,"0c2ed450-ea9d-4a0d-afe0-9fdb632da8dc","2017-07-31T14:56:20+00:00"
"7bd23f2a-c427-526d-ad79-dc25c5058017",Leverancier,Leverancier,,CreAIM|Reconi,,,,,,Actief,Gemeenten,Gemeente,"7738e2c7-d435-4884-9827-d62583ba48a7","2018-08-30T09:13:15+00:00"
bd69a179-607d-557b-8cf9-19a54c841963,Leverancier,Leverancier,,Creative Commons,,,,,,Actief,Gemeenten,Gemeente,"81e0fc01-74f8-4439-b2e5-ee7c957e32ae","2014-09-08T13:35:03+00:00"
cd473957-d153-5926-8ef8-ef533be69fb2,Leverancier,Leverancier,,CrisisConnect,,,,,,Actief,Gemeenten,Gemeente,e033b25b-3b17-4b55-a1f8-2c40a3ece8a7,"2019-02-06T13:35:02+00:00"
"4794b65f-5b1e-5e83-aacc-a66f1b251327",Leverancier,Leverancier,,Crotec,,,,,,Actief,Gemeenten,Gemeente,"751d7216-3be5-4ab2-9d95-40bdbc4444ec","2016-05-25T09:49:11+00:00"
"50ce3e66-23e2-5b4f-b959-5445c5dace07",Leverancier,Leverancier,,CROW,,,,,,Actief,Gemeenten,Gemeente,db3b997f-5a48-4133-bd9d-5695acf2a521,"2023-06-12T10:35:16+00:00"
fed5b8c0-3dab-5b5e-b74f-e45a42cb0c38,Leverancier,Leverancier,,Crowdtech,,,,,,Actief,Gemeenten,Gemeente,"79a9341e-decf-4010-b2d3-f30d82f4e450","2021-04-13T15:45:37+00:00"
e2c697c0-f876-5fbf-836d-84fef86d4977,Leverancier,Leverancier,,CrushFTP,,,,,,Actief,Gemeenten,Gemeente,"1f66615f-fa81-44f6-92e3-eadac6b11eca","2017-10-20T08:45:13+00:00"
"913d5f28-cf0e-5e4a-a7ac-99910e3c6a29",Leverancier,Leverancier,,Cruxer,https://www.cruxer.nl,test.vng.swc+Eri@gmail.com,+31 23 4567890,,,Actief,Gemeenten,Leverancier,"913d5f28-cf0e-5e4a-a7ac-99910e3c6a29","2025-04-22T15:33:54+00:00"
"1c7eb349-683c-5f31-b5ec-994e49d30a8f",Leverancier,Leverancier,,Cruxin,,,,,,Actief,Gemeenten,Gemeente,f6760577-58c8-477d-85b7-06796fdfd82d,"2019-09-12T15:21:27+00:00"
"388ff21f-1119-5932-b5ff-acf2407073bd",Leverancier,Leverancier,,Cryopak,,,,,,Actief,Gemeenten,Gemeente,db3b997f-5a48-4133-bd9d-5695acf2a521,"2023-06-12T10:39:48+00:00"
"7dfa86b8-e5b4-5f05-b488-0872c9b5d6aa",Leverancier,Leverancier,,Cryptshare,,,,,,Actief,Gemeenten,Gemeente,"311c99f5-18d7-478b-b615-faf55530142a","2021-02-08T10:59:24+00:00"
"872e9ff2-5880-5a5d-bd79-0a9346b88b1d",Leverancier,Leverancier,,CS-Awaken,,,,,,Actief,Gemeenten,Samenwerking,"49f17690-c60f-4d1e-844c-4e84d473e39a","2020-01-03T11:36:45+00:00"
"228e7df3-9c70-51a8-977e-542f4f6acb07",Leverancier,Leverancier,,CTM solutions,,,,,,Actief,Gemeenten,Gemeente,"9de9d53d-8f18-4ecf-a5d6-3b3ca07e312a","2019-10-30T13:09:59+00:00"
"35383c89-e041-53fb-8c61-0784a57ade40",Leverancier,Leverancier,,CvK,,,,,,Actief,Gemeenten,Gemeente,"6ea9357b-c6cb-4702-8e95-baafeaa6b38c","2018-10-26T12:46:52+00:00"
"2abe026a-cf3f-5ecb-bf88-1e0126f6b124",Leverancier,Leverancier,,Cyclomedia,,,,,,Actief,Gemeenten,Gemeente,"53873206-6267-4cc5-b24a-726e0e013ac3","2025-09-23T09:22:58+00:00"
"1abd7618-84ed-5139-b162-c678cc45dbd1",Leverancier,Leverancier,,CZ,,,,,,Actief,Gemeenten,Gemeente,db3b997f-5a48-4133-bd9d-5695acf2a521,"2023-06-12T10:46:54+00:00"
"1a77f191-584d-5bdf-bd1c-28a16e76cbed",Leverancier,Leverancier,,D Soft,,,,,,Actief,Gemeenten,Gemeente,"3a6aa04a-11ff-4ee5-9424-d65c8eb0b6bd","2020-11-23T11:38:15+00:00"
"2d77e02a-f3e3-566c-953f-fc6489213928",Leverancier,Leverancier,,D Soft Nederland bv,,,,,,Actief,Gemeenten,Gemeente,"79a9341e-decf-4010-b2d3-f30d82f4e450","2021-06-15T14:58:55+00:00"
"8528d838-d989-5484-81bc-c6eded0546c1",Leverancier,Leverancier,,DA Systems,https://www.dasystems.nl,test.vng.swc+Inf@gmail.com,+31 23 4567890,,,Actief,Gemeenten,Leverancier,"8528d838-d989-5484-81bc-c6eded0546c1","2015-11-26T17:16:32+00:00"
"9396c7cc-9d72-5a3f-b15b-088e1d91eb95",Leverancier,Leverancier,,Daadkracht,,,,,,Actief,Gemeenten,Gemeente,"098fa2df-f721-4d5d-802f-d555af15639d","2022-09-06T11:18:02+00:00"
a0e14ca1-4a02-5f11-8605-e21a65286c29,Leverancier,Leverancier,,Dagmail,,,,,,Actief,Gemeenten,Gemeente,"098fa2df-f721-4d5d-802f-d555af15639d","2022-09-07T15:53:15+00:00"
"73fc5920-67ef-5429-9b0b-d134749f3009",Leverancier,Leverancier,,Dahuasecurity,,,,,,Actief,Gemeenten,Gemeente,"97a3b6fb-90f7-45cf-ae37-003febf346ef","2020-04-08T15:47:17+00:00"
"740863bd-d0cb-5daa-b1e5-331a9c8233db",Leverancier,Leverancier,,Dariuz,,,,,,Actief,Gemeenten,Gemeente,db3b997f-5a48-4133-bd9d-5695acf2a521,"2023-06-12T10:51:10+00:00"
ce7dad45-314f-520f-af90-dbe89d0eb97e,Leverancier,Leverancier,,Dariuz BV,https://www.dariuz.nl,test.vng.swc+R@gmail.com,+31 23 4567890,,,Actief,Gemeenten,Leverancier,ce7dad45-314f-520f-af90-dbe89d0eb97e,"2014-03-26T10:13:27+00:00"
"5f93299a-5f5b-5d9c-966f-fc8e9548e80d",Leverancier,Leverancier,,DASC,,,,,,Actief,Gemeenten,Gemeente,"3f8a0f92-979c-4cae-9ddf-7147a036d60b","2023-06-05T11:15:46+00:00"
e0e39449-f81c-5404-b872-28851602c291,Leverancier,Leverancier,,DAT Mobility,,,,,,Actief,Gemeenten,Gemeente,"563593bf-81ce-4877-aa87-759b12d821b3","2022-08-12T13:27:24+00:00"
"4b52cddc-a158-59c8-bce5-f477bbbcdc07",Leverancier,Leverancier,,Data Control Transponder Technology,,,,,,Actief,Gemeenten,Gemeente,"563593bf-81ce-4877-aa87-759b12d821b3","2022-08-12T10:22:28+00:00"
"2ca98455-f795-5b17-8c6a-3c1d143970e3",Leverancier,Leverancier,,Data Kitchen B.V.,https://www.datakitchen.nl,test.vng.swc+Mar@gmail.com,+31 23 4567890,,,Actief,Gemeenten,Leverancier,"2ca98455-f795-5b17-8c6a-3c1d143970e3","2015-03-18T17:29:17+00:00"
a7d1b6a5-6538-54c9-882c-68c1336deacc,Leverancier,Leverancier,,Data Matters,,,,,,Actief,Gemeenten,Gemeente,"11116e43-889d-4f50-92eb-ce630ebafd9e","2020-12-18T14:53:14+00:00"
"26eacae2-8fbc-5625-9201-991195109b76",Leverancier,Leverancier,,DataB,,,,,,Actief,Gemeenten,Gemeente,ab8c21a3-105a-437c-be7e-41553dff6dc4,"2023-01-05T14:11:21+00:00"
ae4835c7-ec63-5b0a-8ef4-a546ccc48106,Leverancier,Leverancier,,DataB / Wing FTP,,,,,,Actief,Gemeenten,Samenwerking,"769b4359-b891-4198-b924-86e1bb7f6cdd","2020-06-09T10:48:19+00:00"
cdad47e1-87e0-5f55-8596-07f194c0d0d0,Leverancier,Leverancier,,DataB. Mailservice,https://www.datab.nl,test.vng.swc+P@gmail.com,+31 23 4567890,,,Actief,Gemeenten,Leverancier,cdad47e1-87e0-5f55-8596-07f194c0d0d0,"2014-03-26T10:13:27+00:00"
cdad47e1-87e0-5f55-8596-07f194c0d0d0,Leverancier,Leverancier,,DataB. Mailservice,https://www.datab.nl,test.vng.swc+P@gmail.com,+31 23 4567890,,,Actief,Gemeenten,Gemeente,c506903c-cb46-4b91-a5a7-880578af3701,"2025-07-10T11:47:55+00:00"
"778639b1-1c0c-52e4-b19c-83966b86ac03",Leverancier,Leverancier,,Dataedo,,,,,,Actief,Gemeenten,Gemeente,b6a3804a-012d-452e-859d-9955e1bd6bc2,"2020-08-11T11:24:50+00:00"
"90bea6cb-c4ac-5835-95ec-f60342a02752",Leverancier,Leverancier,,Dataether,https://www.dataether.nl,test.vng.swc+Emi@gmail.com,+31 23 4567890,,,Actief,Gemeenten,Leverancier,"90bea6cb-c4ac-5835-95ec-f60342a02752","2024-04-08T14:15:48+00:00"
dc1bc0f6-9c98-50be-b3d0-d5fb13e317ab,Leverancier,Leverancier,,DataExpert,,,,,,Actief,Gemeenten,Gemeente,"9b0411ba-41da-4a15-9eaa-42b624dba40c","2021-05-21T15:30:49+00:00"
"684b76a1-7a9d-50d9-9ab8-28a1c590b9be",Leverancier,Leverancier,,Dataland,,,,,,Actief,Gemeenten,Gemeente,b0eea343-8d48-4144-a80d-2022d60c097f,"2021-05-17T16:06:02+00:00"
bfb0305e-b45a-5cc0-9a4c-c83ef39b9c1f,Leverancier,Leverancier,,DataMask,https://www.datamask.nl,test.vng.swc+Leo@gmail.com,+31 23 4567890,,,Actief,Gemeenten,Leverancier,bfb0305e-b45a-5cc0-9a4c-c83ef39b9c1f,"2020-07-06T11:08:51+00:00"
bfb0305e-b45a-5cc0-9a4c-c83ef39b9c1f,Leverancier,Leverancier,,DataMask,https://www.datamask.nl,test.vng.swc+Leo@gmail.com,+31 23 4567890,,,Actief,Gemeenten,Samenwerking,"86aa66a7-4802-4d73-95d7-0d4e7ca98255","2022-06-27T14:17:54+00:00"
c90addb1-e669-5099-8f39-08fb3b4be287,Leverancier,Leverancier,,DataMiner,,,,,,Actief,Gemeenten,Gemeente,"8e0e04d8-8574-4a5e-9505-49dfbde3ad3a","2015-09-29T12:43:55+00:00"
bd35cfb2-7814-5827-b99e-1c3792520650,Leverancier,Leverancier,,DataQuint,,,,,,Actief,Gemeenten,Gemeente,c506903c-cb46-4b91-a5a7-880578af3701,"2025-07-10T13:49:28+00:00"
"56a485cc-997b-55dc-bbbf-d3681804838d",Leverancier,Leverancier,,Datawatt BV,,,,,,Actief,Gemeenten,Gemeente,"4d385e00-86bb-423e-86dc-1ec0629b5200","2016-04-04T13:35:40+00:00"
"7912702b-0b29-5dd2-a06e-809499ce4ec6",Leverancier,Leverancier,,Datawerken IT B.V.,,,,,,Actief,Gemeenten,Samenwerking,"72615a0b-8276-4f0c-ac73-82ee98c80d0b","2018-08-21T13:51:15+00:00"
c5be565a-3fac-5515-8e53-a9da0d29830b,Leverancier,Leverancier,,Davilex,,,,,,Actief,Gemeenten,Samenwerking,"49f17690-c60f-4d1e-844c-4e84d473e39a","2017-12-11T14:55:03+00:00"
"78602dda-1d3f-5181-a0a5-84c51f29df98",Leverancier,Leverancier,,Dawaco,https://www.dawaco.nl,test.vng.swc+Mar@gmail.com,+31 23 4567890,,,Actief,Gemeenten,Leverancier,"78602dda-1d3f-5181-a0a5-84c51f29df98","2025-01-07T08:57:36+00:00"
"569d40ad-b6f7-5b71-b03d-2e445efd4dfd",Leverancier,Leverancier,,Dawaco BV.,,,,,,Actief,Gemeenten,Gemeente,"90cb9d65-8a63-4bea-8631-57c9c818c72e","2024-12-31T12:47:50+00:00"
"995d7162-8ec3-5c09-95f8-192991ec9118",Leverancier,Leverancier,,DAX Studio,,,,,,Actief,Gemeenten,Gemeente,"098fa2df-f721-4d5d-802f-d555af15639d","2022-09-06T11:43:43+00:00"
"9b92f9ca-a8dc-58fe-bbef-f7ab3f2763fa",Leverancier,Leverancier,,DB Energie,,,,,,Actief,Gemeenten,Gemeente,e5cb9f1e-3c9f-4a61-b903-651d139a1d43,"2020-09-23T16:34:46+00:00"
ffc8cb15-9b3c-556e-8fdb-9a0e86151d34,Leverancier,Leverancier,,DBI Nederland,,,,,,Actief,Gemeenten,Gemeente,db3b997f-5a48-4133-bd9d-5695acf2a521,"2023-06-12T10:57:30+00:00"
"3ab88264-74bc-51dd-b86a-22e61e375d54",Leverancier,Leverancier,,DBICS,,,,,,Actief,Gemeenten,Gemeente,db3b997f-5a48-4133-bd9d-5695acf2a521,"2023-06-12T10:55:16+00:00"
"0cf91071-34b9-5cde-a441-7b9c4b135f79",Leverancier,Leverancier,,DbVisualizer,,,,,,Actief,Gemeenten,Gemeente,"098fa2df-f721-4d5d-802f-d555af15639d","2022-09-06T11:44:34+00:00"
ca47384f-df50-5967-8c0f-9869f9e46901,Leverancier,Leverancier,,DCTT,,,,,,Actief,Gemeenten,Gemeente,"88d860d6-83ee-4e26-bf9b-225e549ba461","2020-07-07T08:21:57+00:00"
b6c60a48-1342-5f9e-99fd-557962691761,Leverancier,Leverancier,,De Best Consultants,,,,,,Actief,Gemeenten,Gemeente,"9e903d5f-9d6e-42f6-8c40-43ef3f1cd3d6","2015-03-05T11:22:01+00:00"
d94ce996-4620-529a-8058-dc58057dd752,Leverancier,Leverancier,,De Bomenwacht,,,,,,Actief,Gemeenten,Gemeente,"11116e43-889d-4f50-92eb-ce630ebafd9e","2021-01-06T16:35:39+00:00"
c6b26107-a753-5330-87be-d5ceaedc3683,Leverancier,Leverancier,,De friesland,,,,,,Actief,Gemeenten,Gemeente,b0eea343-8d48-4144-a80d-2022d60c097f,"2021-03-15T15:49:13+00:00"
fb23c800-13c3-565f-8b78-a3bfc77259ba,Leverancier,Leverancier,,De groot camera systemen,,,,,,Actief,Gemeenten,Gemeente,"11116e43-889d-4f50-92eb-ce630ebafd9e","2021-01-06T09:43:17+00:00"
"0ffd45fc-be28-57b8-9690-ad47755073df",Leverancier,Leverancier,,De Haan,,,,,,Actief,Gemeenten,Gemeente,"79a9341e-decf-4010-b2d3-f30d82f4e450","2021-04-13T15:57:36+00:00"
c0da74b2-1f18-590c-ab60-36cb733c1111,Leverancier,Leverancier,,De Koning,,,,,,Actief,Gemeenten,Gemeente,db7fdd84-bdfd-41d6-8641-0f1e2a954c25,"2021-06-07T10:34:12+00:00"
a8a4a93c-19ae-522e-a79e-dc65e75fccc6,Leverancier,Leverancier,,De Laatste Eer,,,,,,Actief,Gemeenten,Gemeente,e033b25b-3b17-4b55-a1f8-2c40a3ece8a7,"2018-06-12T17:07:06+00:00"
"81b9affd-d600-5cef-b2c4-90bcef7cfd4e",Leverancier,Leverancier,,De Melker,,,,,,Actief,Gemeenten,Gemeente,db7fdd84-bdfd-41d6-8641-0f1e2a954c25,"2017-07-04T11:35:45+00:00"
a37b85aa-9cfe-50bf-a6ae-e9c2712121ac,Leverancier,Leverancier,,De Peutermonitor,https://innovatienul13.nl/peutermonitor,test.vng.swc+K@gmail.com,+31 23 4567890,,,Actief,Gemeenten,Leverancier,a37b85aa-9cfe-50bf-a6ae-e9c2712121ac,"2021-02-09T13:44:43+00:00"
a26d98ac-4eb7-524c-8937-48a306a29de0,Leverancier,Leverancier,,De Ree,,,,,,Actief,Gemeenten,Samenwerking,"73156abd-8a53-4575-b12d-1f1479ac1f86","2019-01-21T10:12:40+00:00"
"0bc383a5-5316-549b-bc5f-2b7a1a28b19a",Leverancier,Leverancier,,DE REE archiefsystemen,https://www.de-ree.nl,test.vng.swc+Ycl@gmail.com,+31 23 4567890,,,Actief,Gemeenten,Leverancier,"0bc383a5-5316-549b-bc5f-2b7a1a28b19a","2020-03-02T09:03:07+00:00"
"0bc383a5-5316-549b-bc5f-2b7a1a28b19a",Leverancier,Leverancier,,DE REE archiefsystemen,https://www.de-ree.nl,test.vng.swc+Ycl@gmail.com,+31 23 4567890,,,Actief,Gemeenten,Samenwerking,"02fe378e-6e85-49eb-ba3e-61641834ab00","2022-07-14T14:33:44+00:00"
"9cee4490-34ae-5311-ba43-17991d7dca1c",Leverancier,Leverancier,,De Ridder & Den Hertog,,,,,,Actief,Gemeenten,Gemeente,afef434c-6ba1-4f92-9cd9-4a59374a7669,"2016-11-11T12:09:04+00:00"
f782957b-3b4a-5de5-9f28-404f6c232219,Leverancier,Leverancier,,De twee snoeken,,,,,,Actief,Gemeenten,Gemeente,"7738e2c7-d435-4884-9827-d62583ba48a7","2017-02-01T13:20:47+00:00"
b4d2cc4c-5e86-56d3-b214-03cdb4e3d8ad,Leverancier,Leverancier,,De Volkskredietbank Noord-Oost Groningen,,,,,,Actief,Gemeenten,Samenwerking,"4a0233a4-ea38-47ae-86f5-e3bd348b8deb","2020-06-17T16:40:37+00:00"
f01eb4bd-7c66-5af8-95fa-db682d72f31f,Leverancier,Leverancier,,De zes gemeenten van Flevoland,,,,,,Actief,Gemeenten,Gemeente,"1f66615f-fa81-44f6-92e3-eadac6b11eca","2017-10-20T12:44:23+00:00"
"1132883d-799e-5bd4-bcb3-b6b5d81f9e70",Leverancier,Leverancier,,Deapr,https://deapr.com,test.vng.swc+Wim@gmail.com,+31 23 4567890,,,Actief,Gemeenten,Leverancier,"1132883d-799e-5bd4-bcb3-b6b5d81f9e70","2022-05-30T15:53:02+00:00"
"846a5288-98b3-56ff-867e-0e65a57e1c89",Leverancier,Leverancier,,Decos,,,,,,Actief,Gemeenten,Gemeente,c46223c8-bdca-44e2-b0c0-d6e266257ea9,"2023-06-23T22:58:33+00:00"
"7744d038-8527-5b4c-a2e9-64b8f6d78f5d",Leverancier,Leverancier,,Decos Information Solutions,https://www.decos.nl,test.vng.swc+D@gmail.com,+31 23 4567890,,,Actief,Gemeenten,Leverancier,"7744d038-8527-5b4c-a2e9-64b8f6d78f5d","2014-03-26T10:13:27+00:00"
"7744d038-8527-5b4c-a2e9-64b8f6d78f5d",Leverancier,Leverancier,,Decos Information Solutions,https://www.decos.nl,test.vng.swc+D@gmail.com,+31 23 4567890,,,Actief,Gemeenten,Gemeente,"3b9bb816-ade8-44ba-98a1-611e05ebb84b","2024-09-04T16:28:59+00:00"
"1ade8583-6662-57da-864b-3553db74fac6",Leverancier,Leverancier,,Deister Electronic GmbH,,,,,,Actief,Gemeenten,Samenwerking,"9aa7afc7-39a5-41f1-a104-91429c495592","2017-11-20T12:20:24+00:00"
"377ad92c-eb28-5a2c-bda3-ec1dc5323553",Leverancier,Leverancier,,Dekkers IT Solutions & Consultancy,https://www.dekkersit.com,test.vng.swc+C@gmail.com,+31 23 4567890,,,Actief,Gemeenten,Leverancier,"377ad92c-eb28-5a2c-bda3-ec1dc5323553","2020-10-29T15:23:15+00:00"
e73a7192-86c5-53a4-9472-3e36cea92fa0,Leverancier,Leverancier,,Dell,,,,,,Actief,Gemeenten,Gemeente,fea3c97a-7d59-47a0-86b0-4f842980a8c3,"2019-04-16T13:46:42+00:00"
b9f6b197-5e40-51ce-b78f-c7f6e4ab25bc,Leverancier,Leverancier,,Deloitte,,,,,,Actief,Gemeenten,Gemeente,"1f66615f-fa81-44f6-92e3-eadac6b11eca","2017-10-20T13:46:20+00:00"
b1ded6eb-d45c-5cf1-b094-ff54cc295d0f,Leverancier,Leverancier,,Delphi Technologies,,,,,,Actief,Gemeenten,Gemeente,"8908e84f-8ac2-41be-8cd8-95adbacf48df","2021-07-28T10:32:11+00:00"
e2008027-4107-5f0c-9bab-b42b3c989f50,Leverancier,Leverancier,,Delta10,https://www.delta10.nl,test.vng.swc+Bar@gmail.com,+31 23 4567890,,,Actief,Gemeenten,Leverancier,e2008027-4107-5f0c-9bab-b42b3c989f50,"2022-02-01T11:10:05+00:00"
e2008027-4107-5f0c-9bab-b42b3c989f50,Leverancier,Leverancier,,Delta10,https://www.delta10.nl,test.vng.swc+Bar@gmail.com,+31 23 4567890,,,Actief,Gemeenten,Gemeente,"9384ee66-e19d-4cb1-be5a-861436ad9d67","2024-06-18T15:17:38+00:00"
c9e2f0b3-ce12-5b85-beaf-dbbe6bebee21,Leverancier,Leverancier,,Deltarail Nederland,,,,,,Actief,Gemeenten,Gemeente,d620f6fd-1d42-4bf7-a46a-d26c1c8cdfc9,"2015-08-04T08:59:43+00:00"
cb9294a6-073d-556f-a034-110ca2dae3a8,Leverancier,Leverancier,,Deltares,,,,,,Actief,Gemeenten,Gemeente,"1f66615f-fa81-44f6-92e3-eadac6b11eca","2017-11-10T12:58:36+00:00"
bf83ac70-85f7-57a7-8c67-ac39388ef861,Leverancier,Leverancier,,Deltares Software Centre,,,,,,Actief,Gemeenten,Gemeente,"79a9341e-decf-4010-b2d3-f30d82f4e450","2021-11-10T15:12:33+00:00"
f6def186-ffe0-5500-a777-53147e103bed,Leverancier,Leverancier,,Demo consultants,,,,,,Actief,Gemeenten,Gemeente,"1f66615f-fa81-44f6-92e3-eadac6b11eca","2017-11-10T09:42:38+00:00"
f0be7eeb-8aea-5755-bada-1e3dfb1bd2f2,Leverancier,Leverancier,,Demu,,,,,,Actief,Gemeenten,Gemeente,"1f66615f-fa81-44f6-92e3-eadac6b11eca","2017-10-19T13:55:34+00:00"
f25cde72-8b42-5fef-9038-d7a787e6830d,Leverancier,Leverancier,,DeNK,,,,,,Actief,Gemeenten,Gemeente,dea35f50-183b-4d08-9d7b-96a8623def46,"2017-10-20T09:19:56+00:00"
"265d69dd-06c3-5fd9-bb10-58b29a977dd9",Leverancier,Leverancier,,Deos Controls,,,,,,Actief,Gemeenten,Gemeente,b0eea343-8d48-4144-a80d-2022d60c097f,"2021-05-17T16:15:27+00:00"
f5166011-4bd5-5e31-a06c-5162942c3d0e,Leverancier,Leverancier,,Deposit Photos,,,,,,Actief,Gemeenten,Gemeente,db3b997f-5a48-4133-bd9d-5695acf2a521,"2023-06-12T11:02:53+00:00"
"07399bb5-0aa7-5156-a4f3-9595773f4a26",Leverancier,Leverancier,,Design expres,,,,,,Actief,Gemeenten,Gemeente,b0eea343-8d48-4144-a80d-2022d60c097f,"2015-04-14T13:55:16+00:00"
"6c6f7cb8-e3a0-5b56-a05b-9fe9ad61e122",Leverancier,Leverancier,,Design8 BV,,,,,,Actief,Gemeenten,Gemeente,"79a9341e-decf-4010-b2d3-f30d82f4e450","2021-11-10T13:55:31+00:00"
"97b6d632-999e-5ac7-9950-81bc3f89d72a",Leverancier,Leverancier,,Desyde,https://www.desyde.nl,test.vng.swc+Tpu@gmail.com,,,,Actief,Gemeenten,Leverancier,"97b6d632-999e-5ac7-9950-81bc3f89d72a","2014-03-26T10:13:27+00:00"
"97b6d632-999e-5ac7-9950-81bc3f89d72a",Leverancier,Leverancier,,Desyde,https://www.desyde.nl,test.vng.swc+Tpu@gmail.com,,,,Actief,Gemeenten,Gemeente,"098fa2df-f721-4d5d-802f-d555af15639d","2022-09-07T16:01:56+00:00"
cf2a0768-cb1c-5912-8658-56f56e591eec,Leverancier,Leverancier,,Devenit,,,,,,Actief,Gemeenten,Gemeente,f5e9de66-fa74-407e-a061-331a2cf226f5,"2016-12-07T09:50:56+00:00"
"0911d76a-bf7c-54c1-8508-f183f7ef9e9a",Leverancier,Leverancier,,DEVENTit,https://www.deventit.nl,test.vng.swc+Off@gmail.com,+31 23 4567890,,,Actief,Gemeenten,Leverancier,"0911d76a-bf7c-54c1-8508-f183f7ef9e9a","2020-02-24T15:33:54+00:00"
"0911d76a-bf7c-54c1-8508-f183f7ef9e9a",Leverancier,Leverancier,,DEVENTit,https://www.deventit.nl,test.vng.swc+Off@gmail.com,+31 23 4567890,,,Actief,Gemeenten,Gemeente,"8e0729ca-7e07-45b1-ab6a-6d947fdd9f54","2025-02-03T16:50:41+00:00"
ddb0de5f-1d65-5f50-bd22-eade90833819,Leverancier,Leverancier,,DevIS,,,,,,Actief,Gemeenten,Samenwerking,"49f17690-c60f-4d1e-844c-4e84d473e39a","2017-12-11T15:03:30+00:00"
"4d62894b-fe70-5997-ab1c-7512caab2ae8",Leverancier,Leverancier,,DG Groep,https://www.dggroep.nl,test.vng.swc+Fju@gmail.com,+31 23 4567890,,,Actief,Gemeenten,Leverancier,"4d62894b-fe70-5997-ab1c-7512caab2ae8","2014-03-26T10:13:27+00:00"
"4d62894b-fe70-5997-ab1c-7512caab2ae8",Leverancier,Leverancier,,DG Groep,https://www.dggroep.nl,test.vng.swc+Fju@gmail.com,+31 23 4567890,,,Actief,Gemeenten,Gemeente,"364991e9-f0d6-4aaf-85ec-9cf96e7943b2","2018-06-28T20:27:18+00:00"
"72bc0f42-1997-5dbe-8410-c8db131ecac5",Leverancier,Leverancier,,DGMR,,,,,,Actief,Gemeenten,Gemeente,"79a9341e-decf-4010-b2d3-f30d82f4e450","2021-06-15T13:41:05+00:00"
"401e2594-f834-5e3d-96c3-77067583271c",Leverancier,Leverancier,,DGMR iov Agentschap NL,,,,,,Actief,Gemeenten,Samenwerking,ebecf9a3-162e-4da8-a888-889b09192838,"2018-01-24T12:03:14+00:00"
"24c1dc61-b18e-5adf-819e-113ea627e9e8",Leverancier,Leverancier,,DGMR software,,,,,,Actief,Gemeenten,Gemeente,"60845a9b-6ddd-417f-ad71-e99cf4b0780d","2017-04-06T13:10:22+00:00"
"062ece26-ec55-5760-b234-6b9652b4ded9",Leverancier,Leverancier,,DGMR Software BV,,,,,,Actief,Gemeenten,Gemeente,"4f0860d5-d31c-4a4d-9ec2-541bfe72860f","2024-08-27T15:16:40+00:00"
"1150fda0-bfaa-5ab0-9d71-101c12ff1575",Leverancier,Leverancier,,DGMT,,,,,,Actief,Gemeenten,Gemeente,"60845a9b-6ddd-417f-ad71-e99cf4b0780d","2017-05-17T10:06:35+00:00"
"3de9f386-dc32-5789-8eee-e8e36a6a7b06",Leverancier,Leverancier,,DGRW Software,,,,,,Actief,Gemeenten,Gemeente,"6ea9357b-c6cb-4702-8e95-baafeaa6b38c","2018-10-26T14:04:41+00:00"
aa0ea181-0c6c-5f42-a4f5-e4e4cb2d8c22,Leverancier,Leverancier,,DHV,,,,,,Actief,Gemeenten,Gemeente,"8adeb567-defe-4dd0-8887-f1c01889308c","2015-09-15T13:57:21+00:00"
"646a9a5d-7a21-5719-8c66-269d0c3f2e8f",Leverancier,Leverancier,,Dial,,,,,,Actief,Gemeenten,Gemeente,"4d385e00-86bb-423e-86dc-1ec0629b5200","2016-03-31T16:00:23+00:00"
"6b41b783-5f4f-550e-9d84-66b156bedc3e",Leverancier,Leverancier,,DIAL Gmbh,,,,,,Actief,Gemeenten,Gemeente,f6760577-58c8-477d-85b7-06796fdfd82d,"2019-08-14T10:53:12+00:00"
a31bda55-fa9a-5ce0-bd69-82637a11f1d0,Leverancier,Leverancier,,Dialog,,,,,,Actief,Gemeenten,Gemeente,"3fa41daf-5e2d-4da2-a5a8-af0ed195ec13","2023-03-09T12:00:01+00:00"
bcd2102e-3900-5125-b054-2b4b0a122eb5,Leverancier,Leverancier,,DIALux,,,,,,Actief,Gemeenten,Gemeente,"11116e43-889d-4f50-92eb-ce630ebafd9e","2021-01-11T15:44:41+00:00"
"10b8b1b5-002d-54ef-b4e7-fb5a39292206",Leverancier,Leverancier,,Diamond FMS,,,,,,Actief,Gemeenten,Gemeente,b2301b50-241e-4a1d-b1cc-f50d5e83458f,"2017-11-17T13:26:20+00:00"
"428b56d1-00d2-5d41-81ba-363148d70258",Leverancier,Leverancier,,Dienst Terugkeer en Vertrek,,,,,,Actief,Gemeenten,Gemeente,db3b997f-5a48-4133-bd9d-5695acf2a521,"2023-06-12T11:10:18+00:00"
fa9e7848-d788-5be7-ab5a-f8d6a6e342f0,Leverancier,Leverancier,,Dienst Uitvoering Onderwijs,,,,,,Actief,Gemeenten,Samenwerking,"4a0233a4-ea38-47ae-86f5-e3bd348b8deb","2020-06-08T15:33:19+00:00"
"4b6c8acf-01ea-549c-a3a6-b24a4f2e649e",Leverancier,Leverancier,,Diesis,,,,,,Actief,Gemeenten,Gemeente,"719fb103-bf04-4f83-ae99-f72cc1b514c2","2025-07-01T08:06:13+00:00"
"3061a70e-9fda-593d-a151-8fad4a883edc",Leverancier,Leverancier,,Digidentity,https://www.digidentity.eu/nl/industries/government,test.vng.swc+Bve@gmail.com,+31 23 4567890,,,Actief,Gemeenten,Leverancier,"3061a70e-9fda-593d-a151-8fad4a883edc","2024-01-10T15:40:15+00:00"
"14c39144-d3ae-52c9-b0a2-4d4b95ef3d2e",Leverancier,Leverancier,,Digis B3partners,,,,,,Actief,Gemeenten,Gemeente,"5fd035bf-903a-4f7c-89ba-78c5239ac56a","2023-08-02T11:15:22+00:00"
ac28d65c-d576-5857-95b2-83be4032973f,Leverancier,Leverancier,,Digisource,,,,,,Actief,Gemeenten,Gemeente,b0eea343-8d48-4144-a80d-2022d60c097f,"2019-12-03T16:47:14+00:00"
"1cbb8bb1-f549-502c-ad2e-32c421e238e0",Leverancier,Leverancier,,Digitale Checklisten,,,,,,Actief,Gemeenten,Gemeente,"5fd035bf-903a-4f7c-89ba-78c5239ac56a","2024-04-30T13:17:50+00:00"
"6c3bd2d3-8476-5a2b-8345-2bfd26297a1a",Leverancier,Leverancier,,Digitale Opsporing,,,,,,Actief,Gemeenten,Gemeente,db3b997f-5a48-4133-bd9d-5695acf2a521,"2023-06-12T11:12:40+00:00"
"55ef5f68-ca16-5008-86ce-8ca6d0ee5e0a",Leverancier,Leverancier,,Digitree,,,,,,Actief,Gemeenten,Gemeente,"8adeb567-defe-4dd0-8887-f1c01889308c","2015-09-15T13:58:32+00:00"
f9975003-5809-585a-863b-b91b5f0dffe5,Leverancier,Leverancier,,Dimension Data,,,,,,Actief,Gemeenten,Gemeente,"1f41e9e0-ac4d-471d-850a-9c083103667d","2014-08-27T12:58:15+00:00"
"68750fcf-3aa7-5310-b8c7-9eebeab87b7b",Leverancier,Leverancier,,Dinaf,,,,,,Actief,Gemeenten,Gemeente,"8d3cd712-dfde-40d9-afcd-d4a841eec50b","2017-06-23T15:01:57+00:00"
"85f071bc-9460-58dc-85df-ef8260b757a9",Leverancier,Leverancier,,Dinaf Traffic Control,,,,,,Actief,Gemeenten,Gemeente,af185a56-58cd-4a45-88b0-9e7d34f398d8,"2024-02-13T16:21:43+00:00"
"024ccffd-f7fb-5ef0-ad56-1b5446c07664",Leverancier,Leverancier,,Dinoloket,,,,,,Actief,Gemeenten,Samenwerking,"4a0233a4-ea38-47ae-86f5-e3bd348b8deb","2020-02-26T10:45:06+00:00"
a42a5e17-b404-5635-ae4d-4683a902ede0,Leverancier,Leverancier,,"DIP, Digital Insights Platform",https://www.digitalinsightsplatform.nl,test.vng.swc+Con@gmail.com,+31 23 4567890,,,Actief,Gemeenten,Leverancier,a42a5e17-b404-5635-ae4d-4683a902ede0,"2023-03-30T13:49:11+00:00"
"4d4ec16f-470e-5aff-b4db-f9406ea99806",Leverancier,Leverancier,,DirActivity,,,,,,Actief,Gemeenten,Gemeente,"79a9341e-decf-4010-b2d3-f30d82f4e450","2021-04-13T16:11:32+00:00"
"2ff32840-fab8-5c05-aa0e-36b755d116ea",Leverancier,Leverancier,,Dirk,,,,,,Actief,Gemeenten,,,"2023-10-19T11:38:14+00:00"
"56e44573-e542-592b-a076-0dab295d09f0",Leverancier,Leverancier,,Disseldorp,,,,,,Actief,Gemeenten,Gemeente,f6760577-58c8-477d-85b7-06796fdfd82d,"2024-03-22T08:53:14+00:00"
"434a902d-cab0-5287-a6b8-a50d3ccbba77",Leverancier,Leverancier,,DiVault,https://www.divault.com,test.vng.swc+Han@gmail.com,+31 23 4567890,,,Actief,Gemeenten,Leverancier,"434a902d-cab0-5287-a6b8-a50d3ccbba77","2016-10-06T07:54:06+00:00"
"434a902d-cab0-5287-a6b8-a50d3ccbba77",Leverancier,Leverancier,,DiVault,https://www.divault.com,test.vng.swc+Han@gmail.com,+31 23 4567890,,,Actief,Gemeenten,Gemeente,"751d7216-3be5-4ab2-9d95-40bdbc4444ec","2023-11-08T11:38:58+00:00"
"9a2dd276-e60f-5f06-acd6-d3dea0852836",Leverancier,Leverancier,,Divers,,,,,,Actief,Gemeenten,Gemeente,"8c3363d7-2269-49fd-ac71-5b4e9b809ed3","2014-07-01T16:30:52+00:00"
"6aaad9e2-c441-5255-a39e-0e993e8dc59e",Leverancier,Leverancier,,Divosa,,,,,,Actief,Gemeenten,Samenwerking,b8f6c562-92f8-4d45-b307-1cc27ba5e560,"2017-07-26T15:43:07+00:00"
"514e0cee-1deb-5928-a922-f945e1fccff2",Leverancier,Leverancier,,DIZ,,,,,,Actief,Gemeenten,Samenwerking,d22b9ff2-8b62-4b48-b6ad-7b9e86002cd8,"2015-09-11T14:56:29+00:00"
"672a1845-7e5b-5676-a816-08cc0034c666",Leverancier,Leverancier,,DMCR,,,,,,Actief,Gemeenten,Gemeente,db3b997f-5a48-4133-bd9d-5695acf2a521,"2023-06-12T11:25:04+00:00"
"55877e35-6572-5915-bd49-512e3c3f5a8a",Leverancier,Leverancier,,DMGR Software,,,,,,Actief,Gemeenten,Gemeente,"8adeb567-defe-4dd0-8887-f1c01889308c","2015-09-15T14:38:02+00:00"
"22582e7f-2609-5451-90e5-0c381577eed6",Leverancier,Leverancier,,DMP,,,,,,Actief,Gemeenten,Gemeente,"751d7216-3be5-4ab2-9d95-40bdbc4444ec","2024-03-22T10:19:33+00:00"
e045b0d0-7d19-551d-9c60-298eaf26111a,Leverancier,Leverancier,,DNV,,,,,,Actief,Gemeenten,Gemeente,"6ea9357b-c6cb-4702-8e95-baafeaa6b38c","2018-10-19T19:52:21+00:00"
c3941505-cc0a-5dc6-b84d-35219ec69b44,Leverancier,Leverancier,,DNV KEMA,,,,,,Actief,Gemeenten,Gemeente,"1880c34d-da3f-4e29-8a36-49f96e2e0392","2016-11-17T11:01:33+00:00"
fe8ca805-c022-52f8-900e-44d1b28759af,Leverancier,Leverancier,,Doc2web.nl,,,,,,Actief,Gemeenten,Gemeente,c8fd7e56-b681-43b0-a50f-659c48fd5bf5,"2017-09-05T09:07:45+00:00"
ee049ce1-3829-5cb0-a253-2344228ab18a,Leverancier,Leverancier,,Doccare,,,,,,Actief,Gemeenten,Gemeente,"3b9bb816-ade8-44ba-98a1-611e05ebb84b","2014-07-01T16:30:52+00:00"
b7d7c39e-ee67-5057-b0ed-c90431f8b38a,Leverancier,Leverancier,,DocCare BV,,,,,,Actief,Gemeenten,Gemeente,afc57f25-5450-4621-a1f1-7c847bcb5933,"2014-07-01T16:30:52+00:00"
"062a72e5-2843-5c67-9a5d-08342dfe8522",Leverancier,Leverancier,,DocControl,,,,,,Actief,Gemeenten,Gemeente,"1fbdf5f9-d227-443f-a455-b4893d6f96db","2017-07-17T16:09:10+00:00"
"3ae41f30-a529-5dab-858f-8685f1d8fbcf",Leverancier,Leverancier,,Docman,,,,,,Actief,Gemeenten,Gemeente,"098fa2df-f721-4d5d-802f-d555af15639d","2022-09-05T14:16:44+00:00"
"214edecc-b3b1-5f90-846f-fedbedb457ca",Leverancier,Leverancier,,Docspro,,,,,,Actief,Gemeenten,Gemeente,db3b997f-5a48-4133-bd9d-5695acf2a521,"2023-03-20T15:10:48+00:00"
"1b037a22-5fd1-55f3-88d6-d32210705879",Leverancier,Leverancier,,DOCSpro / Kofax,,,,,,Actief,Gemeenten,Samenwerking,"49f17690-c60f-4d1e-844c-4e84d473e39a","2017-12-11T15:29:14+00:00"
ecc38ca0-b133-5362-a48c-ab2afeb3dd18,Leverancier,Leverancier,,Docspro B.V.,https://www.docspro.nl,test.vng.swc+Pc@gmail.com,+31 23 4567890,,,Actief,Gemeenten,Leverancier,ecc38ca0-b133-5362-a48c-ab2afeb3dd18,"2020-03-26T07:57:39+00:00"
ecc38ca0-b133-5362-a48c-ab2afeb3dd18,Leverancier,Leverancier,,Docspro B.V.,https://www.docspro.nl,test.vng.swc+Pc@gmail.com,+31 23 4567890,,,Actief,Gemeenten,Gemeente,fea3c97a-7d59-47a0-86b0-4f842980a8c3,"2019-04-16T13:42:10+00:00"
"8343f797-fb45-5a02-91f3-50c680b73ea6",Leverancier,Leverancier,,Docuware,,,,,,Actief,Gemeenten,Gemeente,db7fdd84-bdfd-41d6-8641-0f1e2a954c25,"2017-06-28T13:13:21+00:00"
c2954a43-e2d8-591c-8a8c-02508a6e7f8a,Leverancier,Leverancier,,Docuware GmbH,,,,,,Actief,Gemeenten,Gemeente,"16b87d12-769f-414c-8d66-3ec26fa94725","2017-09-06T13:52:02+00:00"
aa961a55-ea6a-5745-845d-1cc6ce10deb5,Leverancier,Leverancier,,Docwolves,,,,,,Actief,Gemeenten,Gemeente,"9b0411ba-41da-4a15-9eaa-42b624dba40c","2021-09-24T10:57:49+00:00"
"6a29edc1-e8a6-56d8-b1b4-758791f382ab",Leverancier,Leverancier,,DocYard GmbH,,,,,,Actief,Gemeenten,Gemeente,c04aad5f-8f0a-4ae0-b2d6-156c20845f8c,"2024-11-15T10:41:34+00:00"
b352a36f-62c2-5eef-87c2-23c1e54b444d,Leverancier,Leverancier,,Dolphin,,,,,,Actief,Gemeenten,Gemeente,"3fa41daf-5e2d-4da2-a5a8-af0ed195ec13","2021-11-05T12:09:39+00:00"
"94c0a05b-d9c8-56c4-abcb-fbaaa624e6c1",Leverancier,Leverancier,,Dominik Reichl,,,,,,Actief,Gemeenten,Gemeente,d70e7220-833b-4bd6-ba32-b8dec10a9b89,"2023-03-06T13:57:35+00:00"
c6e64af3-b731-547a-856c-772d10935062,Leverancier,Leverancier,,Dormakaba,,,,,,Actief,Gemeenten,Gemeente,f6760577-58c8-477d-85b7-06796fdfd82d,"2019-12-12T12:58:52+00:00"
"36a2d71e-dff8-5ed8-8c95-662cc2c930a6",Leverancier,Leverancier,,Dossiervorming,,,,,,Actief,Gemeenten,Gemeente,db7fdd84-bdfd-41d6-8641-0f1e2a954c25,"2017-07-11T14:15:19+00:00"
"0ceff2ef-8034-550c-9cd6-32693229f571",Leverancier,Leverancier,,DotPDN,,,,,,Actief,Gemeenten,Gemeente,fea3c97a-7d59-47a0-86b0-4f842980a8c3,"2019-06-04T16:31:36+00:00"
"349d7016-ed7a-5fcb-99ac-d4c1db162c5d",Leverancier,Leverancier,,DotPDN LLC,,,,,,Actief,Gemeenten,Gemeente,c506903c-cb46-4b91-a5a7-880578af3701,"2025-07-10T13:37:57+00:00"
"7764fff3-0f72-534d-a3bf-242160b5699b",Leverancier,Leverancier,,DOWR-i,,,,,,Actief,Gemeenten,Samenwerking,"49f17690-c60f-4d1e-844c-4e84d473e39a","2018-08-13T12:09:36+00:00"
"5ad19c70-1710-55c1-82e8-276f5b576d9c",Leverancier,Leverancier,,DPG,,,,,,Actief,Gemeenten,Gemeente,db3b997f-5a48-4133-bd9d-5695acf2a521,"2023-06-12T11:30:14+00:00"
"0f75b86d-2c5f-5d30-b704-d0b15ebf69ab",Leverancier,Leverancier,,Dr.Engrave,,,,,,Actief,Gemeenten,Gemeente,"751d7216-3be5-4ab2-9d95-40bdbc4444ec","2022-03-14T08:51:32+00:00"
ff296a62-f76a-503f-815a-d87b12780c4e,Leverancier,Leverancier,,Draad,,,,,,Actief,Gemeenten,Gemeente,"594c14ea-d309-4e9d-aadc-4bdac7d2584d","2017-01-31T13:39:02+00:00"
"45a6051d-a9a3-5896-8b08-0ccd352b0d22",Leverancier,Leverancier,,Draad Public Services B.V.,,,,,,Actief,Gemeenten,Samenwerking,d6088f73-1be3-46b6-a67d-9045db0842c1,"2025-05-01T16:01:36+00:00"
ce40e71e-157d-5257-b0f5-c26f2bf71678,Leverancier,Leverancier,,DraftSight,,,,,,Actief,Gemeenten,Gemeente,b0eea343-8d48-4144-a80d-2022d60c097f,"2018-09-28T08:56:49+00:00"
eb22c5e2-8adf-524c-bee0-8804c00ddb9a,Leverancier,Leverancier,,Dragon,,,,,,Actief,Gemeenten,Gemeente,"79a9341e-decf-4010-b2d3-f30d82f4e450","2021-04-13T16:13:59+00:00"
"65c26b6a-fb3a-5c8a-af14-944e8d8b2f25",Leverancier,Leverancier,,Dragon1,https://www.dragon1.com,test.vng.swc+Mar@gmail.com,+31 23 4567890,,,Actief,Gemeenten,Leverancier,"65c26b6a-fb3a-5c8a-af14-944e8d8b2f25","2019-03-01T10:04:03+00:00"
"792ce14c-8d8f-594c-8013-a328324a628f",Leverancier,Leverancier,,Drgmsoftware,,,,,,Actief,Gemeenten,Gemeente,"8adeb567-defe-4dd0-8887-f1c01889308c","2015-09-15T14:35:49+00:00"
d55cd077-c09e-5879-87e4-f14434340f98,Leverancier,Leverancier,,Driessen,,,,,,Actief,Gemeenten,Gemeente,"9e903d5f-9d6e-42f6-8c40-43ef3f1cd3d6","2019-10-22T09:45:43+00:00"
"51b038f1-2293-5b6f-b726-c2db32ede341",Leverancier,Leverancier,,Driessen B.V.,,,,,,Actief,Gemeenten,Gemeente,"41301287-5c86-467d-8afb-7947df0e0b5d","2022-11-21T16:03:39+00:00"
"55cea2de-3aea-5ca1-8eb5-b5d56fe2831d",Leverancier,Leverancier,,Driessen HRM,,,,,,Actief,Gemeenten,Gemeente,db7fdd84-bdfd-41d6-8641-0f1e2a954c25,"2018-11-15T11:41:13+00:00"
"3c309afe-2a72-56bd-b38d-d46e2d7943cd",Leverancier,Leverancier,,Drupal,,,,,,Actief,Gemeenten,Samenwerking,ec92526a-9baa-4fa7-8a42-7a1d75cfc64a,"2015-11-26T18:28:38+00:00"
"737b8765-f950-54fe-8eb2-a8c89c2b4471",Leverancier,Leverancier,,DSD,,,,,,Actief,Gemeenten,Gemeente,"30ce6d55-75a0-4caa-a5cd-5c20281e6809","2014-07-17T11:39:13+00:00"
a8d4bc99-0872-5b18-b8c2-d26e1495ef20,Leverancier,Leverancier,,DTN,,,,,,Actief,Gemeenten,Gemeente,"91a2ab0f-25aa-43bd-b4e6-c8ef360fa0f2","2023-01-06T08:40:46+00:00"
"7941d75f-bbe2-54b3-a4ea-a3d4d493f6c0",Leverancier,Leverancier,,DTN Germany GmbH,,,,,,Actief,Gemeenten,Gemeente,"3fa41daf-5e2d-4da2-a5a8-af0ed195ec13","2025-01-24T15:36:46+00:00"
"4ac47006-63fe-5ab1-aa57-10bb8f69770f",Leverancier,Leverancier,,DTV Consultants,,,,,,Actief,Gemeenten,Gemeente,"11116e43-889d-4f50-92eb-ce630ebafd9e","2025-06-26T13:32:56+00:00"
"5e75921c-dd2d-598f-a5e7-11bfb7376746",Leverancier,Leverancier,,Duncan,,,,,,Actief,Gemeenten,Gemeente,"8908e84f-8ac2-41be-8cd8-95adbacf48df","2021-07-27T13:48:20+00:00"
"07474d02-b691-5916-b874-1a03b5113de5",Leverancier,Leverancier,,DUNCAN Automatisering BV,,,,,,Actief,Gemeenten,Gemeente,"9384ee66-e19d-4cb1-be5a-861436ad9d67","2024-06-06T09:49:24+00:00"
bd84b1bb-e554-5c23-8a47-b9ee146f4f78,Leverancier,Leverancier,,DUO,,,,,,Actief,Gemeenten,Gemeente,"79a9341e-decf-4010-b2d3-f30d82f4e450","2021-07-14T15:48:29+00:00"
ce89956a-4ec4-5b8f-941b-659e9f5ba2a8,Leverancier,Leverancier,,DUO - Dienst Uitvoering Onderwijs,,,,,,Actief,Gemeenten,Gemeente,"3fa41daf-5e2d-4da2-a5a8-af0ed195ec13","2024-11-22T16:39:31+00:00"
f429936a-e699-566b-8167-c17ee2948aa2,Leverancier,Leverancier,,Durable,,,,,,Actief,Gemeenten,Gemeente,"79a9341e-decf-4010-b2d3-f30d82f4e450","2021-04-13T16:16:59+00:00"
"9422a6a2-d001-5de8-8e20-e85481b73c02",Leverancier,Leverancier,,Dustin Netherlands B.V.,,,,,,Actief,Gemeenten,Gemeente,"90cb9d65-8a63-4bea-8631-57c9c818c72e","2021-05-10T17:25:09+00:00"
"2ccbec87-70a2-5e56-b0e0-48320b4cff17",Leverancier,Leverancier,,Dutch Card Printing,,,,,,Actief,Gemeenten,Gemeente,"563593bf-81ce-4877-aa87-759b12d821b3","2022-08-12T13:23:25+00:00"
ade304e8-d993-5820-ab79-326fc54901b1,Leverancier,Leverancier,,Dutch Open Projects,,,,,,Actief,Gemeenten,Gemeente,"9f6da3f9-8d9c-4ddb-9185-85d8bbaab091","2018-03-14T10:25:57+00:00"
bfb9a8da-d7cc-522e-aeae-c50e0d800502,Leverancier,Leverancier,,Dutchview,,,,,,Actief,Gemeenten,Gemeente,"5fd035bf-903a-4f7c-89ba-78c5239ac56a","2023-01-09T15:46:12+00:00"
"98ff0c00-5570-5d5d-b934-82f0180db422",Leverancier,Leverancier,,Dutchview Information Technology B.V.,,,,,,Actief,Gemeenten,Gemeente,"3f8a0f92-979c-4cae-9ddf-7147a036d60b","2023-06-05T11:29:35+00:00"
"10151cd6-41cc-5f4c-8a79-94b9b7197925",Leverancier,Leverancier,,DutchWorkz,,,,,,Actief,Gemeenten,Gemeente,"79061205-d3a8-40c4-addb-8e9a15f5f04e","2014-07-11T12:11:07+00:00"
f8f93922-c744-5d95-bc34-a3dc1705d02a,Leverancier,Leverancier,,DVDT,,,,,,Actief,Gemeenten,Gemeente,"11aaf77f-01d1-472b-a0c4-5e63ba1673eb","2018-05-08T17:04:37+00:00"
f0c07089-0983-5cb3-b5e3-7b65933ae165,Leverancier,Leverancier,,DVdT Software,,,,,,Actief,Gemeenten,Gemeente,c506903c-cb46-4b91-a5a7-880578af3701,"2025-07-10T11:52:39+00:00"
a1d12cca-a823-54d0-9a71-936497f78113,Leverancier,Leverancier,,DVG (Drupal voor Gemeenten),,,,,,Actief,Gemeenten,Gemeente,b6a3804a-012d-452e-859d-9955e1bd6bc2,"2017-06-02T14:59:48+00:00"
"9fc40f78-20c7-5dc5-a599-beb6ba7d5545",Leverancier,Leverancier,,DVL,,,,,,Actief,Gemeenten,Samenwerking,a72de2d1-9a5a-462f-92e4-a79986d89109,"2018-10-03T17:38:23+00:00"
"79fa215f-3044-5e2a-9684-d2149ff85dff",Leverancier,Leverancier,,DvTDM,,,,,,Actief,Gemeenten,Gemeente,"098fa2df-f721-4d5d-802f-d555af15639d","2022-09-06T11:45:53+00:00"
"8d745cee-0dcf-59f7-afe7-c325d9034390",Leverancier,Leverancier,,DWG See,,,,,,Actief,Gemeenten,Gemeente,"97a3b6fb-90f7-45cf-ae37-003febf346ef","2020-04-08T15:48:27+00:00"
"9eaf1a6b-765c-59ef-8535-b8d0b9767a7f",Leverancier,Leverancier,,Dymo,,,,,,Actief,Gemeenten,Gemeente,"11116e43-889d-4f50-92eb-ce630ebafd9e","2025-06-24T14:50:59+00:00"
b8ae3e8f-02e7-54f0-bc58-367aaf40b787,Leverancier,Leverancier,,Dymo Software,,,,,,Actief,Gemeenten,Gemeente,c506903c-cb46-4b91-a5a7-880578af3701,"2025-07-10T11:53:59+00:00"
"250252ed-1611-5dda-a10b-780d1de11b5c",Leverancier,Leverancier,,Dynamic Telecom & IT,,,,,,Actief,Gemeenten,Gemeente,"098fa2df-f721-4d5d-802f-d555af15639d","2022-09-05T11:33:00+00:00"
"7e127b44-8664-50aa-93ec-5effc27e9506",Leverancier,Leverancier,,Dynamx,,,,,,Actief,Gemeenten,Samenwerking,"7388a732-25d9-480c-9827-a3e2586c2656","2016-12-19T17:13:01+00:00"
"4e9dedc5-5dd7-590b-8073-5f86fd9729fb",Leverancier,Leverancier,,Dynniq,,,,,,Actief,Gemeenten,Gemeente,"905dbf9e-94a6-4ddd-9778-77e69f3900f1","2022-12-12T10:45:18+00:00"
e1f6150b-7ed9-5311-af90-8dfa3040d681,Leverancier,Leverancier,,E&M,,,,,,Actief,Gemeenten,Gemeente,ddf0e7af-285a-4853-ad18-dce8f58c7d5f,"2018-10-17T15:33:18+00:00"
"9f7152f5-9bb8-587b-8b81-8877e12c3665",Leverancier,Leverancier,,E-Fect,,,,,,Actief,Gemeenten,Gemeente,"3f8a0f92-979c-4cae-9ddf-7147a036d60b","2023-06-05T11:43:30+00:00"
ceb18014-6abd-5419-8d20-919e5bb7ac56,Leverancier,Leverancier,,E-ID Internet Strategies B.V.,,,,,,Actief,Gemeenten,Gemeente,"39a6abee-c408-422c-b3e2-71ed1fd94f90","2014-07-14T09:58:11+00:00"
"7b1049dd-0a47-5cb1-ad5a-4141d9d9448a",Leverancier,Leverancier,,E-mergo/ IBM,,,,,,Actief,Gemeenten,Samenwerking,"864b502d-5c07-4787-bd4e-3b202f76e595","2016-05-13T09:38:54+00:00"
"7bb9cafd-2c52-588f-b922-887cffe0e224",Leverancier,Leverancier,,E-Suite,,,,,,Actief,Gemeenten,Gemeente,ee339831-ab89-4d86-8914-85a9cabda275,"2014-07-01T16:30:52+00:00"
"3cd01294-37d3-5e1d-a430-177cf2136139",Leverancier,Leverancier,,Eagle Eye Networks,,,,,,Actief,Gemeenten,Gemeente,bd186c79-d0c4-4dea-b4fc-cc95949fcfb5,"2025-05-14T10:58:41+00:00"
d475c5f3-6fc7-50f1-8327-f65d39003b54,Leverancier,Leverancier,,EAL,,,,,,Actief,Gemeenten,Gemeente,"4bfb4c05-0c9d-4138-b0d2-90a09374caf4","2015-12-22T14:28:31+00:00"
"76782910-dedb-5abe-b11e-67ad6c4947a7",Leverancier,Leverancier,,Early Warning Company,,,,,,Actief,Gemeenten,Gemeente,"24e2f780-e346-434e-b687-6502f63971d5","2019-01-04T12:17:07+00:00"
"32c166dd-d3c4-5381-8ab4-3aa179a8443e",Leverancier,Leverancier,,Easy Data,,,,,,Actief,Gemeenten,Gemeente,f6760577-58c8-477d-85b7-06796fdfd82d,"2024-06-17T15:27:42+00:00"
fc9cbec4-6341-5588-8d63-3d9ea456dfdd,Leverancier,Leverancier,,Easy2Audit,,,,,,Actief,Gemeenten,Gemeente,bb5ad246-416d-4efa-9ff8-9bcfa884f9db,"2019-11-20T11:23:59+00:00"
"1101f689-6c80-5079-be06-d99b97e5a7d8",Leverancier,Leverancier,,EasySIGN,,,,,,Actief,Gemeenten,Gemeente,"3fa41daf-5e2d-4da2-a5a8-af0ed195ec13","2021-10-25T12:06:58+00:00"
efbc63ea-a1fd-504e-b202-61c24d869447,Leverancier,Leverancier,,Easyswim,,,,,,Actief,Gemeenten,Gemeente,"85b4ae27-bba1-4239-b041-b17ae7bf6641","2020-04-23T14:35:50+00:00"
"35b19d3a-0b84-5c63-b8df-86de517bbcf1",Leverancier,Leverancier,,EasySwim BV,,,,,,Actief,Gemeenten,Gemeente,"9384ee66-e19d-4cb1-be5a-861436ad9d67","2024-06-06T09:52:28+00:00"
"5c569b8b-e065-5941-ab3c-199cb7b75726",Leverancier,Leverancier,,EasyTravel,,,,,,Actief,Gemeenten,Gemeente,bb5ad246-416d-4efa-9ff8-9bcfa884f9db,"2019-11-20T11:26:07+00:00"
f6ee7871-c3e8-5d32-8a0e-367fb929c1d7,Leverancier,Leverancier,,EBASE,,,,,,Actief,Gemeenten,Gemeente,a9cf6f01-0195-4ade-b357-2a5a84048e34,"2018-01-23T16:43:13+00:00"
"45fc6c80-b5f4-5c59-9a99-96e4565f6c3c",Leverancier,Leverancier,,Eclipse,,,,,,Actief,Gemeenten,Gemeente,"1880c34d-da3f-4e29-8a36-49f96e2e0392","2016-11-29T14:43:57+00:00"
"345742a5-0ec1-5a27-885f-c44080f03cb7",Leverancier,Leverancier,,ECM Pro Solutions,,,,,,Actief,Gemeenten,Gemeente,cb54cdcf-f60b-4cf4-b938-2515e482ce95,"2015-07-03T15:28:16+00:00"
"488bcd21-3dac-560b-82d3-1c2ce371fa8e",Leverancier,Leverancier,,ECN,,,,,,Actief,Gemeenten,Gemeente,"6ea9357b-c6cb-4702-8e95-baafeaa6b38c","2018-10-26T10:34:57+00:00"
d479d52d-7c74-54d4-a46e-d734c6fde02b,Leverancier,Leverancier,,EConnect,,,,,,Actief,Gemeenten,Gemeente,bc343b52-289d-4f5e-b420-f0d0b2abdcbe,"2022-04-12T12:36:28+00:00"
"7589fe10-d3f5-5e5d-86b3-9c48e89630dc",Leverancier,Leverancier,,Ecos systems,,,,,,Actief,Gemeenten,Samenwerking,"49f17690-c60f-4d1e-844c-4e84d473e39a","2018-08-13T12:13:47+00:00"
"4ff5eba1-575b-5a12-8c18-aa33f418662d",Leverancier,Leverancier,,Ecos sytems B.V.,,,,,,Actief,Gemeenten,Samenwerking,"49f17690-c60f-4d1e-844c-4e84d473e39a","2020-01-03T12:09:15+00:00"
"7a59d629-262b-582e-ad14-73eb4b1f42e0",Leverancier,Leverancier,,EcoSys,,,,,,Actief,Gemeenten,Gemeente,"38b23e24-b2c9-410e-83ce-44e66bfba429","2020-04-02T11:35:44+00:00"
"1f4c3975-1c13-57ec-b19c-2c913f102fe8",Leverancier,Leverancier,,Edilon Dex,,,,,,Actief,Gemeenten,Gemeente,"1f66615f-fa81-44f6-92e3-eadac6b11eca","2017-10-20T12:02:25+00:00"
"770c8f5b-55fe-595d-bc64-c6943bdbaf6d",Leverancier,Leverancier,,Edorasware,,,,,,Actief,Gemeenten,Gemeente,a9cf6f01-0195-4ade-b357-2a5a84048e34,"2018-01-22T16:03:13+00:00"
"63ec0f77-c5b7-5334-b18f-0a438a9b231e",Leverancier,Leverancier,,Educentre,,,,,,Actief,Gemeenten,Gemeente,"90cb9d65-8a63-4bea-8631-57c9c818c72e","2022-01-21T15:15:09+00:00"
aead6ca5-adca-5d76-9ef2-fce7d44fc74a,Leverancier,Leverancier,,Een onbekende leverancier,,,,,,Actief,Gemeenten,Gemeente,"96212a54-214a-4f94-9e6b-9b7eec6d47d2","2024-07-01T09:50:06+00:00"
"2ca48e0a-3fcd-569c-8440-4a1395119ced",Leverancier,Leverancier,,Eerste Verdieping,,,,,,Actief,Gemeenten,Gemeente,"5cb338f0-2fd5-4da2-8d33-54b2065a663a","2015-08-07T11:44:43+00:00"
"067a9467-db78-53d3-b6fe-58c49d4c8326",Leverancier,Leverancier,,EFCO,,,,,,Actief,Gemeenten,Gemeente,"0844b9eb-2d66-445c-a183-1095d7fa0bf7","2017-05-29T08:24:55+00:00"
"74392520-7831-56fa-ba68-9d896bd30180",Leverancier,Leverancier,,Effacts BV,,,,,,Actief,Gemeenten,Samenwerking,ec92526a-9baa-4fa7-8a42-7a1d75cfc64a,"2017-12-11T16:54:34+00:00"
"30d9e39e-53fd-5f41-a880-f35ae65e0823",Leverancier,Leverancier,,Efficiency Software,,,,,,Actief,Gemeenten,Gemeente,"1880c34d-da3f-4e29-8a36-49f96e2e0392","2016-11-29T11:57:58+00:00"
"565ecfde-f0e0-525d-9b23-cd036a0b1673",Leverancier,Leverancier,,Efficy (PerfectView),,,,,,Actief,Gemeenten,Gemeente,"4f0860d5-d31c-4a4d-9ec2-541bfe72860f","2024-04-09T14:20:08+00:00"
"8c946a5e-11df-546a-a26c-1967937b04b7",Leverancier,Leverancier,,EFK Belastingadviseurs,,,,,,Actief,Gemeenten,Gemeente,b0eea343-8d48-4144-a80d-2022d60c097f,"2019-09-17T12:17:13+00:00"
"9f4c4b69-cea7-5666-aed6-3369f93dec31",Leverancier,Leverancier,,eformity,https://www.eformity.nl,test.vng.swc+Sim@gmail.com,+31 23 4567890,,,Actief,Gemeenten,Leverancier,"9f4c4b69-cea7-5666-aed6-3369f93dec31","2014-03-26T10:13:27+00:00"
d53d829f-1608-5dbb-8fcd-adac7f02b950,Leverancier,Leverancier,,eGem,https://www.egem.nl,test.vng.swc+Joh@gmail.com,+31 23 4567890,,,Actief,Gemeenten,Leverancier,d53d829f-1608-5dbb-8fcd-adac7f02b950,"2015-09-28T15:35:44+00:00"
dabd679d-0406-52fa-b0b4-a6d6803e95f3,Leverancier,Leverancier,,EGem,,,,,,Actief,Gemeenten,Gemeente,"62a3ee34-6292-4c81-9da5-61790d8f5240","2020-01-07T15:29:41+00:00"
bb5f1d57-b4f4-5e32-9416-3c4ee5730174,Leverancier,Leverancier,,Ehrm Vision,,,,,,Actief,Gemeenten,Gemeente,f6760577-58c8-477d-85b7-06796fdfd82d,"2019-09-17T10:09:02+00:00"
d7ca3211-741b-59c9-99b7-0243324618dc,Leverancier,Leverancier,,Eigen (Access),,,,,,Actief,Gemeenten,Gemeente,"5cdb1948-e731-4906-904e-f5e427ee28dc","2015-01-16T12:06:58+00:00"
"3e88bddf-cf30-5ae2-8717-737c9619596e",Leverancier,Leverancier,,Eigen beheer,,,,,,Actief,Gemeenten,Gemeente,"0889ef9c-e5b4-4ef1-a92a-bb31f8562073","2016-10-18T08:36:21+00:00"
"2348ee42-8442-5956-be27-0a800bafd644",Leverancier,Leverancier,,Eigen ontwikkeling,,,,,,Actief,Gemeenten,Gemeente,"0c2ed450-ea9d-4a0d-afe0-9fdb632da8dc","2017-04-26T12:29:54+00:00"
"33dd017b-cb8f-513e-8c5e-9492964a0cb9",Leverancier,Leverancier,,EigenSteil,,,,,,Actief,Gemeenten,Samenwerking,c349e17c-4f3d-400e-8621-f2c0f7cf378b,"2024-02-28T13:49:06+00:00"
b21f4892-a742-5461-bb88-77bd648394cd,Leverancier,Leverancier,,Eijkelkamp Soil & Water,,,,,,Actief,Gemeenten,Gemeente,ab8c21a3-105a-437c-be7e-41553dff6dc4,"2022-01-05T17:29:47+00:00"
e83c1787-14b9-5257-9a25-a1aa64e6e18e,Leverancier,Leverancier,,Eijsink Afrekensystemen,,,,,,Actief,Gemeenten,Gemeente,"24e2f780-e346-434e-b687-6502f63971d5","2016-03-01T14:16:48+00:00"
ff52b843-2e64-5877-a342-180d5c0870a0,Leverancier,Leverancier,,EK Plus,,,,,,Actief,Gemeenten,Gemeente,db3b997f-5a48-4133-bd9d-5695acf2a521,"2023-06-12T11:42:15+00:00"
"4d205ed8-83c1-5fa8-9d8f-78f03308d2a9",Leverancier,Leverancier,,Electronic Application Laboratory,,,,,,Actief,Gemeenten,Gemeente,bc343b52-289d-4f5e-b420-f0d0b2abdcbe,"2022-04-12T12:41:43+00:00"
d504cac8-3898-5f53-867e-ca137e8d22c9,Leverancier,Leverancier,,Eljakim IT,https://www.eljakim.nl,test.vng.swc+Inf@gmail.com,+31 23 4567890,,,Actief,Gemeenten,Leverancier,d504cac8-3898-5f53-867e-ca137e8d22c9,"2014-08-11T12:51:03+00:00"
d504cac8-3898-5f53-867e-ca137e8d22c9,Leverancier,Leverancier,,Eljakim IT,https://www.eljakim.nl,test.vng.swc+Inf@gmail.com,+31 23 4567890,,,Actief,Gemeenten,Samenwerking,"5bbc91c5-63fd-4311-b07c-a4311de243b0","2024-05-08T14:25:12+00:00"
"80fb1fee-ef33-53ee-860f-7aa212cab65f",Leverancier,Leverancier,,Elkander,https://www.elkander.nl,test.vng.swc+M@gmail.com,+31 23 4567890,,,Actief,Gemeenten,Leverancier,"80fb1fee-ef33-53ee-860f-7aa212cab65f","2014-05-16T12:36:28+00:00"
"192583f1-7c2b-54ba-9db2-bb74930be8b6",Leverancier,Leverancier,,Els Elenbaas,,,,,,Actief,Gemeenten,Samenwerking,"73156abd-8a53-4575-b12d-1f1479ac1f86","2019-01-21T10:14:12+00:00"
a9c075ef-1bb9-5e78-83ae-b788db6fdaa2,Leverancier,Leverancier,,Else,,,,,,Actief,Gemeenten,Gemeente,cd1ccd26-bb1a-4958-99f9-573b559b7ac9,"2015-04-23T14:16:46+00:00"
fe922999-73d8-54a4-bb3a-c242119e69ea,Leverancier,Leverancier,,Elsevier,,,,,,Actief,Gemeenten,Gemeente,"79a9341e-decf-4010-b2d3-f30d82f4e450","2021-11-10T13:11:00+00:00"
d4f80510-a2a0-562d-9a70-436d6377387b,Leverancier,Leverancier,,EM-Cultuur,,,,,,Actief,Gemeenten,Gemeente,"11116e43-889d-4f50-92eb-ce630ebafd9e","2025-06-24T14:43:43+00:00"
c4e40c8b-e5af-5a23-a668-428523fa644a,Leverancier,Leverancier,,Embrace,https://www.embracecloud.nl,test.vng.swc+Rut@gmail.com,+31 23 4567890,,,Actief,Gemeenten,Leverancier,c4e40c8b-e5af-5a23-a668-428523fa644a,"2019-07-15T13:33:42+00:00"
c4e40c8b-e5af-5a23-a668-428523fa644a,Leverancier,Leverancier,,Embrace,https://www.embracecloud.nl,test.vng.swc+Rut@gmail.com,+31 23 4567890,,,Actief,Gemeenten,Gemeente,"3fa41daf-5e2d-4da2-a5a8-af0ed195ec13","2025-03-07T12:08:50+00:00"
"91a7629c-f954-55c4-95e1-8fff78a76b19",Leverancier,Leverancier,,Embrace change,,,,,,Actief,Gemeenten,Gemeente,cdf95eee-39af-4847-a06f-5b46768d1887,"2015-10-07T15:03:29+00:00"
"8565c4c0-057e-50ba-9bf6-1317f46a108d",Leverancier,Leverancier,,Embrace SBS,,,,,,Actief,Gemeenten,Gemeente,"207e0713-76bb-4a76-885f-13c6977a259c","2019-05-03T14:02:05+00:00"
fa282a8e-4982-5651-a75a-7e52ddae1084,Leverancier,Leverancier,,Embrace The Human Cloud,,,,,,Actief,Gemeenten,Gemeente,"79a9341e-decf-4010-b2d3-f30d82f4e450","2016-01-29T14:26:42+00:00"
"6156a516-dbfc-5ea3-9bca-7b52f7d996c9",Leverancier,Leverancier,,EMC,,,,,,Actief,Gemeenten,Gemeente,"3fa41daf-5e2d-4da2-a5a8-af0ed195ec13","2023-04-25T16:44:28+00:00"
d9a95cf3-ab92-50bd-b7e1-d82918a6d046,Leverancier,Leverancier,,Emergo Systems,https://emergo-systems.nl,test.vng.swc+M@gmail.com,+31 23 4567890,,,Actief,Gemeenten,Leverancier,d9a95cf3-ab92-50bd-b7e1-d82918a6d046,"2014-03-26T10:13:27+00:00"
"3e19a212-8de3-5c5c-bef2-f396f5163c3c",Leverancier,Leverancier,,Emfect,,,,,,Actief,Gemeenten,Gemeente,ddf0e7af-285a-4853-ad18-dce8f58c7d5f,"2022-09-26T11:04:45+00:00"
"49d975a8-b778-50c2-af46-d44df4fc1e29",Leverancier,Leverancier,,Emprover,https://www.emprover.nl/nl,test.vng.swc+Jan@gmail.com,+31 23 4567890,,,Actief,Gemeenten,Leverancier,"49d975a8-b778-50c2-af46-d44df4fc1e29","2022-10-17T10:49:56+00:00"
"3ae10f0b-a08c-552e-9979-97d571a13fe4",Leverancier,Leverancier,,Enable U,https://www.enable-u.nl,test.vng.swc+Jas@gmail.com,+31 23 4567890,,,Actief,Gemeenten,Leverancier,"3ae10f0b-a08c-552e-9979-97d571a13fe4","2014-03-26T10:13:27+00:00"
"3ae10f0b-a08c-552e-9979-97d571a13fe4",Leverancier,Leverancier,,Enable U,https://www.enable-u.nl,test.vng.swc+Jas@gmail.com,+31 23 4567890,,,Actief,Gemeenten,Gemeente,cb54cdcf-f60b-4cf4-b938-2515e482ce95,"2023-05-02T12:19:35+00:00"
de0096ee-9942-58ab-b94a-2ac21e30aa80,Leverancier,Leverancier,,Enalyzer,,,,,,Actief,Gemeenten,Gemeente,"098fa2df-f721-4d5d-802f-d555af15639d","2022-09-07T11:19:23+00:00"
cea77ea7-3e07-5c71-bd5c-1bbffb36b4e3,Leverancier,Leverancier,,Enalyzer Software Netherlands B.V.,,,,,,Actief,Gemeenten,Gemeente,f6760577-58c8-477d-85b7-06796fdfd82d,"2019-08-22T16:07:24+00:00"
"3a789c4d-269e-51c9-9668-6c6b7ef129e7",Leverancier,Leverancier,,Enalyzer Survey Solution,,,,,,Actief,Gemeenten,Gemeente,c04aad5f-8f0a-4ae0-b2d6-156c20845f8c,"2016-12-01T10:58:44+00:00"
"3254bd43-18d8-5c1e-9d41-606685a804d1",Leverancier,Leverancier,,Encom,,,,,,Actief,Gemeenten,Gemeente,"91a2ab0f-25aa-43bd-b4e6-c8ef360fa0f2","2022-03-04T10:40:25+00:00"
cb432880-731f-5083-acd4-4acd0e706ad9,Leverancier,Leverancier,,Energie Samen,,,,,,Actief,Gemeenten,Gemeente,"2af271e0-a05b-460d-88c9-24c06b6eabe5","2024-11-28T14:38:20+00:00"
"2559bbf4-e17c-5d63-b71c-6a6c9a6e8f41",Leverancier,Leverancier,,Energiemanager Online VOF,,,,,,Actief,Gemeenten,Gemeente,b0eea343-8d48-4144-a80d-2022d60c097f,"2018-02-14T14:44:27+00:00"
"0307e4f9-656b-5ffd-b93f-8473f52536bd",Leverancier,Leverancier,,Energiemeetbedrijf2010 BV,,,,,,Actief,Gemeenten,Gemeente,b0eea343-8d48-4144-a80d-2022d60c097f,"2018-02-14T14:45:53+00:00"
c6737fdf-f7d9-56e2-a564-b2421dc63f3d,Leverancier,Leverancier,,Energiemissie B.V.,https://www.energiemissie.nl,test.vng.swc+Ron@gmail.com,+31 23 4567890,,,Actief,Gemeenten,Leverancier,c6737fdf-f7d9-56e2-a564-b2421dc63f3d,"2014-06-10T15:51:14+00:00"
"4b2400c0-35d2-517c-802f-c25a5afdc648",Leverancier,Leverancier,,Engage,,,,,,Actief,Gemeenten,Gemeente,"11116e43-889d-4f50-92eb-ce630ebafd9e","2025-07-15T14:19:44+00:00"
aceb822c-e1db-5c39-8f2c-8ba86289ef40,Leverancier,Leverancier,,Engage Process,https://www.engageprocess.com/nl/home,test.vng.swc+Dic@gmail.com,+31 23 4567890,,,Actief,Gemeenten,Leverancier,aceb822c-e1db-5c39-8f2c-8ba86289ef40,"2023-02-07T10:47:51+00:00"
"57de9b71-428b-5f7c-9cef-2470fe226754",Leverancier,Leverancier,,Engie,,,,,,Actief,Gemeenten,Gemeente,c04aad5f-8f0a-4ae0-b2d6-156c20845f8c,"2016-12-01T12:03:51+00:00"
"83f1c8ef-d6a2-559c-b8e5-2f2a2d7587c6",Leverancier,Leverancier,,ENGL ltd,,,,,,Actief,Gemeenten,Gemeente,"11116e43-889d-4f50-92eb-ce630ebafd9e","2025-07-10T15:15:46+00:00"
"4e425b9e-fe7d-592d-bba9-1d12e47beffa",Leverancier,Leverancier,,Enovation,,,,,,Actief,Gemeenten,Gemeente,"751d7216-3be5-4ab2-9d95-40bdbc4444ec","2022-07-05T10:47:18+00:00"
a49d85fe-23b8-58bc-a54e-8615d83bf4db,Leverancier,Leverancier,,Enovation Group,,,,,,Actief,Gemeenten,Samenwerking,"769b4359-b891-4198-b924-86e1bb7f6cdd","2021-08-05T11:07:42+00:00"
"492b78be-e9b4-57e9-b735-6e673f54941d",Leverancier,Leverancier,,Enrise,,,,,,Actief,Gemeenten,Gemeente,"79a9341e-decf-4010-b2d3-f30d82f4e450","2021-09-08T13:29:32+00:00"
"73f83108-cf33-57fd-882e-d79f8d089498",Leverancier,Leverancier,,Entrada,,,,,,Actief,Gemeenten,Gemeente,"7738e2c7-d435-4884-9827-d62583ba48a7","2019-08-20T14:16:01+00:00"
"23d238e1-b8e3-5efe-b59e-8f6f86fd81ae",Leverancier,Leverancier,,EntrD,https://www.entrd.nl,test.vng.swc+E@gmail.com,+31 23 4567890,,,Actief,Gemeenten,Leverancier,"23d238e1-b8e3-5efe-b59e-8f6f86fd81ae","2023-09-25T14:08:22+00:00"
"2e6cbd76-4979-5bab-8e98-c93eec34a9f8",Leverancier,Leverancier,,Entza,,,,,,Actief,Gemeenten,Gemeente,"1f66615f-fa81-44f6-92e3-eadac6b11eca","2017-10-20T12:24:48+00:00"
cfe5b4d0-1172-5fef-a927-980c32b97a9b,Leverancier,Leverancier,,Envi data,,,,,,Actief,Gemeenten,Gemeente,cd3ad582-40da-4de1-a230-fcfd33fef75e,"2019-06-18T11:03:15+00:00"
d74e9ab9-f252-551f-a7c0-030263f38304,Leverancier,Leverancier,,Enya CAD,,,,,,Actief,Gemeenten,Gemeente,b0eea343-8d48-4144-a80d-2022d60c097f,"2019-09-02T13:13:23+00:00"
"953fea64-5798-568c-a8e0-031d0dd7eb61",Leverancier,Leverancier,,EPLAN B.V.,,,,,,Actief,Gemeenten,Gemeente,"9aa7afc7-39a5-41f1-a104-91429c495592","2022-10-13T12:16:21+00:00"
d68bed73-4603-59a4-ac08-14b06af416fa,Leverancier,Leverancier,,Epson,,,,,,Actief,Gemeenten,Gemeente,afc57f25-5450-4621-a1f1-7c847bcb5933,"2015-03-12T12:08:18+00:00"
"4cb5215b-390e-5dd9-82cf-58d06b5b02c9",Leverancier,Leverancier,,Eqili,,,,,,Actief,Gemeenten,Gemeente,"2af271e0-a05b-460d-88c9-24c06b6eabe5","2024-11-28T14:56:37+00:00"
"1b70956f-74b9-5858-b08e-a20816d6d3d2",Leverancier,Leverancier,,Equens,,,,,,Actief,Gemeenten,Gemeente,"60845a9b-6ddd-417f-ad71-e99cf4b0780d","2016-03-09T16:10:37+00:00"
"81647484-a17d-5a11-a542-2e8521f4467d",Leverancier,Leverancier,,Erdas,,,,,,Actief,Gemeenten,Gemeente,"41301287-5c86-467d-8afb-7947df0e0b5d","2022-12-15T14:56:12+00:00"
c522c487-90af-58ce-bdc0-475dcc03085f,Leverancier,Leverancier,,ErgoBrain B.V.,,,,,,Actief,Gemeenten,Gemeente,f6760577-58c8-477d-85b7-06796fdfd82d,"2019-11-11T10:47:12+00:00"
"59c57f34-129a-540e-bce9-6346c83f3ec6",Leverancier,Leverancier,,Ergodirect,,,,,,Actief,Gemeenten,Gemeente,"11aaf77f-01d1-472b-a0c4-5e63ba1673eb","2017-10-25T15:50:22+00:00"
"53795d25-7665-5ab2-96ea-0233c7a57d03",Leverancier,Leverancier,,ErgoDirect International,,,,,,Actief,Gemeenten,Gemeente,"79a9341e-decf-4010-b2d3-f30d82f4e450","2021-04-13T15:51:14+00:00"
a6d1b815-7ee3-520e-9aea-d7dcd2cce772,Leverancier,Leverancier,,Ergotrans,,,,,,Actief,Gemeenten,Gemeente,b0eea343-8d48-4144-a80d-2022d60c097f,"2015-04-15T08:58:02+00:00"
"0e11deab-3722-537d-bbad-4f8798dd26d4",Leverancier,Leverancier,,ERIS,,,,,,Actief,Gemeenten,Gemeente,"283b34be-e623-414e-a828-0fb0cee04bc7","2016-03-10T10:59:14+00:00"
e6eddce4-8512-5eaf-9987-9d2c0245c14e,Leverancier,Leverancier,,Ervaringwijzer,https://www.ervaringwijzer.nl,test.vng.swc+War@gmail.com,+31 23 4567890,,,Actief,Gemeenten,Leverancier,e6eddce4-8512-5eaf-9987-9d2c0245c14e,"2021-01-18T09:53:06+00:00"
e6eddce4-8512-5eaf-9987-9d2c0245c14e,Leverancier,Leverancier,,Ervaringwijzer,https://www.ervaringwijzer.nl,test.vng.swc+War@gmail.com,+31 23 4567890,,,Actief,Gemeenten,Gemeente,"1880c34d-da3f-4e29-8a36-49f96e2e0392","2020-07-23T14:14:13+00:00"
"1b1eeb98-ce5e-5ba2-b898-3298dfa5768c",Leverancier,Leverancier,,Escort Data Loggers Inc.,,,,,,Actief,Gemeenten,Samenwerking,b8f6c562-92f8-4d45-b307-1cc27ba5e560,"2017-07-26T15:50:35+00:00"
c6c0a32d-bc72-539a-8661-ddf640a947e6,Leverancier,Leverancier,,eSpecialisten,https://www.especialisten.nl,test.vng.swc+Kee@gmail.com,+31 23 4567890,,,Actief,Gemeenten,Leverancier,c6c0a32d-bc72-539a-8661-ddf640a947e6,"2017-12-02T10:45:42+00:00"
"6c24069f-03a2-5278-b4a6-dff4a1ed1aa0",Leverancier,Leverancier,,ESpecialisten,,,,,,Actief,Gemeenten,Samenwerking,d6088f73-1be3-46b6-a67d-9045db0842c1,"2024-12-13T09:00:34+00:00"
"40e9f097-dabb-5fd2-838a-4154dcd82e78",Leverancier,Leverancier,,Esri,https://www.esri.nl,test.vng.swc+Con@gmail.com,+31 23 4567890,,,Actief,Gemeenten,Leverancier,"40e9f097-dabb-5fd2-838a-4154dcd82e78","2014-03-26T10:13:27+00:00"
"40e9f097-dabb-5fd2-838a-4154dcd82e78",Leverancier,Leverancier,,Esri,https://www.esri.nl,test.vng.swc+Con@gmail.com,+31 23 4567890,,,Actief,Gemeenten,Gemeente,cb363c0a-9e4f-4158-b050-158e764e035f,"2025-09-25T10:22:52+00:00"
a6a43029-7415-5526-96ee-239aff20ad79,Leverancier,Leverancier,,Esri / DHV,,,,,,Actief,Gemeenten,Gemeente,"8adeb567-defe-4dd0-8887-f1c01889308c","2015-09-15T14:05:47+00:00"
"895f988e-7c3c-5ca6-a40c-6702f329aacb",Leverancier,Leverancier,,Esri NL,,,,,,Actief,Gemeenten,Gemeente,f6760577-58c8-477d-85b7-06796fdfd82d,"2019-11-11T11:04:28+00:00"
"421038b4-a860-5215-b0b7-09a9f40da618",Leverancier,Leverancier,,Euphoria,,,,,,Actief,Gemeenten,Gemeente,"8bf752fa-5a8b-4c8b-8394-159092f9006f","2018-03-01T12:36:48+00:00"
"6fc7041c-3543-5860-a601-ddf155172cec",Leverancier,Leverancier,,Euroindex,,,,,,Actief,Gemeenten,Gemeente,db3b997f-5a48-4133-bd9d-5695acf2a521,"2023-06-12T12:14:10+00:00"
"6b7fb622-9ce4-53d4-81a7-31c0fed3d0b0",Leverancier,Leverancier,,"EVA Solutions, Zilverschoon 18, 6922 GV Duiven",,,,,,Actief,Gemeenten,Gemeente,"9074dcb3-7fa3-4e32-b8df-891f5a54c3b4","2021-11-29T11:55:03+00:00"
"589b99f4-4a3e-516c-a0cb-78ed1a16c93e",Leverancier,Leverancier,,Everfocus,,,,,,Actief,Gemeenten,Gemeente,"8adeb567-defe-4dd0-8887-f1c01889308c","2015-09-15T09:24:09+00:00"
"0614eae3-a2a0-5a2f-b20f-a35627456cd7",Leverancier,Leverancier,,Evernote,,,,,,Actief,Gemeenten,Samenwerking,ab8c21a3-105a-437c-be7e-41553dff6dc4,"2021-12-27T14:27:55+00:00"
"44dc3b6a-f4a0-5c87-a50d-67378a3a00bd",Leverancier,Leverancier,,Evers Kasasystemen (454),,,,,,Actief,Gemeenten,Samenwerking,d22b9ff2-8b62-4b48-b6ad-7b9e86002cd8,"2019-03-13T14:53:16+00:00"
"365b635c-1520-55f1-bcb9-327c8e9d3393",Leverancier,Leverancier,,Eviden,,test.vng.swc+Gee@gmail.com,+31 23 4567890,,,Actief,Gemeenten,Leverancier,"365b635c-1520-55f1-bcb9-327c8e9d3393","2014-03-26T10:13:27+00:00"
"7b192b11-c58b-5c12-8b51-a8c7b94a10fe",Leverancier,Leverancier,,Evidos,,,,,,Actief,Gemeenten,Gemeente,"098fa2df-f721-4d5d-802f-d555af15639d","2022-09-07T16:20:44+00:00"
e3a97af1-2984-55e8-b1fa-67e591ae52b6,Leverancier,Leverancier,,Evie (PRO Groep),,,,,,Actief,Gemeenten,Gemeente,"751d7216-3be5-4ab2-9d95-40bdbc4444ec","2022-07-12T09:25:37+00:00"
"55046c85-1df9-5036-afb4-83377241fc82",Leverancier,Leverancier,,Evo-IT,,,,,,Actief,Gemeenten,Gemeente,"4b737290-78e1-49a5-9312-721083009c8b","2020-02-21T09:58:15+00:00"
d7115afc-87da-5a95-ad7a-702922cbd94f,Leverancier,Leverancier,,Evolve IP,,,,,,Actief,Gemeenten,Samenwerking,"0da54fc5-f705-4840-bdd1-b1a61e5357b9","2022-11-15T09:38:25+00:00"
b8ed514d-a310-5707-9c50-64cf78af34cc,Leverancier,Leverancier,,Evry,,,,,,Actief,Gemeenten,Samenwerking,d328e7bc-4c85-4346-ba9a-90942a83d779,"2020-01-03T10:55:23+00:00"
"0cae7474-7ce9-51ce-8dc2-761826efeaa2",Leverancier,Leverancier,,Exact,,,,,,Actief,Gemeenten,Gemeente,db7fdd84-bdfd-41d6-8641-0f1e2a954c25,"2021-06-07T10:09:45+00:00"
"47d4a4c0-32fb-5060-86b0-a8ba99eef2d4",Leverancier,Leverancier,,Exact automatisering B.V.,,,,,,Actief,Gemeenten,Gemeente,b0eea343-8d48-4144-a80d-2022d60c097f,"2015-04-15T10:05:40+00:00"
bd9c398f-393a-5e7b-859f-9c1a9e55031e,Leverancier,Leverancier,,Exclaimer,,,,,,Actief,Gemeenten,Gemeente,c04aad5f-8f0a-4ae0-b2d6-156c20845f8c,"2024-11-15T10:39:12+00:00"
"6e45b970-0b5d-52a7-a296-aae051ca2db9",Leverancier,Leverancier,,Exo,,,,,,Actief,Gemeenten,Gemeente,"901879ec-f8fc-4fdf-a979-d3120dc882d0","2015-04-16T10:59:41+00:00"
"5210fc6f-c23f-5941-bece-09957ea04eb8",Leverancier,Leverancier,,Expansion,,,,,,Actief,Gemeenten,Gemeente,db7fdd84-bdfd-41d6-8641-0f1e2a954c25,"2021-06-07T10:33:01+00:00"
"10c775d4-812d-554b-8171-12d4a334352b",Leverancier,Leverancier,,Extern,,,,,,Actief,Gemeenten,Gemeente,b71a4bb9-89ab-41e2-9d25-8f8c6754afc9,"2014-09-24T15:40:49+00:00"
"268f3013-b0a4-5725-9266-592a9ff4e7bf",Leverancier,Leverancier,,Externe leverancier samenwerking,,,,,,Actief,Gemeenten,Samenwerking,"96212a54-214a-4f94-9e6b-9b7eec6d47d2","2024-07-01T10:56:20+00:00"
"91cca515-5a3b-5be3-b2af-a83dfc25802a",Leverancier,Leverancier,,Exxellence,,,,,,Actief,Gemeenten,Gemeente,b6a3804a-012d-452e-859d-9955e1bd6bc2,"2023-05-30T14:05:36+00:00"
e07ae389-aab9-511a-9e17-06bcb2493945,Leverancier,Leverancier,,EZS,,,,,,Actief,Gemeenten,Gemeente,d620f6fd-1d42-4bf7-a46a-d26c1c8cdfc9,"2014-08-20T08:40:10+00:00"
"82da67b2-1124-5624-b24f-3c7db5642a51",Leverancier,Leverancier,,Facebook,,,,,,Actief,Gemeenten,Gemeente,"098fa2df-f721-4d5d-802f-d555af15639d","2022-09-06T11:15:45+00:00"
feed03a3-de47-590c-9a30-eb2fb33b2876,Leverancier,Leverancier,,Facilitor,,,,,,Actief,Gemeenten,Gemeente,"3fa41daf-5e2d-4da2-a5a8-af0ed195ec13","2025-03-07T13:54:04+00:00"
"2418eafc-49fd-5356-9b42-f57111f98f43",Leverancier,Leverancier,,Facilitor B.V.,,,,,,Actief,Gemeenten,Gemeente,"9b0411ba-41da-4a15-9eaa-42b624dba40c","2017-12-12T08:31:51+00:00"
a30368b0-16f8-543f-ba04-154c7962e861,Leverancier,Leverancier,,Facility Kwadraat,,,,,,Actief,Gemeenten,Samenwerking,"531dc053-40ae-4180-94a4-0af14eea374b","2015-03-26T09:12:23+00:00"
"892ad685-779f-5e10-ab9b-0a978b40d53e",Leverancier,Leverancier,,Facility2,,,,,,Actief,Gemeenten,Gemeente,a9cf6f01-0195-4ade-b357-2a5a84048e34,"2016-05-12T13:40:37+00:00"
"35fbcad8-00ff-50bc-abcc-f9de137e7fde",Leverancier,Leverancier,,Facta,,,,,,Actief,Gemeenten,Samenwerking,f85a6bf9-4478-481b-a1b6-d7a5ea1fa647,"2018-08-21T10:47:50+00:00"
"605c3629-893d-5fbf-9136-9fb22e5e4533",Leverancier,Leverancier,,Facto,,,,,,Actief,Gemeenten,Gemeente,"38b6a38e-991a-4940-b499-e362b38d2feb","2017-12-04T15:01:44+00:00"
b73bf51c-a897-536b-8fcc-28debab0f50c,Leverancier,Leverancier,,Factuurportal B.V.,https://factuur-portal.nl,test.vng.swc+Rob@gmail.com,+31 23 4567890,,,Actief,Gemeenten,Leverancier,b73bf51c-a897-536b-8fcc-28debab0f50c,"2014-03-26T10:13:27+00:00"
"6e3c97aa-d9bf-56d3-8a5e-33571b39b054",Leverancier,Leverancier,,Faronics,,,,,,Actief,Gemeenten,Gemeente,c46223c8-bdca-44e2-b0c0-d6e266257ea9,"2023-06-23T22:05:45+00:00"
d2cd97ef-2571-577a-91a3-41d8279b57eb,Leverancier,Leverancier,,Fenêtre Online Solutions,https://www.fenetre.nl,test.vng.swc+Ver@gmail.com,+31 23 4567890,,,Actief,Gemeenten,Leverancier,d2cd97ef-2571-577a-91a3-41d8279b57eb,"2024-05-01T11:17:07+00:00"
b2f2b38a-ab7d-55a1-8616-8eda7cbd46ba,Leverancier,Leverancier,,FermWerk,,,,,,Actief,Gemeenten,Gemeente,"311c99f5-18d7-478b-b615-faf55530142a","2014-08-27T11:02:51+00:00"
"88e7a725-f7b0-5232-a0c4-92810dc65237",Leverancier,Leverancier,,Fiery,,,,,,Actief,Gemeenten,Gemeente,"751d7216-3be5-4ab2-9d95-40bdbc4444ec","2024-10-08T13:15:49+00:00"
d6f729b8-c3f1-595f-9c23-b2b349783d36,Leverancier,Leverancier,,Fieten & Roos,,,,,,Actief,Gemeenten,Gemeente,"4d385e00-86bb-423e-86dc-1ec0629b5200","2016-04-04T16:35:11+00:00"
d37b7306-e4f4-5094-b37b-6085a2139ea6,Leverancier,Leverancier,,FileCap,,,,,,Actief,Gemeenten,Gemeente,"97a3b6fb-90f7-45cf-ae37-003febf346ef","2020-04-08T15:53:38+00:00"
"9603e79a-808c-502f-9f48-9c28dc4b52ab",Leverancier,Leverancier,,Fileflow BV,,,,,,Actief,Gemeenten,Gemeente,d492c8e6-bc8d-453f-9ab7-a4c6690cbe62,"2017-06-01T12:58:23+00:00"
"1ffb1354-eaff-5f6b-8e6e-199ae02070e8",Leverancier,Leverancier,,Filelinx,,,,,,Actief,Gemeenten,Gemeente,"098fa2df-f721-4d5d-802f-d555af15639d","2022-08-30T09:08:38+00:00"
"6c35c01c-3ee0-5a3f-95a3-01f4a6998add",Leverancier,Leverancier,,FileMaker Inc,,,,,,Actief,Gemeenten,Gemeente,e26d5ab2-fb4d-4034-b704-c1c08bddbe58,"2014-07-01T16:30:52+00:00"
cddc3265-2c03-5cfe-af8d-83339944ceab,Leverancier,Leverancier,,Finalist,https://www.finalist.nl,test.vng.swc+Jas@gmail.com,+31 23 4567890,,,Actief,Gemeenten,Leverancier,cddc3265-2c03-5cfe-af8d-83339944ceab,"2022-06-14T08:28:02+00:00"
cc5b8855-009d-51cd-9917-03ccd37e8e2e,Leverancier,Leverancier,,Findwhere,,,,,,Actief,Gemeenten,Gemeente,"91a2ab0f-25aa-43bd-b4e6-c8ef360fa0f2","2024-09-05T14:31:54+00:00"
c1ff3ac3-2a41-5b76-aece-a5051ab00991,Leverancier,Leverancier,,Fineaid,,,,,,Actief,Gemeenten,Gemeente,f6760577-58c8-477d-85b7-06796fdfd82d,"2019-08-22T16:08:33+00:00"
"10e98f88-87b3-5de7-ba64-ac189879b50a",Leverancier,Leverancier,,Finetic,https://www.finetic.nl,test.vng.swc+Bra@gmail.com,,,,Actief,Gemeenten,Leverancier,"10e98f88-87b3-5de7-ba64-ac189879b50a","2015-12-07T17:15:53+00:00"
"151fa9f0-52bd-558f-8409-9dd6376eabb1",Leverancier,Leverancier,,Fischer,,,,,,Actief,Gemeenten,Gemeente,"79a9341e-decf-4010-b2d3-f30d82f4e450","2021-04-13T15:28:14+00:00"
"0d28cf14-2f31-58ce-8f92-e5f19cfd9492",Leverancier,Leverancier,,Fish Odias,,,,,,Actief,Gemeenten,Gemeente,"098fa2df-f721-4d5d-802f-d555af15639d","2022-09-07T15:08:54+00:00"
e641c816-56fc-5db2-8db3-efa8ce9b4e5d,Leverancier,Leverancier,,Fixion,,,,,,Actief,Gemeenten,Gemeente,f27de83f-f8b2-4c6b-b6c2-980800ad7910,"2021-10-06T11:40:51+00:00"
"4987a614-4bd1-5263-975c-ef59fdfff4cf",Leverancier,Leverancier,,Flanderijn,,,,,,Actief,Gemeenten,Gemeente,bc343b52-289d-4f5e-b420-f0d0b2abdcbe,"2022-04-12T12:38:58+00:00"
"4875d576-cefd-517c-b9f5-7e6987bb1ab6",Leverancier,Leverancier,,Flash Private Mobile Networks,,,,,,Actief,Gemeenten,Gemeente,cb634d57-2b5f-4a03-9be4-d04c483853a7,"2019-09-06T09:57:33+00:00"
e9344035-405a-5d4b-b0da-39a5c95f9016,Leverancier,Leverancier,,Fleed Complete,,,,,,Actief,Gemeenten,Gemeente,"91a2ab0f-25aa-43bd-b4e6-c8ef360fa0f2","2023-01-05T09:28:08+00:00"
cf9ed8eb-0b96-553e-ba0a-649e310001a2,Leverancier,Leverancier,,FleetGo,,,,,,Actief,Gemeenten,Gemeente,"35142b1e-c394-4a4b-a8bf-1445dbfb62cb","2023-11-03T15:56:05+00:00"
"792cfdd7-e472-5302-96ff-9f282edd8ffc",Leverancier,Leverancier,,Flexera,,,,,,Actief,Gemeenten,Gemeente,"1f66615f-fa81-44f6-92e3-eadac6b11eca","2017-10-20T13:11:34+00:00"
"7a644fd0-dc82-5267-a9e7-08ee93184a50",Leverancier,Leverancier,,Flexposure BV,,,,,,Actief,Gemeenten,Gemeente,f6760577-58c8-477d-85b7-06796fdfd82d,"2019-08-23T15:19:47+00:00"
"80e06e7f-abbd-59a5-9299-22c2283f03ce",Leverancier,Leverancier,,Flextender,,,,,,Actief,Gemeenten,Gemeente,"751d7216-3be5-4ab2-9d95-40bdbc4444ec","2024-06-11T09:50:34+00:00"
f8d3ee8b-905b-5ae0-96db-2f16a51197a9,Leverancier,Leverancier,,Flexwhere,,,,,,Actief,Gemeenten,Gemeente,"35142b1e-c394-4a4b-a8bf-1445dbfb62cb","2023-11-03T14:49:57+00:00"
"44297da3-d3b5-5afc-806f-cf32d2a704ec",Leverancier,Leverancier,,Flo Legal,,,,,,Actief,Gemeenten,Gemeente,e5cb9f1e-3c9f-4a61-b903-651d139a1d43,"2022-05-20T09:59:03+00:00"
f9f0dd19-c2fe-5708-a05a-65ccde0d7cbe,Leverancier,Leverancier,,Floorconsult,,,,,,Actief,Gemeenten,Gemeente,"85b4ae27-bba1-4239-b041-b17ae7bf6641","2020-04-16T10:47:39+00:00"
"142df88b-d92d-57ed-b29a-d6307857c03b",Leverancier,Leverancier,,Flowbird,,,,,,Actief,Gemeenten,Gemeente,"11116e43-889d-4f50-92eb-ce630ebafd9e","2025-08-12T11:05:44+00:00"
d9724155-412e-54bb-97f6-8dee7b1bb41c,Leverancier,Leverancier,,FME,,,,,,Actief,Gemeenten,Gemeente,"098fa2df-f721-4d5d-802f-d555af15639d","2022-09-07T11:08:50+00:00"
"33c3c6f5-95e0-5b48-95b9-2a8a6f23af07",Leverancier,Leverancier,,Forenzo,,,,,,Actief,Gemeenten,Gemeente,ab8c21a3-105a-437c-be7e-41553dff6dc4,"2023-01-05T14:10:18+00:00"
"0e0ba200-6b10-5d89-bde8-b353d4408f4c",Leverancier,Leverancier,,Formdesk,,,,,,Actief,Gemeenten,Gemeente,"9e903d5f-9d6e-42f6-8c40-43ef3f1cd3d6","2015-04-20T15:54:47+00:00"
"919fe0b6-290a-51e7-820b-31cf6479db56",Leverancier,Leverancier,,Formex Medical,,,,,,Actief,Gemeenten,Gemeente,"3fa41daf-5e2d-4da2-a5a8-af0ed195ec13","2025-03-07T14:19:49+00:00"
a90ce9d0-1ca4-590f-83d2-4f14ecc107f4,Leverancier,Leverancier,,Fortes,,,,,,Actief,Gemeenten,Gemeente,"9e903d5f-9d6e-42f6-8c40-43ef3f1cd3d6","2019-12-02T09:26:29+00:00"
"9fd5b41a-efc0-50c8-a165-83a51b0c0bce",Leverancier,Leverancier,,Fortes Solutions,https://www.fortesglobal.com,test.vng.swc+Sal@gmail.com,+31 23 4567890,,,Actief,Gemeenten,Leverancier,"9fd5b41a-efc0-50c8-a165-83a51b0c0bce","2020-09-28T09:00:20+00:00"
"9fd5b41a-efc0-50c8-a165-83a51b0c0bce",Leverancier,Leverancier,,Fortes Solutions,https://www.fortesglobal.com,test.vng.swc+Sal@gmail.com,+31 23 4567890,,,Actief,Gemeenten,Gemeente,"35142b1e-c394-4a4b-a8bf-1445dbfb62cb","2018-04-18T10:10:11+00:00"
c749b065-c257-5fee-ad0a-a16a573d6b7b,Leverancier,Leverancier,,Forti,,,,,,Actief,Gemeenten,Gemeente,e033b25b-3b17-4b55-a1f8-2c40a3ece8a7,"2020-06-09T11:08:19+00:00"
"33bb92f6-e88d-5c6f-8086-fd2a7ddbd554",Leverancier,Leverancier,,Fortinet,,,,,,Actief,Gemeenten,Gemeente,c506903c-cb46-4b91-a5a7-880578af3701,"2025-07-10T14:28:12+00:00"
"605509e8-e88d-57ad-b6aa-bb1b61e0f77e",Leverancier,Leverancier,,Forus Operations B.V.,https://www.forus.io,test.vng.swc+Inf@gmail.com,+31 23 4567890,,,Actief,Gemeenten,Leverancier,"605509e8-e88d-57ad-b6aa-bb1b61e0f77e","2020-03-16T16:52:17+00:00"
a9354a27-2aad-548f-aa60-473734f5ee0a,Leverancier,Leverancier,,FourPoints,,,,,,Actief,Gemeenten,Samenwerking,ab8c21a3-105a-437c-be7e-41553dff6dc4,"2021-12-28T09:32:52+00:00"
a873fe21-ee11-57ed-8bcf-5695b0c5b287,Leverancier,Leverancier,,Fourtec Ltd,,,,,,Actief,Gemeenten,Samenwerking,b8f6c562-92f8-4d45-b307-1cc27ba5e560,"2017-07-26T15:37:13+00:00"
"2133c096-a125-57f3-9e37-a4e176d3d6c1",Leverancier,Leverancier,,Foxit,,,,,,Actief,Gemeenten,Gemeente,"97a3b6fb-90f7-45cf-ae37-003febf346ef","2020-04-08T15:54:19+00:00"
"160def8f-c532-59ac-88d2-f42345d0f779",Leverancier,Leverancier,,Foxit Software,,,,,,Actief,Gemeenten,Gemeente,"098fa2df-f721-4d5d-802f-d555af15639d","2022-09-05T15:40:28+00:00"
"011c9051-6755-5702-8fb4-205ca9d93e21",Leverancier,Leverancier,,FPSupport,,,,,,Actief,Gemeenten,Gemeente,ddf0e7af-285a-4853-ad18-dce8f58c7d5f,"2019-02-13T16:00:06+00:00"
"6b7a988b-69e7-53f1-a328-3acf2c61c24e",Leverancier,Leverancier,,Framakey; SourceForge.net,,,,,,Actief,Gemeenten,Gemeente,"6ea9357b-c6cb-4702-8e95-baafeaa6b38c","2018-10-26T15:23:51+00:00"
"5c33eae5-cd3e-5c62-87fd-eacd7d6d2fcc",Leverancier,Leverancier,,Free and open-source,,,,,,Actief,Gemeenten,Gemeente,"62a3ee34-6292-4c81-9da5-61790d8f5240","2020-01-07T16:12:06+00:00"
f7c31164-930a-53cc-839a-372883429c7f,Leverancier,Leverancier,,Freedom Scientific Benelux,,,,,,Actief,Gemeenten,Gemeente,"8d3cd712-dfde-40d9-afcd-d4a841eec50b","2021-12-17T16:13:22+00:00"
"5ed25531-e3ba-5ac0-a1e1-19106fb3a7ee",Leverancier,Leverancier,,Freemind,,,,,,Actief,Gemeenten,Gemeente,"098fa2df-f721-4d5d-802f-d555af15639d","2022-09-05T15:42:12+00:00"
"889eed1d-fed3-5c48-8fec-2b5b2af606a4",Leverancier,Leverancier,,Freeware,,,,,,Actief,Gemeenten,Gemeente,"4d385e00-86bb-423e-86dc-1ec0629b5200","2016-04-04T16:31:54+00:00"
c54ca620-e0f3-5960-8e69-7638c3fa4087,Leverancier,Leverancier,,Frontin PAUW,,,,,,Actief,Gemeenten,Gemeente,bc343b52-289d-4f5e-b420-f0d0b2abdcbe,"2022-04-12T12:23:44+00:00"
acbc0789-8137-541b-ac7a-157f082ca9c4,Leverancier,Leverancier,,Frontrange,,,,,,Actief,Gemeenten,Gemeente,"8c3363d7-2269-49fd-ac71-5b4e9b809ed3","2014-07-01T16:30:52+00:00"
"088909d0-1165-5e51-a0d8-d7acdbc4eb32",Leverancier,Leverancier,,FSLogix,,,,,,Actief,Gemeenten,Gemeente,bb5ad246-416d-4efa-9ff8-9bcfa884f9db,"2019-11-20T11:27:19+00:00"
"38668db4-9de4-54e8-b43b-9fffd9394feb",Leverancier,Leverancier,,FTP Script Runner,,,,,,Actief,Gemeenten,Samenwerking,"769b4359-b891-4198-b924-86e1bb7f6cdd","2020-06-09T11:45:25+00:00"
e08b443c-b351-5be9-964b-b043b7c03b17,Leverancier,Leverancier,,Fugro,,,,,,Actief,Gemeenten,Gemeente,"79a9341e-decf-4010-b2d3-f30d82f4e450","2021-07-06T15:23:59+00:00"
"85d75c48-a312-5279-81b8-49abd8314176",Leverancier,Leverancier,,Fugro Geoservices B.V.,,,,,,Actief,Gemeenten,Gemeente,"39a6abee-c408-422c-b3e2-71ed1fd94f90","2015-07-27T11:27:20+00:00"
"3e342b4f-e049-59f7-9401-432b546e4893",Leverancier,Leverancier,,Fugro Inpark BV,,,,,,Actief,Gemeenten,Gemeente,"1e5f65a2-1b5d-4124-920b-66b1399d35e4","2015-12-18T11:24:50+00:00"
dde0b2cd-555e-57b3-abd9-fc9374c6d90b,Leverancier,Leverancier,,Fugro NL Land B.V.,https://www.fugro.nl,test.vng.swc+P@gmail.com,+31 23 4567890,,,Actief,Gemeenten,Leverancier,dde0b2cd-555e-57b3-abd9-fc9374c6d90b,"2014-03-26T10:13:27+00:00"
"787a2d17-310a-5229-bac4-1565ea217109",Leverancier,Leverancier,,Fujitsu,,,,,,Actief,Gemeenten,Gemeente,"11116e43-889d-4f50-92eb-ce630ebafd9e","2018-08-21T08:05:20+00:00"
e8872801-0a9e-5e4f-82ba-3900823edc62,Leverancier,Leverancier,,Fully In Control,https://fullyincontrol.com,test.vng.swc+V@gmail.com,+31 23 4567890,,,Actief,Gemeenten,Leverancier,e8872801-0a9e-5e4f-82ba-3900823edc62,"2021-10-21T09:55:03+00:00"
"35164e9c-5a70-508c-9aed-3c06d64b7b5b",Leverancier,Leverancier,,Funding solutions,,,,,,Actief,Gemeenten,Gemeente,b0eea343-8d48-4144-a80d-2022d60c097f,"2020-02-04T09:48:55+00:00"
c149e6a6-6b20-5332-9fc8-4dbf623ac351,Leverancier,Leverancier,,Future Insight Group,https://www.futureinsight.nl,test.vng.swc+Mir@gmail.com,+31 23 4567890,,,Actief,Gemeenten,Leverancier,c149e6a6-6b20-5332-9fc8-4dbf623ac351,"2021-04-07T13:09:32+00:00"
f0845b19-2812-55b2-8c47-cf879832ed96,Leverancier,Leverancier,,Gantner,,,,,,Actief,Gemeenten,Gemeente,"35142b1e-c394-4a4b-a8bf-1445dbfb62cb","2024-03-04T15:10:30+00:00"
"37aa9b50-1dac-5e61-b3f9-7732650365cf",Leverancier,Leverancier,,Gantt-project,,,,,,Actief,Gemeenten,Gemeente,cd3ad582-40da-4de1-a230-fcfd33fef75e,"2019-06-18T11:33:04+00:00"
"1b6e9c35-b0cd-580a-81b6-f9a88978c203",Leverancier,Leverancier,,Gatsometer BV,,,,,,Actief,Gemeenten,Gemeente,a9cf6f01-0195-4ade-b357-2a5a84048e34,"2014-12-06T17:03:11+00:00"
b3988402-cd32-53f8-9a34-3e2876973dd9,Leverancier,Leverancier,,Gaudi,,,,,,Actief,Gemeenten,Gemeente,cd3ad582-40da-4de1-a230-fcfd33fef75e,"2019-07-08T11:23:58+00:00"
"1324fd40-3f9f-5a68-8989-f907f818bd02",Leverancier,Leverancier,,GDI-voorzienignen serviceorganisaties,,,,,,Actief,Gemeenten,Gemeente,"60845a9b-6ddd-417f-ad71-e99cf4b0780d","2016-03-09T16:32:02+00:00"
"521b0574-124a-5f64-8702-97bae6fdf1d2",Leverancier,Leverancier,,Gebouw365,,,,,,Actief,Gemeenten,Gemeente,"4e4992f8-6ef0-452b-9d71-fcad5de41c65","2018-09-20T14:53:14+00:00"
aca72313-f226-5134-a90d-33ad883d1748,Leverancier,Leverancier,,Gedragscodegroen,,,,,,Actief,Gemeenten,Gemeente,db7fdd84-bdfd-41d6-8641-0f1e2a954c25,"2017-06-30T11:22:30+00:00"
e0d43bb1-bdaf-59bf-8b24-af4761634b03,Leverancier,Leverancier,,Geertruidenberg,,,,,,Actief,Gemeenten,Gemeente,cd3ad582-40da-4de1-a230-fcfd33fef75e,"2019-06-18T09:53:32+00:00"
"1775e2b5-52d9-5647-b87d-1b7c61863412",Leverancier,Leverancier,,Geller Utilities,,,,,,Actief,Gemeenten,Gemeente,"8adeb567-defe-4dd0-8887-f1c01889308c","2015-09-15T13:24:41+00:00"
"5d194a30-d4d7-500d-9648-9eb995ed1529",Leverancier,Leverancier,,Gem.Nijmegen,,,,,,Actief,Gemeenten,Gemeente,d6088f73-1be3-46b6-a67d-9045db0842c1,"2016-03-07T08:14:34+00:00"
"11fa9acc-123a-5b49-b2da-79b6c7d2b28c",Leverancier,Leverancier,,Gemalto,,,,,,Actief,Gemeenten,Gemeente,b0eea343-8d48-4144-a80d-2022d60c097f,"2018-09-28T08:54:24+00:00"
"66176c95-8a68-5f51-a325-63834f1ab419",Leverancier,Leverancier,,Gemboxx,https://www.gemboxx.nl,test.vng.swc+Swi@gmail.com,+31 23 4567890,,,Actief,Gemeenten,Leverancier,"66176c95-8a68-5f51-a325-63834f1ab419","2014-03-26T10:13:27+00:00"
"66176c95-8a68-5f51-a325-63834f1ab419",Leverancier,Leverancier,,Gemboxx,https://www.gemboxx.nl,test.vng.swc+Swi@gmail.com,+31 23 4567890,,,Actief,Gemeenten,Gemeente,"85b4ae27-bba1-4239-b041-b17ae7bf6641","2020-04-23T15:41:19+00:00"
"3848ab3f-000a-5232-bdaa-d84cf0cfc2d0",Leverancier,Leverancier,,GemCloud BV,,,,,,Actief,Gemeenten,Gemeente,"5cb338f0-2fd5-4da2-8d33-54b2065a663a","2020-05-14T08:29:10+00:00"
"6dfcfec8-e011-57e9-95c4-bd5a1a6682ec",Leverancier,Leverancier,,Gemeente Almere,,,,,,Actief,Gemeenten,Gemeente,cb634d57-2b5f-4a03-9be4-d04c483853a7,"2017-12-08T10:12:24+00:00"
"9b3e8ce5-5da0-585c-9cc5-43375ff8df2a",Leverancier,Leverancier,,Gemeente Amersfoort,,,,,,Actief,Gemeenten,Samenwerking,"769b4359-b891-4198-b924-86e1bb7f6cdd","2020-06-10T13:52:06+00:00"
"01f2b146-df53-5f3d-8fe7-4d1c31149e06",Leverancier,Leverancier,,Gemeente Amsterdam,,,,,,Actief,Gemeenten,Gemeente,bc343b52-289d-4f5e-b420-f0d0b2abdcbe,"2022-04-25T15:03:59+00:00"
"10e4a02c-0a93-5edd-9201-c23b1f7b69a0",Leverancier,Leverancier,,Gemeente Apeldoorn,,,,,,Actief,Gemeenten,Samenwerking,"7075a889-5822-4edc-80c1-918e1a1ca50d","2017-02-22T08:44:29+00:00"
"916b2f75-b155-57d7-a35e-3a47c3b9b338",Leverancier,Leverancier,,Gemeente Barneveld,,,,,,Actief,Gemeenten,Gemeente,"349e6027-b7c4-42ac-88e6-a5f17fc833f6","2014-08-27T10:31:15+00:00"
e894e2c1-54d6-5dbf-8849-a414b5d47182,Leverancier,Leverancier,,Gemeente Beek,,,,,,Actief,Gemeenten,Gemeente,"364991e9-f0d6-4aaf-85ec-9cf96e7943b2","2018-05-14T11:15:56+00:00"
"1f50dbc6-0edd-5ee0-95ed-5aaf5071209c",Leverancier,Leverancier,,Gemeente Breda,,,,,,Actief,Gemeenten,Gemeente,b71a4bb9-89ab-41e2-9d25-8f8c6754afc9,"2019-04-02T14:29:20+00:00"
e2e6c64c-5dec-5dea-88a5-282957706e62,Leverancier,Leverancier,,Gemeente Delft,,,,,,Actief,Gemeenten,Gemeente,e033b25b-3b17-4b55-a1f8-2c40a3ece8a7,"2019-02-06T11:42:14+00:00"
e539df4f-377a-52d0-ae54-319f80ab7549,Leverancier,Leverancier,,Gemeente Eindhoven,,,,,,Actief,Gemeenten,Samenwerking,d22b9ff2-8b62-4b48-b6ad-7b9e86002cd8,"2019-10-28T10:48:03+00:00"
"4c98656b-2db6-5eb7-968a-6775004fa304",Leverancier,Leverancier,,Gemeente Emmen,,,,,,Actief,Gemeenten,Gemeente,"4d385e00-86bb-423e-86dc-1ec0629b5200","2016-04-05T10:25:14+00:00"
"43b14982-ae65-56a4-b932-7f1f5934d691",Leverancier,Leverancier,,Gemeente Enschede,,,,,,Actief,Gemeenten,Gemeente,dea35f50-183b-4d08-9d7b-96a8623def46,"2018-08-01T08:19:16+00:00"
f7f94c14-83df-58b9-a051-db3d513c7752,Leverancier,Leverancier,,Gemeente Epe,,,,,,Actief,Gemeenten,Samenwerking,"7075a889-5822-4edc-80c1-918e1a1ca50d","2017-02-22T08:42:19+00:00"
"8b01ab49-c63e-5631-850b-4a5772aa7138",Leverancier,Leverancier,,Gemeente Etten-Leur,,,,,,Actief,Gemeenten,Gemeente,"1fbdf5f9-d227-443f-a455-b4893d6f96db","2016-07-27T15:15:03+00:00"
b25b8bea-b69d-56a6-9522-a13859a45729,Leverancier,Leverancier,,Gemeente Gouda,,,,,,Actief,Gemeenten,Gemeente,"2af271e0-a05b-460d-88c9-24c06b6eabe5","2014-07-21T08:33:28+00:00"
b3a587ed-6702-5539-bf22-723196ddfb9d,Leverancier,Leverancier,,Gemeente Groningen / GGD,,,,,,Actief,Gemeenten,Gemeente,"0a3fcaad-0a88-4f8c-8b63-91201ddecdca","2014-08-26T16:21:15+00:00"
b1a6a2af-4d39-583a-bc01-e6d69ab9f185,Leverancier,Leverancier,,Gemeente Heerenveen,,,,,,Actief,Gemeenten,Gemeente,b0eea343-8d48-4144-a80d-2022d60c097f,"2015-04-20T16:37:20+00:00"
dbdf00a0-1e5a-50ab-8354-56c680bce0f9,Leverancier,Leverancier,,Gemeente Heerlen,,,,,,Actief,Gemeenten,Gemeente,"38b23e24-b2c9-410e-83ce-44e66bfba429","2018-08-24T09:52:57+00:00"
"83a49845-ea82-5145-b66c-578a8332e620",Leverancier,Leverancier,,Gemeente Lelystad,,,,,,Actief,Gemeenten,Gemeente,"88d860d6-83ee-4e26-bf9b-225e549ba461","2014-09-19T10:49:07+00:00"
"43ff6859-cafc-5991-bbb4-f72b88cbfbd1",Leverancier,Leverancier,,Gemeente Lingewaard,,,,,,Actief,Gemeenten,Gemeente,"9fa07799-c3c5-47de-b1f9-f5b36964c3af","2018-08-08T12:36:57+00:00"
"6b9dfe9f-d229-56ec-ae1f-e38907d4e736",Leverancier,Leverancier,,Gemeente Lingewaard / Joomla,,,,,,Actief,Gemeenten,Gemeente,"9fa07799-c3c5-47de-b1f9-f5b36964c3af","2014-07-01T16:30:52+00:00"
"862a0a8f-3ed1-52a1-9251-d5bb86f9349a",Leverancier,Leverancier,,Gemeente Lochem,,,,,,Actief,Gemeenten,Gemeente,ddf0e7af-285a-4853-ad18-dce8f58c7d5f,"2018-11-16T11:01:53+00:00"
c01a0a00-3729-5344-9813-633b49b05446,Leverancier,Leverancier,,Gemeente Nijmegen,,,,,,Actief,Gemeenten,Gemeente,"79a9341e-decf-4010-b2d3-f30d82f4e450","2021-11-10T16:30:26+00:00"
defebe64-7a59-5537-98c0-d1051db8f469,Leverancier,Leverancier,,Gemeente Oude IJsselstreek,,,,,,Actief,Gemeenten,Gemeente,f2fb4e64-9967-47e5-a5b8-8bab3b71a800,"2019-05-13T14:46:20+00:00"
a8a22dd0-09bd-5eaf-9a9a-1ceea69e133e,Leverancier,Leverancier,,Gemeente Rotterdam,https://www.rotterdam.nl,test.vng.swc+E@gmail.com,+31 23 4567890,,,Actief,Gemeenten,Leverancier,a8a22dd0-09bd-5eaf-9a9a-1ceea69e133e,"2021-08-03T09:17:38+00:00"
a8a22dd0-09bd-5eaf-9a9a-1ceea69e133e,Leverancier,Leverancier,,Gemeente Rotterdam,https://www.rotterdam.nl,test.vng.swc+E@gmail.com,+31 23 4567890,,,Actief,Gemeenten,Gemeente,db3b997f-5a48-4133-bd9d-5695acf2a521,"2023-06-12T12:23:13+00:00"
a3664f27-4c23-5590-b581-91880f1c12de,Leverancier,Leverancier,,Gemeente Schiedam,,,,,,Actief,Gemeenten,Gemeente,"11116e43-889d-4f50-92eb-ce630ebafd9e","2025-07-16T13:32:25+00:00"
"2da775ad-369a-581b-9ada-d2f64640b945",Leverancier,Leverancier,,Gemeente Schiedam Gemeentearchief icm KCC,,,,,,Actief,Gemeenten,Gemeente,"11116e43-889d-4f50-92eb-ce630ebafd9e","2025-07-08T07:42:09+00:00"
fb767ed8-9a38-5a01-a8ae-b7b9cd3ad3e9,Leverancier,Leverancier,,Gemeente Sudwest-Fryslan,,,,,,Actief,Gemeenten,Gemeente,e9bf3b82-2033-44cb-8b49-884dc4d25540,"2019-08-30T14:54:49+00:00"
"1a8bdd33-a7b1-5bbe-a699-032fd76cd11c",Leverancier,Leverancier,,Gemeente Texel,,,,,,Actief,Gemeenten,Gemeente,c1976897-521d-484a-b9ad-2adc817cf632,"2024-08-27T15:14:47+00:00"
a3af2cfc-54e1-549e-a81b-fa414e239311,Leverancier,Leverancier,,Gemeente Tilburg,,,,,,Actief,Gemeenten,Gemeente,"963a9aa4-e02a-4f3b-93b9-eef410a4d43e","2017-05-16T16:22:14+00:00"
f6d561b7-a034-5627-9719-9c4ab1eb5a95,Leverancier,Leverancier,,Gemeente Veenendaal,,,,,,Actief,Gemeenten,Gemeente,"1880c34d-da3f-4e29-8a36-49f96e2e0392","2016-11-17T11:11:12+00:00"
fb9999d3-af59-5061-81f5-db2109eafa96,Leverancier,Leverancier,,Gemeente Venlo,,,,,,Actief,Gemeenten,Gemeente,b6a3804a-012d-452e-859d-9955e1bd6bc2,"2023-05-17T09:50:28+00:00"
d3399dda-b155-58a9-b5c6-28181199be68,Leverancier,Leverancier,,Gemeente Wierden,,,,,,Actief,Gemeenten,Gemeente,"7b14c0d7-278e-40e7-a6db-836140d9c810","2016-08-22T09:22:50+00:00"
"336eac04-fd40-5f5f-afc1-96ae3179a95b",Leverancier,Leverancier,,Gemeente Zuidhorn,,,,,,Actief,Gemeenten,Gemeente,e7b34d5f-6917-4aef-8753-bfcb3d07660b,"2018-12-31T17:56:54+00:00"
"2b533d47-b637-5d33-a0ed-9a15cade154c",Leverancier,Leverancier,,Gemeentelijk Efficiency Adviesbureau,,,,,,Actief,Gemeenten,Gemeente,"9e903d5f-9d6e-42f6-8c40-43ef3f1cd3d6","2019-12-02T11:18:25+00:00"
"025040aa-2a6c-524b-bdb6-074ec67f0544",Leverancier,Leverancier,,Gemeentemodel.nl,,,,,,Actief,Gemeenten,Gemeente,ddf0e7af-285a-4853-ad18-dce8f58c7d5f,"2020-12-18T16:10:22+00:00"
"9dd69494-4805-5b04-b528-df8fca98d64a",Leverancier,Leverancier,,GemeenteOplossingen,https://www.gemeenteoplossingen.nl,test.vng.swc+Ste@gmail.com,+31 23 4567890,,,Actief,Gemeenten,Leverancier,"9dd69494-4805-5b04-b528-df8fca98d64a","2014-03-26T10:13:27+00:00"
"9dd69494-4805-5b04-b528-df8fca98d64a",Leverancier,Leverancier,,GemeenteOplossingen,https://www.gemeenteoplossingen.nl,test.vng.swc+Ste@gmail.com,+31 23 4567890,,,Actief,Gemeenten,Gemeente,"4b8b5369-455f-4904-a85e-f3705dfc5a8b","2025-09-05T12:43:17+00:00"
b14687fb-fc13-50f0-b815-e6b7efcff33c,Leverancier,Leverancier,,Gemgids?,,,,,,Actief,Gemeenten,Gemeente,"83034cc8-5c69-42a8-b734-e1428c9dc510","2016-06-07T12:09:32+00:00"
ddba2c92-77cd-509b-ad4f-ac91a3cc754a,Leverancier,Leverancier,,Gemini,,,,,,Actief,Gemeenten,Gemeente,"79a9341e-decf-4010-b2d3-f30d82f4e450","2021-11-10T16:18:44+00:00"
"2891a8ce-2bee-5be1-9cd7-1734d0db02ff",Leverancier,Leverancier,,General Electric Network Solutions,,,,,,Actief,Gemeenten,Gemeente,e26d5ab2-fb4d-4034-b704-c1c08bddbe58,"2014-07-01T16:30:52+00:00"
"6c13b35c-f42d-53f2-a961-b58dbfe9a61a",Leverancier,Leverancier,,Genetics,https://www.genetics.nl,test.vng.swc+Mau@gmail.com,+31 23 4567890,,,Actief,Gemeenten,Leverancier,"6c13b35c-f42d-53f2-a961-b58dbfe9a61a","2014-03-26T10:13:27+00:00"
"6c13b35c-f42d-53f2-a961-b58dbfe9a61a",Leverancier,Leverancier,,Genetics,https://www.genetics.nl,test.vng.swc+Mau@gmail.com,+31 23 4567890,,,Actief,Gemeenten,Gemeente,"79a9341e-decf-4010-b2d3-f30d82f4e450","2021-09-08T13:49:50+00:00"
"46d0501e-c281-5f45-bef8-cd00f50c063b",Leverancier,Leverancier,,Genova,,,,,,Actief,Gemeenten,Gemeente,f27de83f-f8b2-4c6b-b6c2-980800ad7910,"2014-07-03T11:42:08+00:00"
"4b217d36-7664-5b24-89c4-9e898b40f933",Leverancier,Leverancier,,GEO technische combinatie,,,,,,Actief,Gemeenten,Gemeente,"9e903d5f-9d6e-42f6-8c40-43ef3f1cd3d6","2015-03-20T16:30:25+00:00"
"7e2b18b5-615a-581e-bd16-afe57b300670",Leverancier,Leverancier,,GeoBorg,,,,,,Actief,Gemeenten,Gemeente,"9e903d5f-9d6e-42f6-8c40-43ef3f1cd3d6","2019-10-17T14:19:00+00:00"
b269e88a-9aa3-591a-967f-47d77e5007a1,Leverancier,Leverancier,,Geocom,,,,,,Actief,Gemeenten,Gemeente,"41301287-5c86-467d-8afb-7947df0e0b5d","2017-07-20T10:52:30+00:00"
e56f3d36-6b23-5c6b-8421-111d10fe535c,Leverancier,Leverancier,,Geodan,,,,,,Actief,Gemeenten,Gemeente,"751d7216-3be5-4ab2-9d95-40bdbc4444ec","2023-11-08T11:51:03+00:00"
"7ed1641a-8477-5c76-bc97-c2de8e9e7a3a",Leverancier,Leverancier,,Geodan FLO Legal,,,,,,Actief,Gemeenten,Gemeente,cd3ad582-40da-4de1-a230-fcfd33fef75e,"2023-12-22T11:41:36+00:00"
df6b862e-8dcd-5770-b765-464931f32fe9,Leverancier,Leverancier,,Geodan Van den Berg,,,,,,Actief,Gemeenten,Gemeente,"9e903d5f-9d6e-42f6-8c40-43ef3f1cd3d6","2019-12-05T08:30:01+00:00"
"1f0ffabe-f29a-562c-98c8-8ea61e97af0f",Leverancier,Leverancier,,Geometius,,,,,,Actief,Gemeenten,Gemeente,"563593bf-81ce-4877-aa87-759b12d821b3","2022-08-11T17:55:32+00:00"
"4e9f4c60-c1bb-5f1d-be31-1e0c2acb9908",Leverancier,Leverancier,,Geon B.V.,,,,,,Actief,Gemeenten,Gemeente,bb45238c-398a-47e6-85fd-09b684ea7434,"2017-09-19T14:52:58+00:00"
"9651bc89-51b9-5d5e-9ecf-9a42a1dcba35",Leverancier,Leverancier,,GeoNovation B.V.,https://www.geonovation.nl,test.vng.swc+Inf@gmail.com,+31 23 4567890,,,Actief,Gemeenten,Leverancier,"9651bc89-51b9-5d5e-9ecf-9a42a1dcba35","2016-04-25T09:12:42+00:00"
"9651bc89-51b9-5d5e-9ecf-9a42a1dcba35",Leverancier,Leverancier,,GeoNovation B.V.,https://www.geonovation.nl,test.vng.swc+Inf@gmail.com,+31 23 4567890,,,Actief,Gemeenten,Gemeente,"39a6abee-c408-422c-b3e2-71ed1fd94f90","2020-02-12T09:17:19+00:00"
"0c2f0308-a182-5fa5-8537-700cb45f9168",Leverancier,Leverancier,,Geonovum,,,,,,Actief,Gemeenten,Gemeente,"9074dcb3-7fa3-4e32-b8df-891f5a54c3b4","2014-07-01T16:30:52+00:00"
"8b6ef4aa-dfe2-52d1-9e0a-2ecd9635022e",Leverancier,Leverancier,,GeoStation,,,,,,Actief,Gemeenten,Gemeente,"5cb338f0-2fd5-4da2-8d33-54b2065a663a","2015-08-07T12:12:25+00:00"
"6cac6fb3-799c-58e0-8e04-a149f563a70c",Leverancier,Leverancier,,GeoTax,https://www.geotax.nl,test.vng.swc+Inf@gmail.com,+31 23 4567890,,,Actief,Gemeenten,Leverancier,"6cac6fb3-799c-58e0-8e04-a149f563a70c","2014-03-26T10:13:27+00:00"
"6cac6fb3-799c-58e0-8e04-a149f563a70c",Leverancier,Leverancier,,GeoTax,https://www.geotax.nl,test.vng.swc+Inf@gmail.com,+31 23 4567890,,,Actief,Gemeenten,Gemeente,"85b4ae27-bba1-4239-b041-b17ae7bf6641","2016-11-30T12:17:26+00:00"
c9c5e69e-988c-590b-9113-6fd173536c94,Leverancier,Leverancier,,Geotrack Telematics B.V.,,,,,,Actief,Gemeenten,Gemeente,b0eea343-8d48-4144-a80d-2022d60c097f,"2020-12-08T16:21:33+00:00"
"0534f0d6-0c86-5da8-bb20-da324ab66277",Leverancier,Leverancier,,GeoVar,,,,,,Actief,Gemeenten,Gemeente,"098fa2df-f721-4d5d-802f-d555af15639d","2022-09-07T11:10:36+00:00"
"37abdd9c-a5f8-5b57-a764-c05acbe9658c",Leverancier,Leverancier,,GeoWeb Systems Inc.,,,,,,Actief,Gemeenten,Gemeente,db3b997f-5a48-4133-bd9d-5695acf2a521,"2023-06-12T12:26:07+00:00"
"5f949989-a6e9-583c-9571-4bec43f5ccf8",Leverancier,Leverancier,,Gerrit BV,,,,,,Actief,Gemeenten,Gemeente,"4bfb4c05-0c9d-4138-b0d2-90a09374caf4","2017-03-16T10:29:44+00:00"
"9e38130a-40d7-5e47-82bd-11cb9d12f680",Leverancier,Leverancier,,Get-A-Ticket,,,,,,Actief,Gemeenten,Gemeente,b0afbe6f-3c36-411c-b290-ca02d4568705,"2018-01-19T14:57:40+00:00"
"51fe4833-0ec3-5f02-9544-31e84480f741",Leverancier,Leverancier,,Gezamenlijke overheden,,,,,,Actief,Gemeenten,Gemeente,f6760577-58c8-477d-85b7-06796fdfd82d,"2019-08-14T15:43:39+00:00"
ba275492-87df-5255-a4d7-fb070c7efb9f,Leverancier,Leverancier,,GEZE,,,,,,Actief,Gemeenten,Gemeente,c3bd44b3-bbf9-4513-aea3-847e5ef79cf4,"2019-05-02T14:12:13+00:00"
"144a5763-5f60-5300-ab5a-70e45509535d",Leverancier,Leverancier,,GEZO,,,,,,Actief,Gemeenten,Gemeente,c3bd44b3-bbf9-4513-aea3-847e5ef79cf4,"2019-05-02T14:11:28+00:00"
"8326ff32-8a53-5f39-acd1-9ebf99a2b05d",Leverancier,Leverancier,,Gezondverzekerd.nl,,,,,,Actief,Gemeenten,Gemeente,db3b997f-5a48-4133-bd9d-5695acf2a521,"2023-06-12T12:37:09+00:00"
a363c503-d648-55ff-b59f-1a2a605857f1,Leverancier,Leverancier,,Gfacility,https://gfacility.com,test.vng.swc+Jas@gmail.com,+31 23 4567890,,,Actief,Gemeenten,Leverancier,a363c503-d648-55ff-b59f-1a2a605857f1,"2023-11-09T16:00:23+00:00"
de02fa44-92c4-581d-9f44-f8bbbd92fe46,Leverancier,Leverancier,,GGD,,,,,,Actief,Gemeenten,Gemeente,"311c99f5-18d7-478b-b615-faf55530142a","2015-06-17T13:30:39+00:00"
ad8b2cb7-e9d3-579a-a467-1103d1aa5d72,Leverancier,Leverancier,,GGD-SWVO,,,,,,Actief,Gemeenten,Gemeente,"275bef1a-abb4-431e-9f8c-372b6ea258e9","2014-10-22T14:31:50+00:00"
fc48ba2b-da14-5b21-b218-b173318f1bb1,Leverancier,Leverancier,,GGK,,,,,,Actief,Gemeenten,Gemeente,b0eea343-8d48-4144-a80d-2022d60c097f,"2021-03-15T15:56:32+00:00"
"944ef2ea-b488-5509-944e-6d004bade511",Leverancier,Leverancier,,GGN,,,,,,Actief,Gemeenten,Gemeente,db3b997f-5a48-4133-bd9d-5695acf2a521,"2023-06-12T12:38:46+00:00"
cc9ae903-5382-5361-9a7f-a40d66f98122,Leverancier,Leverancier,,Ghisler,,,,,,Actief,Gemeenten,Gemeente,"563593bf-81ce-4877-aa87-759b12d821b3","2022-08-12T13:22:11+00:00"
"7bce8a9b-1b7b-51ea-a3dc-c5ca4cb9f1a6",Leverancier,Leverancier,,Gilde Maintenance,,,,,,Actief,Gemeenten,Gemeente,d3bff000-b308-463e-a6cb-bedbec0687c0,"2015-08-24T14:04:20+00:00"
c9928359-9906-553f-bf03-b0295df301cb,Leverancier,Leverancier,,Gilde Software,,,,,,Actief,Gemeenten,Gemeente,bc343b52-289d-4f5e-b420-f0d0b2abdcbe,"2022-04-12T13:19:50+00:00"
"6651b582-93b0-5af6-b8dd-26801a465b94",Leverancier,Leverancier,,GildeBT,,,,,,Actief,Gemeenten,Gemeente,b0eea343-8d48-4144-a80d-2022d60c097f,"2021-04-29T13:44:14+00:00"
dcd78ec3-36c3-580e-b338-240cd8b04927,Leverancier,Leverancier,,GIMP developer community,,,,,,Actief,Gemeenten,Gemeente,"97a3b6fb-90f7-45cf-ae37-003febf346ef","2020-04-08T15:55:00+00:00"
c4be766a-76d8-5d4a-8155-c634fd16b980,Leverancier,Leverancier,,GIOP,,,,,,Actief,Gemeenten,Gemeente,f6760577-58c8-477d-85b7-06796fdfd82d,"2019-11-11T12:14:25+00:00"
"133759ce-b2a4-5b3e-bd89-c1b82fb6de85",Leverancier,Leverancier,,Gira,,,,,,Actief,Gemeenten,Gemeente,"39a6abee-c408-422c-b3e2-71ed1fd94f90","2018-06-08T15:27:01+00:00"
"7c9bfb68-322e-5e81-b314-4e152a91ba18",Leverancier,Leverancier,,Gisarts,,,,,,Actief,Gemeenten,Samenwerking,"531dc053-40ae-4180-94a4-0af14eea374b","2019-12-24T14:02:42+00:00"
f2d2a76f-8966-5153-a124-08363bf5d7b2,Leverancier,Leverancier,,GISArts BV,https://www.gisarts.nl,test.vng.swc+Inf@gmail.com,+31 23 4567890,,,Actief,Gemeenten,Leverancier,f2d2a76f-8966-5153-a124-08363bf5d7b2,"2021-08-19T12:01:54+00:00"
"6d896b32-efa9-518c-85a4-c9b60384a893",Leverancier,Leverancier,,Gisib,,,,,,Actief,Gemeenten,Gemeente,"364991e9-f0d6-4aaf-85ec-9cf96e7943b2","2018-06-29T21:57:26+00:00"
"71a94a67-623b-5d1b-93cc-e5038adc784d",Leverancier,Leverancier,,Gisib BV,,,,,,Actief,Gemeenten,Gemeente,b6a3804a-012d-452e-859d-9955e1bd6bc2,"2017-06-14T16:15:10+00:00"
"18ce1b04-3753-54d6-bb6a-7b6d4d2d9674",Leverancier,Leverancier,,GISkit,https://www.giskit.nl,test.vng.swc+Ann@gmail.com,+31 23 4567890,,,Actief,Gemeenten,Leverancier,"18ce1b04-3753-54d6-bb6a-7b6d4d2d9674","2014-03-26T10:13:27+00:00"
"18ce1b04-3753-54d6-bb6a-7b6d4d2d9674",Leverancier,Leverancier,,GISkit,https://www.giskit.nl,test.vng.swc+Ann@gmail.com,+31 23 4567890,,,Actief,Gemeenten,Gemeente,"177e9e85-87e5-4a3c-bad4-b78b2f6c3887","2024-02-22T11:01:42+00:00"
cb3d6acb-c6a4-52fb-87c3-0a2bfa5e77a1,Leverancier,Leverancier,,Giskit b.v.,,,,,,Actief,Gemeenten,Samenwerking,"9eb5efd8-49b2-403e-af3b-126c782b5305","2016-01-08T15:33:02+00:00"
"27e7b3b7-57b3-5dbf-a990-2437e4fe2c7e",Leverancier,Leverancier,,Gitso,,,,,,Actief,Gemeenten,Gemeente,"117bd10c-546a-44e6-8071-7582a5f303a7","2021-09-30T11:24:49+00:00"
"6f5aaba2-963c-5e45-811f-3209be255290",Leverancier,Leverancier,,Global Positioning System BV,,,,,,Actief,Gemeenten,Samenwerking,d22b9ff2-8b62-4b48-b6ad-7b9e86002cd8,"2019-02-15T15:21:58+00:00"
"8cd523a5-79c2-58d5-bbcc-81d083bbf1e9",Leverancier,Leverancier,,Global Track Marks,,,,,,Actief,Gemeenten,Gemeente,db3b997f-5a48-4133-bd9d-5695acf2a521,"2023-06-12T12:40:33+00:00"
"1016bb48-89eb-5e93-97e8-f614fb7e3e48",Leverancier,Leverancier,,Global Vitis,,,,,,Actief,Gemeenten,Gemeente,"9384ee66-e19d-4cb1-be5a-861436ad9d67","2024-06-14T07:10:01+00:00"
ed2ffe82-7d8c-5bda-b801-5ab9f23c7a10,Leverancier,Leverancier,,Globe Software B.V.,,,,,,Actief,Gemeenten,Gemeente,"905dbf9e-94a6-4ddd-9778-77e69f3900f1","2022-12-12T10:58:32+00:00"
"0af73e51-4d4e-5f72-9ad8-2c6145bf18a4",Leverancier,Leverancier,,GlobeScope,https://www.globescope.nl,test.vng.swc+Pat@gmail.com,+31 23 4567890,,,Actief,Gemeenten,Leverancier,"0af73e51-4d4e-5f72-9ad8-2c6145bf18a4","2020-07-09T11:35:11+00:00"
d84234ce-9f95-52df-9a9c-b91648dc0629,Leverancier,Leverancier,,GMT,,,,,,Actief,Gemeenten,Gemeente,b6a3804a-012d-452e-859d-9955e1bd6bc2,"2017-06-14T16:09:50+00:00"
"59731936-19e1-57db-ab3b-5d2490503bf1",Leverancier,Leverancier,,GMT Meurs,,,,,,Actief,Gemeenten,Gemeente,"1f66615f-fa81-44f6-92e3-eadac6b11eca","2017-09-12T15:40:25+00:00"
dc0af91e-0ef5-53db-943a-226ca0044fba,Leverancier,Leverancier,,Gnu,,,,,,Actief,Gemeenten,Gemeente,"97a3b6fb-90f7-45cf-ae37-003febf346ef","2020-04-08T15:55:14+00:00"
f63f96ef-cf4d-5a20-a932-779360ef17b3,Leverancier,Leverancier,,GO,,,,,,Actief,Gemeenten,Gemeente,"098fa2df-f721-4d5d-802f-d555af15639d","2022-09-07T15:55:22+00:00"
"8840322b-592c-5975-b780-f0754dd4078c",Leverancier,Leverancier,,Go Vocal,,,,,,Actief,Gemeenten,Gemeente,"3b9b7aa7-f794-4a67-a8d8-c517ad1ddbd1","2025-01-28T11:07:58+00:00"
"4e3673cd-d1f6-55a0-80bd-85f5b2ae69d9",Leverancier,Leverancier,,GO Wibon,,,,,,Actief,Gemeenten,Gemeente,db3b997f-5a48-4133-bd9d-5695acf2a521,"2023-06-12T12:43:38+00:00"
"2b979e4b-b07f-53c8-ae80-4a7be05d1526",Leverancier,Leverancier,,Go-Connect,,,,,,Actief,Gemeenten,Gemeente,"11116e43-889d-4f50-92eb-ce630ebafd9e","2018-12-11T16:50:49+00:00"
"72939c80-396c-5c3f-af41-49bd550027f3",Leverancier,Leverancier,,Go2Sure,,,,,,Actief,Gemeenten,Gemeente,"35142b1e-c394-4a4b-a8bf-1445dbfb62cb","2023-11-13T13:34:58+00:00"
"130d36cd-4fea-542b-bf37-587d474ab046",Leverancier,Leverancier,,GoalGorilla,,,,,,Actief,Gemeenten,Gemeente,f6760577-58c8-477d-85b7-06796fdfd82d,"2023-02-03T13:30:22+00:00"
"0a8ff0f2-d476-5619-a3af-02d96589d161",Leverancier,Leverancier,,GoBright,https://gobright.com/nl,test.vng.swc+C@gmail.com,+31 23 4567890,,,Actief,Gemeenten,Leverancier,"0a8ff0f2-d476-5619-a3af-02d96589d161","2024-08-21T12:18:13+00:00"
"0a8ff0f2-d476-5619-a3af-02d96589d161",Leverancier,Leverancier,,GoBright,https://gobright.com/nl,test.vng.swc+C@gmail.com,+31 23 4567890,,,Actief,Gemeenten,Gemeente,c345d2bc-98b4-4fa9-8aa3-21ba885375a0,"2024-06-10T10:54:51+00:00"
"8749612a-f3a4-50ba-999d-18e281116dec",Leverancier,Leverancier,,GOconnectIT,,,,,,Actief,Gemeenten,Gemeente,af185a56-58cd-4a45-88b0-9e7d34f398d8,"2024-05-06T13:07:25+00:00"
cd95f158-8a63-5ced-a785-23aa8f4de589,Leverancier,Leverancier,,GoNitro,,,,,,Actief,Gemeenten,Gemeente,"098fa2df-f721-4d5d-802f-d555af15639d","2022-09-05T15:54:01+00:00"
d9e2d4a8-b126-52a7-b871-d1d68a6e6719,Leverancier,Leverancier,,GoodHabitz,,,,,,Actief,Gemeenten,Gemeente,"11116e43-889d-4f50-92eb-ce630ebafd9e","2025-06-26T13:26:54+00:00"
"2b681c0a-24ba-5f88-99d7-163cc7f805c7",Leverancier,Leverancier,,Google,,,,,,Actief,Gemeenten,Samenwerking,f2c882ad-140b-430e-ad08-a279556c5e66,"2024-07-09T11:12:29+00:00"
"5545a578-9b48-5045-b869-34f6b6fd7f19",Leverancier,Leverancier,,Goudappel,,,,,,Actief,Gemeenten,Gemeente,"098fa2df-f721-4d5d-802f-d555af15639d","2022-09-06T11:38:46+00:00"
"4b286067-258b-5c70-b66d-5c78aa1bb39c",Leverancier,Leverancier,,Goudappel Coffeng,,,,,,Actief,Gemeenten,Gemeente,"79a9341e-decf-4010-b2d3-f30d82f4e450","2021-11-10T13:14:48+00:00"
fa71afa1-a3a4-57d3-8ed4-f2e194f2f882,Leverancier,Leverancier,,Gouw Informatie Technologie,https://www.gouwit.nl,test.vng.swc+M@gmail.com,+31 23 4567890,,,Actief,Gemeenten,Leverancier,fa71afa1-a3a4-57d3-8ed4-f2e194f2f882,"2014-03-26T10:13:27+00:00"
"8bd92552-0829-50d3-af62-ea85b5080711",Leverancier,Leverancier,,GouwIT,,,,,,Actief,Gemeenten,Gemeente,"9b0411ba-41da-4a15-9eaa-42b624dba40c","2021-12-17T11:56:40+00:00"
"5ad0e546-fbce-56df-8a41-8b91eca9099c",Leverancier,Leverancier,,GoVocal (voorheen CitizenLab),,,,,,Actief,Gemeenten,Gemeente,"91a2ab0f-25aa-43bd-b4e6-c8ef360fa0f2","2024-01-11T14:54:56+00:00"
c8d95be3-03f9-5f48-a95d-e3d229bce87d,Leverancier,Leverancier,,GPS.NV/PAXTON,,,,,,Actief,Gemeenten,Gemeente,"8a608d38-6e03-4853-8a73-9e81f3c8d126","2015-03-05T16:35:39+00:00"
"0b71ff57-0074-535b-a424-41139ae3e579",Leverancier,Leverancier,,Graafmelding.nl BV,,,,,,Actief,Gemeenten,Gemeente,"4eea92fd-7757-46dd-bb2a-7c83a81558bd","2014-07-23T15:04:36+00:00"
dad51078-c4b3-5602-ba15-9ce80e44809a,Leverancier,Leverancier,,GraydonCreditsafe,,,,,,Actief,Gemeenten,Gemeente,"751d7216-3be5-4ab2-9d95-40bdbc4444ec","2023-01-12T10:01:21+00:00"
f6b730cf-2d0a-50c0-8f4d-accbd86b2739,Leverancier,Leverancier,,Graylog,,,,,,Actief,Gemeenten,Gemeente,e033b25b-3b17-4b55-a1f8-2c40a3ece8a7,"2020-06-09T11:05:31+00:00"
"8d66a9d6-c87d-507f-bcf4-253c147d8b4e",Leverancier,Leverancier,,Green Valley,,,,,,Actief,Gemeenten,Gemeente,"26f29531-8849-490d-a7d7-2836e6fd4da3","2017-07-14T11:36:20+00:00"
dc758d4b-ee2b-5893-90eb-2a10500df759,Leverancier,Leverancier,,Green Valley Belgium,https://www.greenvalleybelgium.be,test.vng.swc+Mar@gmail.com,+31 23 4567890,,,Actief,Gemeenten,Leverancier,dc758d4b-ee2b-5893-90eb-2a10500df759,"2023-08-15T16:17:54+00:00"
f8c539aa-cf66-5e6d-84c7-02a303739d5b,Leverancier,Leverancier,,Green Valley Solutions N.V,,,,,,Actief,Gemeenten,Gemeente,"098fa2df-f721-4d5d-802f-d555af15639d","2022-09-06T10:58:03+00:00"
a9de3069-e61b-582c-b89f-f8ab437b9c2f,Leverancier,Leverancier,,Greenpoint Advies,https://www.greenpointadvies.nl,test.vng.swc+Th@gmail.com,+31 23 4567890,,,Actief,Gemeenten,Leverancier,a9de3069-e61b-582c-b89f-f8ab437b9c2f,"2014-03-26T10:13:27+00:00"
a9de3069-e61b-582c-b89f-f8ab437b9c2f,Leverancier,Leverancier,,Greenpoint Advies,https://www.greenpointadvies.nl,test.vng.swc+Th@gmail.com,+31 23 4567890,,,Actief,Gemeenten,Gemeente,ab8c21a3-105a-437c-be7e-41553dff6dc4,"2022-01-05T17:31:04+00:00"
"51f42666-6bd2-5d9e-8264-8f06cbcbf2fe",Leverancier,Leverancier,,Greenshot,,,,,,Actief,Gemeenten,Samenwerking,"769b4359-b891-4198-b924-86e1bb7f6cdd","2020-06-09T14:18:42+00:00"
"08a8dc80-6dec-50ee-9572-85f85523cfa0",Leverancier,Leverancier,,GRIPP,,,,,,Actief,Gemeenten,Gemeente,"905dbf9e-94a6-4ddd-9778-77e69f3900f1","2023-12-13T14:33:45+00:00"
"5afca095-dbb8-53f1-b5c4-a0d53fcc12f9",Leverancier,Leverancier,,Gripvol,,,,,,Actief,Gemeenten,Samenwerking,f2c882ad-140b-430e-ad08-a279556c5e66,"2024-07-16T09:36:02+00:00"
"373c8796-56c0-5502-8c8e-8dc62a8507cc",Leverancier,Leverancier,,Groenestein Beheersoftware,https://www.gbor.nl,test.vng.swc+Mh@gmail.com,+31 23 4567890,,,Actief,Gemeenten,Leverancier,"373c8796-56c0-5502-8c8e-8dc62a8507cc","2014-03-26T10:13:27+00:00"
"373c8796-56c0-5502-8c8e-8dc62a8507cc",Leverancier,Leverancier,,Groenestein Beheersoftware,https://www.gbor.nl,test.vng.swc+Mh@gmail.com,+31 23 4567890,,,Actief,Gemeenten,Gemeente,"8adeb567-defe-4dd0-8887-f1c01889308c","2015-09-15T14:07:20+00:00"
e80be17b-aa48-53c7-8f03-cb0b32cb4438,Leverancier,Leverancier,,Groeneveld,,,,,,Actief,Gemeenten,Gemeente,"6ea9357b-c6cb-4702-8e95-baafeaa6b38c","2018-10-26T14:14:25+00:00"
cd191235-cf82-5f15-be12-76e894030af0,Leverancier,Leverancier,,Groninger Archiefnet,,,,,,Actief,Gemeenten,Gemeente,db7fdd84-bdfd-41d6-8641-0f1e2a954c25,"2018-11-15T11:02:31+00:00"
"3bcb75a2-a5ed-5f67-9cc9-f1c4db48702a",Leverancier,Leverancier,,Groningse Kredietbank (GKB),,,,,,Actief,Gemeenten,Gemeente,e7b34d5f-6917-4aef-8753-bfcb3d07660b,"2018-12-31T17:58:10+00:00"
e20d7fe9-1716-5857-a628-68e893c9fdb6,Leverancier,Leverancier,,Grontmij,,,,,,Actief,Gemeenten,Gemeente,e7b34d5f-6917-4aef-8753-bfcb3d07660b,"2018-12-31T17:58:33+00:00"
"8c8a4c1d-c099-56d8-947c-b51e54d3125f",Leverancier,Leverancier,,GroupSecure,,,,,,Actief,Gemeenten,Gemeente,"3fa41daf-5e2d-4da2-a5a8-af0ed195ec13","2023-04-25T16:06:45+00:00"
"3d947c82-2404-568a-9a53-ce1546187dd6",Leverancier,Leverancier,,Groupsecure B.V.,,,,,,Actief,Gemeenten,Gemeente,b0eea343-8d48-4144-a80d-2022d60c097f,"2019-11-26T15:46:28+00:00"
e0f22785-be30-59b8-a889-1ce5b70147f9,Leverancier,Leverancier,,GSD automatisering,,,,,,Actief,Gemeenten,Gemeente,ab8c21a3-105a-437c-be7e-41553dff6dc4,"2022-01-05T16:05:46+00:00"
"32fbff9a-4384-5e8f-800b-e856ee2a6ff7",Leverancier,Leverancier,,GTC,,,,,,Actief,Gemeenten,Gemeente,"38b6a38e-991a-4940-b499-e362b38d2feb","2017-12-04T15:07:06+00:00"
"00147ee8-941c-59c3-a718-10b6f414c958",Leverancier,Leverancier,,Gunnebo,,,,,,Actief,Gemeenten,Gemeente,"3a6aa04a-11ff-4ee5-9424-d65c8eb0b6bd","2021-04-06T10:14:08+00:00"
b0b9b690-2015-5c5a-9628-5dad561c11b7,Leverancier,Leverancier,,Guthcad,,,,,,Actief,Gemeenten,Gemeente,db7fdd84-bdfd-41d6-8641-0f1e2a954c25,"2017-06-30T10:58:33+00:00"
"2c95967c-b795-5f57-8315-60c4a11bc0d9",Leverancier,Leverancier,,GW Crossmedia,,,,,,Actief,Gemeenten,Gemeente,"3f8a0f92-979c-4cae-9ddf-7147a036d60b","2023-06-09T11:12:44+00:00"
f6c8465c-6e93-5211-99bb-e9f3708f0134,Leverancier,Leverancier,,GX,,,,,,Actief,Gemeenten,Gemeente,"1f41e9e0-ac4d-471d-850a-9c083103667d","2014-08-27T15:18:51+00:00"
"22815d68-45ef-5a56-8cf6-d564653e33f2",Leverancier,Leverancier,,GX Software,,,,,,Actief,Gemeenten,Gemeente,cb634d57-2b5f-4a03-9be4-d04c483853a7,"2017-12-01T15:57:09+00:00"
a38a6104-f7e1-5d50-b910-14e059c54708,Leverancier,Leverancier,,H.D.S.,,,,,,Actief,Gemeenten,Gemeente,"098fa2df-f721-4d5d-802f-d555af15639d","2022-08-30T09:12:17+00:00"
de5f90ba-e294-5daf-9fd6-a1d1d01d989d,Leverancier,Leverancier,,H2 hydrogenic,https://www.hydrogenic.nl/pages/producten.xhtml,test.vng.swc+Daa@gmail.com,,,,Actief,Gemeenten,Leverancier,de5f90ba-e294-5daf-9fd6-a1d1d01d989d,"2015-02-03T16:57:42+00:00"
"1206a137-cf80-53da-a997-56f60799fee9",Leverancier,Leverancier,,H2Go,,,,,,Actief,Gemeenten,Gemeente,"751d7216-3be5-4ab2-9d95-40bdbc4444ec","2016-05-30T08:25:24+00:00"
"19079b0b-5905-5be8-b0d8-3ceb56d4b2dd",Leverancier,Leverancier,,H2L OfficeSolution,,,,,,Actief,Gemeenten,Gemeente,"91a2ab0f-25aa-43bd-b4e6-c8ef360fa0f2","2022-02-25T11:54:24+00:00"
f6cdca72-fdcc-590f-ba4f-67de1bf725f7,Leverancier,Leverancier,,Haboes,,,,,,Actief,Gemeenten,Gemeente,e5cb9f1e-3c9f-4a61-b903-651d139a1d43,"2020-04-30T12:18:28+00:00"
bd8fbbb0-9222-541a-b96d-e355ec7e4155,Leverancier,Leverancier,,HAGO Electronics,,,,,,Actief,Gemeenten,Samenwerking,f85a6bf9-4478-481b-a1b6-d7a5ea1fa647,"2018-08-21T11:04:16+00:00"
"0aa0324f-550c-5ae4-a155-bda24d684087",Leverancier,Leverancier,,HalloWerk,,,,,,Actief,Gemeenten,Samenwerking,b84d6d5a-aa9d-4500-90f7-a02545e41797,"2022-03-08T15:56:30+00:00"
"406ed7ba-6d77-5fc3-93b9-85b1b1d72f9d",Leverancier,Leverancier,,Hammock,,,,,,Actief,Gemeenten,Gemeente,c46223c8-bdca-44e2-b0c0-d6e266257ea9,"2023-06-26T16:01:14+00:00"
"202c37d5-eeb4-5807-828d-e6dc26fe3a66",Leverancier,Leverancier,,Harbers Solutions,,,,,,Actief,Gemeenten,Gemeente,e9bf3b82-2033-44cb-8b49-884dc4d25540,"2024-06-20T15:29:30+00:00"
d776fa82-7c57-5f96-93d0-d5b6d91e64cd,Leverancier,Leverancier,,Harbers Solutions BV,https://www.trinico.nl,test.vng.swc+Wim@gmail.com,+31 23 4567890,,,Actief,Gemeenten,Leverancier,d776fa82-7c57-5f96-93d0-d5b6d91e64cd,"2014-07-15T12:08:45+00:00"
"6778fd53-e0a3-5f6f-af17-a761a6907ea1",Leverancier,Leverancier,,Haskoning,,,,,,Actief,Gemeenten,Gemeente,db3b997f-5a48-4133-bd9d-5695acf2a521,"2023-06-12T12:44:58+00:00"
d85af9fb-53e2-588c-89fd-714101bc03f0,Leverancier,Leverancier,,Hasselblad,,,,,,Actief,Gemeenten,Gemeente,"79a9341e-decf-4010-b2d3-f30d82f4e450","2021-06-08T12:17:00+00:00"
"891c4320-994d-5ac9-bfc3-eec378b9b072",Leverancier,Leverancier,,HawarIT,https://www.hawarit.com,test.vng.swc+C@gmail.com,+31 23 4567890,,,Actief,Gemeenten,Leverancier,"891c4320-994d-5ac9-bfc3-eec378b9b072","2015-05-28T16:05:36+00:00"
"19982667-b128-584a-a70b-7238f32a07b9",Leverancier,Leverancier,,Haza-Data,,,,,,Actief,Gemeenten,Gemeente,"098fa2df-f721-4d5d-802f-d555af15639d","2022-09-07T15:34:51+00:00"
"0fcd1f6b-5836-50fb-8914-93e301569bbc",Leverancier,Leverancier,,Heartbeat Development,,,,,,Actief,Gemeenten,Gemeente,"4d385e00-86bb-423e-86dc-1ec0629b5200","2016-04-04T13:41:27+00:00"
ce5154b4-fc62-5411-af69-c16270d93aa1,Leverancier,Leverancier,,Hecla,,,,,,Actief,Gemeenten,Gemeente,"563593bf-81ce-4877-aa87-759b12d821b3","2017-01-17T15:41:31+00:00"
cb2cf596-320f-5992-8b85-7389b514e920,Leverancier,Leverancier,,Hecla Professional,,,,,,Actief,Gemeenten,Samenwerking,"49f17690-c60f-4d1e-844c-4e84d473e39a","2017-12-14T13:59:42+00:00"
"253f1a3b-cd09-5694-a29f-c484a184a095",Leverancier,Leverancier,,Hedaal B.V.,,,,,,Actief,Gemeenten,Samenwerking,"0830b6df-4965-4306-97f4-5d0e15b165a0","2018-11-15T16:56:00+00:00"
ceb2afae-d6ae-5fba-bc51-16ff273c0ddb,Leverancier,Leverancier,,Heijmans,,,,,,Actief,Gemeenten,Gemeente,"9e903d5f-9d6e-42f6-8c40-43ef3f1cd3d6","2015-04-24T12:08:08+00:00"
"20e6c3b0-3471-5af3-96ec-e385f52a3e5d",Leverancier,Leverancier,,Heijmans Utiliteit,,,,,,Actief,Gemeenten,Samenwerking,ebecf9a3-162e-4da8-a888-889b09192838,"2015-01-26T16:16:25+00:00"
e2af7a53-36cf-568b-9629-e69bab4dc170,Leverancier,Leverancier,,Helios Software Solutions,,,,,,Actief,Gemeenten,Gemeente,"11aaf77f-01d1-472b-a0c4-5e63ba1673eb","2018-05-08T16:51:07+00:00"
c1602135-3900-58d8-aad3-6f79809438df,Leverancier,Leverancier,,Heras,,,,,,Actief,Gemeenten,Gemeente,db3b997f-5a48-4133-bd9d-5695acf2a521,"2023-06-12T12:46:42+00:00"
fa0704ec-1075-5d64-afdc-aa59df8caba9,Leverancier,Leverancier,,Het College voor Arbeidszaken van de Vereniging van Nederlandse Gemeenten (CvA),,,,,,Actief,Gemeenten,Gemeente,"1e5f65a2-1b5d-4124-920b-66b1399d35e4","2016-01-05T22:49:38+00:00"
"6a9b32f8-5a28-5fb9-9e61-2121e93b9ff3",Leverancier,Leverancier,,Het Kadaster,,,,,,Actief,Gemeenten,Gemeente,"11116e43-889d-4f50-92eb-ce630ebafd9e","2025-08-04T13:16:37+00:00"
"20629a8c-318b-51fb-a6a9-9385a827930c",Leverancier,Leverancier,,Het Nederlands Inkoop Centrum (NIC),,,,,,Actief,Gemeenten,Gemeente,e3840d25-451b-4107-a5f0-0588d4fca3ee,"2017-02-03T14:40:00+00:00"
f0bfd1c7-9ccb-5a16-83c0-3b8989b775ea,Leverancier,Leverancier,,Hewlett-Packard,,,,,,Actief,Gemeenten,Samenwerking,"9aa7afc7-39a5-41f1-a104-91429c495592","2017-11-20T13:45:05+00:00"
"08596d60-c57f-587e-930c-bdd2a06052b0",Leverancier,Leverancier,,Hexagon,,,,,,Actief,Gemeenten,Gemeente,"098fa2df-f721-4d5d-802f-d555af15639d","2022-09-07T14:15:22+00:00"
b35860f7-bf47-5f94-8c5d-bf94656bd8c6,Leverancier,Leverancier,,HI SEC,,,,,,Actief,Gemeenten,Gemeente,"1f41e9e0-ac4d-471d-850a-9c083103667d","2014-08-27T15:49:42+00:00"
dda74533-1598-5b03-a3c2-80974b34327d,Leverancier,Leverancier,,High Focus,,,,,,Actief,Gemeenten,Gemeente,"364c76e5-1ef6-4bc3-95dd-f01be3c64669","2017-09-06T09:51:58+00:00"
"62f55f3d-1405-5385-9db4-07c887e61353",Leverancier,Leverancier,,HIGH SECURITY international B.V.,,,,,,Actief,Gemeenten,Samenwerking,"35537ae8-70b1-4ea8-ae6a-dd9a31e1b3b8","2016-06-21T11:23:56+00:00"
"3001904e-eda7-5265-86a6-d8e982e60649",Leverancier,Leverancier,,Hikvision,,,,,,Actief,Gemeenten,Gemeente,db3b997f-5a48-4133-bd9d-5695acf2a521,"2023-06-12T12:49:06+00:00"
"77fd207b-b865-5a68-a1b5-c96140148b24",Leverancier,Leverancier,,Hilti,,,,,,Actief,Gemeenten,Gemeente,"79a9341e-decf-4010-b2d3-f30d82f4e450","2021-09-08T13:59:01+00:00"
ceb24221-c428-5b5d-a4e4-f3f012ebd0cb,Leverancier,Leverancier,,HireIT,,,,,,Actief,Gemeenten,Gemeente,"81e0fc01-74f8-4439-b2e5-ee7c957e32ae","2014-09-10T07:52:32+00:00"
"8b0375a0-eb9a-5b42-a4e3-0ef79717dea7",Leverancier,Leverancier,,HMC,,,,,,Actief,Gemeenten,Gemeente,b0eea343-8d48-4144-a80d-2022d60c097f,"2018-10-01T09:47:35+00:00"
"99c5f5dd-8ed8-5648-926e-5d1202635444",Leverancier,Leverancier,,Hofland electronica b.v.,,,,,,Actief,Gemeenten,Gemeente,"22633027-4e8d-40c6-ae79-e15405728f19","2017-01-25T14:03:11+00:00"
fa2872f3-1ceb-574c-9e68-c0f4a61d496f,Leverancier,Leverancier,,Hohnstead,,,,,,Actief,Gemeenten,Gemeente,b0eea343-8d48-4144-a80d-2022d60c097f,"2019-03-13T13:14:22+00:00"
"67a321e3-ed61-59de-8259-fe2b71684e43",Leverancier,Leverancier,,Holland Systemen,,,,,,Actief,Gemeenten,Samenwerking,"72615a0b-8276-4f0c-ac73-82ee98c80d0b","2018-08-21T11:09:42+00:00"
"0b9f6a3b-e36a-5cdd-9224-41b8e5d1b9b6",Leverancier,Leverancier,,Hollandsch Welvaren,,,,,,Actief,Gemeenten,Gemeente,"269a3750-61f1-41f0-b03b-e53ab7eb6315","2021-05-17T12:20:14+00:00"
"106bd2b9-059e-5872-8762-4bf2b25f2163",Leverancier,Leverancier,,Holm Security,,,,,,Actief,Gemeenten,Gemeente,"2af271e0-a05b-460d-88c9-24c06b6eabe5","2025-03-18T13:54:50+00:00"
cf125fbf-4ca6-5e07-a295-53436fa95e10,Leverancier,Leverancier,,Honeywell,,,,,,Actief,Gemeenten,Gemeente,"3f8a0f92-979c-4cae-9ddf-7147a036d60b","2023-06-05T13:01:47+00:00"
a5988ac9-326c-596e-a02b-750f6c1aec68,Leverancier,Leverancier,,Honeywell Security,,,,,,Actief,Gemeenten,Gemeente,"751d7216-3be5-4ab2-9d95-40bdbc4444ec","2016-06-17T11:57:00+00:00"
b7d6b489-63c2-5d88-94e9-557053cf1f81,Leverancier,Leverancier,,Hootsuit Media Inc.,,,,,,Actief,Gemeenten,Gemeente,e7b34d5f-6917-4aef-8753-bfcb3d07660b,"2018-12-31T17:59:09+00:00"
eb58085a-4bcf-5b10-b0ce-7b6252136b74,Leverancier,Leverancier,,Hootsuite,,,,,,Actief,Gemeenten,Samenwerking,"25423a74-7a95-44e5-ad48-d3240f2323f5","2017-07-27T09:08:20+00:00"
c82abf63-4cde-5643-91e9-5863927b69a1,Leverancier,Leverancier,,Horlings & Eerbeek Automatisering B.V.,https://www.horlingseneerbeek.nl,test.vng.swc+Sal@gmail.com,+31 23 4567890,,,Actief,Gemeenten,Leverancier,c82abf63-4cde-5643-91e9-5863927b69a1,"2014-03-26T10:13:27+00:00"
"8d35b5a6-c99a-5bca-bb42-24f4649e3897",Leverancier,Leverancier,,HowAboutYou B.V.,,,,,,Actief,Gemeenten,Samenwerking,"531dc053-40ae-4180-94a4-0af14eea374b","2019-12-24T10:48:40+00:00"
eca86c21-e7e6-580b-8e54-e819412bb619,Leverancier,Leverancier,,HPE Aruba,,,,,,Actief,Gemeenten,Gemeente,"3fa41daf-5e2d-4da2-a5a8-af0ed195ec13","2023-04-25T16:47:34+00:00"
"5f8bae09-fea8-51de-b872-6e418d368eb4",Leverancier,Leverancier,,HPS,,,,,,Actief,Gemeenten,Gemeente,bd186c79-d0c4-4dea-b4fc-cc95949fcfb5,"2023-10-11T10:09:52+00:00"
"5fe193e3-04de-5a0a-bd6d-a2416a66e378",Leverancier,Leverancier,,HPS Connectivity Solutions,,,,,,Actief,Gemeenten,Gemeente,"98a40e90-e9ef-4450-8a76-ca694f1f67f3","2016-02-29T09:56:26+00:00"
d12e2482-8ea2-5931-b7f7-562c6bf22d4a,Leverancier,Leverancier,,HPZone,,,,,,Actief,Gemeenten,Gemeente,c46223c8-bdca-44e2-b0c0-d6e266257ea9,"2023-06-26T15:49:58+00:00"
b7e16d45-0e52-5a97-affe-016775ca5327,Leverancier,Leverancier,,HSB,,,,,,Actief,Gemeenten,Gemeente,"0889ef9c-e5b4-4ef1-a92a-bb31f8562073","2016-10-18T09:05:44+00:00"
"5cbf8c86-58dc-568f-ae1c-30e087c63d7b",Leverancier,Leverancier,,HTA,,,,,,Actief,Gemeenten,Gemeente,fd4629e7-f5bb-474f-94a2-5bcc1e672089,"2016-03-08T12:46:49+00:00"
edfab904-072a-5b52-9aec-991bfabc2854,Leverancier,Leverancier,,HTA Software,https://hta.nl,test.vng.swc+Her@gmail.com,+31 23 4567890,,,Actief,Gemeenten,Leverancier,edfab904-072a-5b52-9aec-991bfabc2854,"2014-07-15T12:14:42+00:00"
edfab904-072a-5b52-9aec-991bfabc2854,Leverancier,Leverancier,,HTA Software,https://hta.nl,test.vng.swc+Her@gmail.com,+31 23 4567890,,,Actief,Gemeenten,Samenwerking,b8f6c562-92f8-4d45-b307-1cc27ba5e560,"2017-07-26T10:52:21+00:00"
ed782638-0e9e-5801-a2bd-640682aae3d1,Leverancier,Leverancier,,Https://www.khonraad.nl/,,,,,,Actief,Gemeenten,Gemeente,"90cb9d65-8a63-4bea-8631-57c9c818c72e","2018-06-06T15:34:27+00:00"
a953f509-32ce-5335-8241-f9bf2ae17732,Leverancier,Leverancier,,Hubblebee,,,,,,Actief,Gemeenten,Samenwerking,c349e17c-4f3d-400e-8621-f2c0f7cf378b,"2024-02-28T13:40:48+00:00"
daa74b65-ab30-5438-8374-62119c2efcb5,Leverancier,Leverancier,,Huddle BV,,,,,,Actief,Gemeenten,Gemeente,bc343b52-289d-4f5e-b420-f0d0b2abdcbe,"2022-04-13T10:34:02+00:00"
"02e53cdb-c511-5e5c-baaa-8049cbe22611",Leverancier,Leverancier,,Human Capital Group,,,,,,Actief,Gemeenten,Gemeente,e7b34d5f-6917-4aef-8753-bfcb3d07660b,"2018-12-31T17:45:38+00:00"
"2aeb0a84-f891-5f7a-a287-239e62c20ec3",Leverancier,Leverancier,,Humatix,,,,,,Actief,Gemeenten,Gemeente,"24e2f780-e346-434e-b687-6502f63971d5","2016-02-29T14:41:16+00:00"
b405e5ea-5ba7-593f-b3c9-af33d490dd94,Leverancier,Leverancier,,Hummingbird,,,,,,Actief,Gemeenten,Gemeente,cb634d57-2b5f-4a03-9be4-d04c483853a7,"2016-12-16T11:18:19+00:00"
c459246a-ed18-5d8e-9af5-0189801d6093,Leverancier,Leverancier,,Hydrologic,,,,,,Actief,Gemeenten,Gemeente,ab8c21a3-105a-437c-be7e-41553dff6dc4,"2022-01-05T17:35:23+00:00"
"93b41107-e759-5ed9-a221-c2c02d46f926",Leverancier,Leverancier,,Hygiena,,,,,,Actief,Gemeenten,Samenwerking,"35537ae8-70b1-4ea8-ae6a-dd9a31e1b3b8","2017-07-27T11:02:44+00:00"
"46c93ccc-8608-5e8f-9dfa-a8986b468546",Leverancier,Leverancier,,Hyland,,,,,,Actief,Gemeenten,Gemeente,"79061205-d3a8-40c4-addb-8e9a15f5f04e","2024-10-24T12:48:38+00:00"
b9980c65-a036-5d02-a901-bf2722c1d18c,Leverancier,Leverancier,,Hyland Netherlands B.V.,,,,,,Actief,Gemeenten,Gemeente,db7fdd84-bdfd-41d6-8641-0f1e2a954c25,"2020-11-23T12:02:52+00:00"
"40b7350e-6dbb-57ae-a1c3-8bdb6bdb1680",Leverancier,Leverancier,,Hymark,,,,,,Actief,Gemeenten,Gemeente,cb634d57-2b5f-4a03-9be4-d04c483853a7,"2017-12-15T10:56:38+00:00"
"2eb907e6-9896-5fe3-b68d-23f72506a21c",Leverancier,Leverancier,,I&M,,,,,,Actief,Gemeenten,Samenwerking,"1e66cc98-1d66-4955-97a1-343571383c76","2016-05-31T10:40:49+00:00"
"822bb2b3-2715-57d8-b1d7-99cd0102ab8d",Leverancier,Leverancier,,I&OResearch,,,,,,Actief,Gemeenten,Gemeente,"90cb9d65-8a63-4bea-8631-57c9c818c72e","2021-10-19T13:46:03+00:00"
"877daa05-c17c-54ba-bcdc-8e6895a4e9c3",Leverancier,Leverancier,,I-corp,,,,,,Actief,Gemeenten,Gemeente,"79a9341e-decf-4010-b2d3-f30d82f4e450","2021-11-10T13:10:05+00:00"
"7358832c-701a-52f5-a189-93ecf008dd13",Leverancier,Leverancier,,I-FourC,,,,,,Actief,Gemeenten,Gemeente,fd4629e7-f5bb-474f-94a2-5bcc1e672089,"2018-12-13T08:30:48+00:00"
"80978602-b1fe-5760-8856-4f63bb39df98",Leverancier,Leverancier,,I-GO,,,,,,Actief,Gemeenten,Samenwerking,c349e17c-4f3d-400e-8621-f2c0f7cf378b,"2024-02-28T13:56:01+00:00"
"1be1a52f-f9b2-55e6-9a6b-abfe3e702b6b",Leverancier,Leverancier,,I-Navigator consortium,,,,,,Actief,Gemeenten,Gemeente,f27de83f-f8b2-4c6b-b6c2-980800ad7910,"2014-07-02T11:57:08+00:00"
"1b7fe0f3-1b44-5a55-b14e-53a2907d4aa6",Leverancier,Leverancier,,I-Net,,,,,,Actief,Gemeenten,Gemeente,"1f66615f-fa81-44f6-92e3-eadac6b11eca","2017-11-07T08:44:13+00:00"
"74804008-ebca-5529-b126-a5e3f776e665",Leverancier,Leverancier,,I-Real,,,,,,Actief,Gemeenten,Gemeente,"2af271e0-a05b-460d-88c9-24c06b6eabe5","2024-11-28T15:32:53+00:00"
b83d3297-7a9a-5076-b631-c5ba97d02bc5,Leverancier,Leverancier,,I-Reserve,,,,,,Actief,Gemeenten,Gemeente,"098fa2df-f721-4d5d-802f-d555af15639d","2022-08-31T16:07:20+00:00"
"0e4720ad-0421-5a99-a5c0-f0b82f39e54a",Leverancier,Leverancier,,I-select,,,,,,Actief,Gemeenten,Samenwerking,e3e8114d-0732-4bdc-94b6-45822f17de4d,"2017-12-01T12:57:00+00:00"
bfd6fe13-82b9-5d0a-83c5-56b148aedbcf,Leverancier,Leverancier,,I8,,,,,,Actief,Gemeenten,Gemeente,"6ea9357b-c6cb-4702-8e95-baafeaa6b38c","2018-10-29T14:21:42+00:00"
"059bfd0f-13d9-5f0f-96f4-76e92e84a7e8",Leverancier,Leverancier,,iASSET,https://iasset.nl,test.vng.swc+Inf@gmail.com,+31 23 4567890,,,Actief,Gemeenten,Leverancier,"059bfd0f-13d9-5f0f-96f4-76e92e84a7e8","2014-03-26T10:13:27+00:00"
"7b4e32e7-435f-5ece-814f-a61d6cdf3a24",Leverancier,Leverancier,,IASSET,,,,,,Actief,Gemeenten,Gemeente,ddf0e7af-285a-4853-ad18-dce8f58c7d5f,"2022-10-20T18:32:10+00:00"
fde27ef5-06ba-52f9-aaeb-e97c73bd2a3d,Leverancier,Leverancier,,IB Groep,,,,,,Actief,Gemeenten,Gemeente,f6760577-58c8-477d-85b7-06796fdfd82d,"2019-08-24T08:38:21+00:00"
b4b4d53e-5fb6-5de8-a96b-1fd0aa73e322,Leverancier,Leverancier,,iBabs,https://www.ibabs.com/nl,test.vng.swc+Inf@gmail.com,+31 23 4567890,,,Actief,Gemeenten,Leverancier,b4b4d53e-5fb6-5de8-a96b-1fd0aa73e322,"2019-11-27T12:21:05+00:00"
b4b4d53e-5fb6-5de8-a96b-1fd0aa73e322,Leverancier,Leverancier,,iBabs,https://www.ibabs.com/nl,test.vng.swc+Inf@gmail.com,+31 23 4567890,,,Actief,Gemeenten,Gemeente,f6760577-58c8-477d-85b7-06796fdfd82d,"2019-08-24T08:40:36+00:00"
ec66883f-4bf9-5c00-b024-d2f9b241c9de,Leverancier,Leverancier,,IBAK,,,,,,Actief,Gemeenten,Gemeente,"88d860d6-83ee-4e26-bf9b-225e549ba461","2020-07-07T08:32:31+00:00"
"973f8330-c244-522a-8ddf-49cd722ee50e",Leverancier,Leverancier,,IBE Software,,,,,,Actief,Gemeenten,Gemeente,dea35f50-183b-4d08-9d7b-96a8623def46,"2016-05-31T14:48:10+00:00"
"484856f6-7e18-525f-a68a-75476bc30cbe",Leverancier,Leverancier,,IBIS,,,,,,Actief,Gemeenten,Gemeente,"8d6548e4-da96-4d52-b866-db16bea7bb1a","2023-10-16T16:03:46+00:00"
"9477515a-840c-560f-ac8a-25a0e02c9b46",Leverancier,Leverancier,,IBLand,,,,,,Actief,Gemeenten,Gemeente,ab8c21a3-105a-437c-be7e-41553dff6dc4,"2022-01-05T17:36:34+00:00"
"3f3b8e71-aff3-54e0-983a-fa08c584d7da",Leverancier,Leverancier,,IBM,https://www.ibm.com/us-en,test.vng.swc+Ahm@gmail.com,+31 23 4567890,,,Actief,Gemeenten,Leverancier,"3f3b8e71-aff3-54e0-983a-fa08c584d7da","2023-03-15T18:19:11+00:00"
"3f3b8e71-aff3-54e0-983a-fa08c584d7da",Leverancier,Leverancier,,IBM,https://www.ibm.com/us-en,test.vng.swc+Ahm@gmail.com,+31 23 4567890,,,Actief,Gemeenten,Gemeente,"11116e43-889d-4f50-92eb-ce630ebafd9e","2025-08-04T09:50:07+00:00"
"87f4ed13-eaae-5d13-963d-bdbf75928726",Leverancier,Leverancier,,IBM (via Centric),,,,,,Actief,Gemeenten,Gemeente,"1e5f65a2-1b5d-4124-920b-66b1399d35e4","2020-03-05T17:08:08+00:00"
"1b54c618-b25e-5c5b-b4b4-e016859d8cde",Leverancier,Leverancier,,IBMN,,,,,,Actief,Gemeenten,Gemeente,"6d035517-e748-4d99-84e5-e379ecffc44d","2015-07-14T09:42:39+00:00"
"50bbf14d-a860-5a53-a648-2af3f3471d0b",Leverancier,Leverancier,,Icass BV,,,,,,Actief,Gemeenten,Gemeente,c9e26ee2-0de6-476a-85e2-631a5e84ea42,"2019-04-24T13:40:32+00:00"
"9d7d31cb-ed6d-5adc-9161-e68e31ddf7e1",Leverancier,Leverancier,,ICIT,,,,,,Actief,Gemeenten,Gemeente,fd4629e7-f5bb-474f-94a2-5bcc1e672089,"2017-05-12T11:30:15+00:00"
"03a5db5d-13e1-5ce6-b2c2-f49fdb71d65c",Leverancier,Leverancier,,ICN Solutions,,,,,,Actief,Gemeenten,Gemeente,"11aaf77f-01d1-472b-a0c4-5e63ba1673eb","2017-10-25T15:37:06+00:00"
a672f31d-e902-55c7-abd6-956a26c59062,Leverancier,Leverancier,,ICreative,,,,,,Actief,Gemeenten,Samenwerking,"4a0233a4-ea38-47ae-86f5-e3bd348b8deb","2020-04-01T11:54:42+00:00"
f6d9e39c-e9df-57ab-94d8-00a8571bf397,Leverancier,Leverancier,,ICT Specialist,,,,,,Actief,Gemeenten,Gemeente,bc343b52-289d-4f5e-b420-f0d0b2abdcbe,"2022-04-12T12:11:38+00:00"
"1827f1b1-9bdf-5260-9273-c3bfaf865b2c",Leverancier,Leverancier,,ICT-bureau Westerkwartier,,,,,,Actief,Gemeenten,Gemeente,e7b34d5f-6917-4aef-8753-bfcb3d07660b,"2018-12-31T18:01:04+00:00"
"4b4e8fc0-5e88-591b-a050-229049e7adf9",Leverancier,Leverancier,,ICTU,,,,,,Actief,Gemeenten,Gemeente,f6760577-58c8-477d-85b7-06796fdfd82d,"2019-08-14T16:19:24+00:00"
e2713957-61f1-53e1-aca7-cfbb418cfb6c,Leverancier,Leverancier,,ICTU/DICTU,,,,,,Actief,Gemeenten,Samenwerking,"864b502d-5c07-4787-bd4e-3b202f76e595","2016-05-24T09:59:56+00:00"
d92b2bbd-e9b0-5313-bba8-b1f67b633c35,Leverancier,Leverancier,,IDataSec B.V.,,,,,,Actief,Gemeenten,Samenwerking,"531dc053-40ae-4180-94a4-0af14eea374b","2019-12-24T11:10:23+00:00"
"02187b71-9983-59b2-83c7-bfe394d53309",Leverancier,Leverancier,,Identisoft,,,,,,Actief,Gemeenten,Gemeente,e604cac6-2ba6-4c23-9197-85a4df340e6c,"2016-07-08T10:36:55+00:00"
"534202ed-1072-569d-b3a6-840b8551027d",Leverancier,Leverancier,,Identiteit en Diensten B.V.,,,,,,Actief,Gemeenten,Samenwerking,"769b4359-b891-4198-b924-86e1bb7f6cdd","2020-06-09T08:59:59+00:00"
c45f0fb2-9cf6-5821-a37c-de788c43a603,Leverancier,Leverancier,,Ideoma Intelligent Systems,,,,,,Actief,Gemeenten,Gemeente,"8e0729ca-7e07-45b1-ab6a-6d947fdd9f54","2025-02-03T13:56:59+00:00"
"78ba7200-d3c3-54aa-89a5-2628194e30f8",Leverancier,Leverancier,,IDgis,https://www.idgis.nl,test.vng.swc+Her@gmail.com,+31 23 4567890,,,Actief,Gemeenten,Leverancier,"78ba7200-d3c3-54aa-89a5-2628194e30f8","2015-08-26T10:56:53+00:00"
"790a6131-f87e-533d-a08e-eadc42ce4e9c",Leverancier,Leverancier,,IDM Computer Solutions,,,,,,Actief,Gemeenten,Gemeente,"1f66615f-fa81-44f6-92e3-eadac6b11eca","2017-11-13T12:46:09+00:00"
"0d914f51-7894-5879-a7f3-b7fb9c522cfb",Leverancier,Leverancier,,IFS,,,,,,Actief,Gemeenten,Gemeente,"91a2ab0f-25aa-43bd-b4e6-c8ef360fa0f2","2025-09-05T12:19:26+00:00"
"07026ed2-0554-50c0-84f3-cfd6471a1d9f",Leverancier,Leverancier,,IFS Ultimo B.V.,,,,,,Actief,Gemeenten,Gemeente,af185a56-58cd-4a45-88b0-9e7d34f398d8,"2024-05-15T11:35:16+00:00"
"30b43bf9-8eb7-5ca8-a270-7abd43117040",Leverancier,Leverancier,,IGC,,,,,,Actief,Gemeenten,Gemeente,"79a9341e-decf-4010-b2d3-f30d82f4e450","2021-04-06T14:24:00+00:00"
d4dc1468-82e3-5bcb-8f31-f8015d4729bc,Leverancier,Leverancier,,IGEL,,,,,,Actief,Gemeenten,Samenwerking,"769b4359-b891-4198-b924-86e1bb7f6cdd","2020-06-09T14:45:02+00:00"
"524a4af4-744a-5621-a697-852152bbae26",Leverancier,Leverancier,,IGI,,,,,,Actief,Gemeenten,Gemeente,"9e903d5f-9d6e-42f6-8c40-43ef3f1cd3d6","2015-03-20T16:16:12+00:00"
"355e0509-526c-50c3-8e21-2ae324319cd4",Leverancier,Leverancier,,IGN Automatisering,,,,,,Actief,Gemeenten,Gemeente,"1f66615f-fa81-44f6-92e3-eadac6b11eca","2017-11-07T09:06:46+00:00"
"8ed11aa1-cc65-582e-a377-c214c53655cb",Leverancier,Leverancier,,Ignite Group,https://www.ignite-group.nl,test.vng.swc+San@gmail.com,+31 23 4567890,,,Actief,Gemeenten,Leverancier,"8ed11aa1-cc65-582e-a377-c214c53655cb","2020-04-15T14:20:32+00:00"
"7e04f3b3-b539-5bae-a7b6-220edffda80b",Leverancier,Leverancier,,Igor Pavlov,,,,,,Actief,Gemeenten,Samenwerking,f2c882ad-140b-430e-ad08-a279556c5e66,"2024-07-08T13:01:32+00:00"
"7f46f532-f63c-554b-81f5-1ce58eacc66f",Leverancier,Leverancier,,IHandhaving,,,,,,Actief,Gemeenten,Gemeente,e9bf3b82-2033-44cb-8b49-884dc4d25540,"2018-07-06T13:28:05+00:00"
e2238a98-bd1b-5127-8e94-860276d953db,Leverancier,Leverancier,,IHandhaving - Globe Solutions,,,,,,Actief,Gemeenten,Gemeente,"905dbf9e-94a6-4ddd-9778-77e69f3900f1","2022-07-13T16:43:14+00:00"
"0f18bdf9-f179-5d09-9e7f-7bb441cdd9c8",Leverancier,Leverancier,,IJK Software & Services,,,,,,Actief,Gemeenten,Gemeente,db3b997f-5a48-4133-bd9d-5695acf2a521,"2023-06-12T13:25:56+00:00"
"48d30736-553a-5f71-8790-53b9c59ead64",Leverancier,Leverancier,,IJsSoft,https://www.ijssoft.nl,test.vng.swc+Bas@gmail.com,+31 23 4567890,,,Actief,Gemeenten,Leverancier,"48d30736-553a-5f71-8790-53b9c59ead64","2022-06-14T08:32:24+00:00"
"9e746cf9-cea4-527f-b058-bafba8a6a4ec",Leverancier,Leverancier,,IKAS evolution,,,,,,Actief,Gemeenten,Gemeente,c506903c-cb46-4b91-a5a7-880578af3701,"2025-07-10T13:52:57+00:00"
d0792b3d-0bcf-533c-b7d1-8feef50023c0,Leverancier,Leverancier,,ILand,,,,,,Actief,Gemeenten,Gemeente,"3fa41daf-5e2d-4da2-a5a8-af0ed195ec13","2023-04-25T16:43:41+00:00"
"9881ce88-81e1-5e0e-8c96-f757b12019c7",Leverancier,Leverancier,,ilionx,https://www.ilionx.com/markt/overheid,test.vng.swc+Rkl@gmail.com,+31 23 4567890,,,Actief,Gemeenten,Leverancier,"9881ce88-81e1-5e0e-8c96-f757b12019c7","2014-03-26T10:13:27+00:00"
"641675ea-4a5c-541d-b07e-4d79527f3a6e",Leverancier,Leverancier,,Ilionx,,,,,,Actief,Gemeenten,Gemeente,"85b4ae27-bba1-4239-b041-b17ae7bf6641","2024-11-29T08:51:03+00:00"
bb4cb50a-716d-5b92-a8a3-92f91c21f82d,Leverancier,Leverancier,,ILost BV,,,,,,Actief,Gemeenten,Gemeente,"5100bcc3-f38a-445c-8dd8-b8f54b2d5031","2025-06-17T11:56:20+00:00"
b2ec73c5-a934-54b9-a575-041f76415f58,Leverancier,Leverancier,,Ilumy B.V.,,,,,,Actief,Gemeenten,Gemeente,"24e2f780-e346-434e-b687-6502f63971d5","2017-06-09T12:46:12+00:00"
"9b0d9c56-a223-5218-94a2-b11588e4fd03",Leverancier,Leverancier,,IMAGEM,https://www.imagem.nl,test.vng.swc+Nie@gmail.com,+31 23 4567890,,,Actief,Gemeenten,Leverancier,"9b0d9c56-a223-5218-94a2-b11588e4fd03","2016-10-19T14:21:10+00:00"
"9b0d9c56-a223-5218-94a2-b11588e4fd03",Leverancier,Leverancier,,IMAGEM,https://www.imagem.nl,test.vng.swc+Nie@gmail.com,+31 23 4567890,,,Actief,Gemeenten,Gemeente,"1f66615f-fa81-44f6-92e3-eadac6b11eca","2017-10-20T12:40:49+00:00"
bcc48dd2-8a6a-57d5-bfd0-607a2ad55c3b,Leverancier,Leverancier,,IMC Group,,,,,,Actief,Gemeenten,Gemeente,"3f8a0f92-979c-4cae-9ddf-7147a036d60b","2023-06-05T13:08:13+00:00"
"62036a70-16ec-5027-bff7-17698fbad321",Leverancier,Leverancier,,Impact,,,,,,Actief,Gemeenten,Gemeente,"3b9b7aa7-f794-4a67-a8d8-c517ad1ddbd1","2025-01-23T13:47:24+00:00"
"40c6adee-66f0-5ea2-ae9e-4ff49983dc82",Leverancier,Leverancier,,Impact b.v.,,,,,,Actief,Gemeenten,Gemeente,"9e903d5f-9d6e-42f6-8c40-43ef3f1cd3d6","2019-10-17T14:42:04+00:00"
"1f465b5a-8a94-584f-9b7d-690757068d8a",Leverancier,Leverancier,,Impact Information Management,,,,,,Actief,Gemeenten,Gemeente,"6e13f380-a81a-46dc-b204-6e8b8e4645dc","2019-05-07T16:01:07+00:00"
a3ae701a-5784-55ff-a0dc-c5cf28506758,Leverancier,Leverancier,,Impactive,,,,,,Actief,Gemeenten,Samenwerking,f1115d63-6c06-470e-a030-8ce7cafab64e,"2020-08-11T12:08:44+00:00"
"974c76fd-9289-5e30-a0fb-073012f3b120",Leverancier,Leverancier,,Imprivata,,,,,,Actief,Gemeenten,Gemeente,"5fd035bf-903a-4f7c-89ba-78c5239ac56a","2022-11-25T11:21:46+00:00"
eefaf169-41c2-542d-b060-ba6687c55fdf,Leverancier,Leverancier,,Imtech,,,,,,Actief,Gemeenten,Gemeente,"6e13f380-a81a-46dc-b204-6e8b8e4645dc","2014-10-07T15:17:37+00:00"
"8eb89030-09d4-568b-bfb0-1a1533ebf806",Leverancier,Leverancier,,INavigator,,,,,,Actief,Gemeenten,Gemeente,c506903c-cb46-4b91-a5a7-880578af3701,"2025-07-10T11:58:14+00:00"
"11340683-431b-5412-b4dd-1bddeb406805",Leverancier,Leverancier,,Inbos,,,,,,Actief,Gemeenten,Gemeente,"11aaf77f-01d1-472b-a0c4-5e63ba1673eb","2017-10-25T16:43:56+00:00"
"7ec39231-827d-5fac-9635-80c45a16b428",Leverancier,Leverancier,,Incentro,,,,,,Actief,Gemeenten,Gemeente,c3bd44b3-bbf9-4513-aea3-847e5ef79cf4,"2019-05-27T12:55:34+00:00"
e2a21d2b-84fe-5681-961a-795307243849,Leverancier,Leverancier,,INCONTO,,,,,,Actief,Gemeenten,Gemeente,"6ea9357b-c6cb-4702-8e95-baafeaa6b38c","2021-11-16T18:40:59+00:00"
caba0e5d-407e-53c4-9fd7-f169eada506f,Leverancier,Leverancier,,IND,,,,,,Actief,Gemeenten,Gemeente,"11116e43-889d-4f50-92eb-ce630ebafd9e","2025-08-07T08:56:45+00:00"
cea06278-4c97-5249-86ab-963065296ac4,Leverancier,Leverancier,,Indicia e- business,,,,,,Actief,Gemeenten,Samenwerking,"7b92c77f-e71f-42a5-8fcb-539cbc55740c","2022-03-10T10:22:20+00:00"
f8456e9b-fd07-5be2-9085-27fd3a53dec2,Leverancier,Leverancier,,Indocs,,,,,,Actief,Gemeenten,Samenwerking,"5bbc91c5-63fd-4311-b07c-a4311de243b0","2015-03-09T11:04:42+00:00"
f38bd568-0b56-5d59-bc63-404fdd9225ac,Leverancier,Leverancier,,Inergy Analytical Solutions,,,,,,Actief,Gemeenten,Gemeente,"2af271e0-a05b-460d-88c9-24c06b6eabe5","2024-11-28T15:00:29+00:00"
"4379ac54-2be0-5ffd-ad74-489a8d1ee2e9",Leverancier,Leverancier,,IneterGemeentelijk-overleg Openbare Verlichting,,,,,,Actief,Gemeenten,Gemeente,"1e5f65a2-1b5d-4124-920b-66b1399d35e4","2015-12-21T15:45:26+00:00"
bafef309-42cc-55fd-a4d7-dd1676ca841f,Leverancier,Leverancier,,Info Groen,,,,,,Actief,Gemeenten,Gemeente,f8cb8df4-a098-451a-896b-bda12d03895e,"2017-05-02T17:11:28+00:00"
"5568e6cb-d608-55be-93f0-8dc2c858e4f0",Leverancier,Leverancier,,Infogram,,,,,,Actief,Gemeenten,Gemeente,c04aad5f-8f0a-4ae0-b2d6-156c20845f8c,"2017-11-30T08:35:39+00:00"
"0c421359-b596-5c59-abc9-737854bd425e",Leverancier,Leverancier,,Infograph.com/Open Text,,,,,,Actief,Gemeenten,Gemeente,"9e903d5f-9d6e-42f6-8c40-43ef3f1cd3d6","2019-12-02T10:49:21+00:00"
a087c5e1-7cf1-5894-bc97-2cd4f1af18f4,Leverancier,Leverancier,,Infoland,https://www.infoland.eu/nl,test.vng.swc+E@gmail.com,+31 23 4567890,,,Actief,Gemeenten,Leverancier,a087c5e1-7cf1-5894-bc97-2cd4f1af18f4,"2024-10-21T09:17:40+00:00"
e1d10986-5bd3-51ab-ba18-6c2dae29ff0c,Leverancier,Leverancier,,InfoMil,,,,,,Actief,Gemeenten,Gemeente,"79a9341e-decf-4010-b2d3-f30d82f4e450","2021-08-31T11:32:09+00:00"
"3e549225-9f51-5f03-a93d-33d22069acbc",Leverancier,Leverancier,,InfoProjects,,,,,,Actief,Gemeenten,Samenwerking,"116f7f3c-e1b3-4f75-aff8-616306fc85ab","2020-08-10T15:59:10+00:00"
"1fd7ec82-fdce-5960-b7e4-3dc72c190d05",Leverancier,Leverancier,,Inforing,,,,,,Actief,Gemeenten,Gemeente,db3b997f-5a48-4133-bd9d-5695acf2a521,"2023-06-12T13:33:09+00:00"
"1600c327-f3f8-5f59-bf22-dffc0cb60633",Leverancier,Leverancier,,Inform software,,,,,,Actief,Gemeenten,Gemeente,"1880c34d-da3f-4e29-8a36-49f96e2e0392","2018-12-17T09:51:40+00:00"
"28df7750-86d6-5266-b391-0b123d6254bc",Leverancier,Leverancier,,Informatica Powercenter Netherlands B.V.,,,,,,Actief,Gemeenten,Gemeente,"39a6abee-c408-422c-b3e2-71ed1fd94f90","2014-07-14T09:52:28+00:00"
"8f2de1e2-9af3-5cf4-b3b5-6a9fbf18a462",Leverancier,Leverancier,,Informatiepunt Leefomgeving,,,,,,Actief,Gemeenten,Gemeente,b71a4bb9-89ab-41e2-9d25-8f8c6754afc9,"2022-11-03T15:12:37+00:00"
"07f677a8-9b41-5023-a170-b96a6715eaca",Leverancier,Leverancier,,Information Builders,,,,,,Actief,Gemeenten,Gemeente,"963a9aa4-e02a-4f3b-93b9-eef410a4d43e","2014-08-14T16:54:31+00:00"
d528766e-3e41-51f2-85c8-582c6f654281,Leverancier,Leverancier,,Inforvision BV,,,,,,Actief,Gemeenten,Gemeente,"16b87d12-769f-414c-8d66-3ec26fa94725","2016-07-28T14:49:42+00:00"
"5adb3379-1224-508b-9771-3307e6248942",Leverancier,Leverancier,,Infotech Logistics B.V.,,,,,,Actief,Gemeenten,Gemeente,af185a56-58cd-4a45-88b0-9e7d34f398d8,"2024-05-02T16:42:28+00:00"
df14a49a-7405-57c2-ae70-a60076cd2dba,Leverancier,Leverancier,,InfoTopics,,,,,,Actief,Gemeenten,Gemeente,"79a9341e-decf-4010-b2d3-f30d82f4e450","2021-11-10T16:11:11+00:00"
"90045785-4cb3-51b2-9912-c3e7b8db1e5c",Leverancier,Leverancier,,Infoxx,,,,,,Actief,Gemeenten,Gemeente,"79a9341e-decf-4010-b2d3-f30d82f4e450","2021-04-13T16:14:56+00:00"
e3e9e3dc-b1bd-5905-a901-e04e5daab32d,Leverancier,Leverancier,,INFRAVISIONBV,,,,,,Actief,Gemeenten,Gemeente,"4bfb4c05-0c9d-4138-b0d2-90a09374caf4","2015-12-30T12:57:05+00:00"
"79d46d92-ca6d-5023-be02-572e7f16fd51",Leverancier,Leverancier,,ING,,,,,,Actief,Gemeenten,Gemeente,"79a9341e-decf-4010-b2d3-f30d82f4e450","2021-06-29T12:37:30+00:00"
f6c1bb74-b226-527e-b92e-5c384114f5fc,Leverancier,Leverancier,,Ingenico Payment Services,,,,,,Actief,Gemeenten,Gemeente,"4f0860d5-d31c-4a4d-9ec2-541bfe72860f","2024-05-16T22:16:35+00:00"
"0b1bb32e-9108-54c3-b136-6f0b3026c4ec",Leverancier,Leverancier,,Ingenieursbureau Westenberg,,,,,,Actief,Gemeenten,Samenwerking,"35537ae8-70b1-4ea8-ae6a-dd9a31e1b3b8","2017-07-27T09:34:09+00:00"
"5c3d2e28-983d-571c-b930-bb0f08e1ca26",Leverancier,Leverancier,,Ingergy B.V.,,,,,,Actief,Gemeenten,Samenwerking,"531dc053-40ae-4180-94a4-0af14eea374b","2019-12-24T10:29:08+00:00"
"366724c4-3b8d-5f87-8ad1-d873590fbea4",Leverancier,Leverancier,,Ingersoll Rand,,,,,,Actief,Gemeenten,Gemeente,"349e6027-b7c4-42ac-88e6-a5f17fc833f6","2014-08-27T11:40:42+00:00"
"435aa7c0-5cd9-5e3e-a944-e41103826580",Leverancier,Leverancier,,Ingrado,,,,,,Actief,Gemeenten,Samenwerking,"4a0233a4-ea38-47ae-86f5-e3bd348b8deb","2020-06-08T14:36:27+00:00"
aedcd2a0-fcd8-5a3c-a1e6-29701db47bf5,Leverancier,Leverancier,,Initial Varel,,,,,,Actief,Gemeenten,Samenwerking,"44924c74-a91c-4e83-80ec-8fd1b52556a5","2015-10-07T15:09:11+00:00"
"2f041e83-7c4d-59a4-bfd2-11ea34f25433",Leverancier,Leverancier,,INKIS,https://www.inkis.nl,test.vng.swc+A@gmail.com,+31 23 4567890,,,Actief,Gemeenten,Leverancier,"2f041e83-7c4d-59a4-bfd2-11ea34f25433","2021-06-22T09:04:31+00:00"
"57c974e8-3f30-59cb-bd5a-24d2acab81e0",Leverancier,Leverancier,,Inkoop Bureau Midden Nederland,,,,,,Actief,Gemeenten,Gemeente,"03cd0545-e538-44b3-b482-0ef41c1dd906","2014-10-29T14:52:39+00:00"
"4d6d3f45-dc5b-5b69-90b4-dfb696aa7762",Leverancier,Leverancier,,Inkscape,,,,,,Actief,Gemeenten,Samenwerking,f85a6bf9-4478-481b-a1b6-d7a5ea1fa647,"2019-09-26T10:39:30+00:00"
"3d862ad6-e83d-5ceb-9f5b-625b46ac8452",Leverancier,Leverancier,,Inlichtingenbureau,,,,,,Actief,Gemeenten,Gemeente,"3fa41daf-5e2d-4da2-a5a8-af0ed195ec13","2024-11-22T16:37:08+00:00"
"185580b0-b7a7-5592-a1e9-2962d058bd47",Leverancier,Leverancier,,Innax,,,,,,Actief,Gemeenten,Gemeente,db3b997f-5a48-4133-bd9d-5695acf2a521,"2023-06-12T13:40:20+00:00"
"80cd70a7-7928-5226-9b08-734f8e7a1dc7",Leverancier,Leverancier,,InnoPhase B.V.,,,,,,Actief,Gemeenten,Gemeente,f6760577-58c8-477d-85b7-06796fdfd82d,"2019-08-14T15:13:20+00:00"
c0c3c0d3-e6e7-5b76-9aaa-2f353853849a,Leverancier,Leverancier,,Innovadis,https://innovadis.com,test.vng.swc+M@gmail.com,+31 23 4567890,,,Actief,Gemeenten,Leverancier,c0c3c0d3-e6e7-5b76-9aaa-2f353853849a,"2023-02-23T15:01:03+00:00"
c0c3c0d3-e6e7-5b76-9aaa-2f353853849a,Leverancier,Leverancier,,Innovadis,https://innovadis.com,test.vng.swc+M@gmail.com,+31 23 4567890,,,Actief,Gemeenten,Gemeente,db7fdd84-bdfd-41d6-8641-0f1e2a954c25,"2019-03-04T14:11:00+00:00"
"48b6be1c-3701-5f58-949c-47ef1de61d5d",Leverancier,Leverancier,,Innovatie Nul 13,,,,,,Actief,Gemeenten,Gemeente,"11116e43-889d-4f50-92eb-ce630ebafd9e","2020-12-16T15:01:13+00:00"
"993a7032-4c5a-5cd5-bd17-898800164603",Leverancier,Leverancier,,Innovero Software Solutions B.V.,,,,,,Actief,Gemeenten,Gemeente,"9e903d5f-9d6e-42f6-8c40-43ef3f1cd3d6","2019-12-02T11:13:09+00:00"
"6e4b028d-c883-50f0-b8f0-e5ff0f8e9825",Leverancier,Leverancier,,Innovyze,,,,,,Actief,Gemeenten,Gemeente,f6760577-58c8-477d-85b7-06796fdfd82d,"2019-08-24T08:41:15+00:00"
"56c71a44-febb-5a97-9196-8b54fefd907a",Leverancier,Leverancier,,Inology,,,,,,Actief,Gemeenten,Gemeente,dea35f50-183b-4d08-9d7b-96a8623def46,"2015-02-06T14:20:13+00:00"
bf4e5f56-3b61-5699-982f-3d6d05f919e5,Leverancier,Leverancier,,Inovim,,,,,,Actief,Gemeenten,Gemeente,"35142b1e-c394-4a4b-a8bf-1445dbfb62cb","2023-11-03T15:04:03+00:00"
"93e796d3-34e4-57c9-8d34-e18e0db1e7d0",Leverancier,Leverancier,,INOVIM Home NL,,,,,,Actief,Gemeenten,Gemeente,"1fbdf5f9-d227-443f-a455-b4893d6f96db","2016-07-26T14:13:01+00:00"
"04769193-d07b-5ff8-9ea7-a9188e50362b",Leverancier,Leverancier,,Inovim Nederland BV,,,,,,Actief,Gemeenten,Gemeente,"9384ee66-e19d-4cb1-be5a-861436ad9d67","2024-06-18T14:27:50+00:00"
ed1864c9-08c2-57ec-859b-509045668f1a,Leverancier,Leverancier,,Inpark,,,,,,Actief,Gemeenten,Samenwerking,"9aa7afc7-39a5-41f1-a104-91429c495592","2017-11-16T10:22:07+00:00"
babaa18d-9a82-5af3-851d-b54341ddce3c,Leverancier,Leverancier,,Inprevo,,,,,,Actief,Gemeenten,Gemeente,"90cb9d65-8a63-4bea-8631-57c9c818c72e","2019-05-15T15:24:15+00:00"
"1ed1264f-96b2-5af0-93a0-68dd65245d18",Leverancier,Leverancier,,Insight,,,,,,Actief,Gemeenten,Gemeente,"9e903d5f-9d6e-42f6-8c40-43ef3f1cd3d6","2019-12-05T08:49:36+00:00"
fae87465-79ea-57ae-9a37-3dcc461e8e35,Leverancier,Leverancier,,Insights World,,,,,,Actief,Gemeenten,Gemeente,"1f66615f-fa81-44f6-92e3-eadac6b11eca","2017-11-07T09:02:24+00:00"
"98dac32e-0a3a-5ab4-a770-eae91a3b17b6",Leverancier,Leverancier,,Inspectation,,,,,,Actief,Gemeenten,Gemeente,"22633027-4e8d-40c6-ae79-e15405728f19","2018-04-12T17:13:06+00:00"
cbcaa4f8-d3de-58ed-81d3-1905ae4f0535,Leverancier,Leverancier,,Inspectrum,,,,,,Actief,Gemeenten,Gemeente,"311c99f5-18d7-478b-b615-faf55530142a","2021-02-08T11:06:03+00:00"
ba9e1f62-982a-5943-9277-e598beba3fb8,Leverancier,Leverancier,,Instituut Fysieke Veiligheid,,,,,,Actief,Gemeenten,Gemeente,db3b997f-5a48-4133-bd9d-5695acf2a521,"2023-06-12T13:42:18+00:00"
"3596c4db-6b8c-5c79-a863-042d119fe42e",Leverancier,Leverancier,,Instituut voor midden en kleinbedrijf (IMK),,,,,,Actief,Gemeenten,Gemeente,"8adeb567-defe-4dd0-8887-f1c01889308c","2017-07-18T13:03:46+00:00"
"37e89813-c95f-58a6-aa91-33385bfad966",Leverancier,Leverancier,,Integra Alarmen,,,,,,Actief,Gemeenten,Gemeente,"5fd035bf-903a-4f7c-89ba-78c5239ac56a","2023-01-09T15:53:12+00:00"
"91886599-2687-5b18-9771-bfaf9fe970ff",Leverancier,Leverancier,,Integraal Beheer BV,,,,,,Actief,Gemeenten,Samenwerking,f85a6bf9-4478-481b-a1b6-d7a5ea1fa647,"2018-08-21T11:22:14+00:00"
"65847d1a-e7b6-52a1-aeda-e1a6126a4d42",Leverancier,Leverancier,,Integrated Security Solutions,,,,,,Actief,Gemeenten,Samenwerking,"72615a0b-8276-4f0c-ac73-82ee98c80d0b","2018-08-21T11:23:14+00:00"
"5e89f3b7-c823-5ebc-b784-299ae0037b46",Leverancier,Leverancier,,INTELEC Systems BV,,,,,,Actief,Gemeenten,Gemeente,"79a9341e-decf-4010-b2d3-f30d82f4e450","2021-06-29T12:43:23+00:00"
babfbcc8-f468-5ed3-8d17-a04aedb9a86a,Leverancier,Leverancier,,IntellinQ,https://intellinq.nl,test.vng.swc+M@gmail.com,+31 23 4567890,,,Actief,Gemeenten,Leverancier,babfbcc8-f468-5ed3-8d17-a04aedb9a86a,"2018-11-15T16:38:03+00:00"
"5fa5e23c-6318-55e6-b744-9d9dfbab822b",Leverancier,Leverancier,,Inter Act,,,,,,Actief,Gemeenten,Gemeente,"4f0860d5-d31c-4a4d-9ec2-541bfe72860f","2024-04-09T16:49:55+00:00"
"416392c8-b321-5c3b-944c-4495178d278a",Leverancier,Leverancier,,InterAccess,,,,,,Actief,Gemeenten,Gemeente,"8adeb567-defe-4dd0-8887-f1c01889308c","2015-09-15T13:19:59+00:00"
"19e89d54-d224-5814-abed-92a4f5c50824",Leverancier,Leverancier,,Interaction next bv.,,,,,,Actief,Gemeenten,Gemeente,f64d2d60-6fc2-4271-8347-4c30a760a6a5,"2014-08-26T11:48:21+00:00"
a6180d8f-323e-5160-89f8-09053f6e2565,Leverancier,Leverancier,,Interactive Blueprints BV,,,,,,Actief,Gemeenten,Samenwerking,"86aa66a7-4802-4d73-95d7-0d4e7ca98255","2018-08-28T13:36:21+00:00"
faff8e23-5df0-574c-960c-4fb1537ed31c,Leverancier,Leverancier,,Interflex,,,,,,Actief,Gemeenten,Gemeente,bb5ad246-416d-4efa-9ff8-9bcfa884f9db,"2014-07-01T16:30:52+00:00"
b52976c9-d334-5385-8e2a-9e90e9f973c0,Leverancier,Leverancier,,Intergrip.nl,,,,,,Actief,Gemeenten,Samenwerking,"4a0233a4-ea38-47ae-86f5-e3bd348b8deb","2020-06-08T14:43:50+00:00"
"3c2dc4ad-9bbe-52c3-a14a-98df67cbc25e",Leverancier,Leverancier,,Intermediad,,,,,,Actief,Gemeenten,Gemeente,"6ea9357b-c6cb-4702-8e95-baafeaa6b38c","2018-10-19T19:45:24+00:00"
f841f984-2a6b-5a77-8855-53200dda616e,Leverancier,Leverancier,,Intern,,,,,,Actief,Gemeenten,Gemeente,"098fa2df-f721-4d5d-802f-d555af15639d","2022-09-05T11:58:53+00:00"
b584ed46-6fe7-5289-9518-7cdb9dc15840,Leverancier,Leverancier,,Internarrow,,,,,,Actief,Gemeenten,Gemeente,"79a9341e-decf-4010-b2d3-f30d82f4e450","2021-06-29T12:47:10+00:00"
"3059334a-b1cf-511b-a930-7f6f06033f11",Leverancier,Leverancier,,InterStaff,,,,,,Actief,Gemeenten,Gemeente,"098fa2df-f721-4d5d-802f-d555af15639d","2022-09-05T10:55:09+00:00"
e9b00e24-8550-5abb-acab-3519c9c7722c,Leverancier,Leverancier,,Interwerk,,,,,,Actief,Gemeenten,Samenwerking,ec92526a-9baa-4fa7-8a42-7a1d75cfc64a,"2020-01-03T11:32:18+00:00"
caf7f488-fb8c-5260-895e-449c1735ab22,Leverancier,Leverancier,,Intracto,https://www.intracto.com,test.vng.swc+Mat@gmail.com,+31 23 4567890,,,Actief,Gemeenten,Leverancier,caf7f488-fb8c-5260-895e-449c1735ab22,"2014-09-25T08:56:34+00:00"
caf7f488-fb8c-5260-895e-449c1735ab22,Leverancier,Leverancier,,Intracto,https://www.intracto.com,test.vng.swc+Mat@gmail.com,+31 23 4567890,,,Actief,Gemeenten,Gemeente,ee2cfcb1-a184-4e5c-85f0-8fc3ad859ddc,"2025-07-08T14:31:16+00:00"
"0bf2753b-d217-5e07-b59a-1eb0eb890261",Leverancier,Leverancier,,IntraData,,test.vng.swc+Ruu@gmail.com,,,,Actief,Gemeenten,Leverancier,"0bf2753b-d217-5e07-b59a-1eb0eb890261","2018-05-03T20:59:22+00:00"
"0bf2753b-d217-5e07-b59a-1eb0eb890261",Leverancier,Leverancier,,IntraData,,test.vng.swc+Ruu@gmail.com,,,,Actief,Gemeenten,Gemeente,"97a3b6fb-90f7-45cf-ae37-003febf346ef","2015-02-25T15:35:27+00:00"
"67f44ff9-2f4c-5eab-8c8c-887e5064ba20",Leverancier,Leverancier,,Involon,,,,,,Actief,Gemeenten,Gemeente,"905dbf9e-94a6-4ddd-9778-77e69f3900f1","2023-12-13T14:30:36+00:00"
"516036cf-6db8-5aa9-a62c-4b683961b0cc",Leverancier,Leverancier,,IP Digital,,,,,,Actief,Gemeenten,Gemeente,"79a9341e-decf-4010-b2d3-f30d82f4e450","2021-06-29T14:43:57+00:00"
"6266dd86-2ee2-53fa-b74f-ba2564b41309",Leverancier,Leverancier,,IP-Label,,,,,,Actief,Gemeenten,Gemeente,"402d47dd-12e3-4ac0-9a14-ecbd07df62a4","2018-01-30T11:50:40+00:00"
"710124fc-c26d-5d95-b8b3-3020e2b79d58",Leverancier,Leverancier,,IPparking,,,,,,Actief,Gemeenten,Gemeente,"79a9341e-decf-4010-b2d3-f30d82f4e450","2021-09-08T13:33:14+00:00"
d347b569-dfc0-5d1b-8316-000d78f8f851,Leverancier,Leverancier,,iprox.,https://www.iprox.nl,test.vng.swc+Pie@gmail.com,+31 23 4567890,,,Actief,Gemeenten,Leverancier,d347b569-dfc0-5d1b-8316-000d78f8f851,"2024-04-23T10:44:27+00:00"
"8a6b0926-19d1-50b6-b698-32b0756d2848",Leverancier,Leverancier,,Iptor,,,,,,Actief,Gemeenten,Gemeente,bc343b52-289d-4f5e-b420-f0d0b2abdcbe,"2022-04-12T13:34:41+00:00"
"0a9f1c4d-5484-5558-9037-854240c323c0",Leverancier,Leverancier,,Irfanview,,,,,,Actief,Gemeenten,Gemeente,"8908e84f-8ac2-41be-8cd8-95adbacf48df","2021-07-26T14:34:12+00:00"
"0865cc52-78d5-5712-9f8e-863538ecf24e",Leverancier,Leverancier,,IRIS (Image Recognition Integrated Systems),,,,,,Actief,Gemeenten,Samenwerking,"35537ae8-70b1-4ea8-ae6a-dd9a31e1b3b8","2017-07-27T10:40:48+00:00"
a63e75ec-d6bb-52d1-90c2-fc2f7d447a2d,Leverancier,Leverancier,,IRM360 B.V.,https://www.cybermanager.nl,test.vng.swc+M@gmail.com,+31 23 4567890,,,Actief,Gemeenten,Leverancier,a63e75ec-d6bb-52d1-90c2-fc2f7d447a2d,"2019-06-26T14:46:34+00:00"
"424d159e-72c9-5e8f-a857-63f9bd4bd5fb",Leverancier,Leverancier,,Isatis,,,,,,Actief,Gemeenten,Gemeente,"8adeb567-defe-4dd0-8887-f1c01889308c","2015-09-14T16:42:05+00:00"
"351f3def-8db6-5d7b-8dac-08559e1a4e9e",Leverancier,Leverancier,,ISI Publishing,,,,,,Actief,Gemeenten,Gemeente,"4d385e00-86bb-423e-86dc-1ec0629b5200","2016-03-31T14:30:23+00:00"
fde4270b-68d6-51fd-b312-32bc9e124a6b,Leverancier,Leverancier,,ISMS,,,,,,Actief,Gemeenten,Samenwerking,"49f17690-c60f-4d1e-844c-4e84d473e39a","2018-11-12T09:42:27+00:00"
"90d04fcb-45ac-56de-8f1f-fa8e4b39ac5b",Leverancier,Leverancier,,ISPnext,https://www.ispnext.com,test.vng.swc+Maa@gmail.com,+31 23 4567890,,,Actief,Gemeenten,Leverancier,"90d04fcb-45ac-56de-8f1f-fa8e4b39ac5b","2014-03-26T10:13:27+00:00"
"90d04fcb-45ac-56de-8f1f-fa8e4b39ac5b",Leverancier,Leverancier,,ISPnext,https://www.ispnext.com,test.vng.swc+Maa@gmail.com,+31 23 4567890,,,Actief,Gemeenten,Gemeente,"9aa7afc7-39a5-41f1-a104-91429c495592","2025-02-07T09:14:58+00:00"
"322da71b-cf38-5c22-ae62-104d656782f3",Leverancier,Leverancier,,ISPProjects,,,,,,Actief,Gemeenten,Samenwerking,f85a6bf9-4478-481b-a1b6-d7a5ea1fa647,"2019-06-06T09:33:42+00:00"
"9dee93b8-1e03-5dda-8956-07cd330510a2",Leverancier,Leverancier,,ISSO,,,,,,Actief,Gemeenten,Gemeente,"1f66615f-fa81-44f6-92e3-eadac6b11eca","2017-11-07T09:10:28+00:00"
"8abc3340-cd5d-5928-85f2-eae609285b35",Leverancier,Leverancier,,Ista,,,,,,Actief,Gemeenten,Gemeente,db7fdd84-bdfd-41d6-8641-0f1e2a954c25,"2017-07-04T11:31:42+00:00"
"7e333f73-315a-56e3-97c4-1c8c214787c2",Leverancier,Leverancier,,Isuna,https://isuna.net/nl,test.vng.swc+Vad@gmail.com,+31 23 4567890,,,Actief,Gemeenten,Leverancier,"7e333f73-315a-56e3-97c4-1c8c214787c2","2022-10-10T10:19:37+00:00"
af7d2d3b-51a4-5571-8768-2e522d97b15a,Leverancier,Leverancier,,Itrajectum,https://itrajectum.nl,test.vng.swc+Inf@gmail.com,+31 23 4567890,,,Actief,Gemeenten,Leverancier,af7d2d3b-51a4-5571-8768-2e522d97b15a,"2018-09-13T14:56:36+00:00"
a08d81a1-364a-5c5b-b702-097b5dd65c3b,Leverancier,Leverancier,,Iv-Groep BV,,,,,,Actief,Gemeenten,Gemeente,"8d6548e4-da96-4d52-b866-db16bea7bb1a","2015-02-04T14:00:37+00:00"
"372e098b-3988-55aa-ba15-d8b86b021644",Leverancier,Leverancier,,Ivanti,,,,,,Actief,Gemeenten,Gemeente,c506903c-cb46-4b91-a5a7-880578af3701,"2025-07-10T14:15:15+00:00"
f5ef15c8-5232-50d4-8d34-26f1231ab18a,Leverancier,Leverancier,,Ivengi.com,https://www.ivengi.com,test.vng.swc+Ivo@gmail.com,+31 23 4567890,,,Actief,Gemeenten,Leverancier,f5ef15c8-5232-50d4-8d34-26f1231ab18a,"2019-11-04T15:33:07+00:00"
f5ef15c8-5232-50d4-8d34-26f1231ab18a,Leverancier,Leverancier,,Ivengi.com,https://www.ivengi.com,test.vng.swc+Ivo@gmail.com,+31 23 4567890,,,Actief,Gemeenten,Gemeente,"39a6abee-c408-422c-b3e2-71ed1fd94f90","2018-07-03T10:44:48+00:00"
"7340700c-2ed1-5d0d-a1cd-bff9f77cc639",Leverancier,Leverancier,,IVR,,,,,,Actief,Gemeenten,Gemeente,f6760577-58c8-477d-85b7-06796fdfd82d,"2019-08-24T08:42:11+00:00"
"2b23d540-0ab3-510f-af9f-b6d18e8cbeab",Leverancier,Leverancier,,IVU,,,,,,Actief,Gemeenten,Gemeente,"85b4ae27-bba1-4239-b041-b17ae7bf6641","2020-05-25T14:45:02+00:00"
"05d0bfd8-83af-5b7a-a948-a7f75a1f0545",Leverancier,Leverancier,,IWitness,,,,,,Actief,Gemeenten,Gemeente,"90cb9d65-8a63-4bea-8631-57c9c818c72e","2022-05-30T07:29:49+00:00"
"266b8dd4-76c2-5fef-9fc4-65438a47403c",Leverancier,Leverancier,,JacobBoerema,,,,,,Actief,Gemeenten,Samenwerking,"73156abd-8a53-4575-b12d-1f1479ac1f86","2019-01-09T09:18:34+00:00"
ff301a44-34da-51d2-b379-434b0683ea30,Leverancier,Leverancier,,Jam software,,,,,,Actief,Gemeenten,Samenwerking,"49f17690-c60f-4d1e-844c-4e84d473e39a","2015-07-27T13:58:11+00:00"
d2abe2a2-cf16-517d-804b-d88e9a8c4b2f,Leverancier,Leverancier,,Jama,,,,,,Actief,Gemeenten,Gemeente,"35142b1e-c394-4a4b-a8bf-1445dbfb62cb","2023-11-03T16:10:41+00:00"
"641eaf23-4ff8-5953-97f3-5e1cf6f3f133",Leverancier,Leverancier,,JAMARTech,,,,,,Actief,Gemeenten,Gemeente,ddf0e7af-285a-4853-ad18-dce8f58c7d5f,"2019-01-14T08:14:11+00:00"
"3c23c8ce-1c19-53a5-afe5-ca9c422afbff",Leverancier,Leverancier,,Janssens kassasystemen,,,,,,Actief,Gemeenten,Samenwerking,"9eb5efd8-49b2-403e-af3b-126c782b5305","2015-12-31T13:39:58+00:00"
b768dbe6-0f70-550b-a195-e3c4ac1a56de,Leverancier,Leverancier,,JbLorenz,,,,,,Actief,Gemeenten,Gemeente,c0738e2f-42cc-4e95-a43e-b79c84f70e86,"2017-07-10T14:24:03+00:00"
a0b554d1-443a-5e01-a81f-1f37363c1640,Leverancier,Leverancier,,JCC Software,https://www.jccsoftware.nl,test.vng.swc+B@gmail.com,+31 23 4567890,,,Actief,Gemeenten,Leverancier,a0b554d1-443a-5e01-a81f-1f37363c1640,"2014-03-26T10:13:27+00:00"
a0b554d1-443a-5e01-a81f-1f37363c1640,Leverancier,Leverancier,,JCC Software,https://www.jccsoftware.nl,test.vng.swc+B@gmail.com,+31 23 4567890,,,Actief,Gemeenten,Gemeente,db3b997f-5a48-4133-bd9d-5695acf2a521,"2023-06-12T14:17:27+00:00"
cd38e60f-044e-5b41-ae1a-bc7327c13003,Leverancier,Leverancier,,Jet Global,,,,,,Actief,Gemeenten,Gemeente,"79a9341e-decf-4010-b2d3-f30d82f4e450","2021-06-29T15:01:46+00:00"
"323c15db-e674-5ee6-940b-e2d0b506bd24",Leverancier,Leverancier,,JetBrains,,,,,,Actief,Gemeenten,Gemeente,"11116e43-889d-4f50-92eb-ce630ebafd9e","2025-08-27T13:32:31+00:00"
"1a8433f2-be2f-5383-8773-b5add62a0d8f",Leverancier,Leverancier,,JeugdNed,,,,,,Actief,Gemeenten,Gemeente,cb54cdcf-f60b-4cf4-b938-2515e482ce95,"2015-07-06T16:18:24+00:00"
"11fdf101-11a3-5256-a499-5b869dde5a30",Leverancier,Leverancier,,Jeugdweb.nl,https://www.jeugdweb.nl,test.vng.swc+Inf@gmail.com,+31 23 4567890,,,Actief,Gemeenten,Leverancier,"11fdf101-11a3-5256-a499-5b869dde5a30","2014-11-18T12:07:26+00:00"
"5882be98-25a0-50eb-b992-318fd0e48ed9",Leverancier,Leverancier,,Jewel Software,,,,,,Actief,Gemeenten,Gemeente,"91a2ab0f-25aa-43bd-b4e6-c8ef360fa0f2","2025-07-28T10:38:54+00:00"
a28d100d-4f11-5f8f-ac08-717168664149,Leverancier,Leverancier,,JNET,,,,,,Actief,Gemeenten,Gemeente,"901879ec-f8fc-4fdf-a979-d3120dc882d0","2015-04-16T13:44:51+00:00"
"190e32fe-9954-512a-aa4c-677769896134",Leverancier,Leverancier,,Jobport,https://www.jobport.nl,test.vng.swc+Jer@gmail.com,+31 23 4567890,,,Actief,Gemeenten,Leverancier,"190e32fe-9954-512a-aa4c-677769896134","2021-10-21T09:52:54+00:00"
"50287181-7270-58a7-835a-22278ba90e76",Leverancier,Leverancier,,Jobsrepublic,,,,,,Actief,Gemeenten,Gemeente,"1880c34d-da3f-4e29-8a36-49f96e2e0392","2018-10-01T11:07:19+00:00"
"239eb5e6-25c4-5955-a86a-49861901cb2a",Leverancier,Leverancier,,Johnson controls,,,,,,Actief,Gemeenten,Gemeente,"39a6abee-c408-422c-b3e2-71ed1fd94f90","2018-06-08T15:26:23+00:00"
ec116584-74cf-599e-bb12-4c4ba9c07ef8,Leverancier,Leverancier,,Joomla,,,,,,Actief,Gemeenten,Gemeente,cdf95eee-39af-4847-a06f-5b46768d1887,"2014-07-28T14:46:40+00:00"
b61a9535-586c-54bb-889c-072a653162e7,Leverancier,Leverancier,,Joulz,,,,,,Actief,Gemeenten,Gemeente,db3b997f-5a48-4133-bd9d-5695acf2a521,"2023-06-12T14:20:26+00:00"
ab3a830b-a9a6-5275-aebb-8ad7a9822a4f,Leverancier,Leverancier,,Jss4it,,,,,,Actief,Gemeenten,Samenwerking,d328e7bc-4c85-4346-ba9a-90942a83d779,"2018-08-13T12:25:03+00:00"
"3b565148-74db-5530-9eff-03274ead35de",Leverancier,Leverancier,,Junglemap,,,,,,Actief,Gemeenten,Gemeente,"563593bf-81ce-4877-aa87-759b12d821b3","2022-08-08T16:31:40+00:00"
"1212e455-1046-5564-81ca-8ee565575254",Leverancier,Leverancier,,JUSTID (Justiti�le Informatiedienst),,,,,,Actief,Gemeenten,Gemeente,db3b997f-5a48-4133-bd9d-5695acf2a521,"2023-06-12T14:32:26+00:00"
"8aff59b1-c88d-5a25-bb91-1b882a7ba384",Leverancier,Leverancier,,JWT,,,,,,Actief,Gemeenten,Gemeente,db3b997f-5a48-4133-bd9d-5695acf2a521,"2023-06-12T14:34:36+00:00"
e6650c9e-7db5-5d54-ada3-7f90e49c3ea9,Leverancier,Leverancier,,JWT Informatica- & Projectadvies,,,,,,Actief,Gemeenten,Samenwerking,"769b4359-b891-4198-b924-86e1bb7f6cdd","2022-07-06T16:34:41+00:00"
ff6aab01-7f21-576d-9d61-86c0a7480b4d,Leverancier,Leverancier,,K+V van Alphen,,,,,,Actief,Gemeenten,Samenwerking,"9aa7afc7-39a5-41f1-a104-91429c495592","2017-11-20T11:28:00+00:00"
b0267d6e-b9fd-529e-a79d-39c26ba9ddb9,Leverancier,Leverancier,,KABA,,,,,,Actief,Gemeenten,Gemeente,"9384ee66-e19d-4cb1-be5a-861436ad9d67","2024-06-03T09:19:35+00:00"
ec06b4a0-2ac0-55b1-a003-c5fddf297b69,Leverancier,Leverancier,,Kadaster,,,,,,Actief,Gemeenten,Gemeente,c506903c-cb46-4b91-a5a7-880578af3701,"2025-07-10T13:26:27+00:00"
e0667675-e85c-52f2-8fce-fac24f7d3033,Leverancier,Leverancier,,Kader,,,,,,Actief,Gemeenten,Gemeente,"9aa7afc7-39a5-41f1-a104-91429c495592","2024-05-15T14:35:55+00:00"
"07b96493-3da7-591b-8288-938b1218bf55",Leverancier,Leverancier,,Kahuna,,,,,,Actief,Gemeenten,Gemeente,"963a9aa4-e02a-4f3b-93b9-eef410a4d43e","2017-03-13T12:05:57+00:00"
"03e68c07-ce91-587f-956f-4c314b1faf70",Leverancier,Leverancier,,Kamer van Koophandel,,,,,,Actief,Gemeenten,Gemeente,b71a4bb9-89ab-41e2-9d25-8f8c6754afc9,"2023-02-28T11:59:35+00:00"
abe243af-92ef-5e22-9f58-09f3988cb6c0,Leverancier,Leverancier,,KANA,,,,,,Actief,Gemeenten,Gemeente,"8e0e04d8-8574-4a5e-9505-49dfbde3ad3a","2015-10-05T11:44:29+00:00"
"06c530f8-024d-516f-8ccc-3053bd81069c",Leverancier,Leverancier,,Kanselaardij der Nederlandse Orden,,,,,,Actief,Gemeenten,Gemeente,db3b997f-5a48-4133-bd9d-5695acf2a521,"2023-06-12T14:55:48+00:00"
f5262a7a-9022-5755-9480-da35cb13d531,Leverancier,Leverancier,,Karmac,,,,,,Actief,Gemeenten,Gemeente,"5fd035bf-903a-4f7c-89ba-78c5239ac56a","2023-01-09T15:55:48+00:00"
"2c8bd0f0-c142-53d5-a238-4bcc7252e080",Leverancier,Leverancier,,Kassanet Nuus,,,,,,Actief,Gemeenten,Gemeente,e7b34d5f-6917-4aef-8753-bfcb3d07660b,"2019-01-01T18:13:02+00:00"
"1f8c5588-19db-5843-b664-fa07eb6eb5e1",Leverancier,Leverancier,,Kavel10,,,,,,Actief,Gemeenten,Gemeente,"5fd035bf-903a-4f7c-89ba-78c5239ac56a","2023-01-09T16:45:38+00:00"
"62df1e9b-f66d-546d-957a-690ce289a645",Leverancier,Leverancier,,KCM,,,,,,Actief,Gemeenten,Gemeente,"594c14ea-d309-4e9d-aadc-4bdac7d2584d","2016-04-14T14:55:06+00:00"
"87920211-c66f-5c91-872a-07088627ffe4",Leverancier,Leverancier,,KCM Group,https://kcmgroup.eu,test.vng.swc+Ste@gmail.com,+31 23 4567890,,,Actief,Gemeenten,Leverancier,"87920211-c66f-5c91-872a-07088627ffe4","2021-09-14T09:35:06+00:00"
"95eeaa88-f3a0-51a8-8fcb-6619ad0bf5ed",Leverancier,Leverancier,,KCMsurvey,,,,,,Actief,Gemeenten,Gemeente,cd1ccd26-bb1a-4958-99f9-573b559b7ac9,"2019-12-12T14:04:02+00:00"
ab7b1ce5-cd95-5105-bb24-cd5482b834b8,Leverancier,Leverancier,,KDWS,,,,,,Actief,Gemeenten,Gemeente,bc343b52-289d-4f5e-b420-f0d0b2abdcbe,"2022-04-12T13:30:09+00:00"
e98e1585-5cc6-5ad3-982f-12cdcbdfcf15,Leverancier,Leverancier,,Keeper Security,,,,,,Actief,Gemeenten,Gemeente,"1fbdf5f9-d227-443f-a455-b4893d6f96db","2018-07-12T16:22:01+00:00"
b4f7c091-27c5-542d-9496-66163da9a52d,Leverancier,Leverancier,,Keesing,,,,,,Actief,Gemeenten,Gemeente,"60845a9b-6ddd-417f-ad71-e99cf4b0780d","2016-03-09T16:13:08+00:00"
"35197f07-e09e-5756-880d-d49adbbf6597",Leverancier,Leverancier,,Keinemans Advies B.V.,,,,,,Actief,Gemeenten,Samenwerking,"87cf05e3-7358-4007-9cbf-1cb61eb7ec8d","2016-01-08T16:35:45+00:00"
d3e9909e-7106-5bf6-8e1e-ab0b04b56e63,Leverancier,Leverancier,,Keistoer,,,,,,Actief,Gemeenten,Samenwerking,e28206df-6a65-4d90-8c72-5c7e2ccbf0ed,"2019-03-15T11:52:33+00:00"
"13939393-7cc1-544c-a6e4-b287cae05d09",Leverancier,Leverancier,,Keith Kintigh,,,,,,Actief,Gemeenten,Gemeente,"1f66615f-fa81-44f6-92e3-eadac6b11eca","2017-11-13T08:13:01+00:00"
"5d1e2437-7aad-5d5b-a5f4-7e15d055fb50",Leverancier,Leverancier,,Keller,,,,,,Actief,Gemeenten,Samenwerking,f85a6bf9-4478-481b-a1b6-d7a5ea1fa647,"2018-08-21T11:27:13+00:00"
"13110b72-d010-5698-b392-9c52c739fb6c",Leverancier,Leverancier,,KEMA,,,,,,Actief,Gemeenten,Gemeente,"1880c34d-da3f-4e29-8a36-49f96e2e0392","2016-11-17T11:00:43+00:00"
afe448f8-004f-598e-86e8-e3ac308a04c4,Leverancier,Leverancier,,Kennis- en Exploitatiecentrum Offici�le Overheidspublicaties (KOOP),,,,,,Actief,Gemeenten,Gemeente,cd1ccd26-bb1a-4958-99f9-573b559b7ac9,"2019-10-23T16:12:51+00:00"
"16186d2d-fb6e-50ce-84b5-450fdc91f8d6",Leverancier,Leverancier,,Kenniscentrum InfoMil,,,,,,Actief,Gemeenten,Samenwerking,"531dc053-40ae-4180-94a4-0af14eea374b","2019-12-24T13:55:16+00:00"
"9035817e-3beb-5822-bdeb-75362a6cfb0f",Leverancier,Leverancier,,KennisID B.V.,,,,,,Actief,Gemeenten,Samenwerking,"531dc053-40ae-4180-94a4-0af14eea374b","2019-12-24T13:53:04+00:00"
b9ae6165-5a57-5925-b853-536b87bf0ec5,Leverancier,Leverancier,,Key2Control,https://www.key2control.nl,test.vng.swc+Bar@gmail.com,+31 23 4567890,,,Actief,Gemeenten,Leverancier,b9ae6165-5a57-5925-b853-536b87bf0ec5,"2020-03-23T14:31:58+00:00"
b9ae6165-5a57-5925-b853-536b87bf0ec5,Leverancier,Leverancier,,Key2Control,https://www.key2control.nl,test.vng.swc+Bar@gmail.com,+31 23 4567890,,,Actief,Gemeenten,Gemeente,db3b997f-5a48-4133-bd9d-5695acf2a521,"2023-06-12T15:03:25+00:00"
"7d5c6412-8f50-508f-ab79-8c0dca66abfc",Leverancier,Leverancier,,Keymagic,,,,,,Actief,Gemeenten,Gemeente,f6760577-58c8-477d-85b7-06796fdfd82d,"2019-08-24T08:44:42+00:00"
e630cdcf-c438-5908-9855-cfa99a660e5c,Leverancier,Leverancier,,Keyprocessor,,,,,,Actief,Gemeenten,Gemeente,"3f8a0f92-979c-4cae-9ddf-7147a036d60b","2023-06-05T13:22:50+00:00"
f66db949-8ff3-5688-bb5c-edf80a71395f,Leverancier,Leverancier,,Keyprocessor Security Solutions,,,,,,Actief,Gemeenten,Gemeente,"8908e84f-8ac2-41be-8cd8-95adbacf48df","2014-08-11T15:54:02+00:00"
"2c5fd075-de67-5fc7-b13a-d744e8f7eda1",Leverancier,Leverancier,,Khonraad Software Engineering BV,,,,,,Actief,Gemeenten,Gemeente,"751d7216-3be5-4ab2-9d95-40bdbc4444ec","2024-07-31T13:19:15+00:00"
ed6f1b89-8cb9-5862-8196-9a5ac372eda2,Leverancier,Leverancier,,Kieback & Peter,,,,,,Actief,Gemeenten,Gemeente,"1f66615f-fa81-44f6-92e3-eadac6b11eca","2017-11-10T07:55:37+00:00"
a36175e4-e21c-5cc7-af20-b62239a0ea55,Leverancier,Leverancier,,Kiesraad,,,,,,Actief,Gemeenten,Gemeente,bd186c79-d0c4-4dea-b4fc-cc95949fcfb5,"2023-10-03T15:43:28+00:00"
d9262eb5-062f-5ef1-9c42-d81585122a77,Leverancier,Leverancier,,Kikker,,,,,,Actief,Gemeenten,Gemeente,b6a3804a-012d-452e-859d-9955e1bd6bc2,"2023-06-06T08:02:45+00:00"
"50b8a339-f82a-59ce-ac55-bf8ea10dad85",Leverancier,Leverancier,,KING,,,,,,Actief,Gemeenten,Gemeente,"8d3cd712-dfde-40d9-afcd-d4a841eec50b","2017-06-23T15:13:56+00:00"
"6b7f64a4-e02c-5741-b048-b860a6dd65f3",Leverancier,Leverancier,,Kingsley Breda,,,,,,Actief,Gemeenten,Gemeente,"5cdb1948-e731-4906-904e-f5e427ee28dc","2015-01-16T09:59:56+00:00"
d629fc4a-14dc-5e96-8f8b-7dfc1897e2a0,Leverancier,Leverancier,,Kinsley,,,,,,Actief,Gemeenten,Samenwerking,f85a6bf9-4478-481b-a1b6-d7a5ea1fa647,"2018-08-21T11:31:12+00:00"
"93ee4c61-1a4c-53af-8c66-9d28f6457a2e",Leverancier,Leverancier,,Kiteworks,,,,,,Actief,Gemeenten,Gemeente,"098fa2df-f721-4d5d-802f-d555af15639d","2022-09-08T09:15:47+00:00"
b4cc57f1-c00e-5643-8a73-a199affd06dd,Leverancier,Leverancier,,Kiwa KOAC,,,,,,Actief,Gemeenten,Gemeente,e0583764-effb-4ef3-8ef9-bf17c36d0852,"2019-10-28T12:20:31+00:00"
"54cf285e-2367-5b76-a351-25ece3f232b5",Leverancier,Leverancier,,KLANTINFOCUS B.V.,https://www.klantinfocus.nl,test.vng.swc+Inf@gmail.com,+31 23 4567890,,,Actief,Gemeenten,Leverancier,"54cf285e-2367-5b76-a351-25ece3f232b5","2014-03-26T10:13:27+00:00"
"54cf285e-2367-5b76-a351-25ece3f232b5",Leverancier,Leverancier,,KLANTINFOCUS B.V.,https://www.klantinfocus.nl,test.vng.swc+Inf@gmail.com,+31 23 4567890,,,Actief,Gemeenten,Gemeente,"1f66615f-fa81-44f6-92e3-eadac6b11eca","2017-11-08T09:01:15+00:00"
"3b4f39e7-672d-5133-834a-e05adf00734b",Leverancier,Leverancier,,Klic,,,,,,Actief,Gemeenten,Gemeente,"8adeb567-defe-4dd0-8887-f1c01889308c","2015-09-15T14:15:17+00:00"
"1da445b7-6a3a-5bab-b0ac-d6293d49d61f",Leverancier,Leverancier,,KlicConverter,https://klicconverter.nl,test.vng.swc+Rie@gmail.com,+31 23 4567890,,,Actief,Gemeenten,Leverancier,"1da445b7-6a3a-5bab-b0ac-d6293d49d61f","2022-10-27T15:04:13+00:00"
"1da445b7-6a3a-5bab-b0ac-d6293d49d61f",Leverancier,Leverancier,,KlicConverter,https://klicconverter.nl,test.vng.swc+Rie@gmail.com,+31 23 4567890,,,Actief,Gemeenten,Gemeente,"97a3b6fb-90f7-45cf-ae37-003febf346ef","2021-06-23T12:12:54+00:00"
"3f705af0-bf1b-5116-8ece-8314275afa4d",Leverancier,Leverancier,,Kliko,,,,,,Actief,Gemeenten,Gemeente,"91a2ab0f-25aa-43bd-b4e6-c8ef360fa0f2","2025-09-16T09:35:43+00:00"
"4e3f8f87-7905-52d0-a298-d7a7d6aeaa42",Leverancier,Leverancier,,Kliko groep,,,,,,Actief,Gemeenten,Gemeente,af185a56-58cd-4a45-88b0-9e7d34f398d8,"2024-05-03T10:40:02+00:00"
a4cfd5bd-eb21-52f3-a01b-ae7fd452be6c,Leverancier,Leverancier,,Klikotronics,,,,,,Actief,Gemeenten,Samenwerking,"9eb5efd8-49b2-403e-af3b-126c782b5305","2015-12-31T13:04:06+00:00"
"91826626-dfa0-52b8-bd55-871a0fd1164a",Leverancier,Leverancier,,Klimaatatlas,,,,,,Actief,Gemeenten,Gemeente,ab8c21a3-105a-437c-be7e-41553dff6dc4,"2022-01-05T17:37:21+00:00"
caa86468-616a-5e2d-abc6-7527508c91b0,Leverancier,Leverancier,,Klinkende Taal,,,,,,Actief,Gemeenten,Gemeente,db3b997f-5a48-4133-bd9d-5695acf2a521,"2023-06-12T15:08:04+00:00"
ab562a69-3f4b-5ada-b51b-28045bd4ac0d,Leverancier,Leverancier,,KLPD,,,,,,Actief,Gemeenten,Gemeente,"6ea9357b-c6cb-4702-8e95-baafeaa6b38c","2018-10-26T13:44:43+00:00"
"9a9049a5-6a84-56ae-9dd2-2aaec52d02aa",Leverancier,Leverancier,,Kluwer,,,,,,Actief,Gemeenten,Gemeente,"79a9341e-decf-4010-b2d3-f30d82f4e450","2021-11-10T16:58:00+00:00"
fe7ddcf0-c35a-5f4f-90f7-45eb2c5f0b7a,Leverancier,Leverancier,,KnowledgePlaza,,,,,,Actief,Gemeenten,Gemeente,e033b25b-3b17-4b55-a1f8-2c40a3ece8a7,"2019-02-06T11:52:43+00:00"
a437133e-5672-50a0-95f4-52e8a547af60,Leverancier,Leverancier,,Kodak,,,,,,Actief,Gemeenten,Gemeente,"91a2ab0f-25aa-43bd-b4e6-c8ef360fa0f2","2022-02-14T08:52:09+00:00"
"86f61d16-2283-5911-9031-802557e29dfa",Leverancier,Leverancier,,Kofax,,,,,,Actief,Gemeenten,Gemeente,"8d6548e4-da96-4d52-b866-db16bea7bb1a","2023-10-12T14:20:50+00:00"
"5b5a8649-7c6c-567f-bf5f-5f9081e7f054",Leverancier,Leverancier,,Kompan,,,,,,Actief,Gemeenten,Gemeente,"22633027-4e8d-40c6-ae79-e15405728f19","2017-02-08T12:00:11+00:00"
"770329fa-c3f1-5367-8573-559d1158315f",Leverancier,Leverancier,,Kompozer,,,,,,Actief,Gemeenten,Gemeente,"098fa2df-f721-4d5d-802f-d555af15639d","2022-09-07T11:20:38+00:00"
"5d9427f8-ef93-5415-9a87-a3d9121cff3f",Leverancier,Leverancier,,Kondar Taxatiebureau,,,,,,Actief,Gemeenten,Gemeente,"1e5f65a2-1b5d-4124-920b-66b1399d35e4","2015-12-22T23:51:37+00:00"
a0f4c256-9f91-52d3-b60c-58a2b2413aaf,Leverancier,Leverancier,,Konica,,,,,,Actief,Gemeenten,Gemeente,"85b4ae27-bba1-4239-b041-b17ae7bf6641","2020-04-23T15:36:24+00:00"
"26a81d1f-ab08-5792-b9a3-2cab93c2c950",Leverancier,Leverancier,,Konica Minolta,,,,,,Actief,Gemeenten,Gemeente,bb5ad246-416d-4efa-9ff8-9bcfa884f9db,"2019-11-20T11:59:02+00:00"
"3c83a83c-9a9e-5167-b2ee-52d98e10e785",Leverancier,Leverancier,,Koninklijke Eijsbouts,,,,,,Actief,Gemeenten,Gemeente,b0eea343-8d48-4144-a80d-2022d60c097f,"2015-04-15T13:57:48+00:00"
e4f09bb7-1830-5172-a5fc-489ce4e083be,Leverancier,Leverancier,,KOOP,,,,,,Actief,Gemeenten,Gemeente,"0844b9eb-2d66-445c-a183-1095d7fa0bf7","2024-09-17T09:24:45+00:00"
"37adf633-8486-5a65-b8f4-855cc2ff0714",Leverancier,Leverancier,,KoppelHet,https://koppelhet.nl,test.vng.swc+Mik@gmail.com,+31 23 4567890,,,Actief,Gemeenten,Leverancier,"37adf633-8486-5a65-b8f4-855cc2ff0714","2024-02-01T13:56:01+00:00"
"6d0f0268-e43a-5362-a45f-3d01a7987712",Leverancier,Leverancier,,Kostendekkendheid.nl,,,,,,Actief,Gemeenten,Gemeente,"3fa41daf-5e2d-4da2-a5a8-af0ed195ec13","2023-03-09T13:49:23+00:00"
e87ff5fa-819b-5493-a0f4-d6dc8442faf6,Leverancier,Leverancier,,KPD Automatisering B.V.,,,,,,Actief,Gemeenten,Gemeente,fea3c97a-7d59-47a0-86b0-4f842980a8c3,"2020-02-10T18:15:03+00:00"
e21ed523-ff69-5242-a6cb-534c940ae40f,Leverancier,Leverancier,,KPN Lokale Overheid,https://www.kpnlokaleoverheid.nl,test.vng.swc+Mar@gmail.com,+31 23 4567890,,,Actief,Gemeenten,Leverancier,e21ed523-ff69-5242-a6cb-534c940ae40f,"2014-03-26T10:13:27+00:00"
e21ed523-ff69-5242-a6cb-534c940ae40f,Leverancier,Leverancier,,KPN Lokale Overheid,https://www.kpnlokaleoverheid.nl,test.vng.swc+Mar@gmail.com,+31 23 4567890,,,Actief,Gemeenten,Gemeente,db3b997f-5a48-4133-bd9d-5695acf2a521,"2023-06-12T17:16:53+00:00"
e09e0c00-b775-5589-9621-2c2a35d3af8e,Leverancier,Leverancier,,Kraan Bouwcomputing,,,,,,Actief,Gemeenten,Gemeente,"1f66615f-fa81-44f6-92e3-eadac6b11eca","2017-11-08T09:38:24+00:00"
"6139a4b2-4d31-539d-af1e-49aca7f9fdb0",Leverancier,Leverancier,,Kragten,,,,,,Actief,Gemeenten,Gemeente,"364991e9-f0d6-4aaf-85ec-9cf96e7943b2","2018-05-14T11:34:18+00:00"
"18da3099-a05b-5909-b464-cc74dac93b94",Leverancier,Leverancier,,Kred'it,https://www.kredit.nl,test.vng.swc+Sch@gmail.com,+31 23 4567890,,,Actief,Gemeenten,Leverancier,"18da3099-a05b-5909-b464-cc74dac93b94","2016-04-18T21:12:28+00:00"
"18da3099-a05b-5909-b464-cc74dac93b94",Leverancier,Leverancier,,Kred'it,https://www.kredit.nl,test.vng.swc+Sch@gmail.com,+31 23 4567890,,,Actief,Gemeenten,Gemeente,b71a4bb9-89ab-41e2-9d25-8f8c6754afc9,"2021-07-02T09:57:53+00:00"
d8b6c34c-0bb5-5eaf-9c3d-34d002ed7ef5,Leverancier,Leverancier,,Kredietbank Limburg,,,,,,Actief,Gemeenten,Gemeente,"39a6abee-c408-422c-b3e2-71ed1fd94f90","2018-06-21T16:41:27+00:00"
cbf15794-f34c-59a5-90b3-ebebf54b6cc8,Leverancier,Leverancier,,Kronos Systems B.V.,,,,,,Actief,Gemeenten,Gemeente,e7b34d5f-6917-4aef-8753-bfcb3d07660b,"2019-01-01T18:15:11+00:00"
e69f9e53-1fee-5172-a7ea-af036089ec63,Leverancier,Leverancier,,Kropman Services BV,,,,,,Actief,Gemeenten,Samenwerking,"769b4359-b891-4198-b924-86e1bb7f6cdd","2020-06-10T15:23:57+00:00"
"425eaaae-4cdb-5417-96e6-e3c3579b4f55",Leverancier,Leverancier,,Kuando,,,,,,Actief,Gemeenten,Gemeente,"8adeb567-defe-4dd0-8887-f1c01889308c","2015-09-15T12:48:24+00:00"
d482ad35-9566-5c34-80fd-85801a963a10,Leverancier,Leverancier,,Kubus B.V.,,,,,,Actief,Gemeenten,Gemeente,"2af271e0-a05b-460d-88c9-24c06b6eabe5","2024-11-28T14:05:30+00:00"
f711f41a-412e-5132-b728-9fb55849cef3,Leverancier,Leverancier,,Kuijpers,,,,,,Actief,Gemeenten,Gemeente,"8adeb567-defe-4dd0-8887-f1c01889308c","2015-09-15T09:26:08+00:00"
f2e0422e-b81d-579f-81ec-2f2c37895ee9,Leverancier,Leverancier,,KvD,,,,,,Actief,Gemeenten,Gemeente,"9f6da3f9-8d9c-4ddb-9185-85d8bbaab091","2018-06-12T12:48:04+00:00"
"1c47d71d-219d-5a48-a32f-256861ee25df",Leverancier,Leverancier,,KWIZ,,,,,,Actief,Gemeenten,Gemeente,"6ea9357b-c6cb-4702-8e95-baafeaa6b38c","2018-10-26T16:49:53+00:00"
"524ceb51-28f7-5767-a2b0-9b8238a2808e",Leverancier,Leverancier,,KWR Water Recycle Institute,,,,,,Actief,Gemeenten,Gemeente,"79a9341e-decf-4010-b2d3-f30d82f4e450","2021-07-14T15:19:16+00:00"
f36ef2bb-8487-5e2b-9741-194ab8597e22,Leverancier,Leverancier,,Kyocera,,,,,,Actief,Gemeenten,Gemeente,"364991e9-f0d6-4aaf-85ec-9cf96e7943b2","2018-08-10T10:44:43+00:00"
fb3513c2-f8ce-5b49-a29b-50917ea16e80,Leverancier,Leverancier,,L&M Software,,,,,,Actief,Gemeenten,Gemeente,dea35f50-183b-4d08-9d7b-96a8623def46,"2016-05-27T08:56:38+00:00"
"06dd159e-ffa8-5380-8ca4-d33b15694250",Leverancier,Leverancier,,L2C (Vis2) regieteams,,,,,,Actief,Gemeenten,Gemeente,"79a9341e-decf-4010-b2d3-f30d82f4e450","2021-07-06T15:45:00+00:00"
dd676840-322a-5709-88e1-90d0957fb95b,Leverancier,Leverancier,,L2C (Vis2) schuldhulpverlening,,,,,,Actief,Gemeenten,Gemeente,"79a9341e-decf-4010-b2d3-f30d82f4e450","2021-07-06T15:42:04+00:00"
"4bcc23e0-cbad-5fd9-93aa-dbca33e3f68c",Leverancier,Leverancier,,Lagarde Groep,,,,,,Actief,Gemeenten,Gemeente,"79a9341e-decf-4010-b2d3-f30d82f4e450","2021-09-08T13:39:10+00:00"
"0ff79f38-bee1-5334-9e95-2413d9e192c5",Leverancier,Leverancier,,Lammerink,,,,,,Actief,Gemeenten,Gemeente,"563593bf-81ce-4877-aa87-759b12d821b3","2015-10-26T16:21:55+00:00"
c0d0d5b9-648c-56b5-94e2-c3a8c96ba518,Leverancier,Leverancier,,Lamson Air,,,,,,Actief,Gemeenten,Gemeente,f6760577-58c8-477d-85b7-06796fdfd82d,"2024-05-16T12:41:57+00:00"
"45f9cf9b-02df-5ded-9219-98234628d24b",Leverancier,Leverancier,,Lamson Group,,,,,,Actief,Gemeenten,Gemeente,"4e4992f8-6ef0-452b-9d71-fcad5de41c65","2018-08-09T13:39:48+00:00"
"09b1f60b-7416-53be-9f05-a652c99fa5cf",Leverancier,Leverancier,,Lamson-Q,,,,,,Actief,Gemeenten,Gemeente,"90cb9d65-8a63-4bea-8631-57c9c818c72e","2022-10-24T16:41:32+00:00"
"6e7822ac-881d-545c-8ceb-e12dad42f852",Leverancier,Leverancier,,Landelijk meldpunt afvalstoffen,,,,,,Actief,Gemeenten,Gemeente,c8fd7e56-b681-43b0-a50f-659c48fd5bf5,"2017-08-30T15:51:06+00:00"
ad27be09-11fd-5358-bc40-beea4e1d0706,Leverancier,Leverancier,,Landelijke Overheid,,,,,,Actief,Gemeenten,Gemeente,"11116e43-889d-4f50-92eb-ce630ebafd9e","2025-09-16T15:04:24+00:00"
"4c5de5b0-61e3-5538-923b-620c111258dd",Leverancier,Leverancier,,Landelijke voorziening,,,,,,Actief,Gemeenten,Gemeente,b6a3804a-012d-452e-859d-9955e1bd6bc2,"2023-05-31T17:16:06+00:00"
"1c50b21a-5f47-52d2-ab75-6b9f20047cef",Leverancier,Leverancier,,LANSweeper,,,,,,Actief,Gemeenten,Gemeente,c46223c8-bdca-44e2-b0c0-d6e266257ea9,"2023-06-23T22:32:13+00:00"
"645c34dc-026b-53df-a56c-bd54925604e3",Leverancier,Leverancier,,Laposta,,,,,,Actief,Gemeenten,Gemeente,"751d7216-3be5-4ab2-9d95-40bdbc4444ec","2023-11-08T11:36:02+00:00"
e5a94c95-8a15-5b34-93e9-50fa2116a2be,Leverancier,Leverancier,,Lastpass,,,,,,Actief,Gemeenten,Samenwerking,"0830b6df-4965-4306-97f4-5d0e15b165a0","2021-12-27T15:56:15+00:00"
a580aa9d-0d81-5a3e-81ce-abfa21c85680,Leverancier,Leverancier,,Latitude Geographics Group Ltd.,,,,,,Actief,Gemeenten,Gemeente,"6ea9357b-c6cb-4702-8e95-baafeaa6b38c","2018-10-29T14:44:00+00:00"
"1dd5e548-fe17-53c9-b9f1-2822a930f55e",Leverancier,Leverancier,,Lbvd,,,,,,Actief,Gemeenten,Samenwerking,"49f17690-c60f-4d1e-844c-4e84d473e39a","2018-11-13T15:28:30+00:00"
b253d533-3f09-5b4c-827b-483e6cd5058e,Leverancier,Leverancier,,LCT,,,,,,Actief,Gemeenten,Gemeente,"4d385e00-86bb-423e-86dc-1ec0629b5200","2016-03-31T14:57:25+00:00"
debca4ef-fc37-567b-97a9-b8909fd4038e,Leverancier,Leverancier,,LDC Business,https://www.ldc.nl,test.vng.swc+Mau@gmail.com,+31 23 4567890,,,Actief,Gemeenten,Leverancier,debca4ef-fc37-567b-97a9-b8909fd4038e,"2015-06-15T10:12:48+00:00"
"6ff27142-e7c7-52c0-8bbf-8d9c90aedd2f",Leverancier,Leverancier,,Leftclick,,,,,,Actief,Gemeenten,Gemeente,"91a2ab0f-25aa-43bd-b4e6-c8ef360fa0f2","2023-01-03T12:24:46+00:00"
a7fc9ed8-b413-5deb-b316-91f2a84ea8be,Leverancier,Leverancier,,Legal Intelligence,,,,,,Actief,Gemeenten,Gemeente,"11116e43-889d-4f50-92eb-ce630ebafd9e","2025-08-04T16:11:17+00:00"
"15f962c2-6135-53f6-8b1a-3a5f0321ba9a",Leverancier,Leverancier,,Leica Geosystems,,,,,,Actief,Gemeenten,Gemeente,"4f0860d5-d31c-4a4d-9ec2-541bfe72860f","2024-04-12T14:24:11+00:00"
"3b8369c4-6f65-51e9-ad9c-af29236cf235",Leverancier,Leverancier,,Leitec,,,,,,Actief,Gemeenten,Samenwerking,f85a6bf9-4478-481b-a1b6-d7a5ea1fa647,"2019-09-26T11:13:58+00:00"
"2421a5e2-a1c0-5549-a846-37685c859c96",Leverancier,Leverancier,,Lenel,,,,,,Actief,Gemeenten,Gemeente,"91a2ab0f-25aa-43bd-b4e6-c8ef360fa0f2","2022-02-24T10:22:11+00:00"
"7c7f5d04-9fad-5569-b21d-446c4a811f9b",Leverancier,Leverancier,,Level,,,,,,Actief,Gemeenten,Gemeente,"1f66615f-fa81-44f6-92e3-eadac6b11eca","2025-06-17T13:21:55+00:00"
"0dc93642-1078-5e2a-a2b3-c2079930d85c",Leverancier,Leverancier,,Level Level,https://level-level.com/nl,test.vng.swc+Tae@gmail.com,+31 23 4567890,,,Actief,Gemeenten,Leverancier,"0dc93642-1078-5e2a-a2b3-c2079930d85c","2024-07-24T16:35:26+00:00"
"42544e9f-f64a-5382-a760-c3ccf27945b3",Leverancier,Leverancier,,Lexima,,,,,,Actief,Gemeenten,Gemeente,f5e9de66-fa74-407e-a061-331a2cf226f5,"2016-12-07T10:05:21+00:00"
"71f1bbd2-8171-571f-83fa-b5eafb6ce7fc",Leverancier,Leverancier,,LexisNexis,,,,,,Actief,Gemeenten,Gemeente,"91a2ab0f-25aa-43bd-b4e6-c8ef360fa0f2","2023-01-03T12:07:57+00:00"
"4f4d518a-64c6-5ce9-84d8-e34fe41e8a57",Leverancier,Leverancier,,Lexmark International B.V.,,,,,,Actief,Gemeenten,Samenwerking,f85a6bf9-4478-481b-a1b6-d7a5ea1fa647,"2019-09-26T10:54:43+00:00"
c4c9ab13-3b4e-53dd-9108-acf2f64e8d9a,Leverancier,Leverancier,,Liaan,,,,,,Actief,Gemeenten,Samenwerking,a72de2d1-9a5a-462f-92e4-a79986d89109,"2023-06-22T15:34:01+00:00"
a2cbf101-6be1-598c-8043-eb39a0bba60f,Leverancier,Leverancier,,Liaan Consult,,,,,,Actief,Gemeenten,Gemeente,f6760577-58c8-477d-85b7-06796fdfd82d,"2019-08-26T14:53:08+00:00"
"179b4523-3e2c-5c26-8761-3b8078dcea11",Leverancier,Leverancier,,Liander,,,,,,Actief,Gemeenten,Gemeente,b0eea343-8d48-4144-a80d-2022d60c097f,"2021-05-17T16:18:20+00:00"
e3523102-b1b0-5efb-be5a-674754215a38,Leverancier,Leverancier,,LIAS,,,,,,Actief,Gemeenten,Gemeente,"9fa07799-c3c5-47de-b1f9-f5b36964c3af","2014-07-01T16:30:52+00:00"
af497626-4101-5b35-9e38-c61b9a46703d,Leverancier,Leverancier,,Lias Content,,,,,,Actief,Gemeenten,Gemeente,"9074dcb3-7fa3-4e32-b8df-891f5a54c3b4","2022-01-05T16:30:06+00:00"
"823c3a6a-a06e-5960-9ae6-85278361ca39",Leverancier,Leverancier,,Lias Inergy,,,,,,Actief,Gemeenten,Gemeente,"3f8a0f92-979c-4cae-9ddf-7147a036d60b","2023-06-05T13:31:34+00:00"
f76c4bd2-50be-5503-9ad1-56d56fdc65b9,Leverancier,Leverancier,,LIAS PAUW,,,,,,Actief,Gemeenten,Gemeente,"098fa2df-f721-4d5d-802f-d555af15639d","2022-09-05T11:02:15+00:00"
c82fe371-f1dd-54b9-b418-b2c74939ce31,Leverancier,Leverancier,,LIAS Software B.V.,,,,,,Actief,Gemeenten,Gemeente,d70e7220-833b-4bd6-ba32-b8dec10a9b89,"2019-10-09T10:49:16+00:00"
cc2fc475-d3b5-5d30-875f-dbdb388f290b,Leverancier,Leverancier,,Libereaux,,,,,,Actief,Gemeenten,Gemeente,b0eea343-8d48-4144-a80d-2022d60c097f,"2017-10-16T09:33:48+00:00"
"2f87190d-8653-5c4a-a06a-1aa96018c153",Leverancier,Leverancier,,Licht Management Systeem,https://lichtmanagementsysteem.nl,test.vng.swc+Nie@gmail.com,+31 23 4567890,,,Actief,Gemeenten,Leverancier,"2f87190d-8653-5c4a-a06a-1aa96018c153","2023-08-21T10:59:55+00:00"
a93f0bef-b3f9-53ab-8318-2a0adfc47f7e,Leverancier,Leverancier,,Lifecycle Technology,https://www.lifecycle-tech.com,test.vng.swc+Tkr@gmail.com,+31 23 4567890,,,Actief,Gemeenten,Leverancier,a93f0bef-b3f9-53ab-8318-2a0adfc47f7e,"2017-05-01T10:55:44+00:00"
a93f0bef-b3f9-53ab-8318-2a0adfc47f7e,Leverancier,Leverancier,,Lifecycle Technology,https://www.lifecycle-tech.com,test.vng.swc+Tkr@gmail.com,+31 23 4567890,,,Actief,Gemeenten,Gemeente,b0eea343-8d48-4144-a80d-2022d60c097f,"2018-03-14T10:56:36+00:00"
da0fd373-c124-5395-90ba-dbe3cadc8429,Leverancier,Leverancier,,Lighting Reality Ltd,,,,,,Actief,Gemeenten,Gemeente,f6760577-58c8-477d-85b7-06796fdfd82d,"2019-08-14T08:50:56+00:00"
"4bd5d795-b21d-57a4-b3aa-496e138ac846",Leverancier,Leverancier,,Linfosys,,,,,,Actief,Gemeenten,Gemeente,"60845a9b-6ddd-417f-ad71-e99cf4b0780d","2017-05-17T10:21:42+00:00"
"2abdf668-110f-59d6-a350-4416ce95c3bc",Leverancier,Leverancier,,Link2Control,,,,,,Actief,Gemeenten,Gemeente,d61f60cf-d3de-458c-86e6-0e2d27b3757e,"2020-11-24T10:11:37+00:00"
"6674f87a-a8c5-5986-858a-715d652027b4",Leverancier,Leverancier,,Linkinternet & Deel 2,,,,,,Actief,Gemeenten,Gemeente,"79a9341e-decf-4010-b2d3-f30d82f4e450","2021-04-13T15:55:35+00:00"
"99eeb2a2-7951-59ac-b49f-45c5c74aa0d1",Leverancier,Leverancier,,LiveChat,,,,,,Actief,Gemeenten,Gemeente,"1f66615f-fa81-44f6-92e3-eadac6b11eca","2017-11-08T09:51:45+00:00"
c57c0b85-e08a-5dc9-8995-f28982280fff,Leverancier,Leverancier,,LiveOp via Veiligheidsregio Flevoland,,,,,,Actief,Gemeenten,Gemeente,"3f8a0f92-979c-4cae-9ddf-7147a036d60b","2023-06-05T14:19:06+00:00"
a8d05531-122b-5792-87d0-fff239c3eb9c,Leverancier,Leverancier,,LMA,,,,,,Actief,Gemeenten,Samenwerking,"4a0233a4-ea38-47ae-86f5-e3bd348b8deb","2020-07-16T10:20:35+00:00"
"2b034144-ff04-564b-9aac-aadbc7febb60",Leverancier,Leverancier,,LMA (Landelijk Meldpunt Afval),,,,,,Actief,Gemeenten,Gemeente,"79a9341e-decf-4010-b2d3-f30d82f4e450","2021-05-18T15:11:03+00:00"
"5e797b0c-83ce-5d31-8acc-3585e90c131a",Leverancier,Leverancier,,LNR Globalcom,,,,,,Actief,Gemeenten,Gemeente,"11116e43-889d-4f50-92eb-ce630ebafd9e","2021-12-08T14:59:30+00:00"
a90ca754-3485-5610-80a0-faf43b99d6f0,Leverancier,Leverancier,,Lobster,https://www.lobster-world.com/nl,test.vng.swc+Jim@gmail.com,+31 23 4567890,,,Actief,Gemeenten,Leverancier,a90ca754-3485-5610-80a0-faf43b99d6f0,"2021-01-04T09:07:17+00:00"
"1f2d17a7-8230-57b3-9702-bd0381024329",Leverancier,Leverancier,,Local Traffic Control,,,,,,Actief,Gemeenten,Gemeente,"8d3cd712-dfde-40d9-afcd-d4a841eec50b","2017-05-11T20:28:20+00:00"
"544107ce-29ef-54e5-b31c-1b64083e7af7",Leverancier,Leverancier,,Locatus,,,,,,Actief,Gemeenten,Gemeente,"563593bf-81ce-4877-aa87-759b12d821b3","2022-08-12T10:42:29+00:00"
d49415dc-6086-501e-b6d1-35b82d122b04,Leverancier,Leverancier,,Lockbasemanager,,,,,,Actief,Gemeenten,Gemeente,"3f8a0f92-979c-4cae-9ddf-7147a036d60b","2023-06-02T11:50:44+00:00"
"68e226a5-5397-53a6-a37b-2db9ee3e0a68",Leverancier,Leverancier,,Logan ICT Services BV,,,,,,Actief,Gemeenten,Gemeente,"38b23e24-b2c9-410e-83ce-44e66bfba429","2016-02-26T12:20:45+00:00"
abe00c8a-2822-5eef-b415-7133b0236a3f,Leverancier,Leverancier,,Logihuis,,,,,,Actief,Gemeenten,Gemeente,"81286a6e-ac05-451f-8f7b-f8b5111bd530","2017-04-11T11:41:24+00:00"
"59ef24e0-c9d2-5ce2-803c-8d4d40682afb",Leverancier,Leverancier,,Logis.P,https://www.logisp.nl,test.vng.swc+Duu@gmail.com,+31 23 4567890,,,Actief,Gemeenten,Leverancier,"59ef24e0-c9d2-5ce2-803c-8d4d40682afb","2016-08-08T09:36:15+00:00"
"59ef24e0-c9d2-5ce2-803c-8d4d40682afb",Leverancier,Leverancier,,Logis.P,https://www.logisp.nl,test.vng.swc+Duu@gmail.com,+31 23 4567890,,,Actief,Gemeenten,Gemeente,b70f1957-81dd-42da-b299-c5fd25c188d4,"2017-04-19T13:25:56+00:00"
"5ad84c37-4db2-5381-8f86-cb7f59c3658c",Leverancier,Leverancier,,Logisal,,,,,,Actief,Gemeenten,Gemeente,"963a9aa4-e02a-4f3b-93b9-eef410a4d43e","2017-05-12T09:58:59+00:00"
"660f3792-b81e-55a0-ba3d-c55662d7025f",Leverancier,Leverancier,,Logistiek Zonder Papier,,,,,,Actief,Gemeenten,Samenwerking,"86aa66a7-4802-4d73-95d7-0d4e7ca98255","2019-03-20T09:39:05+00:00"
"414c2a8c-16a7-5289-b3c2-cf1716767d4e",Leverancier,Leverancier,,Logitech,,,,,,Actief,Gemeenten,Gemeente,"11116e43-889d-4f50-92eb-ce630ebafd9e","2025-09-22T15:52:43+00:00"
"4cb710ec-bb18-56bf-9329-ddceea70d93a",Leverancier,Leverancier,,Logitime Nederland B.V.,,,,,,Actief,Gemeenten,Gemeente,"78c5ab73-a49c-432e-9ae1-aab6cf7cc0f7","2015-10-07T11:55:48+00:00"
b12772fe-87a4-5bba-924e-8bcb99b88928,Leverancier,Leverancier,,Logius,,,,,,Actief,Gemeenten,Gemeente,"177e9e85-87e5-4a3c-bad4-b78b2f6c3887","2024-11-14T09:26:31+00:00"
"8508c343-b6c8-5ccc-a2e4-4374396f9294",Leverancier,Leverancier,,Logmein,,,,,,Actief,Gemeenten,Gemeente,b0eea343-8d48-4144-a80d-2022d60c097f,"2021-03-15T16:01:03+00:00"
"72c8847d-2de4-54d4-8762-fa2ce3094e82",Leverancier,Leverancier,,Loket31,,,,,,Actief,Gemeenten,Gemeente,"3fa41daf-5e2d-4da2-a5a8-af0ed195ec13","2024-12-17T14:27:27+00:00"
"31dfc979-d556-5484-856d-62d5ca8b500b",Leverancier,Leverancier,,Loo van Eck,,,,,,Actief,Gemeenten,Gemeente,cd3ad582-40da-4de1-a230-fcfd33fef75e,"2019-07-04T13:29:48+00:00"
"81f7ccff-0aa5-5a01-a2d1-6886454fae16",Leverancier,Leverancier,,Loonsom Bapi,,,,,,Actief,Gemeenten,Samenwerking,"49f17690-c60f-4d1e-844c-4e84d473e39a","2015-07-29T09:03:45+00:00"
f91e43e6-8312-5a44-8e37-bc4db1bed44c,Leverancier,Leverancier,,Lost Lemon,,,,,,Actief,Gemeenten,Gemeente,db3b997f-5a48-4133-bd9d-5695acf2a521,"2023-06-12T15:22:54+00:00"
"996ce5f1-8ba4-5a54-a9fb-fbdbd4e4aa0f",Leverancier,Leverancier,,Lotus Notes,,,,,,Actief,Gemeenten,Gemeente,db3b997f-5a48-4133-bd9d-5695acf2a521,"2023-06-12T15:31:13+00:00"
"2a06082a-e230-592d-9512-1ab4e9c57ba9",Leverancier,Leverancier,,Loyaltygroup,,,,,,Actief,Gemeenten,Gemeente,"8908e84f-8ac2-41be-8cd8-95adbacf48df","2021-07-26T14:47:04+00:00"
"0d2f1aa9-5fd7-5bd9-a575-ea91da056304",Leverancier,Leverancier,,Lucom Benelux BV,https://www.lucom.com,test.vng.swc+Nat@gmail.com,+31 23 4567890,,,Actief,Gemeenten,Leverancier,"0d2f1aa9-5fd7-5bd9-a575-ea91da056304","2016-03-25T13:14:05+00:00"
"0d2f1aa9-5fd7-5bd9-a575-ea91da056304",Leverancier,Leverancier,,Lucom Benelux BV,https://www.lucom.com,test.vng.swc+Nat@gmail.com,+31 23 4567890,,,Actief,Gemeenten,Gemeente,"8d3cd712-dfde-40d9-afcd-d4a841eec50b","2017-06-23T15:23:51+00:00"
"15f3a487-1553-53df-874f-fafdd5c6bfd8",Leverancier,Leverancier,,Lumen Civitas,https://www.lumencivitas.nl,test.vng.swc+Gun@gmail.com,+31 23 4567890,,,Actief,Gemeenten,Leverancier,"15f3a487-1553-53df-874f-fafdd5c6bfd8","2020-02-24T10:37:11+00:00"
fb6eb434-6ca2-5d11-8b2e-33e84042a76e,Leverancier,Leverancier,,Lumi Guide Nederland,,,,,,Actief,Gemeenten,Gemeente,"79a9341e-decf-4010-b2d3-f30d82f4e450","2021-07-06T16:25:18+00:00"
f23df427-7b07-5b35-99dd-a294647196cb,Leverancier,Leverancier,,Luminext,,,,,,Actief,Gemeenten,Gemeente,"11116e43-889d-4f50-92eb-ce630ebafd9e","2025-08-12T11:14:27+00:00"
"90ef310f-95d3-5e2f-85c4-9da4545f364e",Leverancier,Leverancier,,Luxology LLC,,,,,,Actief,Gemeenten,Samenwerking,"35537ae8-70b1-4ea8-ae6a-dd9a31e1b3b8","2017-07-27T10:00:16+00:00"
a6c88430-dc6b-5b18-a934-108551a1314c,Leverancier,Leverancier,,LVP,,,,,,Actief,Gemeenten,Gemeente,"53873206-6267-4cc5-b24a-726e0e013ac3","2025-07-21T08:33:10+00:00"
f93c079e-4186-5548-b48d-89a93b596d7a,Leverancier,Leverancier,,Lyfter,https://lyfter.nl,test.vng.swc+Eri@gmail.com,+31 23 4567890,,,Actief,Gemeenten,Leverancier,f93c079e-4186-5548-b48d-89a93b596d7a,"2023-01-09T11:18:51+00:00"
f376a6cf-e067-5291-8f85-19f9951502cf,Leverancier,Leverancier,,LZP,,,,,,Actief,Gemeenten,Gemeente,"91a2ab0f-25aa-43bd-b4e6-c8ef360fa0f2","2025-09-05T09:18:34+00:00"
ad4fe4d6-8d8a-5ea8-a7ab-ce74fcdaec67,Leverancier,Leverancier,,M-Color,,,,,,Actief,Gemeenten,Gemeente,"098fa2df-f721-4d5d-802f-d555af15639d","2022-09-07T11:21:48+00:00"
f459f6dd-a132-572d-9c74-24d03fe38bb4,Leverancier,Leverancier,,MAAT Software,,,,,,Actief,Gemeenten,Gemeente,"4d385e00-86bb-423e-86dc-1ec0629b5200","2016-04-01T10:19:02+00:00"
"7e8ee600-8628-5281-a603-7880535e765f",Leverancier,Leverancier,,Maatwerk community/gemeente Rotterdam,,,,,,Actief,Gemeenten,Gemeente,"1f41e9e0-ac4d-471d-850a-9c083103667d","2014-08-27T15:22:35+00:00"
"6893d038-9839-5384-b62c-f09b595f0347",Leverancier,Leverancier,,Maatwerk gemeente Den Haag,,,,,,Actief,Gemeenten,Gemeente,"1f41e9e0-ac4d-471d-850a-9c083103667d","2014-08-27T16:10:29+00:00"
"25c47b27-3853-5359-acf5-2a9f8d156457",Leverancier,Leverancier,,"Maatwerk, eigen ontwikkeling",,,,,,Actief,Gemeenten,Gemeente,"8c3363d7-2269-49fd-ac71-5b4e9b809ed3","2015-12-08T16:15:57+00:00"
"5e67770f-e77b-5fa7-bac0-3fd955cd3b85",Leverancier,Leverancier,,Macromedia,,,,,,Actief,Gemeenten,Gemeente,"751d7216-3be5-4ab2-9d95-40bdbc4444ec","2016-05-24T14:16:44+00:00"
ee8cdb24-9ea5-50af-979f-f110421aab55,Leverancier,Leverancier,,Macromedia; Adobe (in 2007 gestopt met onderhoud),,,,,,Actief,Gemeenten,Gemeente,"6ea9357b-c6cb-4702-8e95-baafeaa6b38c","2018-10-26T17:08:55+00:00"
de69a1ff-108c-5976-9d85-3e2049d79167,Leverancier,Leverancier,,Macrovision,,,,,,Actief,Gemeenten,Gemeente,"1f66615f-fa81-44f6-92e3-eadac6b11eca","2017-11-08T19:29:37+00:00"
"7ae1153c-9eba-5219-9a94-a0b7ed79b20e",Leverancier,Leverancier,,Magnaversum,,,,,,Actief,Gemeenten,Samenwerking,"7b92c77f-e71f-42a5-8fcb-539cbc55740c","2019-11-18T14:10:20+00:00"
"14c1a987-cf41-588c-87e8-d1cd566fd28f",Leverancier,Leverancier,,Magpie Solutions,,,,,,Actief,Gemeenten,Gemeente,f6760577-58c8-477d-85b7-06796fdfd82d,"2019-11-11T11:39:11+00:00"
af789924-1a6b-5163-b8b8-484dba98079b,Leverancier,Leverancier,,Mailchimp,,,,,,Actief,Gemeenten,Gemeente,"79a9341e-decf-4010-b2d3-f30d82f4e450","2021-07-14T14:55:23+00:00"
"739efe2c-3ec5-548b-813e-e26e1bcf4221",Leverancier,Leverancier,,MAIN Solutions,,,,,,Actief,Gemeenten,Gemeente,"1880c34d-da3f-4e29-8a36-49f96e2e0392","2016-11-16T13:01:31+00:00"
bf501493-00f4-5610-8c49-90c562ea47fb,Leverancier,Leverancier,,Mais,,,,,,Actief,Gemeenten,Gemeente,"6ea9357b-c6cb-4702-8e95-baafeaa6b38c","2018-10-26T17:17:27+00:00"
c5e1477e-9bdb-5464-8841-e9446491ae3a,Leverancier,Leverancier,,Malengo,,,,,,Actief,Gemeenten,Gemeente,d492c8e6-bc8d-453f-9ab7-a4c6690cbe62,"2017-06-01T12:49:28+00:00"
bce4a365-3827-53a8-9128-324fa607b319,Leverancier,Leverancier,,Malengo_ incis,,,,,,Actief,Gemeenten,Gemeente,"6ea9357b-c6cb-4702-8e95-baafeaa6b38c","2018-10-26T11:36:10+00:00"
"95a91752-47c6-56a9-880c-24df8e6bc497",Leverancier,Leverancier,,ManageEngine,,,,,,Actief,Gemeenten,Gemeente,c46223c8-bdca-44e2-b0c0-d6e266257ea9,"2023-06-23T22:43:14+00:00"
"6603b0d5-a457-5e62-b02c-2075d8562b43",Leverancier,Leverancier,,Management Systems,,,,,,Actief,Gemeenten,Gemeente,"269a3750-61f1-41f0-b03b-e53ab7eb6315","2021-10-29T09:51:56+00:00"
"94f36d37-d4c1-5211-b154-51a26a1aa2c3",Leverancier,Leverancier,,Manisoft,,,,,,Actief,Gemeenten,Gemeente,e7b34d5f-6917-4aef-8753-bfcb3d07660b,"2019-01-01T18:16:01+00:00"
"7e6a5c56-a1b2-5b94-b4a8-319b66bf43cd",Leverancier,Leverancier,,Mansveld,,,,,,Actief,Gemeenten,Gemeente,"0889ef9c-e5b4-4ef1-a92a-bb31f8562073","2016-10-18T09:12:41+00:00"
"0049da8c-546a-5154-b57a-b6d5f73a6d5c",Leverancier,Leverancier,,Mantrac Xtrac,,,,,,Actief,Gemeenten,Gemeente,"098fa2df-f721-4d5d-802f-d555af15639d","2022-08-31T16:10:07+00:00"
"1b0a8175-f0f7-5980-92e0-f551b5c7aa69",Leverancier,Leverancier,,Maperitive,,,,,,Actief,Gemeenten,Gemeente,"7d0697a4-c69c-4e05-ba08-5a2516c21363","2019-03-07T10:54:47+00:00"
"36aa92c0-4d83-53f3-87d3-97ca546caf1f",Leverancier,Leverancier,,MapGear,https://www.mapgear.nl,test.vng.swc+W@gmail.com,+31 23 4567890,,,Actief,Gemeenten,Leverancier,"36aa92c0-4d83-53f3-87d3-97ca546caf1f","2024-01-15T09:32:17+00:00"
cb564701-071f-56ad-9c73-67cd17a80834,Leverancier,Leverancier,,Mapinfo,,,,,,Actief,Gemeenten,Samenwerking,"49f17690-c60f-4d1e-844c-4e84d473e39a","2018-08-10T14:22:11+00:00"
"4be20209-73cc-5f96-a6c6-d821cc8cea7d",Leverancier,Leverancier,,Mapsup,,,,,,Actief,Gemeenten,Gemeente,"79a9341e-decf-4010-b2d3-f30d82f4e450","2021-11-10T13:16:00+00:00"
"0d678229-967e-5025-b16f-b03dca82d32c",Leverancier,Leverancier,,MarQit,,,,,,Actief,Gemeenten,Gemeente,"8d3cd712-dfde-40d9-afcd-d4a841eec50b","2016-01-06T11:38:10+00:00"
"2b8b0fb7-5652-51a4-bd24-9a49c7842f7d",Leverancier,Leverancier,,Marval,,,,,,Actief,Gemeenten,Gemeente,d55fabda-c229-491d-a9f6-a339bb89f736,"2014-07-01T16:30:52+00:00"
"419ab8c3-d797-5940-ab52-f4ff19c661a7",Leverancier,Leverancier,,Matchcare,https://www.matchcare.nl,test.vng.swc+And@gmail.com,,,,Actief,Gemeenten,Leverancier,"419ab8c3-d797-5940-ab52-f4ff19c661a7","2014-03-26T10:13:27+00:00"
"419ab8c3-d797-5940-ab52-f4ff19c661a7",Leverancier,Leverancier,,Matchcare,https://www.matchcare.nl,test.vng.swc+And@gmail.com,,,,Actief,Gemeenten,Gemeente,"1f66615f-fa81-44f6-92e3-eadac6b11eca","2017-11-10T13:17:59+00:00"
"58947ebc-8ff4-5456-810a-258659e8fb43",Leverancier,Leverancier,,Matrix,,,,,,Actief,Gemeenten,Gemeente,"79a9341e-decf-4010-b2d3-f30d82f4e450","2021-04-06T14:25:36+00:00"
"4e1d2fb7-e3ad-5ed0-b967-2869119e1c36",Leverancier,Leverancier,,Matrix Software,,,,,,Actief,Gemeenten,Gemeente,"3f8a0f92-979c-4cae-9ddf-7147a036d60b","2023-06-05T13:40:39+00:00"
cd2809e4-1cba-564a-9240-a3756edc9059,Leverancier,Leverancier,,Mavim,https://www.mavim.nl,test.vng.swc+Ben@gmail.com,+31 23 4567890,,,Actief,Gemeenten,Leverancier,cd2809e4-1cba-564a-9240-a3756edc9059,"2015-11-30T18:48:18+00:00"
cd2809e4-1cba-564a-9240-a3756edc9059,Leverancier,Leverancier,,Mavim,https://www.mavim.nl,test.vng.swc+Ben@gmail.com,+31 23 4567890,,,Actief,Gemeenten,Gemeente,f5e9de66-fa74-407e-a061-331a2cf226f5,"2016-12-07T10:46:31+00:00"
"72bf07d6-846c-5385-add2-fc7d50e1f0b1",Leverancier,Leverancier,,Max VTR,,,,,,Actief,Gemeenten,Gemeente,c8fd7e56-b681-43b0-a50f-659c48fd5bf5,"2017-09-12T16:36:45+00:00"
"7e5ca35e-e972-565d-86ef-567ed042a588",Leverancier,Leverancier,,Maxd'oro,,,,,,Actief,Gemeenten,Gemeente,"79a9341e-decf-4010-b2d3-f30d82f4e450","2021-06-29T12:42:01+00:00"
f0049c87-6467-536c-ad4e-62aa4d962d79,Leverancier,Leverancier,,Maxdoro,https://www.maxdoro.nl,test.vng.swc+Tje@gmail.com,,,,Actief,Gemeenten,Leverancier,f0049c87-6467-536c-ad4e-62aa4d962d79,"2015-11-26T17:27:37+00:00"
b3a6e562-605f-529d-99c8-b0f522461e6f,Leverancier,Leverancier,,Maxdoro B.V.,,,,,,Actief,Gemeenten,Gemeente,"963a9aa4-e02a-4f3b-93b9-eef410a4d43e","2017-05-03T11:28:22+00:00"
"4c741190-3491-5517-993c-bc63c94ae3d6",Leverancier,Leverancier,,Maximedia,,,,,,Actief,Gemeenten,Gemeente,ddf0e7af-285a-4853-ad18-dce8f58c7d5f,"2018-11-21T10:52:58+00:00"
"4c9b9328-e074-58d4-a505-d3938de83645",Leverancier,Leverancier,,Maykin,https://www.maykinmedia.nl/nl,test.vng.swc+Joe@gmail.com,+31 23 4567890,,,Actief,Gemeenten,Leverancier,"4c9b9328-e074-58d4-a505-d3938de83645","2022-03-29T09:58:30+00:00"
ffafa034-f019-52b1-a050-c6df766a9915,Leverancier,Leverancier,,McAfee,,,,,,Actief,Gemeenten,Gemeente,"79a9341e-decf-4010-b2d3-f30d82f4e450","2021-07-14T15:04:43+00:00"
"0487d0db-36d1-5bcc-b2de-781ae846c63b",Leverancier,Leverancier,,MediPoint,,,,,,Actief,Gemeenten,Gemeente,ddf0e7af-285a-4853-ad18-dce8f58c7d5f,"2022-09-05T11:30:43+00:00"
ee683fea-c94a-5c7d-a1d3-b504c784fbdc,Leverancier,Leverancier,,Mee.nl,,,,,,Actief,Gemeenten,Gemeente,"098fa2df-f721-4d5d-802f-d555af15639d","2022-09-07T16:34:43+00:00"
d02dd884-1ec1-5795-b034-49cc45e2de60,Leverancier,Leverancier,,Meester Automatisering,,,,,,Actief,Gemeenten,Gemeente,"751d7216-3be5-4ab2-9d95-40bdbc4444ec","2016-05-24T12:56:39+00:00"
"1d0fbabd-a055-5245-b576-d723ee321f9c",Leverancier,Leverancier,,Meetel,,,,,,Actief,Gemeenten,Gemeente,ddf0e7af-285a-4853-ad18-dce8f58c7d5f,"2016-12-23T12:27:34+00:00"
"05d016f1-8579-51bf-a9e2-2f2d67185765",Leverancier,Leverancier,,Meetnet BV,,,,,,Actief,Gemeenten,Gemeente,"79a9341e-decf-4010-b2d3-f30d82f4e450","2021-07-14T15:25:39+00:00"
"749cf373-2a54-5fd6-937c-4be5f1927f41",Leverancier,Leverancier,,Meld misdaad anoniem,,,,,,Actief,Gemeenten,Gemeente,db3b997f-5a48-4133-bd9d-5695acf2a521,"2023-06-12T15:53:54+00:00"
e4d3170f-c6b4-51de-b9f1-1f389a007817,Leverancier,Leverancier,,Meldeenvermoeden,,,,,,Actief,Gemeenten,Gemeente,"90cb9d65-8a63-4bea-8631-57c9c818c72e","2020-05-11T10:57:34+00:00"
a2300ca1-09b9-5c65-9d88-6ca9d620e546,Leverancier,Leverancier,,Mellon,,,,,,Actief,Gemeenten,Gemeente,"79a9341e-decf-4010-b2d3-f30d82f4e450","2021-11-10T16:38:03+00:00"
a3145f78-c4cd-5c75-835c-267bc1683ad8,Leverancier,Leverancier,,Mendix Cloud,,,,,,Actief,Gemeenten,Gemeente,db3b997f-5a48-4133-bd9d-5695acf2a521,"2023-06-12T15:59:55+00:00"
"5690aabe-a547-5fb7-afd4-0a2ee34188b6",Leverancier,Leverancier,,Mensken,https://www.mensken.com/nl,test.vng.swc+Bor@gmail.com,+31 23 4567890,,,Actief,Gemeenten,Leverancier,"5690aabe-a547-5fb7-afd4-0a2ee34188b6","2014-06-10T15:43:53+00:00"
"670b1d2f-6c80-5506-9b39-e198d3a7cbac",Leverancier,Leverancier,,Mentimeter,,,,,,Actief,Gemeenten,Gemeente,db3b997f-5a48-4133-bd9d-5695acf2a521,"2023-06-12T16:01:10+00:00"
"52f3ad22-5934-5b3f-a8f7-431a4116997f",Leverancier,Leverancier,,MER ICT BV,,,,,,Actief,Gemeenten,Gemeente,b0eea343-8d48-4144-a80d-2022d60c097f,"2020-01-16T12:34:58+00:00"
de79abc0-bf0c-571b-b633-a46ae8c8c3e5,Leverancier,Leverancier,,Mercell,,,,,,Actief,Gemeenten,Gemeente,"3b9b7aa7-f794-4a67-a8d8-c517ad1ddbd1","2025-01-16T16:23:54+00:00"
"05a9554e-4ca3-570f-9f96-efb47b02a239",Leverancier,Leverancier,,Merkator,,,,,,Actief,Gemeenten,Gemeente,"62a3ee34-6292-4c81-9da5-61790d8f5240","2020-01-13T09:09:21+00:00"
"537d8ba2-e150-554f-a997-7b5a99ee189a",Leverancier,Leverancier,,Merlin,,,,,,Actief,Gemeenten,Gemeente,e5cb9f1e-3c9f-4a61-b903-651d139a1d43,"2020-09-23T16:28:53+00:00"
f53a449c-d0d0-5796-a7ef-f481ff9f624a,Leverancier,Leverancier,,Mesis,,,,,,Actief,Gemeenten,Gemeente,"0844b9eb-2d66-445c-a183-1095d7fa0bf7","2017-04-04T15:45:44+00:00"
"92a9d261-bdd2-5bd3-8419-e8d8b729cc88",Leverancier,Leverancier,,Met Gezond Boerenverstand,,,,,,Actief,Gemeenten,Gemeente,db7fdd84-bdfd-41d6-8641-0f1e2a954c25,"2019-03-04T14:22:19+00:00"
"66fd38a0-8d92-533d-af02-73030ec6c9f8",Leverancier,Leverancier,,Metafoor Vastgoed en Software,https://www.metafoorvastgoed.nl/p/metafoor-vastgoed-software/vbsonline/b21g6c8o14,test.vng.swc+Leo@gmail.com,+31 23 4567890,,,Actief,Gemeenten,Leverancier,"66fd38a0-8d92-533d-af02-73030ec6c9f8","2014-06-25T09:22:01+00:00"
"66fd38a0-8d92-533d-af02-73030ec6c9f8",Leverancier,Leverancier,,Metafoor Vastgoed en Software,https://www.metafoorvastgoed.nl/p/metafoor-vastgoed-software/vbsonline/b21g6c8o14,test.vng.swc+Leo@gmail.com,+31 23 4567890,,,Actief,Gemeenten,Gemeente,"9aa7afc7-39a5-41f1-a104-91429c495592","2024-08-26T15:27:05+00:00"
fe933ac3-2623-54c5-afbd-ff3cf5eabee6,Leverancier,Leverancier,,Metalogix,,,,,,Actief,Gemeenten,Gemeente,b6a3804a-012d-452e-859d-9955e1bd6bc2,"2017-06-23T15:48:41+00:00"
"823d9df6-8a75-5685-862e-6a19504d72e5",Leverancier,Leverancier,,Metaobjects,https://www.metaobjects.nl,test.vng.swc+R@gmail.com,+31 23 4567890,,,Actief,Gemeenten,Leverancier,"823d9df6-8a75-5685-862e-6a19504d72e5","2014-03-26T10:13:27+00:00"
"823d9df6-8a75-5685-862e-6a19504d72e5",Leverancier,Leverancier,,Metaobjects,https://www.metaobjects.nl,test.vng.swc+R@gmail.com,+31 23 4567890,,,Actief,Gemeenten,Gemeente,"53873206-6267-4cc5-b24a-726e0e013ac3","2022-01-18T17:31:58+00:00"
c4324b98-efac-5b30-b2c8-c154e3cafa7e,Leverancier,Leverancier,,Metaware,https://www.metaware.nl,test.vng.swc+A@gmail.com,+31 23 4567890,,,Actief,Gemeenten,Leverancier,c4324b98-efac-5b30-b2c8-c154e3cafa7e,"2024-08-12T14:38:28+00:00"
bb529a88-7341-5486-a99d-d738d2b364fb,Leverancier,Leverancier,,Meteoconsult,,,,,,Actief,Gemeenten,Gemeente,b0eea343-8d48-4144-a80d-2022d60c097f,"2018-09-28T09:27:36+00:00"
"0167fac1-0ad0-58d5-a94c-b3595ba308ae",Leverancier,Leverancier,,Meteogroup,,,,,,Actief,Gemeenten,Gemeente,"5cb338f0-2fd5-4da2-8d33-54b2065a663a","2015-08-07T11:27:10+00:00"
"421994b5-cbad-5760-b772-5bfecdbf93d4",Leverancier,Leverancier,,MeterInsight Energiemanagement,https://www.meterinsight.com/nl,test.vng.swc+Erw@gmail.com,+31 23 4567890,,,Actief,Gemeenten,Leverancier,"421994b5-cbad-5760-b772-5bfecdbf93d4","2023-02-02T18:45:28+00:00"
bff5d1b7-e951-5972-8aba-fce305b2af5b,Leverancier,Leverancier,,Metrocount,,,,,,Actief,Gemeenten,Samenwerking,"769b4359-b891-4198-b924-86e1bb7f6cdd","2020-06-09T16:38:40+00:00"
"071bc4a1-3199-55c8-b771-6da64e5b35f2",Leverancier,Leverancier,,Metrocount Traffic,,,,,,Actief,Gemeenten,Gemeente,"8d6548e4-da96-4d52-b866-db16bea7bb1a","2015-02-04T17:08:27+00:00"
d75291f5-67f0-5801-a419-cdaebd849617,Leverancier,Leverancier,,Metrum,,,,,,Actief,Gemeenten,Gemeente,d492c8e6-bc8d-453f-9ab7-a4c6690cbe62,"2014-07-23T15:42:21+00:00"
bc4ee526-6dda-5d73-8d8c-504543a9d6b4,Leverancier,Leverancier,,Mett,https://mett.nl,test.vng.swc+Jer@gmail.com,+31 23 4567890,,,Actief,Gemeenten,Leverancier,bc4ee526-6dda-5d73-8d8c-504543a9d6b4,"2025-02-20T10:13:07+00:00"
bc4ee526-6dda-5d73-8d8c-504543a9d6b4,Leverancier,Leverancier,,Mett,https://mett.nl,test.vng.swc+Jer@gmail.com,+31 23 4567890,,,Actief,Gemeenten,Gemeente,ab8c21a3-105a-437c-be7e-41553dff6dc4,"2022-03-28T12:55:26+00:00"
"9c489689-3b4b-5584-afef-bd247d193fea",Leverancier,Leverancier,,Mett.nl,,,,,,Actief,Gemeenten,Gemeente,b6a3804a-012d-452e-859d-9955e1bd6bc2,"2023-05-31T13:28:24+00:00"
af82de7c-0b7f-58b4-ae09-e47cfc83d00c,Leverancier,Leverancier,,MEXTRA,https://www.mextra.nl,test.vng.swc+Gee@gmail.com,+31 23 4567890,,,Actief,Gemeenten,Leverancier,af82de7c-0b7f-58b4-ae09-e47cfc83d00c,"2015-02-19T09:43:13+00:00"
"3be5a6d3-9535-5cb1-8e64-f4f2eebd19b7",Leverancier,Leverancier,,Meyra,,,,,,Actief,Gemeenten,Gemeente,ddf0e7af-285a-4853-ad18-dce8f58c7d5f,"2022-09-05T11:30:04+00:00"
"0754f10d-34da-5084-a034-0c122a70bcdb",Leverancier,Leverancier,,Mic-O-Data,,,,,,Actief,Gemeenten,Gemeente,db3b997f-5a48-4133-bd9d-5695acf2a521,"2023-06-12T16:02:40+00:00"
"6bfbba2b-6ccc-53b1-bf64-68b7cd99725f",Leverancier,Leverancier,,Microlab,,,,,,Actief,Gemeenten,Samenwerking,"25423a74-7a95-44e5-ad48-d3240f2323f5","2017-07-27T09:54:29+00:00"
"35cdbaf1-edc8-5547-be6b-2044857f455a",Leverancier,Leverancier,,Micros,,,,,,Actief,Gemeenten,Samenwerking,"49f17690-c60f-4d1e-844c-4e84d473e39a","2018-11-12T09:53:17+00:00"
"3098bfaf-5206-5abc-946a-3804342d866e",Leverancier,Leverancier,,Micros B.V.,,,,,,Actief,Gemeenten,Gemeente,f6760577-58c8-477d-85b7-06796fdfd82d,"2019-08-20T15:35:14+00:00"
a8193872-a0bb-5801-a67b-3702ad95afa6,Leverancier,Leverancier,,Micros MAS,,,,,,Actief,Gemeenten,Gemeente,"4bfb4c05-0c9d-4138-b0d2-90a09374caf4","2016-02-05T16:13:56+00:00"
"11f32421-18ff-5add-9d11-7cbf216f29ac",Leverancier,Leverancier,,Microsoft,,,,,,Actief,Gemeenten,Gemeente,"3fa41daf-5e2d-4da2-a5a8-af0ed195ec13","2025-09-24T10:57:21+00:00"
"59e7faec-d594-5258-a958-4997c84ba55f",Leverancier,Leverancier,,Microsoft / Zeist,,,,,,Actief,Gemeenten,Gemeente,"751d7216-3be5-4ab2-9d95-40bdbc4444ec","2016-05-26T13:50:03+00:00"
"1d923255-4677-516d-83bc-28876a7c7dd9",Leverancier,Leverancier,,Microsoft Delve,,,,,,Actief,Gemeenten,Gemeente,"41301287-5c86-467d-8afb-7947df0e0b5d","2022-11-21T15:44:57+00:00"
fbca188b-69b3-572a-9746-3424acb9c390,Leverancier,Leverancier,,Midden-Groningen,,,,,,Actief,Gemeenten,Gemeente,db7fdd84-bdfd-41d6-8641-0f1e2a954c25,"2017-07-11T13:53:11+00:00"
"32f849d7-92c3-5ff7-966a-f7d7122947b6",Leverancier,Leverancier,,Migrato,https://migrato.nl,test.vng.swc+Ton@gmail.com,+31 23 4567890,,,Actief,Gemeenten,Leverancier,"32f849d7-92c3-5ff7-966a-f7d7122947b6","2025-09-17T11:18:24+00:00"
"5824fe49-396e-56ed-a1e1-aabb7ad95a9b",Leverancier,Leverancier,,Mijn Kadaster,,,,,,Actief,Gemeenten,Gemeente,db7fdd84-bdfd-41d6-8641-0f1e2a954c25,"2017-06-30T11:16:30+00:00"
"9b7bf559-0c1d-587d-b395-74d677bea16e",Leverancier,Leverancier,,MijnAlbum BV,,,,,,Actief,Gemeenten,Gemeente,db3b997f-5a48-4133-bd9d-5695acf2a521,"2023-06-12T16:08:03+00:00"
ee37d762-6d79-5279-9982-714979b7c382,Leverancier,Leverancier,,Milestone,,,,,,Actief,Gemeenten,Gemeente,"97a3b6fb-90f7-45cf-ae37-003febf346ef","2019-08-06T10:21:51+00:00"
f2f1e87c-cf24-5049-9306-410cfefe062a,Leverancier,Leverancier,,Milestone Systems,,,,,,Actief,Gemeenten,Gemeente,"91a2ab0f-25aa-43bd-b4e6-c8ef360fa0f2","2022-02-16T09:18:15+00:00"
"89a49dcd-945c-5e1b-b456-48456eda51fa",Leverancier,Leverancier,,Milpak,,,,,,Actief,Gemeenten,Gemeente,"6ea9357b-c6cb-4702-8e95-baafeaa6b38c","2018-10-29T16:10:47+00:00"
"5f9f346a-3ee3-51b0-b2fb-4355304e456c",Leverancier,Leverancier,,Min J&V,,,,,,Actief,Gemeenten,Gemeente,"90cb9d65-8a63-4bea-8631-57c9c818c72e","2017-01-25T12:12:22+00:00"
fed79ab9-5de9-566d-a3d2-663a495b4bc3,Leverancier,Leverancier,,Mindjet,,,,,,Actief,Gemeenten,Gemeente,"79a9341e-decf-4010-b2d3-f30d82f4e450","2021-07-14T15:44:37+00:00"
"247e5c42-85a2-5839-b1f2-fcbc417eea2f",Leverancier,Leverancier,,MindYourPass,https://mindyourpass.io/nl,test.vng.swc+Mer@gmail.com,+31 23 4567890,,,Actief,Gemeenten,Leverancier,"247e5c42-85a2-5839-b1f2-fcbc417eea2f","2025-06-04T17:15:05+00:00"
b395d1c7-35e9-5ed8-9974-9beedbf17d04,Leverancier,Leverancier,,Ministerie,,,,,,Actief,Gemeenten,Gemeente,b0eea343-8d48-4144-a80d-2022d60c097f,"2021-03-15T16:03:37+00:00"
"488b45a6-b82e-5b62-b1f5-ce8b469bf1b8",Leverancier,Leverancier,,Ministerie van BZK,,,,,,Actief,Gemeenten,Gemeente,db3b997f-5a48-4133-bd9d-5695acf2a521,"2023-06-12T16:09:01+00:00"
f9b3b916-efb4-5f6f-8337-ca4af8949f9f,Leverancier,Leverancier,,Ministerie van Defensie,,,,,,Actief,Gemeenten,Gemeente,"79a9341e-decf-4010-b2d3-f30d82f4e450","2021-09-08T13:37:34+00:00"
"57e8de12-74b7-5d40-a9e3-82505a0f321d",Leverancier,Leverancier,,Ministerie van Financi�n,,,,,,Actief,Gemeenten,Gemeente,"22633027-4e8d-40c6-ae79-e15405728f19","2017-02-08T11:21:32+00:00"
"4a12c9c8-7114-5195-98bc-8b0c9eb7da3b",Leverancier,Leverancier,,Ministerie van Infrastructuur en Milieu,,,,,,Actief,Gemeenten,Gemeente,"79a9341e-decf-4010-b2d3-f30d82f4e450","2021-07-06T16:16:37+00:00"
e0486377-55e9-5ab2-82f4-876c46068641,Leverancier,Leverancier,,Ministerie van Infrastructuur en Waterstaat,,,,,,Actief,Gemeenten,Samenwerking,"86aa66a7-4802-4d73-95d7-0d4e7ca98255","2018-07-19T14:20:19+00:00"
e1875ee1-e1d6-5e4d-8568-9ba07dc5c2ee,Leverancier,Leverancier,,Ministerie van Sociale Zaken en Werkgelegenheid,,,,,,Actief,Gemeenten,Gemeente,"79a9341e-decf-4010-b2d3-f30d82f4e450","2021-04-13T16:18:41+00:00"
f527666d-d364-55a5-ba2f-d73f34696225,Leverancier,Leverancier,,Ministerie van Veiligheid en Justitie,,,,,,Actief,Gemeenten,Gemeente,db3b997f-5a48-4133-bd9d-5695acf2a521,"2023-06-12T16:11:41+00:00"
c44c97f9-5811-5dcd-ae26-735dd3d13f12,Leverancier,Leverancier,,"Ministerie van Volksgezondheid, Welzijn en Sport",,,,,,Actief,Gemeenten,Gemeente,"0a3fcaad-0a88-4f8c-8b63-91201ddecdca","2014-08-26T16:28:59+00:00"
"4f7add50-2166-53a1-a30a-3a635d72cfed",Leverancier,Leverancier,,Miro,,,,,,Actief,Gemeenten,Gemeente,f6760577-58c8-477d-85b7-06796fdfd82d,"2021-06-14T10:52:32+00:00"
"4ef5c838-3b58-5ce7-a2b5-877374244de0",Leverancier,Leverancier,,MIT Office,,,,,,Actief,Gemeenten,Gemeente,"5cdb1948-e731-4906-904e-f5e427ee28dc","2015-03-09T15:39:32+00:00"
"0c2f683c-f051-5730-ae80-63974d540810",Leverancier,Leverancier,,Mitel,,,,,,Actief,Gemeenten,Gemeente,c506903c-cb46-4b91-a5a7-880578af3701,"2025-07-10T13:59:33+00:00"
f62b1584-01fc-53c2-8b11-07eecad6df18,Leverancier,Leverancier,,MJO,,,,,,Actief,Gemeenten,Gemeente,f8cb8df4-a098-451a-896b-bda12d03895e,"2017-05-03T17:07:45+00:00"
"94e3aafa-2cc9-54e3-a743-b478b74d6a4f",Leverancier,Leverancier,,MKByte,,,,,,Actief,Gemeenten,Gemeente,bc343b52-289d-4f5e-b420-f0d0b2abdcbe,"2022-03-31T14:09:57+00:00"
f1e098cd-1c1d-565b-b3a5-5ea6caee9f75,Leverancier,Leverancier,,Mkssoftware,,,,,,Actief,Gemeenten,Gemeente,db7fdd84-bdfd-41d6-8641-0f1e2a954c25,"2017-07-14T14:20:21+00:00"
fb2c9fd5-c62a-59c1-9f98-a744afcb6e59,Leverancier,Leverancier,,MLN,,,,,,Actief,Gemeenten,Gemeente,"8adeb567-defe-4dd0-8887-f1c01889308c","2015-09-15T08:26:38+00:00"
fec3549c-ca22-5ffc-a76a-351ca9992ec4,Leverancier,Leverancier,,MOBA Mobile Automation AG,,,,,,Actief,Gemeenten,Gemeente,db7fdd84-bdfd-41d6-8641-0f1e2a954c25,"2017-06-27T15:57:27+00:00"
bcdc2e3e-59c1-56ff-baea-71d720a04a23,Leverancier,Leverancier,,Mobatek,,,,,,Actief,Gemeenten,Gemeente,c506903c-cb46-4b91-a5a7-880578af3701,"2025-07-10T13:30:18+00:00"
"5f940cdd-526b-51c5-8280-4fff5662623b",Leverancier,Leverancier,,MobaXterm,,,,,,Actief,Gemeenten,Gemeente,fea3c97a-7d59-47a0-86b0-4f842980a8c3,"2019-06-05T15:14:07+00:00"
c486bb9d-687e-5a2c-a0c0-58c7fda0a47c,Leverancier,Leverancier,,MobileIron,,,,,,Actief,Gemeenten,Gemeente,"8d6548e4-da96-4d52-b866-db16bea7bb1a","2021-08-03T12:13:12+00:00"
"14f253d9-a632-5e98-8702-2f24e2a5d048",Leverancier,Leverancier,,Mobotix,,,,,,Actief,Gemeenten,Gemeente,db7fdd84-bdfd-41d6-8641-0f1e2a954c25,"2017-07-04T12:32:30+00:00"
"43231b31-d706-5576-8fc7-0b7aa6e6a1ac",Leverancier,Leverancier,,Mobotix AG,,,,,,Actief,Gemeenten,Gemeente,e7b34d5f-6917-4aef-8753-bfcb3d07660b,"2019-01-01T18:21:39+00:00"
"723521cd-8b50-5a05-868e-def8ba43168d",Leverancier,Leverancier,,Mochadocs B.V.,,,,,,Actief,Gemeenten,Gemeente,c04aad5f-8f0a-4ae0-b2d6-156c20845f8c,"2016-12-19T09:15:13+00:00"
f27cced9-ab1d-5625-8331-d5b9ae973b0d,Leverancier,Leverancier,,Modr,,,,,,Actief,Gemeenten,Gemeente,"11116e43-889d-4f50-92eb-ce630ebafd9e","2025-08-12T11:17:54+00:00"
"5915245a-ff5e-5383-8f00-9ffc0e4a795d",Leverancier,Leverancier,,MoGuide,https://www.moguide.nl,test.vng.swc+Leo@gmail.com,+31 23 4567890,,,Actief,Gemeenten,Leverancier,"5915245a-ff5e-5383-8f00-9ffc0e4a795d","2014-03-31T13:28:28+00:00"
"16fd5125-36dc-5d16-9aa8-15c599258b6a",Leverancier,Leverancier,,Momentum Technologies,,,,,,Actief,Gemeenten,Gemeente,"79a9341e-decf-4010-b2d3-f30d82f4e450","2021-11-10T16:20:05+00:00"
"9f92c37c-bfa5-58e8-96c0-886cb057e493",Leverancier,Leverancier,,Momice,,,,,,Actief,Gemeenten,Gemeente,"2af271e0-a05b-460d-88c9-24c06b6eabe5","2024-11-28T16:29:37+00:00"
"1015fab1-f108-5912-8210-afbe1a35a05d",Leverancier,Leverancier,,Monet,,,,,,Actief,Gemeenten,Gemeente,"5fd035bf-903a-4f7c-89ba-78c5239ac56a","2024-04-30T13:15:07+00:00"
"54712804-7fa4-5bb3-bc54-ebf1b8758919",Leverancier,Leverancier,,Monit,,,,,,Actief,Gemeenten,Gemeente,f6760577-58c8-477d-85b7-06796fdfd82d,"2019-11-11T12:33:08+00:00"
"0863798d-6290-523c-9325-209d455f34b7",Leverancier,Leverancier,,Monsido,,,,,,Actief,Gemeenten,Gemeente,"5fd035bf-903a-4f7c-89ba-78c5239ac56a","2023-01-09T16:52:17+00:00"
b10279c8-447a-5843-993c-5f96aa1d5cf5,Leverancier,Leverancier,,Monsido website monitoring,https://monsido.com,test.vng.swc+Mic@gmail.com,+31 23 4567890,,,Actief,Gemeenten,Leverancier,b10279c8-447a-5843-993c-5f96aa1d5cf5,"2023-02-17T11:25:25+00:00"
"9ab0f189-c7e7-5eaa-8c41-66ca68e5bacc",Leverancier,Leverancier,,Montad,,,,,,Actief,Gemeenten,Gemeente,"11116e43-889d-4f50-92eb-ce630ebafd9e","2025-08-12T10:59:13+00:00"
"68c4ccd6-dafa-5536-ba23-2b3109aa9a9c",Leverancier,Leverancier,,Montr,https://www.montr.nl,test.vng.swc+Ann@gmail.com,+31 23 4567890,,,Actief,Gemeenten,Leverancier,"68c4ccd6-dafa-5536-ba23-2b3109aa9a9c","2015-09-28T15:25:23+00:00"
"68c4ccd6-dafa-5536-ba23-2b3109aa9a9c",Leverancier,Leverancier,,Montr,https://www.montr.nl,test.vng.swc+Ann@gmail.com,+31 23 4567890,,,Actief,Gemeenten,Gemeente,"41301287-5c86-467d-8afb-7947df0e0b5d","2022-12-13T14:21:07+00:00"
"45370729-957b-588f-8865-1690862e5446",Leverancier,Leverancier,,Moons Ingenieurs,,,,,,Actief,Gemeenten,Gemeente,cd3ad582-40da-4de1-a230-fcfd33fef75e,"2019-06-18T11:15:41+00:00"
"60fce7f8-1cfb-5d81-a093-21ca17f5c4c6",Leverancier,Leverancier,,MOOR,,,,,,Actief,Gemeenten,Gemeente,ab8c21a3-105a-437c-be7e-41553dff6dc4,"2022-01-05T17:43:49+00:00"
"4bab2d8f-e13f-56ab-97f8-0098b414f0f7",Leverancier,Leverancier,,More,,,,,,Actief,Gemeenten,Gemeente,"3f8a0f92-979c-4cae-9ddf-7147a036d60b","2023-06-05T13:54:32+00:00"
f37e2329-00c7-57a2-bd75-244297e35bb5,Leverancier,Leverancier,,Morpho,,,,,,Actief,Gemeenten,Gemeente,"11116e43-889d-4f50-92eb-ce630ebafd9e","2025-07-08T14:44:37+00:00"
"6940d0b4-5c59-57a6-8aea-bb9868bd4440",Leverancier,Leverancier,,MOSS,,,,,,Actief,Gemeenten,Samenwerking,"0da54fc5-f705-4840-bdd1-b1a61e5357b9","2015-10-21T11:38:05+00:00"
"86d6254d-c66c-5bd6-bc51-a40f8dbe0396",Leverancier,Leverancier,,MOSS bv,,,,,,Actief,Gemeenten,Gemeente,ab8c21a3-105a-437c-be7e-41553dff6dc4,"2022-01-07T14:12:34+00:00"
db535baa-85c8-574e-8102-55916746fe0f,Leverancier,Leverancier,,MOSS Software Development,,,,,,Actief,Gemeenten,Samenwerking,"095b8087-36d2-4df1-b5de-6309427af230","2017-12-12T10:44:22+00:00"
da181d85-a6f6-5655-9024-24ed808370cd,Leverancier,Leverancier,,Motio,,,,,,Actief,Gemeenten,Gemeente,dea35f50-183b-4d08-9d7b-96a8623def46,"2016-06-02T10:58:21+00:00"
"2f047568-dab1-5658-aa7f-c9d902a710c7",Leverancier,Leverancier,,Motion10,,,,,,Actief,Gemeenten,Gemeente,"751d7216-3be5-4ab2-9d95-40bdbc4444ec","2016-06-17T08:42:31+00:00"
"3e17d63d-ba7d-51f5-b447-f56b74caa447",Leverancier,Leverancier,,Motiv BV,,,,,,Actief,Gemeenten,Gemeente,"22633027-4e8d-40c6-ae79-e15405728f19","2017-02-08T10:26:34+00:00"
e4dfd9d0-d4f4-50b1-9953-d409c45b1559,Leverancier,Leverancier,,Motiv ICT Security,,,,,,Actief,Gemeenten,Gemeente,"6ea9357b-c6cb-4702-8e95-baafeaa6b38c","2018-10-29T15:04:24+00:00"
"34c40072-edd4-5f80-a87b-536ce2a1bf96",Leverancier,Leverancier,,Motivaction,,,,,,Actief,Gemeenten,Gemeente,"1f66615f-fa81-44f6-92e3-eadac6b11eca","2017-11-14T09:50:00+00:00"
e7e9df58-675b-55c7-91cf-e26c41e8783f,Leverancier,Leverancier,,Mous,,,,,,Actief,Gemeenten,Gemeente,b0eea343-8d48-4144-a80d-2022d60c097f,"2021-05-17T16:26:21+00:00"
e8bae698-b585-5c46-a933-1cd5cbff96f8,Leverancier,Leverancier,,Mous Software,,,,,,Actief,Gemeenten,Gemeente,"4f0860d5-d31c-4a4d-9ec2-541bfe72860f","2024-04-12T14:22:09+00:00"
bb982fac-8011-5532-9b76-e5ff12c5973d,Leverancier,Leverancier,,Mous Waterbeheer,,,,,,Actief,Gemeenten,Gemeente,bc343b52-289d-4f5e-b420-f0d0b2abdcbe,"2022-04-13T10:23:20+00:00"
f0169e1e-cacf-5bdb-b5bc-4e197cf08a92,Leverancier,Leverancier,,Moventum,,,,,,Actief,Gemeenten,Gemeente,ddf0e7af-285a-4853-ad18-dce8f58c7d5f,"2018-11-16T10:59:35+00:00"
"08bb5b8c-2a15-5c7b-be6a-4555b0e17b43",Leverancier,Leverancier,,Mozard,https://www.mozard.nl/mozard/!suite05.scherm1081?mNch=2041311&mNch=2392395,test.vng.swc+L@gmail.com,+31 23 4567890,,,Actief,Gemeenten,Leverancier,"08bb5b8c-2a15-5c7b-be6a-4555b0e17b43","2014-03-26T10:13:27+00:00"
d83016dd-56e9-5f91-99d1-75870ff56ee7,Leverancier,Leverancier,,Mozilla,,,,,,Actief,Gemeenten,Samenwerking,f2c882ad-140b-430e-ad08-a279556c5e66,"2024-07-11T11:01:19+00:00"
"640d2efe-efc3-5b26-80a6-d0073fe71207",Leverancier,Leverancier,,MplusKASSA,,,,,,Actief,Gemeenten,Gemeente,e7b34d5f-6917-4aef-8753-bfcb3d07660b,"2019-01-01T18:24:29+00:00"
"00b3bf3a-2a78-5376-af6f-be5121976a3d",Leverancier,Leverancier,,Mproof,https://www.mproof.nl,test.vng.swc+G@gmail.com,+31 23 4567890,,,Actief,Gemeenten,Leverancier,"00b3bf3a-2a78-5376-af6f-be5121976a3d","2021-07-08T11:00:23+00:00"
"00b3bf3a-2a78-5376-af6f-be5121976a3d",Leverancier,Leverancier,,Mproof,https://www.mproof.nl,test.vng.swc+G@gmail.com,+31 23 4567890,,,Actief,Gemeenten,Gemeente,"85b4ae27-bba1-4239-b041-b17ae7bf6641","2020-04-16T10:22:53+00:00"
"4c130f9e-a821-5d7c-811d-f60f4a6a58c2",Leverancier,Leverancier,,MUG Ingenieursbureau,https://www.mug.nl,test.vng.swc+Hha@gmail.com,+31 23 4567890,,,Actief,Gemeenten,Leverancier,"4c130f9e-a821-5d7c-811d-f60f4a6a58c2","2014-03-26T10:13:27+00:00"
d17effaa-a6fc-5561-9ac2-45487b766ab9,Leverancier,Leverancier,,Mule - Sonic,,,,,,Actief,Gemeenten,Gemeente,b70f1957-81dd-42da-b299-c5fd25c188d4,"2014-07-01T16:30:52+00:00"
"6a0e569f-c066-5d79-9fb7-bae23cb99987",Leverancier,Leverancier,,Multi Narrowcasting,,,,,,Actief,Gemeenten,Gemeente,bc343b52-289d-4f5e-b420-f0d0b2abdcbe,"2022-03-23T09:48:04+00:00"
"04cd9b38-3ea0-5d57-9ab3-a702c432d49f",Leverancier,Leverancier,,Multibel,,,,,,Actief,Gemeenten,Samenwerking,d6088f73-1be3-46b6-a67d-9045db0842c1,"2025-04-09T11:55:08+00:00"
"71950553-1c15-5a10-bb7d-62133b72964e",Leverancier,Leverancier,,Multisignaal,,,,,,Actief,Gemeenten,Gemeente,"098fa2df-f721-4d5d-802f-d555af15639d","2022-09-07T16:14:58+00:00"
d9252113-0c9d-5a2b-bff4-fcc3855551b2,Leverancier,Leverancier,,Munisense B.V.,,,,,,Actief,Gemeenten,Gemeente,"9e903d5f-9d6e-42f6-8c40-43ef3f1cd3d6","2019-12-02T10:39:46+00:00"
d15e87bb-5ca2-5ea8-90bd-09eecdf06272,Leverancier,Leverancier,,Muze,,,,,,Actief,Gemeenten,Gemeente,dea35f50-183b-4d08-9d7b-96a8623def46,"2015-02-06T14:46:16+00:00"
"2e925418-c8bc-596b-a994-a53e3786cef6",Leverancier,Leverancier,,Mvdheuvel.rem@gmail.com,,,,,,Actief,Gemeenten,Gemeente,"117bd10c-546a-44e6-8071-7582a5f303a7","2014-07-01T16:30:52+00:00"
"3c44bcd2-ee45-5f18-bc7d-9e239850d073",Leverancier,Leverancier,,MVI Audiovisual,,,,,,Actief,Gemeenten,Gemeente,"3f8a0f92-979c-4cae-9ddf-7147a036d60b","2023-06-05T14:03:34+00:00"
"378ff666-f9a6-5a3b-b0f4-a2af5e0fa2f3",Leverancier,Leverancier,,MvR Partners,,,,,,Actief,Gemeenten,Gemeente,"3f8a0f92-979c-4cae-9ddf-7147a036d60b","2023-06-05T14:06:05+00:00"
"7c6e2993-cc2b-55ed-90d8-3bb0daf998f2",Leverancier,Leverancier,,MX Control,,,,,,Actief,Gemeenten,Gemeente,b0eea343-8d48-4144-a80d-2022d60c097f,"2021-05-17T15:29:37+00:00"
c74009b3-8855-5912-a663-58b0613b0907,Leverancier,Leverancier,,MY-LEX,https://www.my-lex.nl,test.vng.swc+S@gmail.com,+31 23 4567890,,,Actief,Gemeenten,Leverancier,c74009b3-8855-5912-a663-58b0613b0907,"2014-03-26T10:13:27+00:00"
c74009b3-8855-5912-a663-58b0613b0907,Leverancier,Leverancier,,MY-LEX,https://www.my-lex.nl,test.vng.swc+S@gmail.com,+31 23 4567890,,,Actief,Gemeenten,Gemeente,"11116e43-889d-4f50-92eb-ce630ebafd9e","2025-06-26T08:41:50+00:00"
c759ea6a-7a1a-5b6f-93d7-86fae008b08b,Leverancier,Leverancier,,MyBility,,,,,,Actief,Gemeenten,Gemeente,db3b997f-5a48-4133-bd9d-5695acf2a521,"2023-06-12T16:26:24+00:00"
f976ae5d-89fc-5730-adbf-4eef06ce7619,Leverancier,Leverancier,,Mybility BV,,,,,,Actief,Gemeenten,Gemeente,ab8c21a3-105a-437c-be7e-41553dff6dc4,"2023-02-06T12:53:43+00:00"
"28131116-2c25-5626-af80-45e8b297964e",Leverancier,Leverancier,,MyCumulus,https://www.mycumulus.com,test.vng.swc+Inf@gmail.com,,,,Actief,Gemeenten,Leverancier,"28131116-2c25-5626-af80-45e8b297964e","2023-07-17T09:45:15+00:00"
"9a6ad668-862e-575c-bc45-85d249829f51",Leverancier,Leverancier,,MyExports,https://www.myexports.nl,test.vng.swc+Hen@gmail.com,+31 23 4567890,,,Actief,Gemeenten,Leverancier,"9a6ad668-862e-575c-bc45-85d249829f51","2025-04-08T10:43:42+00:00"
"56f82028-1f08-5c14-b6ce-a5df26fa1a99",Leverancier,Leverancier,,MyExports BV,,,,,,Actief,Gemeenten,Gemeente,af185a56-58cd-4a45-88b0-9e7d34f398d8,"2023-06-27T14:58:00+00:00"
ecccfb0b-5b58-5d76-8bfc-ec199b80cc03,Leverancier,Leverancier,,MyFMS Flow Management System,https://www.myfms.com,test.vng.swc+Sal@gmail.com,+31 23 4567890,,,Actief,Gemeenten,Leverancier,ecccfb0b-5b58-5d76-8bfc-ec199b80cc03,"2024-07-03T16:02:28+00:00"
b5a35b1c-bf6e-55ee-8457-23931ab3d889,Leverancier,Leverancier,,MyForms,,,,,,Actief,Gemeenten,Gemeente,e3840d25-451b-4107-a5f0-0588d4fca3ee,"2017-02-03T12:52:31+00:00"
"6571f34a-4704-583f-a494-541051474c0b",Leverancier,Leverancier,,Mylaps,,,,,,Actief,Gemeenten,Gemeente,"79a9341e-decf-4010-b2d3-f30d82f4e450","2021-07-14T15:54:53+00:00"
"5bed7de3-2a5a-59b5-8fae-9998f19e6ef4",Leverancier,Leverancier,,Myneva,https://www.myneva.eu/nl,test.vng.swc+Ruu@gmail.com,+31 23 4567890,,,Actief,Gemeenten,Leverancier,"5bed7de3-2a5a-59b5-8fae-9998f19e6ef4","2014-09-12T12:40:49+00:00"
"928955b9-0c13-5c1f-8b3c-e2affb5ba9f8",Leverancier,Leverancier,,MySQL Workbench,,,,,,Actief,Gemeenten,Gemeente,"098fa2df-f721-4d5d-802f-d555af15639d","2022-09-07T11:27:30+00:00"
"2802339f-b50c-5083-b8e3-b2af09f2f57e",Leverancier,Leverancier,,Naamloos,,,,,,Actief,Gemeenten,Gemeente,"39a6abee-c408-422c-b3e2-71ed1fd94f90","2018-06-20T12:28:44+00:00"
"91d11020-7193-5d5a-a061-ad470b8298ee",Leverancier,Leverancier,,Nagios,,,,,,Actief,Gemeenten,Samenwerking,"35537ae8-70b1-4ea8-ae6a-dd9a31e1b3b8","2016-06-21T12:12:49+00:00"
"6fbf8bbc-767b-590b-afbc-474ef3b45d5c",Leverancier,Leverancier,,NARIS,https://www.naris.com,test.vng.swc+Inf@gmail.com,+31 23 4567890,,,Actief,Gemeenten,Leverancier,"6fbf8bbc-767b-590b-afbc-474ef3b45d5c","2019-09-23T11:16:11+00:00"
fdd092ae-a7ba-5730-97f4-19002b5c718a,Leverancier,Leverancier,,Naris,,,,,,Actief,Gemeenten,Gemeente,c3bd44b3-bbf9-4513-aea3-847e5ef79cf4,"2019-05-27T14:16:57+00:00"
"69cac993-779d-5bdf-83b1-4cde7ce44cc1",Leverancier,Leverancier,,Nationaal Dataportaal Wegverkeer,,,,,,Actief,Gemeenten,Gemeente,"11116e43-889d-4f50-92eb-ce630ebafd9e","2025-08-12T11:20:08+00:00"
"6b803f51-6d71-5d1f-8d46-3da434b56273",Leverancier,Leverancier,,Nationaal Georegister,,,,,,Actief,Gemeenten,Gemeente,"349e6027-b7c4-42ac-88e6-a5f17fc833f6","2019-07-31T12:16:44+00:00"
"1a10df91-ebfc-5294-8eef-01e4fb4736d5",Leverancier,Leverancier,,Nationaal Parkeer Register,,,,,,Actief,Gemeenten,Samenwerking,"72615a0b-8276-4f0c-ac73-82ee98c80d0b","2019-09-26T11:21:02+00:00"
"55b038a6-1073-54c0-8c24-09abf5e98837",Leverancier,Leverancier,,NatuurNetwerk,,,,,,Actief,Gemeenten,Gemeente,"8e0729ca-7e07-45b1-ab6a-6d947fdd9f54","2025-02-03T16:47:11+00:00"
"06d39612-52a5-592b-bd76-ee099a3688c4",Leverancier,Leverancier,,Navigus,,,,,,Actief,Gemeenten,Gemeente,"3b9bb816-ade8-44ba-98a1-611e05ebb84b","2016-03-29T11:53:31+00:00"
f55d4a35-9c6f-5552-8f8d-5b3b3cf31843,Leverancier,Leverancier,,Navigus B.V.,,,,,,Actief,Gemeenten,Gemeente,"78c5ab73-a49c-432e-9ae1-aab6cf7cc0f7","2015-10-06T12:06:34+00:00"
"568e136e-9b53-579a-866e-6cf032dd11d8",Leverancier,Leverancier,,Nazca Solutions,https://www.nazcasolutions.nl,test.vng.swc+Inf@gmail.com,+31 23 4567890,,,Actief,Gemeenten,Leverancier,"568e136e-9b53-579a-866e-6cf032dd11d8","2014-07-23T10:46:11+00:00"
"568e136e-9b53-579a-866e-6cf032dd11d8",Leverancier,Leverancier,,Nazca Solutions,https://www.nazcasolutions.nl,test.vng.swc+Inf@gmail.com,+31 23 4567890,,,Actief,Gemeenten,Gemeente,e7b34d5f-6917-4aef-8753-bfcb3d07660b,"2019-01-01T18:24:58+00:00"
"10e85ed1-a81f-5136-9cb0-7616cb081e62",Leverancier,Leverancier,,NBD,,,,,,Actief,Gemeenten,Gemeente,db3b997f-5a48-4133-bd9d-5695acf2a521,"2023-06-12T16:34:16+00:00"
"17270e57-e36c-5d8c-ab59-ca72ccb6e33d",Leverancier,Leverancier,,NCCW BV,,,,,,Actief,Gemeenten,Gemeente,db3b997f-5a48-4133-bd9d-5695acf2a521,"2023-06-12T16:56:59+00:00"
"2ca0954e-bbce-5ab5-a4f1-f30429bd7b0c",Leverancier,Leverancier,,NDFF,,,,,,Actief,Gemeenten,Gemeente,"1f66615f-fa81-44f6-92e3-eadac6b11eca","2017-11-08T20:01:39+00:00"
"4a823f20-1d87-5feb-9206-e1c2fdfce76c",Leverancier,Leverancier,,Nebest,,,,,,Actief,Gemeenten,Samenwerking,f85a6bf9-4478-481b-a1b6-d7a5ea1fa647,"2018-08-21T12:07:14+00:00"
a5cc0645-6c35-5b65-97e6-21568bdca699,Leverancier,Leverancier,,NEC,,,,,,Actief,Gemeenten,Gemeente,"5fd035bf-903a-4f7c-89ba-78c5239ac56a","2024-04-30T12:22:44+00:00"
d6dea752-1c15-555f-84a5-e3a778e11f3b,Leverancier,Leverancier,,Nedap,,,,,,Actief,Gemeenten,Gemeente,"2af271e0-a05b-460d-88c9-24c06b6eabe5","2024-11-28T13:32:32+00:00"
fa1cd540-1435-5bd6-bc8a-f0c2c4686f78,Leverancier,Leverancier,,Nedbase,,,,,,Actief,Gemeenten,Gemeente,c0738e2f-42cc-4e95-a43e-b79c84f70e86,"2017-07-10T14:07:38+00:00"
"05964750-cf8d-5109-a2cc-3229104563ab",Leverancier,Leverancier,,Nederlands Adviesbureau Risicomanagement,,,,,,Actief,Gemeenten,Gemeente,"8d6548e4-da96-4d52-b866-db16bea7bb1a","2015-02-04T11:59:49+00:00"
"6d071afd-fea5-55cc-9479-8bc19d69bde6",Leverancier,Leverancier,,Nederlands Lichtinstituut,,,,,,Actief,Gemeenten,Gemeente,"905dbf9e-94a6-4ddd-9778-77e69f3900f1","2022-12-12T11:54:13+00:00"
"640bb63e-1c18-5d77-ad1d-0069d7aee825",Leverancier,Leverancier,,Nederlands Peppol Autoriteit,,,,,,Actief,Gemeenten,Gemeente,"3fa41daf-5e2d-4da2-a5a8-af0ed195ec13","2022-09-06T12:05:22+00:00"
"7a44083f-24e6-5f36-903b-d858051ea350",Leverancier,Leverancier,,Nederlandse Vereniging van Sociale Innovatie,,,,,,Actief,Gemeenten,Samenwerking,"4a0233a4-ea38-47ae-86f5-e3bd348b8deb","2020-06-18T10:51:07+00:00"
"88a5b517-7735-5124-abe3-c52922514435",Leverancier,Leverancier,,Nederlandse Vereniging Voor Burgerzaken (NVVB),,,,,,Actief,Gemeenten,Gemeente,cdf95eee-39af-4847-a06f-5b46768d1887,"2022-05-06T10:20:32+00:00"
d16ad50c-3bd8-5229-a785-16777f06dd71,Leverancier,Leverancier,,Nedgraphics,,,,,,Actief,Gemeenten,Gemeente,db7fdd84-bdfd-41d6-8641-0f1e2a954c25,"2021-04-30T16:27:35+00:00"
"8b9a184c-f484-5c0d-8b55-c02bede23fd1",Leverancier,Leverancier,,Nedvang,,,,,,Actief,Gemeenten,Gemeente,db3b997f-5a48-4133-bd9d-5695acf2a521,"2023-06-12T16:59:04+00:00"
"8ed31a78-b38a-5793-af7b-0cc4da57bc96",Leverancier,Leverancier,,Nedview,,,,,,Actief,Gemeenten,Gemeente,"098fa2df-f721-4d5d-802f-d555af15639d","2022-09-07T11:30:41+00:00"
"76aa7028-e3bd-5e3f-8e3e-f4655d54f0ef",Leverancier,Leverancier,,Negometrix,,,,,,Actief,Gemeenten,Gemeente,"905dbf9e-94a6-4ddd-9778-77e69f3900f1","2023-12-13T14:22:02+00:00"
"0251ee5a-4e49-5c7c-a402-44f6dcd746a7",Leverancier,Leverancier,,Nelen & Schuurmans,https://nelen-schuurmans.nl/nl/homepage,test.vng.swc+Mee@gmail.com,+31 23 4567890,,,Actief,Gemeenten,Leverancier,"0251ee5a-4e49-5c7c-a402-44f6dcd746a7","2020-06-24T14:25:11+00:00"
"0251ee5a-4e49-5c7c-a402-44f6dcd746a7",Leverancier,Leverancier,,Nelen & Schuurmans,https://nelen-schuurmans.nl/nl/homepage,test.vng.swc+Mee@gmail.com,+31 23 4567890,,,Actief,Gemeenten,Gemeente,"1f66615f-fa81-44f6-92e3-eadac6b11eca","2017-11-13T08:44:55+00:00"
f06c3096-2679-52fb-9dce-1ef76fc87885,Leverancier,Leverancier,,Nemesys,,,,,,Actief,Gemeenten,Samenwerking,"4a0233a4-ea38-47ae-86f5-e3bd348b8deb","2020-04-02T10:47:33+00:00"
"9904cbf5-2215-5bc2-8e1c-c678ee73caef",Leverancier,Leverancier,,Nemetschek Allplan Deutschland GmbH,,,,,,Actief,Gemeenten,Gemeente,"97a3b6fb-90f7-45cf-ae37-003febf346ef","2015-02-25T15:51:52+00:00"
bf2b6fbc-b045-5481-8e04-d9d59708dfdc,Leverancier,Leverancier,,NEN,,,,,,Actief,Gemeenten,Gemeente,ab8c21a3-105a-437c-be7e-41553dff6dc4,"2022-01-07T14:15:15+00:00"
f15ad4d0-afc4-5062-9d57-0d24c48d8a76,Leverancier,Leverancier,,NEO,,,,,,Actief,Gemeenten,Gemeente,"8908e84f-8ac2-41be-8cd8-95adbacf48df","2021-07-28T11:30:10+00:00"
"186a4d47-4a56-5f88-8a35-58d374906625",Leverancier,Leverancier,,Neoforce,https://neoforce.nl,test.vng.swc+Jor@gmail.com,+31 23 4567890,,,Actief,Gemeenten,Leverancier,"186a4d47-4a56-5f88-8a35-58d374906625","2023-03-03T10:24:27+00:00"
"2eecfd87-36ec-5deb-a04a-9bca4a9d77e1",Leverancier,Leverancier,,Nerve Centre,,,,,,Actief,Gemeenten,Gemeente,"2f1dea82-05f2-4be0-be7c-01b93a4eacfc","2014-08-20T08:46:45+00:00"
"5307a927-bf71-5293-a198-398386121e2a",Leverancier,Leverancier,,Net Display Systems,,,,,,Actief,Gemeenten,Gemeente,fea3c97a-7d59-47a0-86b0-4f842980a8c3,"2019-04-16T13:29:31+00:00"
c3e70c44-5f83-590f-97f1-e964e60ac990,Leverancier,Leverancier,,Netbitter,,,,,,Actief,Gemeenten,Gemeente,f6760577-58c8-477d-85b7-06796fdfd82d,"2019-11-11T11:56:12+00:00"
"82b28cb5-fe01-549b-8555-27338fe6e99a",Leverancier,Leverancier,,Netcreators,,,,,,Actief,Gemeenten,Gemeente,"963a9aa4-e02a-4f3b-93b9-eef410a4d43e","2014-09-09T08:41:11+00:00"
"1b37864c-6bc3-54a0-af5f-eba8b2a5fb49",Leverancier,Leverancier,,Netikus,,,,,,Actief,Gemeenten,Gemeente,f5e9de66-fa74-407e-a061-331a2cf226f5,"2016-12-07T10:33:42+00:00"
b6ed54a9-dc6e-5263-a0d4-518226fab28a,Leverancier,Leverancier,,Netive,,,,,,Actief,Gemeenten,Gemeente,e3840d25-451b-4107-a5f0-0588d4fca3ee,"2017-02-03T12:44:17+00:00"
"82740272-0d14-5495-bdf7-7e7bb87b8f3e",Leverancier,Leverancier,,Netpresenter,,,,,,Actief,Gemeenten,Gemeente,e033b25b-3b17-4b55-a1f8-2c40a3ece8a7,"2019-02-06T11:51:28+00:00"
"4390bb5a-dd62-52a1-a83b-4474978b32ce",Leverancier,Leverancier,,NetQ,,,,,,Actief,Gemeenten,Samenwerking,e28206df-6a65-4d90-8c72-5c7e2ccbf0ed,"2016-10-28T10:52:46+00:00"
f1f9df99-f246-5632-a49a-95cbe9ccda79,Leverancier,Leverancier,,Netwrix,,,,,,Actief,Gemeenten,Gemeente,"751d7216-3be5-4ab2-9d95-40bdbc4444ec","2023-09-29T09:53:53+00:00"
"39f29a2f-0713-5ed9-8a5d-3885fb96ff89",Leverancier,Leverancier,,Neuron,,,,,,Actief,Gemeenten,Gemeente,"6ea9357b-c6cb-4702-8e95-baafeaa6b38c","2018-10-29T14:58:48+00:00"
"8ac14df9-fe1a-588b-b1bf-6e97dde818d0",Leverancier,Leverancier,,Nevatech,,,,,,Actief,Gemeenten,Gemeente,b71a4bb9-89ab-41e2-9d25-8f8c6754afc9,"2019-04-02T14:41:18+00:00"
"006b8c59-03d2-5c1d-960e-20b6c54711c1",Leverancier,Leverancier,,Newton,,,,,,Actief,Gemeenten,Gemeente,db3b997f-5a48-4133-bd9d-5695acf2a521,"2023-06-12T17:00:46+00:00"
"1f294d4d-7b3d-5e48-ad15-2e6a880505c1",Leverancier,Leverancier,,Newton Automation BV,,,,,,Actief,Gemeenten,Gemeente,b6a3804a-012d-452e-859d-9955e1bd6bc2,"2022-07-26T08:00:13+00:00"
"8118ca12-acb8-5cad-b0f4-c0ee96e79ff0",Leverancier,Leverancier,,Newway Retail Solutions B.V.,,,,,,Actief,Gemeenten,Gemeente,"4b8b5369-455f-4904-a85e-f3705dfc5a8b","2014-10-06T10:35:20+00:00"
"8a4ebcbf-8e48-5b80-aca8-fe4db1c00a9f",Leverancier,Leverancier,,Nexct / Mitel,,,,,,Actief,Gemeenten,Gemeente,"6bc1e72a-52a4-42ad-a130-a46c745f69e0","2014-07-11T14:26:12+00:00"
"963d9e57-6811-5d72-b7f6-9d25df74babe",Leverancier,Leverancier,,Next2Know,,,,,,Actief,Gemeenten,Gemeente,f2fb4e64-9967-47e5-a5b8-8bab3b71a800,"2018-09-19T15:52:46+00:00"
"813092ac-d539-51bb-b815-580c14a0159a",Leverancier,Leverancier,,Nextcloud open source,,,,,,Actief,Gemeenten,Gemeente,d7bc0706-2dc7-41b6-9f28-95fe62d20e93,"2019-03-27T15:11:38+00:00"
"55f70d81-c63f-5e4b-9cd3-93b547a5e317",Leverancier,Leverancier,,Niaef-Smitt,,,,,,Actief,Gemeenten,Gemeente,b0eea343-8d48-4144-a80d-2022d60c097f,"2015-04-14T14:17:15+00:00"
"088b04bf-b422-510e-8f23-f6226f5030df",Leverancier,Leverancier,,NIC,,,,,,Actief,Gemeenten,Gemeente,f6760577-58c8-477d-85b7-06796fdfd82d,"2019-11-11T12:02:02+00:00"
"24f51909-d47d-5064-8696-870f79ac9678",Leverancier,Leverancier,,Nicelabel / Eltec,,,,,,Actief,Gemeenten,Samenwerking,ec92526a-9baa-4fa7-8a42-7a1d75cfc64a,"2017-12-15T14:16:00+00:00"
"5d2de307-81ce-5ee5-b4f8-11636d521485",Leverancier,Leverancier,,Nico Mak Computing,,,,,,Actief,Gemeenten,Gemeente,"79a9341e-decf-4010-b2d3-f30d82f4e450","2021-11-10T16:44:24+00:00"
c7f6d891-7300-5872-bb09-d7597c777a84,Leverancier,Leverancier,,Nieuwland,,,,,,Actief,Gemeenten,Gemeente,"1f66615f-fa81-44f6-92e3-eadac6b11eca","2017-10-19T13:12:12+00:00"
"9406c132-1fad-5ce8-8dc9-00c69cf46fe1",Leverancier,Leverancier,,NieuwlandGeo,https://www.nieuwlandgeo.nl,test.vng.swc+Eou@gmail.com,+31 23 4567890,,,Actief,Gemeenten,Leverancier,"9406c132-1fad-5ce8-8dc9-00c69cf46fe1","2019-06-12T11:11:46+00:00"
"9406c132-1fad-5ce8-8dc9-00c69cf46fe1",Leverancier,Leverancier,,NieuwlandGeo,https://www.nieuwlandgeo.nl,test.vng.swc+Eou@gmail.com,+31 23 4567890,,,Actief,Gemeenten,Gemeente,db3b997f-5a48-4133-bd9d-5695acf2a521,"2023-06-12T17:03:12+00:00"
"1811c9b8-5b2f-56e1-8bd5-7801999b86ef",Leverancier,Leverancier,,Nintex,,,,,,Actief,Gemeenten,Gemeente,b6a3804a-012d-452e-859d-9955e1bd6bc2,"2017-06-23T15:55:33+00:00"
"64780079-7759-5860-8b11-5f892bd4df6f",Leverancier,Leverancier,,NIPO Software,,,,,,Actief,Gemeenten,Samenwerking,"49f17690-c60f-4d1e-844c-4e84d473e39a","2018-08-10T14:43:14+00:00"
"3ed65f64-006f-51f1-987b-9337570474d8",Leverancier,Leverancier,,Nissewaard,,,,,,Actief,Gemeenten,Gemeente,db3b997f-5a48-4133-bd9d-5695acf2a521,"2023-06-12T17:04:54+00:00"
"97119cba-956e-53d6-bf29-6a56db119da0",Leverancier,Leverancier,,Nitro Software,,,,,,Actief,Gemeenten,Gemeente,"11116e43-889d-4f50-92eb-ce630ebafd9e","2025-06-26T08:44:40+00:00"
c1322939-a273-5acc-a205-9b45c57a51b7,Leverancier,Leverancier,,NL Confidential,,,,,,Actief,Gemeenten,Gemeente,"90cb9d65-8a63-4bea-8631-57c9c818c72e","2020-05-11T10:50:57+00:00"
fc01a7f4-74b7-5b45-a0fc-b96413365d31,Leverancier,Leverancier,,NLI,,,,,,Actief,Gemeenten,Gemeente,ab8c21a3-105a-437c-be7e-41553dff6dc4,"2022-01-07T14:16:07+00:00"
a3b1e464-7958-558a-8138-59918ffeae13,Leverancier,Leverancier,,NNI,,,,,,Actief,Gemeenten,Gemeente,"4d385e00-86bb-423e-86dc-1ec0629b5200","2016-04-04T12:00:57+00:00"
acbdba01-15bd-5dcd-b59d-74c199cab3dc,Leverancier,Leverancier,,NOBRA,,,,,,Actief,Gemeenten,Samenwerking,d22b9ff2-8b62-4b48-b6ad-7b9e86002cd8,"2015-02-10T15:59:36+00:00"
"7d81ac00-dbf3-5b53-b3fa-70bc25476bb0",Leverancier,Leverancier,,Nobralux,https://www.nobralux.nl/liteweb,test.vng.swc+Men@gmail.com,+31 23 4567890,,,Actief,Gemeenten,Leverancier,"7d81ac00-dbf3-5b53-b3fa-70bc25476bb0","2022-11-02T09:10:51+00:00"
"7d81ac00-dbf3-5b53-b3fa-70bc25476bb0",Leverancier,Leverancier,,Nobralux,https://www.nobralux.nl/liteweb,test.vng.swc+Men@gmail.com,+31 23 4567890,,,Actief,Gemeenten,Gemeente,"90cb9d65-8a63-4bea-8631-57c9c818c72e","2022-10-28T10:48:38+00:00"
d659b814-c7a3-5dc5-8b32-932e8e8629ae,Leverancier,Leverancier,,NODR,,,,,,Actief,Gemeenten,Gemeente,"4e4992f8-6ef0-452b-9d71-fcad5de41c65","2018-08-30T17:02:40+00:00"
"939523fe-61c9-547f-8e46-54220b04ec8a",Leverancier,Leverancier,,Nog aan te besteden?,,,,,,Actief,Gemeenten,Samenwerking,"7075a889-5822-4edc-80c1-918e1a1ca50d","2017-02-23T23:31:36+00:00"
fb0b9687-d57d-5e9a-9b9f-2bf6c66b6693,Leverancier,Leverancier,,Nog bepalen,,,,,,Actief,Gemeenten,Gemeente,b6a3804a-012d-452e-859d-9955e1bd6bc2,"2022-08-11T10:37:30+00:00"
"288b3b93-c8af-5e05-8133-077b6a9c8b74",Leverancier,Leverancier,,Nog in te vullen,,,,,,Actief,Gemeenten,Gemeente,"3ddb44e4-b009-4989-adb2-82b2b079f4e2","2014-07-01T16:30:52+00:00"
db235a0e-2a8f-5b46-b1f8-193dcc4a6c08,Leverancier,Leverancier,,Noord IT solutions,,,,,,Actief,Gemeenten,Gemeente,"283b34be-e623-414e-a828-0fb0cee04bc7","2016-03-14T11:05:40+00:00"
"44179c22-1c9c-53bf-81ab-74ba0bc0db98",Leverancier,Leverancier,,Nordined Prequest,,,,,,Actief,Gemeenten,Gemeente,d620f6fd-1d42-4bf7-a46a-d26c1c8cdfc9,"2014-07-31T09:04:16+00:00"
"8a0fd30b-fd8c-5262-910a-4e35d55e0401",Leverancier,Leverancier,,Norminstituut Bomen,,,,,,Actief,Gemeenten,Gemeente,bc343b52-289d-4f5e-b420-f0d0b2abdcbe,"2022-04-13T10:08:12+00:00"
fb132fed-7a6f-53d4-84f5-2ada059dd7ec,Leverancier,Leverancier,,Normity,https://www.normity.nl,test.vng.swc+Mvl@gmail.com,+31 23 4567890,,,Actief,Gemeenten,Leverancier,fb132fed-7a6f-53d4-84f5-2ada059dd7ec,"2025-02-12T16:48:19+00:00"
c75dd85a-d949-53bc-bda1-ea39bbd1732e,Leverancier,Leverancier,,NotuBiz Nederland,https://notubiz.nl,test.vng.swc+Mli@gmail.com,+31 23 4567890,,,Actief,Gemeenten,Leverancier,c75dd85a-d949-53bc-bda1-ea39bbd1732e,"2019-06-06T10:27:24+00:00"
c75dd85a-d949-53bc-bda1-ea39bbd1732e,Leverancier,Leverancier,,NotuBiz Nederland,https://notubiz.nl,test.vng.swc+Mli@gmail.com,+31 23 4567890,,,Actief,Gemeenten,Gemeente,"4f0860d5-d31c-4a4d-9ec2-541bfe72860f","2024-08-05T12:31:13+00:00"
e8b50984-d6b5-5174-850f-8da9fde0a87b,Leverancier,Leverancier,,Notubiz.nl,,,,,,Actief,Gemeenten,Gemeente,cb634d57-2b5f-4a03-9be4-d04c483853a7,"2017-12-01T14:38:51+00:00"
"965c7caf-61cd-5a94-972f-2cbcf1c560ce",Leverancier,Leverancier,,Nou&Off,https://www.nouenoff.nl,test.vng.swc+Cno@gmail.com,+31 23 4567890,,,Actief,Gemeenten,Leverancier,"965c7caf-61cd-5a94-972f-2cbcf1c560ce","2015-04-02T16:14:42+00:00"
"578bdd2d-d1b1-5e28-9974-7fb0d3e86809",Leverancier,Leverancier,,Nounproject.com,,,,,,Actief,Gemeenten,Gemeente,b0eea343-8d48-4144-a80d-2022d60c097f,"2020-01-10T09:29:58+00:00"
"9d08b1d6-a9a2-5ec6-a4f8-190c3ac1033d",Leverancier,Leverancier,,Novell,,,,,,Actief,Gemeenten,Gemeente,"098fa2df-f721-4d5d-802f-d555af15639d","2022-09-05T13:53:45+00:00"
f8f83c9a-e455-5b8a-a887-0aa5b7a580c4,Leverancier,Leverancier,,Novulo,,,,,,Actief,Gemeenten,Gemeente,d61f60cf-d3de-458c-86e6-0e2d27b3757e,"2016-08-04T15:00:59+00:00"
"47556dd7-f9fa-57ad-b59f-29d3243cfce9",Leverancier,Leverancier,,Noxsystems,,,,,,Actief,Gemeenten,Gemeente,"3b9bb816-ade8-44ba-98a1-611e05ebb84b","2014-07-01T16:30:52+00:00"
da97ec05-712b-52a5-a718-70052e55e6df,Leverancier,Leverancier,,NPB-Media,,,,,,Actief,Gemeenten,Gemeente,db3b997f-5a48-4133-bd9d-5695acf2a521,"2023-06-12T17:37:03+00:00"
"77cc87fb-3cf6-533c-930f-4fcccb8eed6c",Leverancier,Leverancier,,Npcap,,,,,,Actief,Gemeenten,Gemeente,"8d6548e4-da96-4d52-b866-db16bea7bb1a","2021-08-03T11:30:49+00:00"
"342bc866-c5df-51a2-b3d4-d610b4577a05",Leverancier,Leverancier,,NPQ,,,,,,Actief,Gemeenten,Gemeente,d55fabda-c229-491d-a9f6-a339bb89f736,"2014-07-01T16:30:52+00:00"
"590cf8a2-6530-574e-bd4a-e41b6928481b",Leverancier,Leverancier,,NPQ Solutions,,,,,,Actief,Gemeenten,Samenwerking,"44924c74-a91c-4e83-80ec-8fd1b52556a5","2016-05-30T10:11:02+00:00"
"92a8f0dd-d1d4-5587-8946-5264b362e971",Leverancier,Leverancier,,NRD Productie,,,,,,Actief,Gemeenten,Gemeente,f27de83f-f8b2-4c6b-b6c2-980800ad7910,"2014-07-02T15:58:54+00:00"
"5e3082e7-9889-5d39-84f7-d059bae5be74",Leverancier,Leverancier,,NSecure,,,,,,Actief,Gemeenten,Gemeente,afef434c-6ba1-4f92-9cd9-4a59374a7669,"2016-10-07T11:49:23+00:00"
"4c109295-d9f5-5425-b4c7-423944cd21fd",Leverancier,Leverancier,,NT-Ware,,,,,,Actief,Gemeenten,Gemeente,"8d6548e4-da96-4d52-b866-db16bea7bb1a","2015-02-05T09:48:10+00:00"
"8f242a76-6954-55ab-9723-ce42949076fb",Leverancier,Leverancier,,NTI CAD & Company,https://www.nti-group.com/nl/producten/nti/gww-cad/?utm_source=gemma-softwarecatalogus&utm_medium=link-in-bio&utm_campaign=nl-2024-03-general-branding-third-party&utm_content=link-website,test.vng.swc+Inf@gmail.com,+31 23 4567890,,,Actief,Gemeenten,Leverancier,"8f242a76-6954-55ab-9723-ce42949076fb","2022-01-10T13:37:59+00:00"
bcbc5972-1d38-5292-8397-21bd22d36cf4,Leverancier,Leverancier,,NTREE Solutions,https://www.n-tree.nl,test.vng.swc+P@gmail.com,,,,Actief,Gemeenten,Leverancier,bcbc5972-1d38-5292-8397-21bd22d36cf4,"2014-03-26T10:13:27+00:00"
"93e1a14e-664a-5c75-b8d6-a7f8d1e1b9a8",Leverancier,Leverancier,,Nuance,,,,,,Actief,Gemeenten,Gemeente,"11116e43-889d-4f50-92eb-ce630ebafd9e","2025-06-24T08:59:05+00:00"
"155860e2-2ea9-5ee6-b03d-9b80f5e452fd",Leverancier,Leverancier,,Nuance Communicationes,,,,,,Actief,Gemeenten,Gemeente,"1f66615f-fa81-44f6-92e3-eadac6b11eca","2017-10-20T10:22:02+00:00"
"570d2ca7-da02-521a-9f7e-051889c729c6",Leverancier,Leverancier,,Nubo Works B.V.,,,,,,Actief,Gemeenten,Gemeente,b0eea343-8d48-4144-a80d-2022d60c097f,"2019-11-28T22:48:01+00:00"
"1d6be897-e975-586f-9caa-127637ca44a9",Leverancier,Leverancier,,NV Access,,,,,,Actief,Gemeenten,Gemeente,"751d7216-3be5-4ab2-9d95-40bdbc4444ec","2018-03-29T14:10:37+00:00"
"2d66a3ad-f340-572f-9886-634d08bd3860",Leverancier,Leverancier,,Nvva,,,,,,Actief,Gemeenten,Gemeente,"1f66615f-fa81-44f6-92e3-eadac6b11eca","2017-11-09T09:45:14+00:00"
"076984d9-2f11-52e0-8217-59fe7e90b78d",Leverancier,Leverancier,,NVVK,,,,,,Actief,Gemeenten,Gemeente,b0eea343-8d48-4144-a80d-2022d60c097f,"2018-09-26T15:18:34+00:00"
"2937f01d-5e01-560c-b2d4-011f01e2ed42",Leverancier,Leverancier,,N�tive VMS,,,,,,Actief,Gemeenten,Gemeente,f6760577-58c8-477d-85b7-06796fdfd82d,"2020-03-26T09:33:49+00:00"
"0ae29e71-f3b5-5b6a-a9e4-67019facf26d",Leverancier,Leverancier,,O-Prognose,,,,,,Actief,Gemeenten,Gemeente,"905dbf9e-94a6-4ddd-9778-77e69f3900f1","2023-12-13T14:22:37+00:00"
"27221189-74a6-5ba2-8a49-e5cf0a9ffcb7",Leverancier,Leverancier,,O3Spaces,,,,,,Actief,Gemeenten,Gemeente,"901879ec-f8fc-4fdf-a979-d3120dc882d0","2015-04-16T16:03:52+00:00"
"2d40ada0-1ead-5546-9f21-51857a914852",Leverancier,Leverancier,,Obec Software,,,,,,Actief,Gemeenten,Gemeente,"2f1dea82-05f2-4be0-be7c-01b93a4eacfc","2014-08-20T11:52:47+00:00"
a4a572c8-2082-58f3-85f8-11f2f3b83094,Leverancier,Leverancier,,OBI4wan,https://www.obi4wan.com,test.vng.swc+Hsc@gmail.com,+31 23 4567890,,,Actief,Gemeenten,Leverancier,a4a572c8-2082-58f3-85f8-11f2f3b83094,"2019-07-03T12:16:39+00:00"
a4a572c8-2082-58f3-85f8-11f2f3b83094,Leverancier,Leverancier,,OBI4wan,https://www.obi4wan.com,test.vng.swc+Hsc@gmail.com,+31 23 4567890,,,Actief,Gemeenten,Gemeente,"117bd10c-546a-44e6-8071-7582a5f303a7","2021-09-30T11:30:24+00:00"
"47d1c260-dca7-5b97-9d95-facbbd115dc0",Leverancier,Leverancier,,Objectif,,,,,,Actief,Gemeenten,Gemeente,"8adeb567-defe-4dd0-8887-f1c01889308c","2015-09-15T09:26:38+00:00"
def34dd0-bf81-5005-a7f5-fdbcdf0701c1,Leverancier,Leverancier,,Ocaro,,,,,,Actief,Gemeenten,Gemeente,"8e0e04d8-8574-4a5e-9505-49dfbde3ad3a","2015-10-05T11:07:59+00:00"
f1579919-97fd-5818-9fe1-33ad82c664d3,Leverancier,Leverancier,,OCLC,,,,,,Actief,Gemeenten,Gemeente,c46223c8-bdca-44e2-b0c0-d6e266257ea9,"2023-06-23T22:04:07+00:00"
"9c7c944b-a8e1-54bc-a9a9-10180d62952c",Leverancier,Leverancier,,OCS,,,,,,Actief,Gemeenten,Gemeente,"9fa07799-c3c5-47de-b1f9-f5b36964c3af","2014-07-01T16:30:52+00:00"
"254622fd-630b-5140-bef9-24dd2ce6f7b9",Leverancier,Leverancier,,OCTOBOX,https://octobox.nl,test.vng.swc+H@gmail.com,+31 23 4567890,,,Actief,Gemeenten,Leverancier,"254622fd-630b-5140-bef9-24dd2ce6f7b9","2021-08-02T11:35:29+00:00"
a2fe2b6c-5bc1-5333-8579-7ade0af2c7dd,Leverancier,Leverancier,,Octobox,,,,,,Actief,Gemeenten,Gemeente,b2301b50-241e-4a1d-b1cc-f50d5e83458f,"2023-08-03T18:56:17+00:00"
cc92f89f-91a9-5573-b322-7c027926a169,Leverancier,Leverancier,,ODBN,,,,,,Actief,Gemeenten,Gemeente,"8adeb567-defe-4dd0-8887-f1c01889308c","2015-09-15T14:44:00+00:00"
"24a7fd7e-69ce-5036-9e38-3da8f2a89265",Leverancier,Leverancier,,Office Automate,https://office-automate.nl,test.vng.swc+Ger@gmail.com,+31 23 4567890,,,Actief,Gemeenten,Leverancier,"24a7fd7e-69ce-5036-9e38-3da8f2a89265","2024-03-18T10:46:53+00:00"
cecb6774-085a-5095-a721-3475c63f2c0d,Leverancier,Leverancier,,OIMComfort,,,,,,Actief,Gemeenten,Gemeente,"1f66615f-fa81-44f6-92e3-eadac6b11eca","2017-04-19T13:17:33+00:00"
b8ea025d-5ff2-5799-93bf-06e7a64f6eae,Leverancier,Leverancier,,OIS,https://www.ois.nl,test.vng.swc+Pet@gmail.com,+31 23 4567890,,,Actief,Gemeenten,Leverancier,b8ea025d-5ff2-5799-93bf-06e7a64f6eae,"2014-03-26T10:13:27+00:00"
"82193ecc-b032-533f-93df-cc3aa572bf42",Leverancier,Leverancier,,OKcomply,https://www.okcomply.com,test.vng.swc+Jer@gmail.com,+31 23 4567890,,,Actief,Gemeenten,Leverancier,"82193ecc-b032-533f-93df-cc3aa572bf42","2016-10-24T16:16:38+00:00"
"571927d1-741b-5b93-88bf-bfe38ffee7a8",Leverancier,Leverancier,,OLO,,,,,,Actief,Gemeenten,Gemeente,"23ee7789-c62a-4344-91e1-8aa43cea91b2","2018-09-24T11:13:02+00:00"
a4aa2eba-8810-5d15-9aa0-b39160fcb74d,Leverancier,Leverancier,,Omahasystem,,,,,,Actief,Gemeenten,Gemeente,c8fd7e56-b681-43b0-a50f-659c48fd5bf5,"2017-09-13T13:47:14+00:00"
"3d54c6fd-7288-5e50-a2ac-73d393adc3a6",Leverancier,Leverancier,,OmgevingsAlert B.V.,,,,,,Actief,Gemeenten,Gemeente,"098fa2df-f721-4d5d-802f-d555af15639d","2022-09-06T11:06:26+00:00"
ed71f6ef-8d88-5289-97c9-9d408bb17d15,Leverancier,Leverancier,,Omgevingsviewer.nl,https://www.omgevingsviewer.nl,test.vng.swc+Awt@gmail.com,,,,Actief,Gemeenten,Leverancier,ed71f6ef-8d88-5289-97c9-9d408bb17d15,"2016-04-18T18:00:37+00:00"
"1ddc8f97-8c4d-5c67-b648-ef9efca3c0b9",Leverancier,Leverancier,,Omnissa,,,,,,Actief,Gemeenten,Gemeente,"3fa41daf-5e2d-4da2-a5a8-af0ed195ec13","2023-04-25T14:41:21+00:00"
fb268bd9-d86a-5314-b41a-031921c3e7c2,Leverancier,Leverancier,,Omnitrans,,,,,,Actief,Gemeenten,Gemeente,"79a9341e-decf-4010-b2d3-f30d82f4e450","2021-09-08T13:13:57+00:00"
"86b68133-7c57-56a7-90c6-7391e0002539",Leverancier,Leverancier,,OMOP,,,,,,Actief,Gemeenten,Gemeente,e9bf3b82-2033-44cb-8b49-884dc4d25540,"2023-06-29T10:45:23+00:00"
"0a8888e3-3bc4-50c4-917b-98ea36b84cd5",Leverancier,Leverancier,,Omrin,,,,,,Actief,Gemeenten,Gemeente,b0eea343-8d48-4144-a80d-2022d60c097f,"2015-04-14T16:55:44+00:00"
"7730e9b4-a11a-51fe-bc83-a3b71f7e99ab",Leverancier,Leverancier,,ON2IT,,,,,,Actief,Gemeenten,Gemeente,b0eea343-8d48-4144-a80d-2022d60c097f,"2019-12-02T13:11:46+00:00"
"4f07fe9c-41e8-584f-ab27-aa20e68996ec",Leverancier,Leverancier,,onbekend,,,,,,Actief,Gemeenten,Gemeente,"2af271e0-a05b-460d-88c9-24c06b6eabe5","2024-11-28T13:17:12+00:00"
"96ea7baf-753b-51c8-9e93-53622a788040",Leverancier,Leverancier,,Ondernemersplein,,,,,,Actief,Gemeenten,Gemeente,"81e0fc01-74f8-4439-b2e5-ee7c957e32ae","2014-09-10T08:29:53+00:00"
"38be6fef-be68-55b0-be94-5962bda4acde",Leverancier,Leverancier,,Onderzoekdoen.nl,,,,,,Actief,Gemeenten,Gemeente,bc343b52-289d-4f5e-b420-f0d0b2abdcbe,"2022-04-12T15:56:25+00:00"
"6d2586b7-de32-582a-91ec-9c17469b4bd8",Leverancier,Leverancier,,One Fox,https://www.onefox.nl,test.vng.swc+Mau@gmail.com,+31 23 4567890,,,Actief,Gemeenten,Leverancier,"6d2586b7-de32-582a-91ec-9c17469b4bd8","2014-03-26T10:13:27+00:00"
"6cfe979f-8e02-5b21-930d-c5d057333f6c",Leverancier,Leverancier,,Onguard,,,,,,Actief,Gemeenten,Gemeente,"751d7216-3be5-4ab2-9d95-40bdbc4444ec","2016-05-25T09:59:27+00:00"
"0397bb5f-903c-519d-a706-713c63be9a92",Leverancier,Leverancier,,Onited,https://www.onited.com,test.vng.swc+Mic@gmail.com,+31 23 4567890,,,Actief,Gemeenten,Leverancier,"0397bb5f-903c-519d-a706-713c63be9a92","2021-01-25T09:35:10+00:00"
fef11490-8244-5b06-a640-ea929554ed37,Leverancier,Leverancier,,Online Academie,,,,,,Actief,Gemeenten,Gemeente,"9aa7afc7-39a5-41f1-a104-91429c495592","2024-03-15T13:02:49+00:00"
"99720328-3f4a-5cef-b67c-d6eb3c51fb33",Leverancier,Leverancier,,Onn IT,,,,,,Actief,Gemeenten,Gemeente,f64d2d60-6fc2-4271-8347-4c30a760a6a5,"2014-08-26T11:09:56+00:00"
"9a4bbe84-0248-53c3-be69-71629deeb6e1",Leverancier,Leverancier,,Ontuitive,,,,,,Actief,Gemeenten,Gemeente,fd4629e7-f5bb-474f-94a2-5bcc1e672089,"2017-07-19T07:58:40+00:00"
"1ba881fe-5d09-582a-9b7a-c4c488beffe4",Leverancier,Leverancier,,Ontuitive Europe BV,,,,,,Actief,Gemeenten,Gemeente,fd4629e7-f5bb-474f-94a2-5bcc1e672089,"2016-04-18T08:45:04+00:00"
"8cf59ae1-6119-5a77-b43f-8cbbdfa0de28",Leverancier,Leverancier,,Ontwerpwerk,,,,,,Actief,Gemeenten,Gemeente,"11116e43-889d-4f50-92eb-ce630ebafd9e","2025-08-04T15:41:45+00:00"
"3d46c26c-6312-582e-b84e-8c4ca95b990d",Leverancier,Leverancier,,OnView,https://www.onview.nl,test.vng.swc+Inf@gmail.com,+31 23 4567890,,,Actief,Gemeenten,Leverancier,"3d46c26c-6312-582e-b84e-8c4ca95b990d","2022-10-17T10:46:57+00:00"
"3d46c26c-6312-582e-b84e-8c4ca95b990d",Leverancier,Leverancier,,OnView,https://www.onview.nl,test.vng.swc+Inf@gmail.com,+31 23 4567890,,,Actief,Gemeenten,Gemeente,db3b997f-5a48-4133-bd9d-5695acf2a521,"2023-06-12T17:44:08+00:00"
"30448ab3-f44d-5eb3-b402-df362ba6cfaf",Leverancier,Leverancier,,Onze geweldige griffier,,,,,,Actief,Gemeenten,Gemeente,"0a3fcaad-0a88-4f8c-8b63-91201ddecdca","2019-11-11T11:12:59+00:00"
"4861a661-2108-5d8f-a67d-3885e893ef72",Leverancier,Leverancier,,Op Orde,https://www.oporde.nu,test.vng.swc+Inf@gmail.com,+31 23 4567890,,,Actief,Gemeenten,Leverancier,"4861a661-2108-5d8f-a67d-3885e893ef72","2016-10-13T07:59:36+00:00"
"62e20713-d011-5efb-8c8c-357b10941220",Leverancier,Leverancier,,Open Geo Groep,,,,,,Actief,Gemeenten,Gemeente,cb634d57-2b5f-4a03-9be4-d04c483853a7,"2017-12-01T12:38:15+00:00"
"3feec0b6-0826-51ad-9aad-96d0938c4d1d",Leverancier,Leverancier,,Open Geospatial Consortium,,,,,,Actief,Gemeenten,Gemeente,"79a9341e-decf-4010-b2d3-f30d82f4e450","2021-06-15T15:02:55+00:00"
aefe06cb-5bef-5e0a-a3e7-36a668b95097,Leverancier,Leverancier,,Open Source pakketten,,test.vng.swc+Sof@gmail.com,,,,Actief,Gemeenten,Leverancier,aefe06cb-5bef-5e0a-a3e7-36a668b95097,"2020-06-11T12:07:08+00:00"
aefe06cb-5bef-5e0a-a3e7-36a668b95097,Leverancier,Leverancier,,Open Source pakketten,,test.vng.swc+Sof@gmail.com,,,,Actief,Gemeenten,Gemeente,"11116e43-889d-4f50-92eb-ce630ebafd9e","2025-08-27T13:30:51+00:00"
"85e6cdb4-a136-5ee4-b707-bd1316534b8f",Leverancier,Leverancier,,Open Webconcept,,,,,,Actief,Gemeenten,Gemeente,"8d6548e4-da96-4d52-b866-db16bea7bb1a","2023-10-16T16:15:13+00:00"
"180b0d3b-87b3-56d3-ba02-367ab0c21501",Leverancier,Leverancier,,Open-T,https://www.open-t.nl,test.vng.swc+Joo@gmail.com,+31 23 4567890,,,Actief,Gemeenten,Leverancier,"180b0d3b-87b3-56d3-ba02-367ab0c21501","2018-11-12T11:54:55+00:00"
"180b0d3b-87b3-56d3-ba02-367ab0c21501",Leverancier,Leverancier,,Open-T,https://www.open-t.nl,test.vng.swc+Joo@gmail.com,+31 23 4567890,,,Actief,Gemeenten,Gemeente,b6a3804a-012d-452e-859d-9955e1bd6bc2,"2022-03-28T10:57:27+00:00"
"2384d38f-b3a4-5c40-84e2-4175c36ad063",Leverancier,Leverancier,,OPEN.satisfaction,https://www.opensatisfaction.nl,test.vng.swc+Jer@gmail.com,+31 23 4567890,,,Actief,Gemeenten,Leverancier,"2384d38f-b3a4-5c40-84e2-4175c36ad063","2020-05-04T09:44:00+00:00"
"2384d38f-b3a4-5c40-84e2-4175c36ad063",Leverancier,Leverancier,,OPEN.satisfaction,https://www.opensatisfaction.nl,test.vng.swc+Jer@gmail.com,+31 23 4567890,,,Actief,Gemeenten,Gemeente,"177e9e85-87e5-4a3c-bad4-b78b2f6c3887","2023-01-16T08:14:27+00:00"
"5cbe6436-9683-5f56-81dc-f5980be07382",Leverancier,Leverancier,,OpenEO,,,,,,Actief,Gemeenten,Gemeente,"098fa2df-f721-4d5d-802f-d555af15639d","2022-09-07T14:20:24+00:00"
"34739df6-f293-5ad1-801e-980742615f2e",Leverancier,Leverancier,,OpenGemeenten,,,,,,Actief,Gemeenten,Gemeente,cdf95eee-39af-4847-a06f-5b46768d1887,"2022-04-14T10:25:55+00:00"
f8916682-3cd7-5cfc-afbb-8372100648a6,Leverancier,Leverancier,,OpenScape Business Assistant,,,,,,Actief,Gemeenten,Gemeente,"5e6c9fb0-6a38-4065-8a70-6f5e27a856ef","2017-08-23T13:17:25+00:00"
bbb6b2d7-46ad-51ef-a7c3-07e022a769aa,Leverancier,Leverancier,,Opensource OpenLayers,,,,,,Actief,Gemeenten,Samenwerking,"531dc053-40ae-4180-94a4-0af14eea374b","2015-03-18T08:58:09+00:00"
"2dec79c3-d74b-5661-bbe1-4fc268bb4034",Leverancier,Leverancier,,OpenText,https://www.opentext.com/solutions/industry/public-sector,test.vng.swc+Bva@gmail.com,+31 23 4567890,,,Actief,Gemeenten,Leverancier,"2dec79c3-d74b-5661-bbe1-4fc268bb4034","2023-11-27T09:22:44+00:00"
"5db8572a-1bff-5474-a4dd-1db87e28b31e",Leverancier,Leverancier,,Opentext,,,,,,Actief,Gemeenten,Gemeente,"9e903d5f-9d6e-42f6-8c40-43ef3f1cd3d6","2019-10-22T09:36:29+00:00"
"29d122c9-faf2-5bd0-9f5b-6fd116d6c3f3",Leverancier,Leverancier,,OpenXLMDeveloper,,,,,,Actief,Gemeenten,Gemeente,"751d7216-3be5-4ab2-9d95-40bdbc4444ec","2018-05-17T16:26:49+00:00"
bbe636c6-eff8-5357-8570-748cac4e4594,Leverancier,Leverancier,,Optelec,,,,,,Actief,Gemeenten,Gemeente,"1f66615f-fa81-44f6-92e3-eadac6b11eca","2017-11-07T09:45:56+00:00"
"6b5e78ac-8e8d-5aef-b11b-c0cc95786ff9",Leverancier,Leverancier,,Optelec B.V.,,,,,,Actief,Gemeenten,Gemeente,f6760577-58c8-477d-85b7-06796fdfd82d,"2019-11-11T12:22:11+00:00"
de3cbabc-7401-50ae-a677-361a1d138beb,Leverancier,Leverancier,,Opticom,,,,,,Actief,Gemeenten,Gemeente,d6088f73-1be3-46b6-a67d-9045db0842c1,"2016-03-07T10:41:28+00:00"
"13774e5c-24ba-5450-9412-f8c4d8587015",Leverancier,Leverancier,,Opzet,,,,,,Actief,Gemeenten,Gemeente,e9bf3b82-2033-44cb-8b49-884dc4d25540,"2017-05-23T09:05:20+00:00"
"8a1681e6-12a2-5250-87b7-03fdf1f8f617",Leverancier,Leverancier,,Oracle,,,,,,Actief,Gemeenten,Gemeente,c506903c-cb46-4b91-a5a7-880578af3701,"2025-07-10T13:50:29+00:00"
c7991d06-4531-5db3-a6ae-5194ef581e47,Leverancier,Leverancier,,Oracle/Bentley,,,,,,Actief,Gemeenten,Gemeente,b71a4bb9-89ab-41e2-9d25-8f8c6754afc9,"2014-07-01T16:30:52+00:00"
"0a3047dc-6936-5768-8f4e-5d9a2db5acfa",Leverancier,Leverancier,,Orange Cyber Defense,,,,,,Actief,Gemeenten,Gemeente,"11116e43-889d-4f50-92eb-ce630ebafd9e","2025-08-04T16:04:42+00:00"
"11ee074b-5fac-5940-9013-bb816be82efe",Leverancier,Leverancier,,Oranjewoud,,,,,,Actief,Gemeenten,Gemeente,"9fa07799-c3c5-47de-b1f9-f5b36964c3af","2014-07-01T16:30:52+00:00"
"19db72c0-a0b6-5daa-812c-47efa1016843",Leverancier,Leverancier,,Orcagroup,,,,,,Actief,Gemeenten,Gemeente,c04aad5f-8f0a-4ae0-b2d6-156c20845f8c,"2014-07-16T09:15:13+00:00"
c1c44469-68db-5629-9bf8-8db2c1b9e612,Leverancier,Leverancier,,Orchestra Software,,,,,,Actief,Gemeenten,Gemeente,"901879ec-f8fc-4fdf-a979-d3120dc882d0","2015-04-16T14:10:44+00:00"
"7ed7728f-f27b-581d-9401-6ed98d98604d",Leverancier,Leverancier,,ORIBI id-solutions,,,,,,Actief,Gemeenten,Gemeente,"79061205-d3a8-40c4-addb-8e9a15f5f04e","2024-10-30T10:34:13+00:00"
be145093-9fda-5456-99e0-7052d8f3808f,Leverancier,Leverancier,,Ortec Finance,https://www.ortecfinance.com/nl-nl/industries/gemeenten,test.vng.swc+Inf@gmail.com,+31 23 4567890,,,Actief,Gemeenten,Leverancier,be145093-9fda-5456-99e0-7052d8f3808f,"2020-12-08T15:49:59+00:00"
be145093-9fda-5456-99e0-7052d8f3808f,Leverancier,Leverancier,,Ortec Finance,https://www.ortecfinance.com/nl-nl/industries/gemeenten,test.vng.swc+Inf@gmail.com,+31 23 4567890,,,Actief,Gemeenten,Samenwerking,"0da54fc5-f705-4840-bdd1-b1a61e5357b9","2024-09-04T08:41:31+00:00"
af460ae7-05fb-5184-9695-7751e79a702f,Leverancier,Leverancier,,Osano,https://www.osano.nl,test.vng.swc+Mbr@gmail.com,+31 23 4567890,,,Actief,Gemeenten,Leverancier,af460ae7-05fb-5184-9695-7751e79a702f,"2014-03-26T10:13:27+00:00"
"394b8e7d-69c6-5bd3-acd2-4df83cdd60c2",Leverancier,Leverancier,,Osara scansoftware,,,,,,Actief,Gemeenten,Gemeente,dea35f50-183b-4d08-9d7b-96a8623def46,"2016-07-12T13:21:37+00:00"
"815ac6da-3c58-569d-9b1f-7bd81d9fde3e",Leverancier,Leverancier,,OSGeo,,,,,,Actief,Gemeenten,Samenwerking,"531dc053-40ae-4180-94a4-0af14eea374b","2019-12-24T15:00:07+00:00"
"83992560-2037-5bed-8c3d-8bb2e9c6938a",Leverancier,Leverancier,,OSGeo4W,,,,,,Actief,Gemeenten,Samenwerking,"25423a74-7a95-44e5-ad48-d3240f2323f5","2017-07-27T10:21:42+00:00"
e1f63bf7-013a-5fe0-b0cb-e6006be05dc6,Leverancier,Leverancier,,Otherside at work (Emperion),,,,,,Actief,Gemeenten,Gemeente,"1880c34d-da3f-4e29-8a36-49f96e2e0392","2018-04-16T09:01:35+00:00"
"9bf7c202-3857-5792-92c7-b4212db1d3c1",Leverancier,Leverancier,,OTRS Groep,,,,,,Actief,Gemeenten,Gemeente,"22fc6f37-e8cd-45f7-9441-095acbfe7f7c","2014-09-17T12:02:26+00:00"
"878e5861-5d69-5fa7-a15e-b7214224fbec",Leverancier,Leverancier,,Outbirds,https://www.outbirds.nl,test.vng.swc+Bar@gmail.com,+31 23 4567890,,,Actief,Gemeenten,Leverancier,"878e5861-5d69-5fa7-a15e-b7214224fbec","2022-06-20T17:02:28+00:00"
"8866dca7-971f-537e-b16f-73fde0c4842f",Leverancier,Leverancier,,OV-bureau Groningen Drenthe,,,,,,Actief,Gemeenten,Gemeente,bc343b52-289d-4f5e-b420-f0d0b2abdcbe,"2022-04-13T08:56:55+00:00"
c06eed15-0510-5cf1-8a1d-f557c30caa0a,Leverancier,Leverancier,,OWC,,,,,,Actief,Gemeenten,Gemeente,e9bf3b82-2033-44cb-8b49-884dc4d25540,"2024-05-06T13:36:15+00:00"
"2f2d456c-204c-573a-8e46-d669d4d13a29",Leverancier,Leverancier,,OZOverbindzorg,,,,,,Actief,Gemeenten,Gemeente,cd3ad582-40da-4de1-a230-fcfd33fef75e,"2019-07-03T13:00:25+00:00"
"8954e8f9-bd5d-5bec-a712-ea0082d3dc02",Leverancier,Leverancier,,P&P Company,,,,,,Actief,Gemeenten,Samenwerking,"1d299c60-cae1-4550-a7f9-dc8d79cab5c6","2015-09-25T09:05:29+00:00"
"1be783f9-aaa0-5730-9d71-ff33411099fb",Leverancier,Leverancier,,P8 Software,https://www.p8.nl,test.vng.swc+M@gmail.com,+31 23 4567890,,,Actief,Gemeenten,Leverancier,"1be783f9-aaa0-5730-9d71-ff33411099fb","2020-02-06T16:32:06+00:00"
"1be783f9-aaa0-5730-9d71-ff33411099fb",Leverancier,Leverancier,,P8 Software,https://www.p8.nl,test.vng.swc+M@gmail.com,+31 23 4567890,,,Actief,Gemeenten,Gemeente,f6760577-58c8-477d-85b7-06796fdfd82d,"2019-11-11T12:16:11+00:00"
"1e667504-c5aa-5f79-83e5-a3f60f832a3a",Leverancier,Leverancier,,Pablo software Solutions,,,,,,Actief,Gemeenten,Gemeente,b0eea343-8d48-4144-a80d-2022d60c097f,"2021-03-15T16:21:44+00:00"
"5f6b4d39-6ea7-5ba4-a4e0-fc3a4c30d46b",Leverancier,Leverancier,,Pactum,,,,,,Actief,Gemeenten,Gemeente,"8e0729ca-7e07-45b1-ab6a-6d947fdd9f54","2025-02-03T16:44:09+00:00"
"4b420a48-885f-5b2e-9768-c43bc356bb89",Leverancier,Leverancier,,Paessler,,,,,,Actief,Gemeenten,Gemeente,"8d6548e4-da96-4d52-b866-db16bea7bb1a","2023-10-16T15:45:53+00:00"
"456a08d3-966e-5bd0-9bf9-3a6994cd1c95",Leverancier,Leverancier,,Pagefreezer,https://www.pagefreezer.nl,test.vng.swc+Joh@gmail.com,+31 23 4567890,,,Actief,Gemeenten,Leverancier,"456a08d3-966e-5bd0-9bf9-3a6994cd1c95","2016-02-25T17:40:23+00:00"
ebba0f2a-16a6-59c8-a811-e16001a2419b,Leverancier,Leverancier,,Pagefreezer Software Inc.,,,,,,Actief,Gemeenten,Samenwerking,d22b9ff2-8b62-4b48-b6ad-7b9e86002cd8,"2019-03-13T14:54:58+00:00"
"85b15bf0-4876-59d6-8135-3be7e6ffad2f",Leverancier,Leverancier,,Pagelink,,,,,,Actief,Gemeenten,Gemeente,"349e6027-b7c4-42ac-88e6-a5f17fc833f6","2014-08-26T11:51:16+00:00"
ef60a7cb-8c3f-5ac4-a1fa-7b1b3c9264f7,Leverancier,Leverancier,,Pagoni,,,,,,Actief,Gemeenten,Gemeente,"8e0e04d8-8574-4a5e-9505-49dfbde3ad3a","2015-10-05T11:54:00+00:00"
c9681347-d78c-553c-b752-c3d6936c52ce,Leverancier,Leverancier,,Pallas Althena/Perceptive Software,,,,,,Actief,Gemeenten,Samenwerking,"769b4359-b891-4198-b924-86e1bb7f6cdd","2020-06-09T09:25:12+00:00"
"37841ece-58e8-559c-ac7e-66f240ff0480",Leverancier,Leverancier,,Palo Alto,,,,,,Actief,Gemeenten,Gemeente,c04aad5f-8f0a-4ae0-b2d6-156c20845f8c,"2024-11-15T09:57:01+00:00"
"6c7ce59b-47bb-5741-bd38-e9a8e488d1a2",Leverancier,Leverancier,,Panasonic,,,,,,Actief,Gemeenten,Gemeente,db3b997f-5a48-4133-bd9d-5695acf2a521,"2023-06-12T17:47:37+00:00"
"9811a445-019c-5422-87ba-7fcacc655ea2",Leverancier,Leverancier,,Pandora Intelligence,https://pandoraintelligence.com,test.vng.swc+Pet@gmail.com,,,,Actief,Gemeenten,Leverancier,"9811a445-019c-5422-87ba-7fcacc655ea2","2018-06-27T10:42:04+00:00"
b290ebb9-03ac-5ce2-bdac-5f52507c5590,Leverancier,Leverancier,,Panoptics,,,,,,Actief,Gemeenten,Gemeente,c9e26ee2-0de6-476a-85e2-631a5e84ea42,"2019-04-24T14:16:47+00:00"
"698be21a-c5d8-5dcc-b992-8c2cfbf828aa",Leverancier,Leverancier,,Pantheon Automatisering,,,,,,Actief,Gemeenten,Gemeente,e19ec1b3-d5bc-4b94-b32d-1e268e9c199e,"2020-08-17T14:00:42+00:00"
"40b6ed72-51ed-590c-8ffc-0b83159089e2",Leverancier,Leverancier,,Pantyr,https://www.pantyr.nl,test.vng.swc+Joe@gmail.com,+31 23 4567890,,,Actief,Gemeenten,Leverancier,"40b6ed72-51ed-590c-8ffc-0b83159089e2","2023-10-19T09:03:23+00:00"
"40b6ed72-51ed-590c-8ffc-0b83159089e2",Leverancier,Leverancier,,Pantyr,https://www.pantyr.nl,test.vng.swc+Joe@gmail.com,+31 23 4567890,,,Actief,Gemeenten,Gemeente,"3a6aa04a-11ff-4ee5-9424-d65c8eb0b6bd","2022-11-24T12:54:22+00:00"
ee91ece9-acae-5d41-8582-45f9c2c7a3ff,Leverancier,Leverancier,,PaperCut Software Pty Ltd.,,,,,,Actief,Gemeenten,Gemeente,c506903c-cb46-4b91-a5a7-880578af3701,"2025-07-10T13:39:56+00:00"
e88abfcd-3507-59b4-804c-ba668de6a58d,Leverancier,Leverancier,,PAQT.com,https://www.paqt.com,test.vng.swc+Rob@gmail.com,+31 23 4567890,,,Actief,Gemeenten,Leverancier,e88abfcd-3507-59b4-804c-ba668de6a58d,"2021-05-06T17:30:49+00:00"
"05058e0b-6304-5861-9ebc-41894f7b1670",Leverancier,Leverancier,,Paragraph,,,,,,Actief,Gemeenten,Gemeente,"6e13f380-a81a-46dc-b204-6e8b8e4645dc","2014-10-07T11:21:58+00:00"
"961fb14f-65c2-5d0b-af45-c06835b629f4",Leverancier,Leverancier,,Paralax,,,,,,Actief,Gemeenten,Gemeente,"79a9341e-decf-4010-b2d3-f30d82f4e450","2021-11-10T13:03:03+00:00"
"1ec3aa25-d454-5d52-8798-5b59794178ce",Leverancier,Leverancier,,Pardon Consult,,,,,,Actief,Gemeenten,Gemeente,"9384ee66-e19d-4cb1-be5a-861436ad9d67","2024-06-13T10:51:09+00:00"
ec7cfea8-9ae6-50db-be80-9c9144a8f28e,Leverancier,Leverancier,,ParkeerService,,,,,,Actief,Gemeenten,Samenwerking,"86aa66a7-4802-4d73-95d7-0d4e7ca98255","2014-07-01T16:30:52+00:00"
"0e001dad-b9f0-5d5a-9159-fbd43d0422fd",Leverancier,Leverancier,,Parkeerservice Amersfoort,,,,,,Actief,Gemeenten,Gemeente,cb54cdcf-f60b-4cf4-b938-2515e482ce95,"2015-07-17T11:44:17+00:00"
"8a260295-3d22-53fc-b596-7f2f90f1d07e",Leverancier,Leverancier,,Parkeren in Delft,,,,,,Actief,Gemeenten,Gemeente,e033b25b-3b17-4b55-a1f8-2c40a3ece8a7,"2015-01-30T11:39:40+00:00"
"301f7792-1901-5edd-8ad5-23bb218ded5d",Leverancier,Leverancier,,Parkmobile,,,,,,Actief,Gemeenten,Gemeente,"79a9341e-decf-4010-b2d3-f30d82f4e450","2021-04-06T14:12:19+00:00"
a9445a47-c312-5042-b947-12dae2b5c221,Leverancier,Leverancier,,Parlaeus,,,,,,Actief,Gemeenten,Gemeente,"311c99f5-18d7-478b-b615-faf55530142a","2021-02-08T09:58:16+00:00"
d8470ca7-8476-5be7-a52f-9b99b54c2948,Leverancier,Leverancier,,Partners4IT,https://partners4it.nl,test.vng.swc+Ari@gmail.com,+31 23 4567890,,,Actief,Gemeenten,Leverancier,d8470ca7-8476-5be7-a52f-9b99b54c2948,"2020-08-03T10:42:13+00:00"
"5a66aeff-5fda-5621-ad6a-aa92bc16576c",Leverancier,Leverancier,,Pas bv,,,,,,Actief,Gemeenten,Gemeente,"0fe772ed-ba30-40cf-8f5d-922a3038a068","2014-10-21T15:09:12+00:00"
"79ab94d7-a47b-5f0f-bfe6-5a6933cc7cb1",Leverancier,Leverancier,,PASS Digital Technologies GmbH,,,,,,Actief,Gemeenten,Gemeente,"9e903d5f-9d6e-42f6-8c40-43ef3f1cd3d6","2015-03-20T15:51:17+00:00"
"9ca10972-74da-5f54-9b2c-6d2833874d7e",Leverancier,Leverancier,,Pauw,,,,,,Actief,Gemeenten,Samenwerking,ab8c21a3-105a-437c-be7e-41553dff6dc4,"2019-01-21T09:04:20+00:00"
"29da8119-c584-52d3-b9dd-7e56357c2c6b",Leverancier,Leverancier,,PAUW b.v.,,,,,,Actief,Gemeenten,Gemeente,"85b4ae27-bba1-4239-b041-b17ae7bf6641","2020-04-23T15:36:04+00:00"
"2d2f0765-a4ff-5654-a665-b90f6e0668f0",Leverancier,Leverancier,,Paxton,,,,,,Actief,Gemeenten,Gemeente,"269a3750-61f1-41f0-b03b-e53ab7eb6315","2021-05-17T16:26:31+00:00"
"1aaafe26-1421-510a-aff1-fe1276d6dbaa",Leverancier,Leverancier,,Paxton Benelux,,,,,,Actief,Gemeenten,Gemeente,"1e5f65a2-1b5d-4124-920b-66b1399d35e4","2023-09-03T12:45:54+00:00"
"38578f43-57bd-5265-8159-5521b0049df1",Leverancier,Leverancier,,PayByLink,,,,,,Actief,Gemeenten,Gemeente,b71a4bb9-89ab-41e2-9d25-8f8c6754afc9,"2018-06-28T13:53:45+00:00"
"95a8230b-0d7a-5b85-b85a-3bab7196da40",Leverancier,Leverancier,,PayGlobal Technology B.V.,,,,,,Actief,Gemeenten,Gemeente,"098fa2df-f721-4d5d-802f-d555af15639d","2022-09-05T11:04:51+00:00"
"5548a139-f2a7-588f-8163-996c76d817ff",Leverancier,Leverancier,,PBT,,,,,,Actief,Gemeenten,Gemeente,b2301b50-241e-4a1d-b1cc-f50d5e83458f,"2014-07-01T16:30:52+00:00"
"8097563f-a775-5bfc-ad61-29cc3e87cdbc",Leverancier,Leverancier,,PCI Hecla Professional,,,,,,Actief,Gemeenten,Gemeente,"62a3ee34-6292-4c81-9da5-61790d8f5240","2020-01-07T13:10:56+00:00"
"0b5d1f3b-54f3-5446-aeca-52dfb9cb0ecc",Leverancier,Leverancier,,PDFen.com,,,,,,Actief,Gemeenten,Samenwerking,"72615a0b-8276-4f0c-ac73-82ee98c80d0b","2019-09-26T12:02:59+00:00"
c109807a-f065-50d2-a33a-ad26345d71b3,Leverancier,Leverancier,,PDFForge,,,,,,Actief,Gemeenten,Gemeente,"5e6c9fb0-6a38-4065-8a70-6f5e27a856ef","2015-02-24T10:02:34+00:00"
"37af80b2-7771-5966-b5cc-408498d27955",Leverancier,Leverancier,,PDOK,,,,,,Actief,Gemeenten,Gemeente,b0eea343-8d48-4144-a80d-2022d60c097f,"2021-05-18T10:54:58+00:00"
"700eeb93-6f67-5c27-bd63-4c426a2804c4",Leverancier,Leverancier,,Peek Trafic Control,,,,,,Actief,Gemeenten,Gemeente,"6ea9357b-c6cb-4702-8e95-baafeaa6b38c","2018-10-29T16:16:13+00:00"
"2dcec0b1-e9a9-5dd5-accc-0c014819cb51",Leverancier,Leverancier,,Peel en Maas,,,,,,Actief,Gemeenten,Gemeente,d492c8e6-bc8d-453f-9ab7-a4c6690cbe62,"2014-07-24T12:08:12+00:00"
"9db05423-e817-59e0-9c6c-63c473945294",Leverancier,Leverancier,,Pegamento,,,,,,Actief,Gemeenten,Gemeente,"79a9341e-decf-4010-b2d3-f30d82f4e450","2021-04-06T14:28:32+00:00"
"3f485801-2933-55cb-a8a4-b96f37933475",Leverancier,Leverancier,,Pentaho,,,,,,Actief,Gemeenten,Gemeente,"11116e43-889d-4f50-92eb-ce630ebafd9e","2018-08-16T16:28:49+00:00"
"20d9c4c7-1ef1-5ba5-9519-0e71f219e7b6",Leverancier,Leverancier,,Pentaho / MySQL,,,,,,Actief,Gemeenten,Samenwerking,"0da54fc5-f705-4840-bdd1-b1a61e5357b9","2015-10-21T10:51:12+00:00"
"9b81b388-4d2e-5442-8793-1eaf472a6911",Leverancier,Leverancier,,Pepperflow,,,,,,Actief,Gemeenten,Gemeente,"8e0729ca-7e07-45b1-ab6a-6d947fdd9f54","2025-02-03T16:54:48+00:00"
e2b8eb47-9175-5669-a75f-94b61eaf3424,Leverancier,Leverancier,,PerfectView,https://overheid.perfectviewcrm.nl,test.vng.swc+Ove@gmail.com,+31 23 4567890,,,Actief,Gemeenten,Leverancier,e2b8eb47-9175-5669-a75f-94b61eaf3424,"2018-09-06T16:21:31+00:00"
e2b8eb47-9175-5669-a75f-94b61eaf3424,Leverancier,Leverancier,,PerfectView,https://overheid.perfectviewcrm.nl,test.vng.swc+Ove@gmail.com,+31 23 4567890,,,Actief,Gemeenten,Gemeente,"91a2ab0f-25aa-43bd-b4e6-c8ef360fa0f2","2024-01-22T14:59:31+00:00"
"102c8af5-5bee-55d2-9410-04ca899c606f",Leverancier,Leverancier,,Permento,https://www.permento.nl,test.vng.swc+Wim@gmail.com,+31 23 4567890,,,Actief,Gemeenten,Leverancier,"102c8af5-5bee-55d2-9410-04ca899c606f","2021-10-25T16:24:35+00:00"
"02ea8291-9fbb-51cf-9051-2c37f3a5d668",Leverancier,Leverancier,,Perrit,,,,,,Actief,Gemeenten,Gemeente,c8fd7e56-b681-43b0-a50f-659c48fd5bf5,"2017-09-12T11:56:47+00:00"
"49f4f9d1-ca71-51df-bf33-fbf960a5c00d",Leverancier,Leverancier,,Petear,,,,,,Actief,Gemeenten,Gemeente,"0844b9eb-2d66-445c-a183-1095d7fa0bf7","2016-11-30T12:16:24+00:00"
f55c9719-db07-5dde-825a-a40c60b5159c,Leverancier,Leverancier,,Pfister,,,,,,Actief,Gemeenten,Gemeente,"1fbdf5f9-d227-443f-a455-b4893d6f96db","2019-05-02T15:18:21+00:00"
"81c01c17-c082-5c58-9dca-3ff7c3874a38",Leverancier,Leverancier,,Pfister Weegtechniek,,,,,,Actief,Gemeenten,Samenwerking,f85a6bf9-4478-481b-a1b6-d7a5ea1fa647,"2018-08-21T12:46:29+00:00"
"5a3bebb2-3bec-54ec-9b35-9b1bd9f65ac7",Leverancier,Leverancier,,PFU Limited,,,,,,Actief,Gemeenten,Gemeente,"6a706348-e2e7-41fe-b9b6-24ccf4c37cc1","2018-11-01T18:13:57+00:00"
"79e78fad-2ed2-5932-990c-2d18bff4dfa9",Leverancier,Leverancier,,PgAdmin.org,,,,,,Actief,Gemeenten,Gemeente,"11116e43-889d-4f50-92eb-ce630ebafd9e","2025-07-29T14:29:03+00:00"
bfbd14ef-c606-5527-b02b-70ea219ddde5,Leverancier,Leverancier,,Pharmapartners,,,,,,Actief,Gemeenten,Gemeente,f6760577-58c8-477d-85b7-06796fdfd82d,"2019-11-11T11:35:21+00:00"
"3717fa9c-18f6-532c-88f2-faf5a8d30918",Leverancier,Leverancier,,PhaseFour,,,,,,Actief,Gemeenten,Gemeente,"0a3fcaad-0a88-4f8c-8b63-91201ddecdca","2015-07-01T16:31:53+00:00"
"346066c3-0b4b-5d60-b691-d11984475b1b",Leverancier,Leverancier,,Philips,,,,,,Actief,Gemeenten,Gemeente,db3b997f-5a48-4133-bd9d-5695acf2a521,"2023-06-12T17:54:45+00:00"
"92f1beee-0294-55cd-b0d6-7c475b3df540",Leverancier,Leverancier,,Philips Lighting B.V.,,,,,,Actief,Gemeenten,Gemeente,b0eea343-8d48-4144-a80d-2022d60c097f,"2015-04-14T14:35:58+00:00"
"67fe595d-bd9d-57e8-8456-e1b81ae30e3e",Leverancier,Leverancier,,Philips Nederland B.V.,,,,,,Actief,Gemeenten,Gemeente,f6760577-58c8-477d-85b7-06796fdfd82d,"2019-08-13T15:57:14+00:00"
"990339d2-6e3f-5344-b0de-da12c2125733",Leverancier,Leverancier,,Phillip Beauvoir,,,,,,Actief,Gemeenten,Gemeente,"563593bf-81ce-4877-aa87-759b12d821b3","2022-08-11T15:17:51+00:00"
"61ce4cd2-3cc4-51b1-93ea-37b3b63a7cf6",Leverancier,Leverancier,,PHP (eigen programmatuur),,,,,,Actief,Gemeenten,Gemeente,"563593bf-81ce-4877-aa87-759b12d821b3","2022-08-11T17:21:05+00:00"
"71e5b1f8-7298-5bcb-97dd-432d6b7178d4",Leverancier,Leverancier,,Piano,,,,,,Actief,Gemeenten,Gemeente,b0eea343-8d48-4144-a80d-2022d60c097f,"2019-03-29T11:25:34+00:00"
"153122ad-da73-5eba-b486-c1a68266c2be",Leverancier,Leverancier,,PIANOo,,,,,,Actief,Gemeenten,Gemeente,"90cb9d65-8a63-4bea-8631-57c9c818c72e","2020-04-30T18:48:50+00:00"
"156758c9-aba7-5492-9206-8995df660b1c",Leverancier,Leverancier,,Picasse,,,,,,Actief,Gemeenten,Gemeente,"3f8a0f92-979c-4cae-9ddf-7147a036d60b","2023-06-05T14:18:10+00:00"
"8eb3a537-86a7-5d05-a2fc-538ad8001dae",Leverancier,Leverancier,,Picasse Internet & Mobile,,,,,,Actief,Gemeenten,Gemeente,"414864c8-7b9f-466e-af62-fc81751e3e49","2018-06-12T14:49:55+00:00"
"43df2365-b2aa-5e5d-9e0a-26451e5b272b",Leverancier,Leverancier,,Picturae,,,,,,Actief,Gemeenten,Gemeente,"11116e43-889d-4f50-92eb-ce630ebafd9e","2025-06-24T15:04:50+00:00"
"406f8dcf-1c2b-5cd2-bd0e-1f350b1216f8",Leverancier,Leverancier,,PicturePack,,,,,,Actief,Gemeenten,Gemeente,"751d7216-3be5-4ab2-9d95-40bdbc4444ec","2023-11-08T11:25:18+00:00"
f8484bd2-5c0e-5a76-a758-cc4eaadb090f,Leverancier,Leverancier,,Pieter Bas Automatisering,,,,,,Actief,Gemeenten,Gemeente,"8908e84f-8ac2-41be-8cd8-95adbacf48df","2021-07-26T15:43:33+00:00"
c7623ee9-3eac-5d3b-b6c1-870a372daa75,Leverancier,Leverancier,,Piktochart,,,,,,Actief,Gemeenten,Gemeente,"85b4ae27-bba1-4239-b041-b17ae7bf6641","2020-05-06T15:09:10+00:00"
"17bd8780-3f8b-57aa-96b6-eba154ccef48",Leverancier,Leverancier,,PIM.info B.V.,https://www.pim.info,test.vng.swc+Inf@gmail.com,+31 23 4567890,,,Actief,Gemeenten,Leverancier,"17bd8780-3f8b-57aa-96b6-eba154ccef48","2016-04-06T10:01:51+00:00"
"02fad6a2-6296-51ad-aa75-f379fbb6192b",Leverancier,Leverancier,,Pine Digital Security,,,,,,Actief,Gemeenten,Gemeente,"1f66615f-fa81-44f6-92e3-eadac6b11eca","2017-10-20T14:07:50+00:00"
"54dfa5ec-9adb-5bd3-909f-7d66e178fb6d",Leverancier,Leverancier,,PinkRoccade Local Government,https://www.pinkroccadelocalgovernment.nl,test.vng.swc+Joh@gmail.com,+31 23 4567890,,,Actief,Gemeenten,Leverancier,"54dfa5ec-9adb-5bd3-909f-7d66e178fb6d","2014-03-26T10:13:27+00:00"
"54dfa5ec-9adb-5bd3-909f-7d66e178fb6d",Leverancier,Leverancier,,PinkRoccade Local Government,https://www.pinkroccadelocalgovernment.nl,test.vng.swc+Joh@gmail.com,+31 23 4567890,,,Actief,Gemeenten,Samenwerking,d6088f73-1be3-46b6-a67d-9045db0842c1,"2025-04-15T16:31:15+00:00"
"01fa5aa0-23f1-53a1-ad35-7c7ea9ab0258",Leverancier,Leverancier,,Pionn,,,,,,Actief,Gemeenten,Gemeente,"4d385e00-86bb-423e-86dc-1ec0629b5200","2016-04-01T11:50:38+00:00"
b4e658e6-d040-5d6c-b784-f1b8e0d955ed,Leverancier,Leverancier,,Pitney Bowes,,,,,,Actief,Gemeenten,Samenwerking,"8c82c910-6e18-4e86-9477-8c7dd043e5a5","2019-04-05T16:13:14+00:00"
d09feb63-cb70-51c0-a07c-269e96f3fdfb,Leverancier,Leverancier,,Piwik PRO,https://piwik.pro,test.vng.swc+Vin@gmail.com,+31 23 4567890,,,Actief,Gemeenten,Leverancier,d09feb63-cb70-51c0-a07c-269e96f3fdfb,"2016-06-01T14:38:47+00:00"
"2d0e8359-75c0-5d89-b7dc-5fd23c1ae06d",Leverancier,Leverancier,,Plan Plan Internet,,,,,,Actief,Gemeenten,Gemeente,"5fd035bf-903a-4f7c-89ba-78c5239ac56a","2023-01-09T16:44:32+00:00"
c7fd8434-c51f-5c84-bf00-1ec20ac9c9a3,Leverancier,Leverancier,,Plandatis,,,,,,Actief,Gemeenten,Gemeente,"5fd035bf-903a-4f7c-89ba-78c5239ac56a","2023-01-09T16:03:35+00:00"
"7ad43093-a439-595c-a159-384d3587cdf4",Leverancier,Leverancier,,Plangroep,,,,,,Actief,Gemeenten,Gemeente,cb54cdcf-f60b-4cf4-b938-2515e482ce95,"2023-05-02T14:17:42+00:00"
b311257b-be1f-59d3-ad41-b95d2b68aef1,Leverancier,Leverancier,,Planning.nl,,,,,,Actief,Gemeenten,Gemeente,"91a2ab0f-25aa-43bd-b4e6-c8ef360fa0f2","2023-01-05T10:15:00+00:00"
b9404447-51e1-5826-9813-142eb08a0ab3,Leverancier,Leverancier,,Planon,,,,,,Actief,Gemeenten,Gemeente,"2af271e0-a05b-460d-88c9-24c06b6eabe5","2024-12-02T16:09:58+00:00"
b2d878a3-838f-525f-93f3-fec86fa0f326,Leverancier,Leverancier,,Planterra,,,,,,Actief,Gemeenten,Gemeente,"91a2ab0f-25aa-43bd-b4e6-c8ef360fa0f2","2023-01-05T12:10:56+00:00"
fba4b1e3-c4ce-5fd3-a55b-1d8bc3e4e611,Leverancier,Leverancier,,Planviewer,https://www.planviewer.nl,test.vng.swc+S@gmail.com,+31 23 4567890,,,Actief,Gemeenten,Leverancier,fba4b1e3-c4ce-5fd3-a55b-1d8bc3e4e611,"2014-03-26T10:13:27+00:00"
"51fe0964-e66d-5395-aa7b-01b574e61986",Leverancier,Leverancier,,Plastic Omnium BV,,,,,,Actief,Gemeenten,Gemeente,cd3ad582-40da-4de1-a230-fcfd33fef75e,"2019-06-21T10:15:05+00:00"
b32e243c-7786-59c0-8387-f5044eaf6481,Leverancier,Leverancier,,Playmapping,,,,,,Actief,Gemeenten,Gemeente,ee2cfcb1-a184-4e5c-85f0-8fc3ad859ddc,"2025-08-12T16:02:14+00:00"
"5159f256-dd95-5a7d-b959-25a49ea08bed",Leverancier,Leverancier,,PlaySafe,,,,,,Actief,Gemeenten,Samenwerking,d22b9ff2-8b62-4b48-b6ad-7b9e86002cd8,"2015-02-10T16:13:51+00:00"
"20129928-5f31-51dd-a4af-fdd18f1eb5ba",Leverancier,Leverancier,,Pleio - online samenwerken,https://pleio.nl,test.vng.swc+Mar@gmail.com,+31 23 4567890,,,Actief,Gemeenten,Leverancier,"20129928-5f31-51dd-a4af-fdd18f1eb5ba","2025-09-03T09:54:32+00:00"
b30869af-799a-5041-a92c-8b631f701e68,Leverancier,Leverancier,,Plek,https://plek.co/nl,test.vng.swc+And@gmail.com,+31 23 4567890,,,Actief,Gemeenten,Leverancier,b30869af-799a-5041-a92c-8b631f701e68,"2024-11-18T09:27:52+00:00"
b30869af-799a-5041-a92c-8b631f701e68,Leverancier,Leverancier,,Plek,https://plek.co/nl,test.vng.swc+And@gmail.com,+31 23 4567890,,,Actief,Gemeenten,Gemeente,"1880c34d-da3f-4e29-8a36-49f96e2e0392","2018-09-25T10:24:39+00:00"
aa83d91c-865e-5f25-976d-f9bc233a65cd,Leverancier,Leverancier,,PleQ,,,,,,Actief,Gemeenten,Gemeente,"3a6aa04a-11ff-4ee5-9424-d65c8eb0b6bd","2021-03-23T16:53:49+00:00"
"5f728bf4-a9b5-598e-8b79-d0a1990037df",Leverancier,Leverancier,,Plesir,,,,,,Actief,Gemeenten,Gemeente,"4d385e00-86bb-423e-86dc-1ec0629b5200","2016-04-01T12:33:14+00:00"
"9ce3a2b2-4d80-58cc-a5d5-2fcdd52df466",Leverancier,Leverancier,,Plurel B.V.,,,,,,Actief,Gemeenten,Gemeente,f6760577-58c8-477d-85b7-06796fdfd82d,"2019-09-09T13:59:38+00:00"
"63fba95f-20c4-5927-9abe-af3724509e99",Leverancier,Leverancier,,PMO Institute,https://www.pmoinstitute.com,test.vng.swc+Eri@gmail.com,+31 23 4567890,,,Actief,Gemeenten,Leverancier,"63fba95f-20c4-5927-9abe-af3724509e99","2021-05-20T17:05:00+00:00"
"63fba95f-20c4-5927-9abe-af3724509e99",Leverancier,Leverancier,,PMO Institute,https://www.pmoinstitute.com,test.vng.swc+Eri@gmail.com,+31 23 4567890,,,Actief,Gemeenten,Gemeente,"098fa2df-f721-4d5d-802f-d555af15639d","2022-09-05T16:00:02+00:00"
ff6f76d7-87a8-5365-a1f5-3b84aa9ab88d,Leverancier,Leverancier,,Pointsharp,,,,,,Actief,Gemeenten,Gemeente,c04aad5f-8f0a-4ae0-b2d6-156c20845f8c,"2024-11-15T10:31:17+00:00"
"98d080c6-fd73-5ef9-82fe-f97c9d1303dc",Leverancier,Leverancier,,POL,,,,,,Actief,Gemeenten,Gemeente,db7fdd84-bdfd-41d6-8641-0f1e2a954c25,"2018-10-31T17:00:39+00:00"
"7652197b-d297-5b14-af80-f6c5a3e14157",Leverancier,Leverancier,,Pol BV,,,,,,Actief,Gemeenten,Gemeente,e604cac6-2ba6-4c23-9197-85a4df340e6c,"2016-07-11T16:25:39+00:00"
b9d88d97-d72b-5f97-88bd-0f550586073a,Leverancier,Leverancier,,Pol Heteren BV,,,,,,Actief,Gemeenten,Gemeente,cd3ad582-40da-4de1-a230-fcfd33fef75e,"2019-09-02T12:33:19+00:00"
"822cc56f-04c0-59d9-be74-1b110fd8d46d",Leverancier,Leverancier,,Policyflow,,,,,,Actief,Gemeenten,Gemeente,e9bf3b82-2033-44cb-8b49-884dc4d25540,"2022-06-03T10:12:10+00:00"
d5a203fb-b7af-5f7a-857e-aa49560050af,Leverancier,Leverancier,,Politie,,,,,,Actief,Gemeenten,Gemeente,"79a9341e-decf-4010-b2d3-f30d82f4e450","2021-06-29T14:47:27+00:00"
b8d666dd-18c2-5a8d-8497-e75dcf846c7f,Leverancier,Leverancier,,Polpo politieke monitoring,https://polpo.nl,test.vng.swc+Jva@gmail.com,+31 23 4567890,,,Actief,Gemeenten,Leverancier,b8d666dd-18c2-5a8d-8497-e75dcf846c7f,"2023-03-28T09:33:58+00:00"
"09432ed3-aa37-546d-bc7c-b3ac189bda18",Leverancier,Leverancier,,Pomacs BV,,,,,,Actief,Gemeenten,Gemeente,"79a9341e-decf-4010-b2d3-f30d82f4e450","2021-09-08T13:47:39+00:00"
"202e3e03-1ea8-5a15-b66e-5968fb41cad7",Leverancier,Leverancier,,Pomacs Software,,,,,,Actief,Gemeenten,Gemeente,"39a6abee-c408-422c-b3e2-71ed1fd94f90","2018-06-26T08:42:29+00:00"
"32498db6-d54a-5eee-8ca3-0edbf4d8411e",Leverancier,Leverancier,,Post.NL,,,,,,Actief,Gemeenten,Gemeente,db3b997f-5a48-4133-bd9d-5695acf2a521,"2023-06-14T10:23:21+00:00"
"6e4e6264-f8ee-5d8a-8007-39d7a1ed303e",Leverancier,Leverancier,,Postex Nederland BV,https://www.postex.com/branches/overheidsinstanties/index.html,test.vng.swc+M@gmail.com,+31 23 4567890,,,Actief,Gemeenten,Leverancier,"6e4e6264-f8ee-5d8a-8007-39d7a1ed303e","2021-04-07T13:48:26+00:00"
a2a205af-cc53-523c-9211-59f034914d72,Leverancier,Leverancier,,Postma & Cohen,,,,,,Actief,Gemeenten,Gemeente,b2301b50-241e-4a1d-b1cc-f50d5e83458f,"2025-01-28T09:41:39+00:00"
f488c98d-5a68-5704-bb5c-9e494a0d1731,Leverancier,Leverancier,,Power Query,,,,,,Actief,Gemeenten,Gemeente,"098fa2df-f721-4d5d-802f-d555af15639d","2022-09-07T14:12:23+00:00"
b5edd2ef-badd-5bae-a235-29dd0a099da3,Leverancier,Leverancier,,PowerToPay BV,,,,,,Actief,Gemeenten,Gemeente,"79a9341e-decf-4010-b2d3-f30d82f4e450","2021-09-08T13:52:52+00:00"
"24080245-ac44-50e8-9812-08ec05085d11",Leverancier,Leverancier,,PQR,,,,,,Actief,Gemeenten,Gemeente,"90cb9d65-8a63-4bea-8631-57c9c818c72e","2023-03-03T17:52:16+00:00"
"423eedd5-5a8f-5000-9846-1bc5bdbfbf63",Leverancier,Leverancier,,Praktikon,,,,,,Actief,Gemeenten,Gemeente,"751d7216-3be5-4ab2-9d95-40bdbc4444ec","2022-07-05T10:24:00+00:00"
"746a5400-f4f6-563d-b99c-185c851ceaa0",Leverancier,Leverancier,,Precia Molen,,,,,,Actief,Gemeenten,Gemeente,db7fdd84-bdfd-41d6-8641-0f1e2a954c25,"2017-07-03T14:07:19+00:00"
"47e2c455-5b57-5644-a6a5-63d8e07e07a1",Leverancier,Leverancier,,Precisely,,,,,,Actief,Gemeenten,Gemeente,"79a9341e-decf-4010-b2d3-f30d82f4e450","2021-07-14T14:59:07+00:00"
ddf90e85-4041-5761-96df-5d3e69197877,Leverancier,Leverancier,,Preservica,,,,,,Actief,Gemeenten,Gemeente,"90cb9d65-8a63-4bea-8631-57c9c818c72e","2025-07-23T13:50:49+00:00"
da884902-84fc-564c-a4ba-fc55c48484e7,Leverancier,Leverancier,,Prezent Internet,https://www.prezent.nl/nl,test.vng.swc+B@gmail.com,+31 23 4567890,,,Actief,Gemeenten,Leverancier,da884902-84fc-564c-a4ba-fc55c48484e7,"2024-05-01T11:03:10+00:00"
e60fb902-9c4f-59ab-8106-570a078a77ef,Leverancier,Leverancier,,Prezi,,,,,,Actief,Gemeenten,Gemeente,"1f66615f-fa81-44f6-92e3-eadac6b11eca","2017-11-10T08:21:34+00:00"
"3b297f71-1a10-54d4-9664-af7481687cd3",Leverancier,Leverancier,,Prezi.com,,,,,,Actief,Gemeenten,Gemeente,"117bd10c-546a-44e6-8071-7582a5f303a7","2021-09-30T11:27:30+00:00"
a32356ba-4a7d-586e-9c18-60a6233778c2,Leverancier,Leverancier,,Price Waterhouse Coopers,,,,,,Actief,Gemeenten,Gemeente,fd4629e7-f5bb-474f-94a2-5bcc1e672089,"2016-04-26T13:55:51+00:00"
c9216c71-5950-58c7-9b62-71f30b0d2cde,Leverancier,Leverancier,,Pridis,,,,,,Actief,Gemeenten,Gemeente,"3fa41daf-5e2d-4da2-a5a8-af0ed195ec13","2025-03-07T16:15:55+00:00"
f770bb2b-6bdf-5646-9036-a9fd42809989,Leverancier,Leverancier,,Primaned,,,,,,Actief,Gemeenten,Gemeente,"81e0fc01-74f8-4439-b2e5-ee7c957e32ae","2015-11-12T08:47:51+00:00"
d40a7472-1f7c-591d-bd43-b7d904be5f6d,Leverancier,Leverancier,,Primos interactief,,,,,,Actief,Gemeenten,Gemeente,"098fa2df-f721-4d5d-802f-d555af15639d","2022-09-07T14:22:14+00:00"
ed6ae072-9c3c-51eb-b184-174f28fbab48,Leverancier,Leverancier,,Priva,,,,,,Actief,Gemeenten,Gemeente,af185a56-58cd-4a45-88b0-9e7d34f398d8,"2024-05-15T11:22:14+00:00"
b353758d-e33e-5401-9a54-edab9e82d61b,Leverancier,Leverancier,,Priva B.V.,,,,,,Actief,Gemeenten,Gemeente,e7b34d5f-6917-4aef-8753-bfcb3d07660b,"2019-01-01T18:37:05+00:00"
"7d1e4d9a-5ccb-5b4d-8780-95b6baf44efb",Leverancier,Leverancier,,Priva Systems Inc.,,,,,,Actief,Gemeenten,Gemeente,db3b997f-5a48-4133-bd9d-5695acf2a521,"2023-06-14T10:28:37+00:00"
"7a06e7fc-6888-5243-a2e3-4bf8d77c5557",Leverancier,Leverancier,,PRLG,,,,,,Actief,Gemeenten,Gemeente,f7b9534e-80ea-45e9-a06f-ba971866b59b,"2014-07-01T16:30:52+00:00"
"8405d648-c16d-5123-b8ac-ee8cac96a86e",Leverancier,Leverancier,,Proactis.nl,,,,,,Actief,Gemeenten,Gemeente,b71a4bb9-89ab-41e2-9d25-8f8c6754afc9,"2021-07-02T09:38:18+00:00"
"1542495b-877e-50a3-a0d2-7b2eac04e183",Leverancier,Leverancier,,ProActive Software,,,,,,Actief,Gemeenten,Gemeente,af185a56-58cd-4a45-88b0-9e7d34f398d8,"2017-03-29T08:27:02+00:00"
"08045026-c2a8-5697-baa4-7f450edbe3f8",Leverancier,Leverancier,,Probos,,,,,,Actief,Gemeenten,Gemeente,e604cac6-2ba6-4c23-9197-85a4df340e6c,"2016-07-08T13:12:03+00:00"
c765f7cf-88cb-5ff6-beb6-1c740e3af7e9,Leverancier,Leverancier,,Procespunt,,,,,,Actief,Gemeenten,Samenwerking,"7b92c77f-e71f-42a5-8fcb-539cbc55740c","2019-11-18T13:28:38+00:00"
ffa3e7b7-230b-571c-8251-d3d06d3a91bc,Leverancier,Leverancier,,Processfive,,,,,,Actief,Gemeenten,Gemeente,bb45238c-398a-47e6-85fd-09b684ea7434,"2018-10-31T12:37:32+00:00"
"633a76ca-48ec-51df-8e72-5c688ac00f8a",Leverancier,Leverancier,,Procura,https://www.procura.nl,test.vng.swc+Hen@gmail.com,+31 23 4567890,,,Actief,Gemeenten,Leverancier,"633a76ca-48ec-51df-8e72-5c688ac00f8a","2014-03-26T10:13:27+00:00"
"633a76ca-48ec-51df-8e72-5c688ac00f8a",Leverancier,Leverancier,,Procura,https://www.procura.nl,test.vng.swc+Hen@gmail.com,+31 23 4567890,,,Actief,Gemeenten,Gemeente,ddf0e7af-285a-4853-ad18-dce8f58c7d5f,"2022-07-05T14:09:58+00:00"
"91f628c9-26e7-59f2-82e3-a9318d8ad4e9",Leverancier,Leverancier,,Procura / Centric,,,,,,Actief,Gemeenten,Gemeente,"6bc1e72a-52a4-42ad-a130-a46c745f69e0","2014-07-11T13:53:04+00:00"
cbb78012-25fe-52ea-a15a-77ad9e49ab61,Leverancier,Leverancier,,ProcureBright BV,,,,,,Actief,Gemeenten,Gemeente,bc343b52-289d-4f5e-b420-f0d0b2abdcbe,"2022-04-12T13:42:01+00:00"
"9f779791-2b16-54a4-8aff-7cc62960f49d",Leverancier,Leverancier,,Progresity,https://www.progresity.com,test.vng.swc+Sie@gmail.com,,,,Actief,Gemeenten,Leverancier,"9f779791-2b16-54a4-8aff-7cc62960f49d","2015-05-27T12:12:19+00:00"
"46dd0b63-6a5e-5e3b-a2cd-230fad3b024b",Leverancier,Leverancier,,ProjectComfort,https://www.projectcomfort.nl,test.vng.swc+A@gmail.com,+31 23 4567890,,,Actief,Gemeenten,Leverancier,"46dd0b63-6a5e-5e3b-a2cd-230fad3b024b","2017-12-01T09:59:18+00:00"
e8a692ea-890d-5237-a13f-4bd5b200c5c2,Leverancier,Leverancier,,ProjectReports,https://projectreports.nl,test.vng.swc+Rem@gmail.com,+31 23 4567890,,,Actief,Gemeenten,Leverancier,e8a692ea-890d-5237-a13f-4bd5b200c5c2,"2023-05-30T09:12:38+00:00"
"3c9df56a-8574-5fbb-914a-58c607c31d65",Leverancier,Leverancier,,Promethean,,,,,,Actief,Gemeenten,Gemeente,"8adeb567-defe-4dd0-8887-f1c01889308c","2015-09-15T09:29:57+00:00"
"16cf412a-a00f-5b96-b726-ba607942bc18",Leverancier,Leverancier,,Prometheus Information Solutions,,,,,,Actief,Gemeenten,Gemeente,c345d2bc-98b4-4fa9-8aa3-21ba885375a0,"2024-03-28T10:18:00+00:00"
"1a95fb56-3fd2-5829-816b-8fe92278fef3",Leverancier,Leverancier,,Promista,https://promista.nl,test.vng.swc+Rbo@gmail.com,+31 23 4567890,,,Actief,Gemeenten,Leverancier,"1a95fb56-3fd2-5829-816b-8fe92278fef3","2020-09-28T13:17:49+00:00"
"1bdd8c76-eba9-5427-be75-1830f6891b37",Leverancier,Leverancier,,Pronexus,,,,,,Actief,Gemeenten,Gemeente,c46223c8-bdca-44e2-b0c0-d6e266257ea9,"2023-06-23T22:16:54+00:00"
"5fee3ceb-6e8f-591f-b36a-ab2f384f342d",Leverancier,Leverancier,,Proquro,,,,,,Actief,Gemeenten,Gemeente,b71a4bb9-89ab-41e2-9d25-8f8c6754afc9,"2014-07-01T16:30:52+00:00"
"95bf1ca3-87a6-5a87-9658-b2563fcd805e",Leverancier,Leverancier,,Proquro B.V,,,,,,Actief,Gemeenten,Gemeente,"78c5ab73-a49c-432e-9ae1-aab6cf7cc0f7","2015-10-06T10:42:36+00:00"
eec8a477-973d-5a11-9c33-c8695595e245,Leverancier,Leverancier,,Prosoftware,https://www.prosoftware.nl,test.vng.swc+Inf@gmail.com,+31 23 4567890,,,Actief,Gemeenten,Leverancier,eec8a477-973d-5a11-9c33-c8695595e245,"2016-03-01T13:18:50+00:00"
b482aa19-570d-579e-aa26-a7cb1f324cfb,Leverancier,Leverancier,,Protime,,,,,,Actief,Gemeenten,Samenwerking,"87cf05e3-7358-4007-9cbf-1cb61eb7ec8d","2016-01-13T16:32:10+00:00"
"6fc852a8-8442-5832-a9b7-fe1b4c2a7045",Leverancier,Leverancier,,Protinus IT,https://www.protinus.nl,test.vng.swc+R@gmail.com,+31 23 4567890,,,Actief,Gemeenten,Leverancier,"6fc852a8-8442-5832-a9b7-fe1b4c2a7045","2020-06-09T14:20:49+00:00"
"6926bff5-6609-5b1a-9c27-3084ada2ac93",Leverancier,Leverancier,,Proud Nerds,https://www.proudnerds.com,test.vng.swc+Cas@gmail.com,+31 23 4567890,,,Actief,Gemeenten,Leverancier,"6926bff5-6609-5b1a-9c27-3084ada2ac93","2014-04-07T10:01:54+00:00"
"6926bff5-6609-5b1a-9c27-3084ada2ac93",Leverancier,Leverancier,,Proud Nerds,https://www.proudnerds.com,test.vng.swc+Cas@gmail.com,+31 23 4567890,,,Actief,Gemeenten,Gemeente,"79a9341e-decf-4010-b2d3-f30d82f4e450","2021-11-10T16:27:58+00:00"
"86c3e0e6-6b13-56b0-a763-3e8edb1df064",Leverancier,Leverancier,,PROVIJF,,,,,,Actief,Gemeenten,Samenwerking,"8e2be4d7-6f71-4138-9725-350ca5f5370d","2021-09-16T11:00:14+00:00"
"93f7d84e-03c3-501d-b29b-00876acc4bce",Leverancier,Leverancier,,Provincie / BSO,,,,,,Actief,Gemeenten,Gemeente,c2839fd8-4678-4fed-87a2-cba551f5b114,"2014-08-12T15:12:24+00:00"
"753e69e1-18af-5f23-aa32-3650a22e26e7",Leverancier,Leverancier,,Provincie Flevoland,,,,,,Actief,Gemeenten,Gemeente,"1f66615f-fa81-44f6-92e3-eadac6b11eca","2017-11-13T15:30:43+00:00"
"84b05a96-083f-59c7-a88d-a97e7e9bb69a",Leverancier,Leverancier,,Provincie Limburg,,,,,,Actief,Gemeenten,Gemeente,c8fd7e56-b681-43b0-a50f-659c48fd5bf5,"2017-09-12T16:24:40+00:00"
"60e7d7d0-06cc-522b-a9ab-fd1a611d65d0",Leverancier,Leverancier,,Provincie Noord Holland,,,,,,Actief,Gemeenten,Samenwerking,f85a6bf9-4478-481b-a1b6-d7a5ea1fa647,"2018-08-21T13:41:46+00:00"
"3ec37b8b-fa20-57c9-8ef4-88a20dab71d9",Leverancier,Leverancier,,PROVISIO,,,,,,Actief,Gemeenten,Samenwerking,"35537ae8-70b1-4ea8-ae6a-dd9a31e1b3b8","2017-07-27T10:51:03+00:00"
"7c934257-9c48-5320-8c76-511a77210eb7",Leverancier,Leverancier,,ProvisionPoint,,,,,,Actief,Gemeenten,Gemeente,"2af271e0-a05b-460d-88c9-24c06b6eabe5","2024-12-02T16:15:19+00:00"
fdf96987-0c11-532e-942a-f78b4ff177f7,Leverancier,Leverancier,,PRP Ewijk B.V.,,,,,,Actief,Gemeenten,Gemeente,af185a56-58cd-4a45-88b0-9e7d34f398d8,"2024-05-06T12:01:50+00:00"
"3daa174a-e1d0-5bea-840d-c04c61418e2e",Leverancier,Leverancier,,Prtiva,,,,,,Actief,Gemeenten,Gemeente,"3f8a0f92-979c-4cae-9ddf-7147a036d60b","2023-06-05T14:20:52+00:00"
"2c194f32-3634-5ca4-9a6b-0ac504087449",Leverancier,Leverancier,,PRTM Groep,,,,,,Actief,Gemeenten,Gemeente,e033b25b-3b17-4b55-a1f8-2c40a3ece8a7,"2019-02-06T15:49:35+00:00"
"814db051-48f3-502e-aabd-4c735fd7a52c",Leverancier,Leverancier,,PSMS,,,,,,Actief,Gemeenten,Gemeente,dea35f50-183b-4d08-9d7b-96a8623def46,"2015-02-06T14:52:35+00:00"
b987d21a-f066-582b-804c-26f9bf3b2141,Leverancier,Leverancier,,PTRM,,,,,,Actief,Gemeenten,Gemeente,c506903c-cb46-4b91-a5a7-880578af3701,"2025-07-10T13:43:05+00:00"
"866c2afd-0b4d-5d40-926c-b3a65e7e42e0",Leverancier,Leverancier,,PTV,,,,,,Actief,Gemeenten,Gemeente,e033b25b-3b17-4b55-a1f8-2c40a3ece8a7,"2019-02-06T15:50:41+00:00"
"1b099b65-d5bc-521e-b667-131666e65381",Leverancier,Leverancier,,Public Soft,,,,,,Actief,Gemeenten,Gemeente,"3f8a0f92-979c-4cae-9ddf-7147a036d60b","2023-06-05T14:42:59+00:00"
eb39d50d-d43e-5176-9602-e111e71ff685,Leverancier,Leverancier,,Public Space Management Services,,,,,,Actief,Gemeenten,Gemeente,"4b8b5369-455f-4904-a85e-f3705dfc5a8b","2014-10-16T15:07:27+00:00"
a354a684-e734-5936-a312-f1a1d11a1bbe,Leverancier,Leverancier,,Pure text,,,,,,Actief,Gemeenten,Gemeente,"751d7216-3be5-4ab2-9d95-40bdbc4444ec","2016-05-27T13:50:11+00:00"
aec9990c-b53f-54d0-91ff-6e13e0d66342,Leverancier,Leverancier,,Purfaction,https://www.purfaction.nl,test.vng.swc+Jco@gmail.com,+31 23 4567890,,,Actief,Gemeenten,Leverancier,aec9990c-b53f-54d0-91ff-6e13e0d66342,"2022-04-06T09:05:06+00:00"
"5d927433-fc1c-5730-ae80-62abbacf2cb2",Leverancier,Leverancier,,Putkast.nl,,,,,,Actief,Gemeenten,Gemeente,"905dbf9e-94a6-4ddd-9778-77e69f3900f1","2022-12-12T12:06:01+00:00"
"2947dbd7-24bd-5d89-96aa-77aec27c49dd",Leverancier,Leverancier,,Putty,,,,,,Actief,Gemeenten,Gemeente,"8d6548e4-da96-4d52-b866-db16bea7bb1a","2015-02-04T14:36:16+00:00"
cc963267-da90-55e6-bcf7-bd851814c3a4,Leverancier,Leverancier,,Putty.org,,,,,,Actief,Gemeenten,Gemeente,"11116e43-889d-4f50-92eb-ce630ebafd9e","2025-06-23T10:57:29+00:00"
ce9d469e-a1dd-58b2-8b1d-2089da1bb003,Leverancier,Leverancier,,PvArchief,,,,,,Actief,Gemeenten,Gemeente,"098fa2df-f721-4d5d-802f-d555af15639d","2022-09-07T15:49:44+00:00"
b2703c00-180e-5c88-989d-62eb22d16d50,Leverancier,Leverancier,,Q-Lite,,,,,,Actief,Gemeenten,Gemeente,"1fbdf5f9-d227-443f-a455-b4893d6f96db","2016-07-27T13:58:17+00:00"
d851aefa-460e-5c99-9b10-25aef516f1f5,Leverancier,Leverancier,,QA,,,,,,Actief,Gemeenten,Gemeente,"098fa2df-f721-4d5d-802f-d555af15639d","2022-09-07T15:35:57+00:00"
"2f2876da-dcee-5209-b71a-9af1a1ca620b",Leverancier,Leverancier,,QA-ICT & Security Professionals,,,,,,Actief,Gemeenten,Gemeente,"3fa41daf-5e2d-4da2-a5a8-af0ed195ec13","2023-03-09T11:35:01+00:00"
"2d7ee531-6844-5fa4-90c6-4f39660a7393",Leverancier,Leverancier,,Qfact,,,,,,Actief,Gemeenten,Gemeente,"2af271e0-a05b-460d-88c9-24c06b6eabe5","2024-12-02T16:18:57+00:00"
"47992dc5-082c-50cb-a1a5-e10a33ae7bef",Leverancier,Leverancier,,"QGis, Bentley, Orbit, Scanopy",,,,,,Actief,Gemeenten,Gemeente,"93fd53f0-4e7c-44e9-a378-9aca1085d2e6","2016-02-24T14:06:53+00:00"
ab248038-951d-5f5b-bf2e-6b69cbcd2390,Leverancier,Leverancier,,QLC,,,,,,Actief,Gemeenten,Gemeente,"79a9341e-decf-4010-b2d3-f30d82f4e450","2021-02-16T11:57:09+00:00"
"735a24d9-35ec-5f7a-9210-9885373ef106",Leverancier,Leverancier,,QlikTech AB,,,,,,Actief,Gemeenten,Gemeente,"38b23e24-b2c9-410e-83ce-44e66bfba429","2020-04-02T13:21:23+00:00"
bb93cc63-7a04-587c-b383-3a71275ed089,Leverancier,Leverancier,,Qmatic Holland B.V.,https://www.qmatic.com/nl,test.vng.swc+Wen@gmail.com,+31 23 4567890,,,Actief,Gemeenten,Leverancier,bb93cc63-7a04-587c-b383-3a71275ed089,"2014-03-26T10:13:27+00:00"
bb93cc63-7a04-587c-b383-3a71275ed089,Leverancier,Leverancier,,Qmatic Holland B.V.,https://www.qmatic.com/nl,test.vng.swc+Wen@gmail.com,+31 23 4567890,,,Actief,Gemeenten,Gemeente,cd3ad582-40da-4de1-a230-fcfd33fef75e,"2017-05-02T13:48:03+00:00"
bd74d9bc-54d7-5869-95da-044a42b4eb9a,Leverancier,Leverancier,,QNH,,,,,,Actief,Gemeenten,Gemeente,b6a3804a-012d-452e-859d-9955e1bd6bc2,"2017-06-02T15:08:58+00:00"
deaa2e21-32ac-593a-9e4e-73af6074ed21,Leverancier,Leverancier,,QPit,,,,,,Actief,Gemeenten,Samenwerking,"0da54fc5-f705-4840-bdd1-b1a61e5357b9","2014-07-01T16:30:52+00:00"
"4a132b3b-b201-553a-b3cd-3cffba411ce4",Leverancier,Leverancier,,QT Project,,,,,,Actief,Gemeenten,Gemeente,"6ea9357b-c6cb-4702-8e95-baafeaa6b38c","2018-10-29T16:19:21+00:00"
"8475455c-fce6-5709-895a-0fa686bec413",Leverancier,Leverancier,,QtCreator,,,,,,Actief,Gemeenten,Gemeente,"364c76e5-1ef6-4bc3-95dd-f01be3c64669","2017-09-06T11:15:39+00:00"
"6622298d-e550-5a04-a408-8109b28ded1b",Leverancier,Leverancier,,Qualigraf,https://qualigraf.com/nl,test.vng.swc+Rob@gmail.com,+31 23 4567890,,,Actief,Gemeenten,Leverancier,"6622298d-e550-5a04-a408-8109b28ded1b","2023-01-18T16:17:53+00:00"
"42be5d6e-419b-5f93-a28c-a469d1ffb025",Leverancier,Leverancier,,Qualogy,,,,,,Actief,Gemeenten,Samenwerking,ebecf9a3-162e-4da8-a888-889b09192838,"2022-07-04T15:48:10+00:00"
"4e6bdd15-4d52-59ab-9bfd-e2ab1a4e8d2f",Leverancier,Leverancier,,Qualogy Solutions,https://www.qualogy.com/gps,test.vng.swc+Ekr@gmail.com,+31 23 4567890,,,Actief,Gemeenten,Leverancier,"4e6bdd15-4d52-59ab-9bfd-e2ab1a4e8d2f","2021-04-22T09:13:48+00:00"
"9e651286-965e-5c12-82e6-fee53fde7d17",Leverancier,Leverancier,,Quarto BV,,,,,,Actief,Gemeenten,Gemeente,"22633027-4e8d-40c6-ae79-e15405728f19","2017-02-08T10:55:07+00:00"
"1606a835-b2da-5c52-aed0-7b5399239869",Leverancier,Leverancier,,Quest Software,,,,,,Actief,Gemeenten,Gemeente,"098fa2df-f721-4d5d-802f-d555af15639d","2022-09-07T14:29:02+00:00"
"7e14f01b-02d0-5b2d-bc84-e52392e0f8d7",Leverancier,Leverancier,,QuoVadis,,,,,,Actief,Gemeenten,Gemeente,db3b997f-5a48-4133-bd9d-5695acf2a521,"2023-06-14T10:34:53+00:00"
c1a9a9a9-bedf-5261-8481-122b7cda70cd,Leverancier,Leverancier,,R.G.IT BV,,,,,,Actief,Gemeenten,Gemeente,"79a9341e-decf-4010-b2d3-f30d82f4e450","2021-06-29T12:45:34+00:00"
d6228930-839a-5d09-a04a-b2b8ff5cdd27,Leverancier,Leverancier,,Raad voor Rechtsbijstand,,,,,,Actief,Gemeenten,Gemeente,"79a9341e-decf-4010-b2d3-f30d82f4e450","2021-11-10T16:39:12+00:00"
"500c8535-b589-5be0-bae4-2f4cbcfe7534",Leverancier,Leverancier,,RAAP,,,,,,Actief,Gemeenten,Gemeente,cb634d57-2b5f-4a03-9be4-d04c483853a7,"2021-02-02T13:12:18+00:00"
a1d82ee8-72bf-564e-94c9-69de7c32b5ff,Leverancier,Leverancier,,Rabobank,,,,,,Actief,Gemeenten,Gemeente,"1f66615f-fa81-44f6-92e3-eadac6b11eca","2017-11-10T08:59:48+00:00"
a19e7829-ec55-5661-ad28-390ab620948d,Leverancier,Leverancier,,Raet,,,,,,Actief,Gemeenten,Gemeente,bc343b52-289d-4f5e-b420-f0d0b2abdcbe,"2022-04-25T15:05:42+00:00"
c407aab5-a1f7-57e2-b638-1e0f8b255b77,Leverancier,Leverancier,,Randstad,,,,,,Actief,Gemeenten,Gemeente,db3b997f-5a48-4133-bd9d-5695acf2a521,"2023-06-14T10:36:12+00:00"
b5371d8e-51ed-588a-876c-191935f1e639,Leverancier,Leverancier,,Ranshuijsen BV,https://www.ranshuijsen.nl,test.vng.swc+Joe@gmail.com,+31 23 4567890,,,Actief,Gemeenten,Leverancier,b5371d8e-51ed-588a-876c-191935f1e639,"2017-01-19T16:44:05+00:00"
b2ad1153-c8e6-506c-8829-8bd253e4e8e1,Leverancier,Leverancier,,Rapasso,,,,,,Actief,Gemeenten,Gemeente,"11116e43-889d-4f50-92eb-ce630ebafd9e","2022-01-14T15:34:44+00:00"
"00210941-9fde-5395-b77d-32caed4a52f1",Leverancier,Leverancier,,Raphrm,,,,,,Actief,Gemeenten,Gemeente,ee339831-ab89-4d86-8914-85a9cabda275,"2019-09-30T08:58:38+00:00"
d1976809-3306-5819-976c-9f235e4dc221,Leverancier,Leverancier,,Rapid Circle,,,,,,Actief,Gemeenten,Gemeente,f6760577-58c8-477d-85b7-06796fdfd82d,"2022-09-09T14:06:42+00:00"
"4efad4ca-f407-5e3e-a3f3-f9ad3e6b0ef0",Leverancier,Leverancier,,Rapidlasso GmbH,,,,,,Actief,Gemeenten,Samenwerking,"35537ae8-70b1-4ea8-ae6a-dd9a31e1b3b8","2017-07-27T09:48:47+00:00"
"945fc8cc-2a47-5a9b-81e7-1f026b2f6006",Leverancier,Leverancier,,Raxco Software,,,,,,Actief,Gemeenten,Samenwerking,"49f17690-c60f-4d1e-844c-4e84d473e39a","2017-12-22T14:14:13+00:00"
e5a93a77-1f42-51af-912b-d3d7a3fd141f,Leverancier,Leverancier,,RBG,,,,,,Actief,Gemeenten,Gemeente,e033b25b-3b17-4b55-a1f8-2c40a3ece8a7,"2014-07-01T16:30:52+00:00"
d783bb67-bdd6-5eda-9400-1b2a12fd8ed0,Leverancier,Leverancier,,RBH Access,,,,,,Actief,Gemeenten,Samenwerking,ab8c21a3-105a-437c-be7e-41553dff6dc4,"2021-12-27T14:23:38+00:00"
"84fcee90-048c-5725-b921-4f1e48fbb1f5",Leverancier,Leverancier,,RBH Access Technology,,,,,,Actief,Gemeenten,Gemeente,cb54cdcf-f60b-4cf4-b938-2515e482ce95,"2015-07-10T13:42:26+00:00"
bc32ef55-3340-5287-8a46-6308134aeace,Leverancier,Leverancier,,RDW,,,,,,Actief,Gemeenten,Gemeente,"11116e43-889d-4f50-92eb-ce630ebafd9e","2025-07-08T14:20:39+00:00"
da844a02-25b4-5b13-b7df-4d479e791901,Leverancier,Leverancier,,RDW - Rijksdienst voor het Wegverkeer,,,,,,Actief,Gemeenten,Gemeente,"11116e43-889d-4f50-92eb-ce630ebafd9e","2025-07-08T14:47:08+00:00"
c71a1ad8-b335-5e85-a5ac-61fb1aeead2c,Leverancier,Leverancier,,RE-lion,,,,,,Actief,Gemeenten,Samenwerking,f9f6c0ca-5a17-4d5d-bd24-e346ffc4cfff,"2016-03-18T16:27:35+00:00"
"66a39911-aef3-5b54-9c27-3a840da01ca9",Leverancier,Leverancier,,READ-COOP,,,,,,Actief,Gemeenten,Gemeente,"11116e43-889d-4f50-92eb-ce630ebafd9e","2025-06-26T10:00:11+00:00"
"909c14f3-080b-546f-a742-d942185587c5",Leverancier,Leverancier,,ReadSoft,,,,,,Actief,Gemeenten,Samenwerking,"86aa66a7-4802-4d73-95d7-0d4e7ca98255","2018-09-05T16:14:48+00:00"
b4021782-7bba-5d7f-b057-3aa36dfdcdc0,Leverancier,Leverancier,,ReadSoft B.V.,,,,,,Actief,Gemeenten,Gemeente,"56b375f7-062b-460d-9b27-45f0bab0b089","2014-07-24T10:54:25+00:00"
"0a1c68f5-588e-57e4-9d3c-b9cbce7639b0",Leverancier,Leverancier,,Readspeaker,,,,,,Actief,Gemeenten,Gemeente,"9384ee66-e19d-4cb1-be5a-861436ad9d67","2024-06-18T15:10:51+00:00"
"07a6b81c-e736-5e38-81cd-b6891b216e17",Leverancier,Leverancier,,Readspeaker Holding BV,,,,,,Actief,Gemeenten,Samenwerking,d22b9ff2-8b62-4b48-b6ad-7b9e86002cd8,"2015-02-10T16:05:52+00:00"
"8a2a3199-cd07-56e6-b4ab-6b6d86a7b80c",Leverancier,Leverancier,,Realworld Software Products BV,https://www.wateroffice.com,test.vng.swc+Joh@gmail.com,+31 23 4567890,,,Actief,Gemeenten,Leverancier,"8a2a3199-cd07-56e6-b4ab-6b6d86a7b80c","2020-12-08T16:23:59+00:00"
b60d036b-cc0f-5f81-8d4a-4763964de9f3,Leverancier,Leverancier,,Rechtspraak,,,,,,Actief,Gemeenten,Gemeente,db3b997f-5a48-4133-bd9d-5695acf2a521,"2023-06-14T10:45:22+00:00"
"226b654b-3d28-5cb5-9d7f-f1943516f510",Leverancier,Leverancier,,ReCoFa,,,,,,Actief,Gemeenten,Gemeente,"4d385e00-86bb-423e-86dc-1ec0629b5200","2016-04-01T14:30:45+00:00"
"4de1c95c-f92c-5d15-aace-dd5b7619687f",Leverancier,Leverancier,,Reconi,,,,,,Actief,Gemeenten,Gemeente,"11116e43-889d-4f50-92eb-ce630ebafd9e","2025-07-03T15:19:46+00:00"
dc82e0d8-9bb4-5581-b584-c9f2da6eb51e,Leverancier,Leverancier,,Reconi B.V.,,,,,,Actief,Gemeenten,Gemeente,b0eea343-8d48-4144-a80d-2022d60c097f,"2015-04-15T15:43:58+00:00"
eb9812c9-70ec-56db-a8c1-7ff10088abed,Leverancier,Leverancier,,Recourse,,,,,,Actief,Gemeenten,Gemeente,"3fa41daf-5e2d-4da2-a5a8-af0ed195ec13","2024-01-18T13:06:58+00:00"
"80e4265f-d624-55ef-b7d8-69fc42c1a0d4",Leverancier,Leverancier,,ReCourse BV,,,,,,Actief,Gemeenten,Gemeente,"905dbf9e-94a6-4ddd-9778-77e69f3900f1","2023-12-13T14:18:50+00:00"
e54f58f7-7fad-5a31-8264-8310ad41128e,Leverancier,Leverancier,,Recron,,,,,,Actief,Gemeenten,Gemeente,"97a3b6fb-90f7-45cf-ae37-003febf346ef","2015-02-25T15:54:26+00:00"
"863ed33c-6395-5a00-8383-50a1fead1b31",Leverancier,Leverancier,,Red Geographics,,,,,,Actief,Gemeenten,Gemeente,"24e2f780-e346-434e-b687-6502f63971d5","2019-01-04T11:31:18+00:00"
f7dc1748-91e8-58ca-9e88-3615f8d5db9d,Leverancier,Leverancier,,Red hat,,,,,,Actief,Gemeenten,Gemeente,a9cf6f01-0195-4ade-b357-2a5a84048e34,"2016-05-12T13:23:26+00:00"
e3adf589-a69f-5e43-8deb-5886bb023770,Leverancier,Leverancier,,Red hat JBoss Managed,,,,,,Actief,Gemeenten,Gemeente,"85b4ae27-bba1-4239-b041-b17ae7bf6641","2020-05-04T15:09:56+00:00"
"718a2d5d-e6c7-5f2f-a854-cc60558d80ce",Leverancier,Leverancier,,Redkiwi,https://www.redkiwi.com,test.vng.swc+Ver@gmail.com,+31 23 4567890,,,Actief,Gemeenten,Leverancier,"718a2d5d-e6c7-5f2f-a854-cc60558d80ce","2014-03-26T10:13:27+00:00"
"4606dca2-e735-5079-bafd-ec9d2bdc3a81",Leverancier,Leverancier,,Redora / Cale,,,,,,Actief,Gemeenten,Gemeente,"85b4ae27-bba1-4239-b041-b17ae7bf6641","2020-05-04T15:07:38+00:00"
"7e43a3ce-12e8-50b9-939d-0c7f4b46f5f7",Leverancier,Leverancier,,Redwood,,,,,,Actief,Gemeenten,Gemeente,"79a9341e-decf-4010-b2d3-f30d82f4e450","2021-04-13T15:36:39+00:00"
"4faf8207-cfd2-5c25-98c3-a347941a3173",Leverancier,Leverancier,,Reed Business,,,,,,Actief,Gemeenten,Gemeente,"79a9341e-decf-4010-b2d3-f30d82f4e450","2021-11-10T16:15:03+00:00"
"9cb45c57-9048-52fd-84ec-a2c0d60b1538",Leverancier,Leverancier,,Reflex Online,https://www.reflex-online.com,test.vng.swc+J@gmail.com,+31 23 4567890,,,Actief,Gemeenten,Leverancier,"9cb45c57-9048-52fd-84ec-a2c0d60b1538","2025-04-17T14:23:16+00:00"
"9cb45c57-9048-52fd-84ec-a2c0d60b1538",Leverancier,Leverancier,,Reflex Online,https://www.reflex-online.com,test.vng.swc+J@gmail.com,+31 23 4567890,,,Actief,Gemeenten,Samenwerking,"4a0233a4-ea38-47ae-86f5-e3bd348b8deb","2020-02-26T09:29:46+00:00"
"7bd39a17-172a-5fb0-9170-015b7fc7c0f2",Leverancier,Leverancier,,Refresh Media,,,,,,Actief,Gemeenten,Gemeente,"85b4ae27-bba1-4239-b041-b17ae7bf6641","2020-04-14T12:22:17+00:00"
"14b7716a-7c3d-5812-9145-ed40b95d351f",Leverancier,Leverancier,,regeldienst.nl,https://regeldienst.nl,test.vng.swc+Man@gmail.com,+31 23 4567890,,,Actief,Gemeenten,Leverancier,"14b7716a-7c3d-5812-9145-ed40b95d351f","2019-12-05T09:18:28+00:00"
"26dc1bef-8a27-54eb-a9e1-dd66dcf4a89a",Leverancier,Leverancier,,Regin,,,,,,Actief,Gemeenten,Gemeente,db3b997f-5a48-4133-bd9d-5695acf2a521,"2023-06-14T10:52:05+00:00"
"7fb5efde-b726-5296-b3a0-0ef344fa7665",Leverancier,Leverancier,,Regionaal Ondersteuningsteam (ROT),,,,,,Actief,Gemeenten,Samenwerking,"25423a74-7a95-44e5-ad48-d3240f2323f5","2017-07-27T10:43:08+00:00"
"091e2ef5-c331-503e-bbb4-7988720fdfb9",Leverancier,Leverancier,,Regionale Belasting Groep,,,,,,Actief,Gemeenten,Gemeente,"098fa2df-f721-4d5d-802f-d555af15639d","2014-08-27T09:07:16+00:00"
"87c8c97e-61bd-540b-a52e-0fa9843fdea5",Leverancier,Leverancier,,Regshot,,,,,,Actief,Gemeenten,Gemeente,"85b4ae27-bba1-4239-b041-b17ae7bf6641","2020-05-04T15:05:52+00:00"
"84a12388-0b88-52a0-9045-3583e5dc3cf1",Leverancier,Leverancier,,Relact,,,,,,Actief,Gemeenten,Gemeente,"79a9341e-decf-4010-b2d3-f30d82f4e450","2021-02-10T14:30:33+00:00"
e3b4e657-511a-5c0d-9941-9e9bef4a7d75,Leverancier,Leverancier,,Relatics BV,,,,,,Actief,Gemeenten,Gemeente,"79a9341e-decf-4010-b2d3-f30d82f4e450","2021-11-10T12:18:02+00:00"
f95fbd66-6720-5603-b350-48a3e46e1a64,Leverancier,Leverancier,,REM Automatisering,,,,,,Actief,Gemeenten,Gemeente,af185a56-58cd-4a45-88b0-9e7d34f398d8,"2023-06-13T15:37:52+00:00"
cb4c38a6-43eb-5f91-814b-b11f05fe456c,Leverancier,Leverancier,,REM Automatisering bv,https://www.open-wave.nl,test.vng.swc+Wav@gmail.com,+31 23 4567890,,,Actief,Gemeenten,Leverancier,cb4c38a6-43eb-5f91-814b-b11f05fe456c,"2014-11-18T09:30:51+00:00"
"85d0df11-dee6-5a1c-9c5f-21284cab970c",Leverancier,Leverancier,,Remjer Interactive,,,,,,Actief,Gemeenten,Gemeente,"1f66615f-fa81-44f6-92e3-eadac6b11eca","2017-11-13T15:11:08+00:00"
baa0975a-6077-5d33-b4c4-73bc2d09b824,Leverancier,Leverancier,,Renewi,,,,,,Actief,Gemeenten,Gemeente,b6a3804a-012d-452e-859d-9955e1bd6bc2,"2022-07-26T08:29:47+00:00"
e0205c06-a9ac-5f95-9209-cbdc9d208b50,Leverancier,Leverancier,,Rent a zaal,,,,,,Actief,Gemeenten,Gemeente,"8d6548e4-da96-4d52-b866-db16bea7bb1a","2016-08-11T10:25:09+00:00"
"2e2a1192-3c9f-5b96-9d62-42bd2766a966",Leverancier,Leverancier,,Repcon,,,,,,Actief,Gemeenten,Gemeente,"91a2ab0f-25aa-43bd-b4e6-c8ef360fa0f2","2022-08-30T14:41:05+00:00"
"8a90030e-8e9d-54a5-bfbd-ab239768fc21",Leverancier,Leverancier,,ReportsNow,,,,,,Actief,Gemeenten,Gemeente,"963a9aa4-e02a-4f3b-93b9-eef410a4d43e","2017-05-22T14:32:28+00:00"
feb5f919-f94b-563a-813b-a119f7759b70,Leverancier,Leverancier,,Repromat,,,,,,Actief,Gemeenten,Gemeente,"79a9341e-decf-4010-b2d3-f30d82f4e450","2021-07-06T16:14:21+00:00"
d32124d1-375d-5977-a5cc-cfa12ec4a209,Leverancier,Leverancier,,RES,,,,,,Actief,Gemeenten,Gemeente,"4d385e00-86bb-423e-86dc-1ec0629b5200","2016-04-04T16:32:56+00:00"
"6ec61ec5-9311-5544-86d6-c8d10533ddc6",Leverancier,Leverancier,,RES Software,,,,,,Actief,Gemeenten,Samenwerking,"49f17690-c60f-4d1e-844c-4e84d473e39a","2017-12-22T14:18:50+00:00"
"05bd5660-1113-5459-be78-4acc9ca69a90",Leverancier,Leverancier,,Respond,,,,,,Actief,Gemeenten,Gemeente,"1fbdf5f9-d227-443f-a455-b4893d6f96db","2019-05-02T15:20:18+00:00"
"43439468-bea7-5354-a414-c3aaf630dffd",Leverancier,Leverancier,,RetSoft,,,,,,Actief,Gemeenten,Samenwerking,"769b4359-b891-4198-b924-86e1bb7f6cdd","2020-06-11T13:49:20+00:00"
"94c571b0-97b4-52a5-ac70-c2f34f70b618",Leverancier,Leverancier,,Reynolds & Reynolds,,,,,,Actief,Gemeenten,Gemeente,"4bfb4c05-0c9d-4138-b0d2-90a09374caf4","2017-03-16T10:23:20+00:00"
c6787341-27ea-5759-a91a-7052d919c9c7,Leverancier,Leverancier,,RHDHV,,,,,,Actief,Gemeenten,Gemeente,f6760577-58c8-477d-85b7-06796fdfd82d,"2019-10-02T15:21:06+00:00"
f225219c-0053-5c14-97e4-47bc338bf5b8,Leverancier,Leverancier,,Rico,,,,,,Actief,Gemeenten,Gemeente,"79a9341e-decf-4010-b2d3-f30d82f4e450","2021-07-06T15:28:41+00:00"
bb303188-ac96-5edd-94af-425e6c8eebb7,Leverancier,Leverancier,,Ricoh,,,,,,Actief,Gemeenten,Gemeente,"5fd035bf-903a-4f7c-89ba-78c5239ac56a","2025-08-25T09:52:55+00:00"
c0b29d3e-ba04-5897-8dd9-d669aed34e34,Leverancier,Leverancier,,RIEC,,,,,,Actief,Gemeenten,Gemeente,db3b997f-5a48-4133-bd9d-5695acf2a521,"2023-06-14T10:56:00+00:00"
caa30d3f-fdc2-539c-9ce2-9535b0a97a3a,Leverancier,Leverancier,,Rietveld,,,,,,Actief,Gemeenten,Gemeente,"41301287-5c86-467d-8afb-7947df0e0b5d","2022-12-07T13:31:39+00:00"
"9d21cdea-25ec-5cf5-b20b-b9f120f22612",Leverancier,Leverancier,,RIGG,,,,,,Actief,Gemeenten,Gemeente,db7fdd84-bdfd-41d6-8641-0f1e2a954c25,"2017-07-06T15:50:36+00:00"
"832599b1-2e21-536c-bdbb-f1fcd5e1a952",Leverancier,Leverancier,,Rightnow,,,,,,Actief,Gemeenten,Gemeente,"9aa7afc7-39a5-41f1-a104-91429c495592","2015-09-01T14:04:18+00:00"
f2382557-e42e-560c-a2c2-1d4fbe46d12f,Leverancier,Leverancier,,Rijcurve.nl,,,,,,Actief,Gemeenten,Gemeente,cdf95eee-39af-4847-a06f-5b46768d1887,"2022-05-06T11:15:50+00:00"
aa3bdbc8-97e1-5ce6-afc0-539e3cb191e9,Leverancier,Leverancier,,Rijksdienst voor het Cultureel Erfgoed,,,,,,Actief,Gemeenten,Samenwerking,dd6a2c6c-fe81-4e57-b412-45c4ebc9f032,"2020-02-05T10:32:45+00:00"
"17d82f8c-dbeb-58b6-b0c9-b0ff4ab8aa10",Leverancier,Leverancier,,Rijksdienst voor Ondernemend Nederland,,,,,,Actief,Gemeenten,Gemeente,cb634d57-2b5f-4a03-9be4-d04c483853a7,"2017-12-15T15:03:03+00:00"
"9186cae7-212e-5cff-8f31-8545ab0c1f7f",Leverancier,Leverancier,,Rijksoverheid,,,,,,Actief,Gemeenten,Gemeente,"41301287-5c86-467d-8afb-7947df0e0b5d","2023-04-18T11:25:09+00:00"
"1ef7e5e3-a18d-5f78-8474-d78dd86ab25a",Leverancier,Leverancier,,Rijkswaterstaat,,,,,,Actief,Gemeenten,Gemeente,d70e7220-833b-4bd6-ba32-b8dec10a9b89,"2019-12-04T10:45:05+00:00"
"8cd8e6a4-d572-549b-8bf5-43ff7331aac9",Leverancier,Leverancier,,Riodesk,https://www.riodesk.nl,test.vng.swc+Inf@gmail.com,+31 23 4567890,,,Actief,Gemeenten,Leverancier,"8cd8e6a4-d572-549b-8bf5-43ff7331aac9","2014-04-07T10:11:32+00:00"
"8cd8e6a4-d572-549b-8bf5-43ff7331aac9",Leverancier,Leverancier,,Riodesk,https://www.riodesk.nl,test.vng.swc+Inf@gmail.com,+31 23 4567890,,,Actief,Gemeenten,Gemeente,cd1ccd26-bb1a-4958-99f9-573b559b7ac9,"2021-02-02T20:50:33+00:00"
"5a02892c-bda7-55c0-9ce0-67fa27d8084f",Leverancier,Leverancier,,RioNed,,,,,,Actief,Gemeenten,Gemeente,"3fa41daf-5e2d-4da2-a5a8-af0ed195ec13","2024-03-12T13:29:40+00:00"
"33085fa8-7c24-56d3-9283-ae285369593e",Leverancier,Leverancier,,Risicokaart,,,,,,Actief,Gemeenten,Samenwerking,"4a0233a4-ea38-47ae-86f5-e3bd348b8deb","2020-02-26T11:06:13+00:00"
a07be9ea-1378-56e0-949a-d4671a7550a6,Leverancier,Leverancier,,Risk-ID,,,,,,Actief,Gemeenten,Gemeente,"11116e43-889d-4f50-92eb-ce630ebafd9e","2025-08-14T11:23:03+00:00"
bfec0917-85e9-5763-aedb-26969e1b389b,Leverancier,Leverancier,,RitAssist,,,,,,Actief,Gemeenten,Samenwerking,"72615a0b-8276-4f0c-ac73-82ee98c80d0b","2018-08-21T13:58:27+00:00"
dbaea5b3-4573-591b-90d5-295a8d5c2e91,Leverancier,Leverancier,,Ritense,,,,,,Actief,Gemeenten,Gemeente,b71a4bb9-89ab-41e2-9d25-8f8c6754afc9,"2018-06-28T13:56:15+00:00"
d220e34d-7db5-509b-b2d4-17b2aa35899c,Leverancier,Leverancier,,RIVG,,,,,,Actief,Gemeenten,Gemeente,b6a3804a-012d-452e-859d-9955e1bd6bc2,"2023-06-12T13:50:38+00:00"
"16516b57-6682-59e9-8fce-a724f2754943",Leverancier,Leverancier,,RIVM,,,,,,Actief,Gemeenten,Gemeente,f6760577-58c8-477d-85b7-06796fdfd82d,"2019-09-19T11:04:07+00:00"
"7c325343-087d-5864-97de-18012ee103f0",Leverancier,Leverancier,,Ro-it,,,,,,Actief,Gemeenten,Gemeente,"7738e2c7-d435-4884-9827-d62583ba48a7","2017-02-01T15:46:38+00:00"
"1d788e21-0bea-5cf1-b4db-8f599312a71d",Leverancier,Leverancier,,Robuust Media,,,,,,Actief,Gemeenten,Gemeente,"963a9aa4-e02a-4f3b-93b9-eef410a4d43e","2015-02-18T09:35:45+00:00"
"1a692e40-255b-54d8-ab12-956419182469",Leverancier,Leverancier,,Robware,,,,,,Actief,Gemeenten,Gemeente,fea3c97a-7d59-47a0-86b0-4f842980a8c3,"2019-04-16T13:40:48+00:00"
"65adcf59-2fea-52b9-bfda-d9b61f64061b",Leverancier,Leverancier,,Rocket Science Group,,,,,,Actief,Gemeenten,Gemeente,f6760577-58c8-477d-85b7-06796fdfd82d,"2019-11-11T11:28:51+00:00"
"88231731-cc63-5565-84f3-8dcc34eacd70",Leverancier,Leverancier,,Rocketgenius,,,,,,Actief,Gemeenten,Gemeente,b0eea343-8d48-4144-a80d-2022d60c097f,"2019-09-17T16:35:30+00:00"
db41532e-0acc-5942-be23-8c680c5aef18,Leverancier,Leverancier,,Rode Kruis,,,,,,Actief,Gemeenten,Gemeente,"30ce6d55-75a0-4caa-a5cd-5c20281e6809","2015-08-19T13:03:27+00:00"
"7d57376e-f76a-5080-be4a-e5d3cb21710e",Leverancier,Leverancier,,Roger365,,,,,,Actief,Gemeenten,Gemeente,"8d6548e4-da96-4d52-b866-db16bea7bb1a","2023-10-12T15:54:37+00:00"
"280e9f76-afc0-5589-9568-3e615cc6b415",Leverancier,Leverancier,,Roland,,,,,,Actief,Gemeenten,Gemeente,"098fa2df-f721-4d5d-802f-d555af15639d","2022-08-31T15:40:36+00:00"
"499146fa-11c2-5954-a1e9-aedaece048b4",Leverancier,Leverancier,,Rolsch,,,,,,Actief,Gemeenten,Gemeente,"5fd035bf-903a-4f7c-89ba-78c5239ac56a","2024-04-30T12:21:41+00:00"
"5354ec9f-145b-523b-9857-62a41d5d604d",Leverancier,Leverancier,,Ront Management Consultants,,,,,,Actief,Gemeenten,Samenwerking,d22b9ff2-8b62-4b48-b6ad-7b9e86002cd8,"2017-06-30T09:50:00+00:00"
b7c8d791-5a5a-5909-8f5f-0181a812794c,Leverancier,Leverancier,,Routit/ KPN,,,,,,Actief,Gemeenten,Gemeente,"26f29531-8849-490d-a7d7-2836e6fd4da3","2017-07-14T11:56:18+00:00"
"78ba2064-9a28-5152-b7bd-40c6a99132ff",Leverancier,Leverancier,,ROVA,,,,,,Actief,Gemeenten,Gemeente,f6760577-58c8-477d-85b7-06796fdfd82d,"2019-10-02T15:02:53+00:00"
"246201f5-2978-5c0c-8c4e-a1d28a814213",Leverancier,Leverancier,,Roxen,,,,,,Actief,Gemeenten,Gemeente,b70f1957-81dd-42da-b299-c5fd25c188d4,"2017-08-28T14:44:10+00:00"
"3c194795-6588-55fb-8df7-263c80fcb36d",Leverancier,Leverancier,,roxit,https://www.roxit.nl,test.vng.swc+Mar@gmail.com,+31 23 4567890,,,Actief,Gemeenten,Leverancier,"3c194795-6588-55fb-8df7-263c80fcb36d","2014-03-26T10:13:27+00:00"
"9a270a7b-6046-5165-97ec-58b65e1fd96e",Leverancier,Leverancier,,Roxit,,,,,,Actief,Gemeenten,Gemeente,"11116e43-889d-4f50-92eb-ce630ebafd9e","2025-08-07T11:01:57+00:00"
f84c23a2-661c-5238-ab35-1c750b8c4ffa,Leverancier,Leverancier,,Royal Haskoning,,,,,,Actief,Gemeenten,Gemeente,cdf95eee-39af-4847-a06f-5b46768d1887,"2022-04-26T10:17:55+00:00"
"2a004966-4040-5275-b6e9-fe7fbd82f844",Leverancier,Leverancier,,RSI,,,,,,Actief,Gemeenten,Gemeente,"098fa2df-f721-4d5d-802f-d555af15639d","2022-09-05T15:29:30+00:00"
a9ef9b88-34f9-5b95-b736-c774581c1c37,Leverancier,Leverancier,,Ruurd,,,,,,Actief,Gemeenten,Gemeente,"098fa2df-f721-4d5d-802f-d555af15639d","2022-09-07T15:37:00+00:00"
"199fba42-ba80-508e-9977-f5a63c867a56",Leverancier,Leverancier,,RVC,,,,,,Actief,Gemeenten,Gemeente,"751d7216-3be5-4ab2-9d95-40bdbc4444ec","2016-05-30T08:34:24+00:00"
"001e2cf1-cc69-5f94-b1f5-7539c6e72a44",Leverancier,Leverancier,,RVC B.V.,,,,,,Actief,Gemeenten,Samenwerking,"35537ae8-70b1-4ea8-ae6a-dd9a31e1b3b8","2017-07-27T10:27:03+00:00"
e80ba1fb-969e-5aa9-b32e-1227754177c3,Leverancier,Leverancier,,RvdK,,,,,,Actief,Gemeenten,Gemeente,cb54cdcf-f60b-4cf4-b938-2515e482ce95,"2023-05-04T09:27:37+00:00"
"16043d25-ff7a-5abd-a6d4-995840675294",Leverancier,Leverancier,,RvIG,,,,,,Actief,Gemeenten,Gemeente,"269a3750-61f1-41f0-b03b-e53ab7eb6315","2021-05-17T11:41:41+00:00"
"43ee6b2a-d6aa-50e9-91a8-6046b3f43875",Leverancier,Leverancier,,RvIG - Rijksdienst voor Identiteitsgegevens,,,,,,Actief,Gemeenten,Gemeente,"11116e43-889d-4f50-92eb-ce630ebafd9e","2025-06-24T15:44:19+00:00"
"897768dc-c08e-55b7-a9e2-aecddbef8272",Leverancier,Leverancier,,"Ryobi Systems Co., Ltd.",,,,,,Actief,Gemeenten,Samenwerking,"769b4359-b891-4198-b924-86e1bb7f6cdd","2020-06-10T15:36:05+00:00"
"85d187e4-2f5f-53ec-b6b5-f833354494fd",Leverancier,Leverancier,,S&G Asset Mangement,,,,,,Actief,Gemeenten,Gemeente,"79a9341e-decf-4010-b2d3-f30d82f4e450","2021-07-06T15:55:58+00:00"
"238c32c5-299a-5b83-a659-f8cefd596b6d",Leverancier,Leverancier,,S@men,,,,,,Actief,Gemeenten,Samenwerking,e3e8114d-0732-4bdc-94b6-45822f17de4d,"2017-12-01T13:04:29+00:00"
e70778d9-8b77-531c-b7f4-230b4174811a,Leverancier,Leverancier,,SA International,,,,,,Actief,Gemeenten,Gemeente,"79a9341e-decf-4010-b2d3-f30d82f4e450","2021-06-08T12:19:19+00:00"
d8b9fd84-d303-5eb2-a6cb-53e00329f076,Leverancier,Leverancier,,Sabern,,,,,,Actief,Gemeenten,Gemeente,"4eea92fd-7757-46dd-bb2a-7c83a81558bd","2015-02-02T10:33:26+00:00"
c7264d6d-0b8e-5d3d-925a-bc252dbc7678,Leverancier,Leverancier,,SaBeWa,,,,,,Actief,Gemeenten,Gemeente,"275bef1a-abb4-431e-9f8c-372b6ea258e9","2016-05-02T07:22:18+00:00"
aa66e560-95d2-5632-a2e2-3913e98fc582,Leverancier,Leverancier,,Safe Software,,,,,,Actief,Gemeenten,Gemeente,fea3c97a-7d59-47a0-86b0-4f842980a8c3,"2024-01-30T09:54:11+00:00"
ee7e7a38-5b4a-56c4-afb1-d76b156396dc,Leverancier,Leverancier,,Safeguard,,,,,,Actief,Gemeenten,Gemeente,"9aa7afc7-39a5-41f1-a104-91429c495592","2025-02-20T09:24:40+00:00"
"1d33dd92-32bb-5d06-8860-60947ffd7295",Leverancier,Leverancier,,SafeHarbour,,,,,,Actief,Gemeenten,Gemeente,bc343b52-289d-4f5e-b420-f0d0b2abdcbe,"2022-04-25T15:07:12+00:00"
f449437a-ef87-520a-8154-07984f626805,Leverancier,Leverancier,,Safenet,,,,,,Actief,Gemeenten,Samenwerking,"49f17690-c60f-4d1e-844c-4e84d473e39a","2015-07-29T16:33:56+00:00"
"9c8d1d48-d0ae-5fd7-9311-68cf3718ac3a",Leverancier,Leverancier,,SafeNet Technologies B.V.,,,,,,Actief,Gemeenten,Gemeente,dea35f50-183b-4d08-9d7b-96a8623def46,"2016-06-01T08:52:00+00:00"
"6eb33c23-36d3-51d8-95fa-8a2cdab3930a",Leverancier,Leverancier,,Saj Solar,,,,,,Actief,Gemeenten,Gemeente,"751d7216-3be5-4ab2-9d95-40bdbc4444ec","2016-05-24T12:09:31+00:00"
"2791937d-eb08-5eec-80db-4416ba520ac8",Leverancier,Leverancier,,Salesmanager,,,,,,Actief,Gemeenten,Gemeente,"963a9aa4-e02a-4f3b-93b9-eef410a4d43e","2014-09-09T10:58:42+00:00"
"03703c31-d451-5dbc-b341-3f1254af28fd",Leverancier,Leverancier,,Salto,,,,,,Actief,Gemeenten,Gemeente,"9f6da3f9-8d9c-4ddb-9185-85d8bbaab091","2018-06-12T13:03:08+00:00"
a1a7742a-35b9-5afc-ad9c-072e116c4419,Leverancier,Leverancier,,Salto Systems,,,,,,Actief,Gemeenten,Gemeente,"3f8a0f92-979c-4cae-9ddf-7147a036d60b","2023-06-05T14:45:16+00:00"
"90bd1c84-91e3-5013-b874-53fb66e30344",Leverancier,Leverancier,,Salude Medisch Advies,,,,,,Actief,Gemeenten,Gemeente,f27de83f-f8b2-4c6b-b6c2-980800ad7910,"2021-10-06T11:58:42+00:00"
"64cd61b1-2116-5058-b5a3-1defef2bc13d",Leverancier,Leverancier,,SAM,,,,,,Actief,Gemeenten,Gemeente,b0eea343-8d48-4144-a80d-2022d60c097f,"2021-05-18T10:38:35+00:00"
a2690cb7-ac00-57c2-b9ee-c925e6e5a3d8,Leverancier,Leverancier,,SAM B.V.,,,,,,Actief,Gemeenten,Gemeente,f2fb4e64-9967-47e5-a5b8-8bab3b71a800,"2019-09-17T10:29:41+00:00"
"0a7aa26e-4fb2-541d-a953-bc521f3eb4f5",Leverancier,Leverancier,,SAM B.V/Sencon,,,,,,Actief,Gemeenten,Gemeente,"7d0697a4-c69c-4e05-ba08-5a2516c21363","2019-04-16T09:35:15+00:00"
"47d9e304-315f-5f8d-a9b3-1de44d00febe",Leverancier,Leverancier,,SAM Nederland,,,,,,Actief,Gemeenten,Gemeente,dea35f50-183b-4d08-9d7b-96a8623def46,"2018-02-12T11:35:59+00:00"
"5c15907e-ee8c-5fe0-83ce-e8b755d81bf6",Leverancier,Leverancier,,Samenwerking,,,,,,Actief,Gemeenten,Gemeente,"5cdb1948-e731-4906-904e-f5e427ee28dc","2015-03-09T13:55:11+00:00"
aecd87ef-62cc-538d-88f5-2af3b828ebfe,Leverancier,Leverancier,,"Samenwerking Gemeente Leeuwarden, Gemeente Noard East-Fryslan Camerate ICT en BMconsultants",,,,,,Actief,Gemeenten,Samenwerking,"0e29a030-f0e8-4e82-9d34-43a000861af6","2019-03-04T11:30:23+00:00"
d3973b0a-ceea-55b8-82c5-845d6eb4e0f2,Leverancier,Leverancier,,SAMS,,,,,,Actief,Gemeenten,Gemeente,bb5ad246-416d-4efa-9ff8-9bcfa884f9db,"2014-07-01T16:30:52+00:00"
"90e01d64-6458-5b26-83c8-e17ade1641d3",Leverancier,Leverancier,,Samsung,,,,,,Actief,Gemeenten,Gemeente,"751d7216-3be5-4ab2-9d95-40bdbc4444ec","2023-11-08T11:55:15+00:00"
"1d72097e-910f-5908-8e23-0fcbb8693faa",Leverancier,Leverancier,,SAP,,,,,,Actief,Gemeenten,Gemeente,f6760577-58c8-477d-85b7-06796fdfd82d,"2020-05-04T13:37:47+00:00"
"4617d010-a7e2-560b-ad80-4519a861d8c6",Leverancier,Leverancier,,Sap module,,,,,,Actief,Gemeenten,Gemeente,"364991e9-f0d6-4aaf-85ec-9cf96e7943b2","2018-07-01T10:20:40+00:00"
ef0870ed-88de-5769-bd8a-4cf99e372d03,Leverancier,Leverancier,,SAP Nederland B.V.,https://www.sap.com/netherlands/industries/government.html,test.vng.swc+Kim@gmail.com,+31 23 4567890,,,Actief,Gemeenten,Leverancier,ef0870ed-88de-5769-bd8a-4cf99e372d03,"2021-06-22T09:02:03+00:00"
daadfef7-de0f-51af-b1ce-50e1f263d9f5,Leverancier,Leverancier,,SAP SE,,,,,,Actief,Gemeenten,Gemeente,f6760577-58c8-477d-85b7-06796fdfd82d,"2020-05-04T13:38:49+00:00"
"187181ec-6cf4-535f-a212-6e0eadf57f78",Leverancier,Leverancier,,SAPIEN Technologies,,,,,,Actief,Gemeenten,Gemeente,"11116e43-889d-4f50-92eb-ce630ebafd9e","2025-06-24T09:05:32+00:00"
"9eced0e5-8125-55e6-8c9d-bf964a43634d",Leverancier,Leverancier,,SAS,,,,,,Actief,Gemeenten,Gemeente,"1fbdf5f9-d227-443f-a455-b4893d6f96db","2019-05-01T10:22:06+00:00"
"21c0bc1a-ffbb-5db9-b2db-0954e8435d0e",Leverancier,Leverancier,,Satel,,,,,,Actief,Gemeenten,Gemeente,bd186c79-d0c4-4dea-b4fc-cc95949fcfb5,"2023-10-11T09:45:27+00:00"
"64f9bd4c-dd2a-56a4-a983-9bf9ef37353f",Leverancier,Leverancier,,Sauter,,,,,,Actief,Gemeenten,Gemeente,"39a6abee-c408-422c-b3e2-71ed1fd94f90","2018-06-08T15:25:57+00:00"
cacacfef-3923-5a71-b7fa-f053d3d2f1f8,Leverancier,Leverancier,,Savvii,,,,,,Actief,Gemeenten,Gemeente,b0eea343-8d48-4144-a80d-2022d60c097f,"2017-07-04T15:09:02+00:00"
ee87d19c-4946-5020-9cd4-6bf5dadde0d6,Leverancier,Leverancier,,Saylus B.V.,,,,,,Actief,Gemeenten,Gemeente,"90cb9d65-8a63-4bea-8631-57c9c818c72e","2022-08-25T18:06:54+00:00"
"01c20ea7-6e2b-5008-9cda-a842547fb7c0",Leverancier,Leverancier,,SBR,,,,,,Actief,Gemeenten,Gemeente,"79a9341e-decf-4010-b2d3-f30d82f4e450","2021-08-31T11:25:56+00:00"
"95518dc3-c2f0-5095-8fe0-4ecc1881183e",Leverancier,Leverancier,,Scala B.V.,,,,,,Actief,Gemeenten,Gemeente,"39a6abee-c408-422c-b3e2-71ed1fd94f90","2018-05-07T10:31:44+00:00"
"3d10ef66-7faa-5dbd-8800-8a3bbe20c8e8",Leverancier,Leverancier,,ScanGO/ Globe,,,,,,Actief,Gemeenten,Gemeente,"3f8a0f92-979c-4cae-9ddf-7147a036d60b","2023-06-05T12:57:37+00:00"
cf512a12-3568-5018-a5a4-b0275316a9e8,Leverancier,Leverancier,,Scanopy,,,,,,Actief,Gemeenten,Samenwerking,"72615a0b-8276-4f0c-ac73-82ee98c80d0b","2018-08-21T14:02:30+00:00"
"19960d19-4f2a-526d-929a-d4406c9c64dc",Leverancier,Leverancier,,Scansys,,,,,,Actief,Gemeenten,Gemeente,db7fdd84-bdfd-41d6-8641-0f1e2a954c25,"2021-06-07T10:17:12+00:00"
"667aabe5-7ed8-57a2-9e8d-82ea68384540",Leverancier,Leverancier,,Scheidt & Bachmann,,,,,,Actief,Gemeenten,Gemeente,"11116e43-889d-4f50-92eb-ce630ebafd9e","2025-08-11T14:36:58+00:00"
"815297ec-1974-579b-a3ec-675eb66cfb60",Leverancier,Leverancier,,Schlumberger Limited,,,,,,Actief,Gemeenten,Samenwerking,"35537ae8-70b1-4ea8-ae6a-dd9a31e1b3b8","2017-07-26T15:41:26+00:00"
"29310a09-ae4d-517b-b423-a9082562bde1",Leverancier,Leverancier,,Schmit,,,,,,Actief,Gemeenten,Gemeente,b71a4bb9-89ab-41e2-9d25-8f8c6754afc9,"2015-06-17T10:20:14+00:00"
"015e974a-1393-5d8a-a1b4-fe599bf78c30",Leverancier,Leverancier,,Schneider Electric,,,,,,Actief,Gemeenten,Gemeente,f6760577-58c8-477d-85b7-06796fdfd82d,"2019-09-19T11:18:15+00:00"
"5e18645e-1b66-52f4-bda0-72e9ca217717",Leverancier,Leverancier,,Schuitemaker Industrial,,,,,,Actief,Gemeenten,Gemeente,"1f66615f-fa81-44f6-92e3-eadac6b11eca","2017-10-20T12:28:44+00:00"
df780501-c9f6-55c6-a620-25c272b6cbb5,Leverancier,Leverancier,,Schulinck,,,,,,Actief,Gemeenten,Gemeente,"79a9341e-decf-4010-b2d3-f30d82f4e450","2021-06-15T15:21:17+00:00"
ea9a16c3-5706-529c-9f5d-c1ab71ef1406,Leverancier,Leverancier,,Schweers Consult GmbH Benelux,,,,,,Actief,Gemeenten,Gemeente,"6e13f380-a81a-46dc-b204-6e8b8e4645dc","2014-10-07T15:14:07+00:00"
"856094ec-4b64-5270-8563-9a5f7e4472f6",Leverancier,Leverancier,,SCIA,,,,,,Actief,Gemeenten,Gemeente,c3bd44b3-bbf9-4513-aea3-847e5ef79cf4,"2019-05-02T14:51:13+00:00"
"7bd108d3-344b-5eb8-b4b7-38f0139dd437",Leverancier,Leverancier,,Scia W+B Software,,,,,,Actief,Gemeenten,Gemeente,"1f66615f-fa81-44f6-92e3-eadac6b11eca","2017-10-20T12:41:57+00:00"
"785ec9bf-0346-5b2c-8038-f022622b3afa",Leverancier,Leverancier,,Science Plus Group BV,,,,,,Actief,Gemeenten,Gemeente,"79a9341e-decf-4010-b2d3-f30d82f4e450","2021-08-31T11:34:08+00:00"
"5c5377c1-0de3-5d74-bcad-b11437b94b0e",Leverancier,Leverancier,,Scienta,,,,,,Actief,Gemeenten,Gemeente,dea35f50-183b-4d08-9d7b-96a8623def46,"2018-07-11T14:38:30+00:00"
"3db62b6e-f4ff-5411-8fc9-f204e593b1d7",Leverancier,Leverancier,,SCIO,,,,,,Actief,Gemeenten,Gemeente,"1f66615f-fa81-44f6-92e3-eadac6b11eca","2017-11-10T10:11:18+00:00"
"693e4035-2c90-5b40-ba4b-76e008269927",Leverancier,Leverancier,,SCPsoftware,,,,,,Actief,Gemeenten,Gemeente,f7315496-8c82-49f8-9c1e-f2663261f274,"2014-07-21T10:40:56+00:00"
"0742948a-db6e-51bd-b1c4-7234db2b1f48",Leverancier,Leverancier,,Screaming Frog LTD,,,,,,Actief,Gemeenten,Samenwerking,"4a0233a4-ea38-47ae-86f5-e3bd348b8deb","2020-06-08T14:21:14+00:00"
"52492f63-75ce-5f6a-9146-8129578923ab",Leverancier,Leverancier,,Screen Capture,,,,,,Actief,Gemeenten,Gemeente,db7fdd84-bdfd-41d6-8641-0f1e2a954c25,"2017-06-27T15:52:53+00:00"
"2fafa324-cb4d-5617-a2b5-2b8ef9c24c9e",Leverancier,Leverancier,,Scribit.pro,,,,,,Actief,Gemeenten,Gemeente,c345d2bc-98b4-4fa9-8aa3-21ba885375a0,"2024-03-28T10:28:33+00:00"
"492f3e0b-c4b3-5af3-9cf9-461b11c26a3e",Leverancier,Leverancier,,Sdu,https://www.sdu.nl/overheid/producten-diensten/vind/vind-gemeenten,test.vng.swc+S@gmail.com,+31 23 4567890,,,Actief,Gemeenten,Leverancier,"492f3e0b-c4b3-5af3-9cf9-461b11c26a3e","2014-03-26T10:13:27+00:00"
"492f3e0b-c4b3-5af3-9cf9-461b11c26a3e",Leverancier,Leverancier,,Sdu,https://www.sdu.nl/overheid/producten-diensten/vind/vind-gemeenten,test.vng.swc+S@gmail.com,+31 23 4567890,,,Actief,Gemeenten,Gemeente,"11116e43-889d-4f50-92eb-ce630ebafd9e","2025-07-16T13:25:08+00:00"
d19930b4-cec1-53e1-b7bb-ab7f83a79c8d,Leverancier,Leverancier,,Seagull,,,,,,Actief,Gemeenten,Gemeente,db3b997f-5a48-4133-bd9d-5695acf2a521,"2023-06-14T11:24:23+00:00"
"83c3a477-8b2b-5796-becf-5fa103461699",Leverancier,Leverancier,,Seami,,,,,,Actief,Gemeenten,Gemeente,"90cb9d65-8a63-4bea-8631-57c9c818c72e","2020-05-06T15:46:48+00:00"
"43654149-dc1c-56cb-b8c8-73195beb988f",Leverancier,Leverancier,,SecuMailer,,,,,,Actief,Gemeenten,Gemeente,"269a3750-61f1-41f0-b03b-e53ab7eb6315","2021-05-17T15:46:11+00:00"
"830ecc99-2c2b-514e-ab72-cf6142614a2e",Leverancier,Leverancier,,Secure2Go,,,,,,Actief,Gemeenten,Gemeente,"79a9341e-decf-4010-b2d3-f30d82f4e450","2021-11-10T13:22:08+00:00"
"74e04581-805e-527e-b0c0-acbcf46e2c0b",Leverancier,Leverancier,,SecureAnywhere,,,,,,Actief,Gemeenten,Gemeente,"098fa2df-f721-4d5d-802f-d555af15639d","2022-09-05T12:58:37+00:00"
"20cc1f28-f489-5b9b-ae9a-bf9f2719af5e",Leverancier,Leverancier,,SecureLink Nederland B.V.,,,,,,Actief,Gemeenten,Gemeente,f6760577-58c8-477d-85b7-06796fdfd82d,"2019-11-11T10:39:51+00:00"
"629b7ba0-a321-53fb-9a42-82171c844da2",Leverancier,Leverancier,,SecureW2,,,,,,Actief,Gemeenten,Gemeente,c46223c8-bdca-44e2-b0c0-d6e266257ea9,"2023-06-23T22:46:07+00:00"
"35535d58-3892-5d2a-9452-91adc50e942c",Leverancier,Leverancier,,Securitech,,,,,,Actief,Gemeenten,Samenwerking,ab8c21a3-105a-437c-be7e-41553dff6dc4,"2021-12-27T17:49:10+00:00"
"44986cef-8a39-5dae-861d-979c2eb0f506",Leverancier,Leverancier,,Segment,,,,,,Actief,Gemeenten,Samenwerking,a72de2d1-9a5a-462f-92e4-a79986d89109,"2017-03-17T17:26:04+00:00"
"564e12ef-5579-51bc-9a36-47b4c99ef108",Leverancier,Leverancier,,Seiko,,,,,,Actief,Gemeenten,Gemeente,"11116e43-889d-4f50-92eb-ce630ebafd9e","2025-08-05T08:39:00+00:00"
"05e61c9e-e631-5351-b743-775b90b65916",Leverancier,Leverancier,,Selfguide,,,,,,Actief,Gemeenten,Gemeente,"9aa7afc7-39a5-41f1-a104-91429c495592","2025-01-21T09:39:19+00:00"
"88490635-66e8-5bd5-af10-230a631390ad",Leverancier,Leverancier,,Sencon,,,,,,Actief,Gemeenten,Gemeente,"79061205-d3a8-40c4-addb-8e9a15f5f04e","2024-10-29T12:41:58+00:00"
"69a156ea-e51d-5968-8686-b8d0e07b5751",Leverancier,Leverancier,,SendIn B.V.,,,,,,Actief,Gemeenten,Gemeente,e7b34d5f-6917-4aef-8753-bfcb3d07660b,"2019-01-01T18:39:25+00:00"
"28eeda4c-956b-5ca3-b65e-89c913777025",Leverancier,Leverancier,,Sendrata,,,,,,Actief,Gemeenten,Gemeente,"098fa2df-f721-4d5d-802f-d555af15639d","2014-10-01T11:29:57+00:00"
a03c1a6d-5808-5920-9320-b2bc0315e673,Leverancier,Leverancier,,Seneca B.V.,https://www.seneca.nl,test.vng.swc+Tml@gmail.com,+31 23 4567890,,,Actief,Gemeenten,Leverancier,a03c1a6d-5808-5920-9320-b2bc0315e673,"2014-03-26T10:13:27+00:00"
a03c1a6d-5808-5920-9320-b2bc0315e673,Leverancier,Leverancier,,Seneca B.V.,https://www.seneca.nl,test.vng.swc+Tml@gmail.com,+31 23 4567890,,,Actief,Gemeenten,Gemeente,a9cf6f01-0195-4ade-b357-2a5a84048e34,"2016-05-12T13:48:58+00:00"
"90531c8a-c6c1-597e-ba2a-51b84522bebd",Leverancier,Leverancier,,Sensus process management,https://www.gemeente-processen.nl,test.vng.swc+M@gmail.com,+31 23 4567890,,,Actief,Gemeenten,Leverancier,"90531c8a-c6c1-597e-ba2a-51b84522bebd","2021-04-22T09:10:07+00:00"
c271f0c7-67fd-56bb-862c-09e65c1bee60,Leverancier,Leverancier,,Sensus-methode BV,,,,,,Actief,Gemeenten,Gemeente,"79061205-d3a8-40c4-addb-8e9a15f5f04e","2016-04-18T16:47:13+00:00"
ff7fc60e-c00c-55c6-9459-e2d46b426a48,Leverancier,Leverancier,,SenterNovem,,,,,,Actief,Gemeenten,Gemeente,"6ea9357b-c6cb-4702-8e95-baafeaa6b38c","2018-10-26T14:11:16+00:00"
"492c5f50-9c77-53e3-81eb-6da22a9e35ff",Leverancier,Leverancier,,SEP,https://www.sep.nl,test.vng.swc+Twa@gmail.com,+31 23 4567890,,,Actief,Gemeenten,Leverancier,"492c5f50-9c77-53e3-81eb-6da22a9e35ff","2019-08-26T13:49:00+00:00"
"492c5f50-9c77-53e3-81eb-6da22a9e35ff",Leverancier,Leverancier,,SEP,https://www.sep.nl,test.vng.swc+Twa@gmail.com,+31 23 4567890,,,Actief,Gemeenten,Gemeente,b6a3804a-012d-452e-859d-9955e1bd6bc2,"2022-08-11T10:35:45+00:00"
"81c4a0e2-ab14-509d-a76e-cc86ba1b484e",Leverancier,Leverancier,,Serengeti Systems incorporate,,,,,,Actief,Gemeenten,Samenwerking,a72de2d1-9a5a-462f-92e4-a79986d89109,"2016-05-10T08:44:30+00:00"
"6f9c7296-a0e5-5cd9-af0a-ce1cd13d20b5",Leverancier,Leverancier,,Serrala,,,,,,Actief,Gemeenten,Gemeente,e9bf3b82-2033-44cb-8b49-884dc4d25540,"2023-10-05T13:59:16+00:00"
"35f65007-a353-5bbd-b32b-35830a4942f4",Leverancier,Leverancier,,Service Huis Parkeren,,,,,,Actief,Gemeenten,Samenwerking,d22b9ff2-8b62-4b48-b6ad-7b9e86002cd8,"2018-01-24T13:44:15+00:00"
"04001914-6261-507d-b810-36e0a16413eb",Leverancier,Leverancier,,ServiceCentrumDrechtsteden,,,,,,Actief,Gemeenten,Samenwerking,"0ec8116c-766f-436f-9888-1e5bf4f6566c","2015-01-13T10:16:06+00:00"
"8f7589e3-138e-53f6-b786-b050b03237d6",Leverancier,Leverancier,,Servicepunt71,,,,,,Actief,Gemeenten,Samenwerking,f1115d63-6c06-470e-a030-8ce7cafab64e,"2020-01-28T12:49:56+00:00"
b98fe2da-794b-5b07-b391-46a76ab5f5a0,Leverancier,Leverancier,,SG Automatisering BV,,,,,,Actief,Gemeenten,Gemeente,"4d385e00-86bb-423e-86dc-1ec0629b5200","2016-04-04T13:40:45+00:00"
"0e0aa159-72b4-5234-97db-fcfbc65482a5",Leverancier,Leverancier,,ShareCare,,,,,,Actief,Gemeenten,Gemeente,"60845a9b-6ddd-417f-ad71-e99cf4b0780d","2014-09-11T15:16:18+00:00"
"2bc29406-65e9-5882-a1e8-abeeea9cec34",Leverancier,Leverancier,,ShareGate,,,,,,Actief,Gemeenten,Gemeente,f6760577-58c8-477d-85b7-06796fdfd82d,"2019-11-11T13:41:15+00:00"
"7480abe3-03bd-5759-b10a-9af4bd659211",Leverancier,Leverancier,,Shaun Ivory,,,,,,Actief,Gemeenten,Gemeente,"1f66615f-fa81-44f6-92e3-eadac6b11eca","2017-11-07T09:11:44+00:00"
b8e9ae96-0f68-5041-bf43-1e9e0e4b7630,Leverancier,Leverancier,,Shearwater Group,,,,,,Actief,Gemeenten,Samenwerking,"769b4359-b891-4198-b924-86e1bb7f6cdd","2020-06-10T14:15:07+00:00"
d574d6a8-2ac2-5eb0-9f6f-e9ced7d26461,Leverancier,Leverancier,,Shift2,https://www.shift2.nl,test.vng.swc+Twa@gmail.com,+31 23 4567890,,,Actief,Gemeenten,Leverancier,d574d6a8-2ac2-5eb0-9f6f-e9ced7d26461,"2014-03-26T10:13:27+00:00"
d574d6a8-2ac2-5eb0-9f6f-e9ced7d26461,Leverancier,Leverancier,,Shift2,https://www.shift2.nl,test.vng.swc+Twa@gmail.com,+31 23 4567890,,,Actief,Gemeenten,Gemeente,"53873206-6267-4cc5-b24a-726e0e013ac3","2025-09-11T12:12:00+00:00"
c9208066-c240-594d-9ffb-4663fdd1933c,Leverancier,Leverancier,,Shintō Labs,https://www.shintolabs.nl,test.vng.swc+Bar@gmail.com,+31 23 4567890,,,Actief,Gemeenten,Leverancier,c9208066-c240-594d-9ffb-4663fdd1933c,"2025-07-24T13:56:18+00:00"
"0fc2951e-23eb-5ee6-880b-096accedf415",Leverancier,Leverancier,,Sidcon,,,,,,Actief,Gemeenten,Gemeente,c04aad5f-8f0a-4ae0-b2d6-156c20845f8c,"2024-11-15T10:18:59+00:00"
c5796e26-341d-5dd1-afa8-4f03a068c922,Leverancier,Leverancier,,Siemens,,,,,,Actief,Gemeenten,Gemeente,b0eea343-8d48-4144-a80d-2022d60c097f,"2021-05-18T10:41:28+00:00"
a46279db-3db5-57ae-9400-cf1cc4287177,Leverancier,Leverancier,,Sierra Wireless,,,,,,Actief,Gemeenten,Samenwerking,"49f17690-c60f-4d1e-844c-4e84d473e39a","2017-12-22T15:06:22+00:00"
"0cd1704f-b3ac-5fea-81cd-96278c5bdbea",Leverancier,Leverancier,,Sierzega,,,,,,Actief,Gemeenten,Gemeente,af185a56-58cd-4a45-88b0-9e7d34f398d8,"2024-05-03T11:13:20+00:00"
"3437dc4e-fd2a-5fa3-8963-7c320c66dcf9",Leverancier,Leverancier,,Sight,,,,,,Actief,Gemeenten,Gemeente,db7fdd84-bdfd-41d6-8641-0f1e2a954c25,"2017-07-06T09:26:37+00:00"
"494b2191-b3ff-5c39-8156-a1207ca39e85",Leverancier,Leverancier,,Sigmax,https://www.sigmax.nl,test.vng.swc+I@gmail.com,+31 23 4567890,,,Actief,Gemeenten,Leverancier,"494b2191-b3ff-5c39-8156-a1207ca39e85","2015-05-06T14:11:54+00:00"
"494b2191-b3ff-5c39-8156-a1207ca39e85",Leverancier,Leverancier,,Sigmax,https://www.sigmax.nl,test.vng.swc+I@gmail.com,+31 23 4567890,,,Actief,Gemeenten,Gemeente,e033b25b-3b17-4b55-a1f8-2c40a3ece8a7,"2025-05-21T11:45:34+00:00"
"73438aca-5311-55f0-a753-fac3a14039a2",Leverancier,Leverancier,,Signhost,,,,,,Actief,Gemeenten,Gemeente,"207e0713-76bb-4a76-885f-13c6977a259c","2022-06-13T10:43:20+00:00"
"94c03880-1d4d-5ed6-9c79-390a3f18e3e4",Leverancier,Leverancier,,Signicat,,,,,,Actief,Gemeenten,Gemeente,"2af271e0-a05b-460d-88c9-24c06b6eabe5","2024-11-28T15:38:43+00:00"
"6955e052-3d8c-5cce-bdc6-0452406a270c",Leverancier,Leverancier,,Silverlight,,,,,,Actief,Gemeenten,Samenwerking,"531dc053-40ae-4180-94a4-0af14eea374b","2019-12-24T11:17:12+00:00"
fbed26bb-d82e-59d7-b388-0e8e06529908,Leverancier,Leverancier,,SIMAAN - Aanbestedingstool,https://simaan.nl,test.vng.swc+Ral@gmail.com,,,,Actief,Gemeenten,Leverancier,fbed26bb-d82e-59d7-b388-0e8e06529908,"2022-04-21T16:18:12+00:00"
a1a52621-721d-5e5c-aeab-2480234b5b3b,Leverancier,Leverancier,,Simac,,,,,,Actief,Gemeenten,Gemeente,"5fd035bf-903a-4f7c-89ba-78c5239ac56a","2023-01-09T16:19:59+00:00"
fe32af28-f0ff-563e-9663-6bad349679ac,Leverancier,Leverancier,,Simac IDS BV,,,,,,Actief,Gemeenten,Samenwerking,"7b92c77f-e71f-42a5-8fcb-539cbc55740c","2019-11-18T13:02:36+00:00"
c8e029a9-4cf7-5b39-9a05-fd004d252dc9,Leverancier,Leverancier,,Simac Triangle BV,https://www.simac.com/nl/simac-triangle,test.vng.swc+Abr@gmail.com,+31 23 4567890,,,Actief,Gemeenten,Leverancier,c8e029a9-4cf7-5b39-9a05-fd004d252dc9,"2014-03-26T10:13:27+00:00"
e5c6e7e4-940a-51d8-b5a7-b9a6abd742f5,Leverancier,Leverancier,,Simaxx,,,,,,Actief,Gemeenten,Gemeente,"1c68c344-2292-4bf5-9a98-fc8c86d60297","2020-12-30T11:25:58+00:00"
"1550e97c-0349-5301-aaa2-67472fdee79e",Leverancier,Leverancier,,SIMgroep,,,,,,Actief,Gemeenten,Gemeente,"364991e9-f0d6-4aaf-85ec-9cf96e7943b2","2018-06-15T12:01:14+00:00"
"3986159e-1877-5829-9f87-2fdbb398781a",Leverancier,Leverancier,,Simply Admire,,,,,,Actief,Gemeenten,Samenwerking,"72615a0b-8276-4f0c-ac73-82ee98c80d0b","2018-08-21T12:11:59+00:00"
"124b044e-d9d3-56b0-9735-859e71f4dd7f",Leverancier,Leverancier,,SimplyAdmire BV,,,,,,Actief,Gemeenten,Gemeente,"751d7216-3be5-4ab2-9d95-40bdbc4444ec","2023-03-02T10:27:48+00:00"
"8c5a1de9-b4a4-574a-81f3-a6ebc5016814",Leverancier,Leverancier,,SIR,,,,,,Actief,Gemeenten,Gemeente,bb5ad246-416d-4efa-9ff8-9bcfa884f9db,"2019-04-01T13:52:45+00:00"
"1ee8902c-464d-5f61-bf87-4fe3da56aa03",Leverancier,Leverancier,,SIS,,,,,,Actief,Gemeenten,Gemeente,c04aad5f-8f0a-4ae0-b2d6-156c20845f8c,"2014-07-16T09:18:11+00:00"
fac20c25-86be-5e84-ade8-a8289503b864,Leverancier,Leverancier,,SiteImprove,,,,,,Actief,Gemeenten,Gemeente,"11116e43-889d-4f50-92eb-ce630ebafd9e","2025-06-25T10:21:23+00:00"
a24f59ce-c27d-5c79-997b-798ddf12cc3e,Leverancier,Leverancier,,Sittard-Geleen,,,,,,Actief,Gemeenten,Gemeente,b096ab23-9242-4e09-9313-c13cb784a3c9,"2020-05-25T22:23:09+00:00"
c28f836d-a27d-5ca5-a3c2-9376415045ba,Leverancier,Leverancier,,SKBN (Stichting Kinderboerderijen Nederland),,,,,,Actief,Gemeenten,Gemeente,"6ea9357b-c6cb-4702-8e95-baafeaa6b38c","2018-10-19T18:38:55+00:00"
e7b5e5d9-46ac-5a66-ad22-9e600be64204,Leverancier,Leverancier,,Skidata,,,,,,Actief,Gemeenten,Gemeente,b0eea343-8d48-4144-a80d-2022d60c097f,"2021-05-17T16:03:30+00:00"
"5d2fc823-bfd5-58ed-abc4-e453daf4fce5",Leverancier,Leverancier,,SKS Security,,,,,,Actief,Gemeenten,Gemeente,"8d6548e4-da96-4d52-b866-db16bea7bb1a","2021-08-03T11:40:16+00:00"
"2862c543-0657-5757-b538-a99c64b28f1a",Leverancier,Leverancier,,Slack.com,,,,,,Actief,Gemeenten,Samenwerking,"9aa7afc7-39a5-41f1-a104-91429c495592","2017-11-29T13:20:01+00:00"
"053bfb8a-027f-5ef9-8e9f-1ab3de3e9b3a",Leverancier,Leverancier,,Slagboom en Peeters,,,,,,Actief,Gemeenten,Samenwerking,"1d299c60-cae1-4550-a7f9-dc8d79cab5c6","2024-03-22T11:43:36+00:00"
"89e43201-4735-5e76-b823-50cebf9b9294",Leverancier,Leverancier,,Slido,,,,,,Actief,Gemeenten,Gemeente,f6760577-58c8-477d-85b7-06796fdfd82d,"2021-06-14T10:53:52+00:00"
"1eadcc9e-56d0-5469-a788-416b6ede4cae",Leverancier,Leverancier,,Smart CJM,https://smart-cjm.com/nl,test.vng.swc+Ren@gmail.com,+31 23 4567890,,,Actief,Gemeenten,Leverancier,"1eadcc9e-56d0-5469-a788-416b6ede4cae","2022-08-18T09:07:17+00:00"
ebfec868-0bfc-54d0-b103-ced98a6b3035,Leverancier,Leverancier,,Smart IT Services,,,,,,Actief,Gemeenten,Gemeente,b0eea343-8d48-4144-a80d-2022d60c097f,"2015-04-15T14:48:33+00:00"
b4103b4f-4258-5fcd-a489-eeb5b4a6ce47,Leverancier,Leverancier,,Smart.pr,,,,,,Actief,Gemeenten,Gemeente,f6760577-58c8-477d-85b7-06796fdfd82d,"2019-12-09T11:15:27+00:00"
"3e7d9146-6270-5cb6-b2ce-9c3f67b442e5",Leverancier,Leverancier,,SmartAIM,https://www.smartaim.nl,test.vng.swc+Eng@gmail.com,+31 23 4567890,,,Actief,Gemeenten,Leverancier,"3e7d9146-6270-5cb6-b2ce-9c3f67b442e5","2016-05-25T10:26:46+00:00"
"3e7d9146-6270-5cb6-b2ce-9c3f67b442e5",Leverancier,Leverancier,,SmartAIM,https://www.smartaim.nl,test.vng.swc+Eng@gmail.com,+31 23 4567890,,,Actief,Gemeenten,Samenwerking,"0e29a030-f0e8-4e82-9d34-43a000861af6","2024-12-16T09:11:29+00:00"
df11882a-9378-5d7c-ae56-18666ac26772,Leverancier,Leverancier,,SmartDocuments Nederland B.V.,https://www.smartdocuments.com,test.vng.swc+Sal@gmail.com,+31 23 4567890,,,Actief,Gemeenten,Leverancier,df11882a-9378-5d7c-ae56-18666ac26772,"2014-03-26T10:13:27+00:00"
df11882a-9378-5d7c-ae56-18666ac26772,Leverancier,Leverancier,,SmartDocuments Nederland B.V.,https://www.smartdocuments.com,test.vng.swc+Sal@gmail.com,+31 23 4567890,,,Actief,Gemeenten,Samenwerking,"769b4359-b891-4198-b924-86e1bb7f6cdd","2020-06-10T15:09:12+00:00"
"15569030-3bc3-5aa8-b9ee-2dba051cbc62",Leverancier,Leverancier,,SmartLockr,,,,,,Actief,Gemeenten,Gemeente,"751d7216-3be5-4ab2-9d95-40bdbc4444ec","2021-04-20T09:28:08+00:00"
c1deb05f-7eea-5ea7-8b8f-c8b9d7224d18,Leverancier,Leverancier,,Smartloop,,,,,,Actief,Gemeenten,Gemeente,"098fa2df-f721-4d5d-802f-d555af15639d","2022-09-06T11:22:55+00:00"
"99b0550e-ce85-5157-8712-26eef7833b65",Leverancier,Leverancier,,Smartware Solutions,,,,,,Actief,Gemeenten,Gemeente,"79a9341e-decf-4010-b2d3-f30d82f4e450","2021-11-10T14:24:23+00:00"
e455336d-478d-5045-90c8-d6c258be3ece,Leverancier,Leverancier,,SMC,,,,,,Actief,Gemeenten,Gemeente,"2f1dea82-05f2-4be0-be7c-01b93a4eacfc","2014-08-20T11:14:34+00:00"
"4d9743f9-256c-5d4b-aeff-b66184340226",Leverancier,Leverancier,,Smithsonian Institution,,,,,,Actief,Gemeenten,Gemeente,cb634d57-2b5f-4a03-9be4-d04c483853a7,"2016-12-30T11:30:32+00:00"
da2a557e-585d-5043-b481-3e729dc31875,Leverancier,Leverancier,,SMQ,,,,,,Actief,Gemeenten,Gemeente,f2fb4e64-9967-47e5-a5b8-8bab3b71a800,"2020-03-05T15:31:10+00:00"
"233965c3-820d-5926-bbe3-64a8e44e98d2",Leverancier,Leverancier,,SMQ Thorbecke,,,,,,Actief,Gemeenten,Gemeente,"1e5f65a2-1b5d-4124-920b-66b1399d35e4","2015-12-22T23:45:44+00:00"
cfb0c27e-51d4-5b39-960c-8f62b1658b83,Leverancier,Leverancier,,SMS Passcode,,,,,,Actief,Gemeenten,Gemeente,"098fa2df-f721-4d5d-802f-d555af15639d","2022-09-07T15:51:32+00:00"
"87936442-fd65-55e8-8bc0-797fc713ef5c",Leverancier,Leverancier,,SMWF,,,,,,Actief,Gemeenten,Gemeente,"97a3b6fb-90f7-45cf-ae37-003febf346ef","2017-03-08T14:41:28+00:00"
f9a259e1-a174-50a0-a52d-1c98a5385cb5,Leverancier,Leverancier,,SNG,,,,,,Actief,Gemeenten,Gemeente,"90cb9d65-8a63-4bea-8631-57c9c818c72e","2022-06-28T18:53:09+00:00"
"9c8238f6-5551-540b-9c1c-ed41d742c2a1",Leverancier,Leverancier,,Snow,,,,,,Actief,Gemeenten,Gemeente,"90cb9d65-8a63-4bea-8631-57c9c818c72e","2022-05-10T17:50:49+00:00"
"1394373d-3e0f-512f-acf7-b7dfb8d3ff91",Leverancier,Leverancier,,Snow Software,,,,,,Actief,Gemeenten,Gemeente,"901879ec-f8fc-4fdf-a979-d3120dc882d0","2015-04-16T10:57:56+00:00"
faad951e-2de5-5c18-84e4-891ddd45e7c6,Leverancier,Leverancier,,Snowflake software,,,,,,Actief,Gemeenten,Gemeente,"79a9341e-decf-4010-b2d3-f30d82f4e450","2021-06-15T15:14:36+00:00"
"68e61aa3-ebd3-5be4-a7b1-cad06e630ca7",Leverancier,Leverancier,,Sober Lemur S.r.l.,,,,,,Actief,Gemeenten,Gemeente,c506903c-cb46-4b91-a5a7-880578af3701,"2025-07-10T13:40:39+00:00"
"9531d5ae-bdce-5423-8f1a-4c5e5566999c",Leverancier,Leverancier,,Sobolt,,,,,,Actief,Gemeenten,Gemeente,db3b997f-5a48-4133-bd9d-5695acf2a521,"2023-06-14T11:50:37+00:00"
c4a493ef-3783-51b1-a209-cebd01ad86ae,Leverancier,Leverancier,,Social Suppporter,,,,,,Actief,Gemeenten,Gemeente,"3fa41daf-5e2d-4da2-a5a8-af0ed195ec13","2025-01-24T15:32:13+00:00"
"201104aa-1e15-5808-beee-2c1e848def83",Leverancier,Leverancier,,Sociale Dienst Bommelerwaard,,,,,,Actief,Gemeenten,Gemeente,"32c53733-eb4b-49f7-9451-7ad09cade085","2014-07-16T15:34:29+00:00"
"95f68a56-4d4a-5ce2-a3f8-497b64dc28b2",Leverancier,Leverancier,,Sociale kaart Nederland,https://www.socialekaartnederland.nl,test.vng.swc+Vin@gmail.com,,,,Actief,Gemeenten,Leverancier,"95f68a56-4d4a-5ce2-a3f8-497b64dc28b2","2016-03-31T14:52:57+00:00"
"24b3ae55-e0b5-5e7e-bf1b-552a9c64a47e",Leverancier,Leverancier,,Sociale Verzekeringsbank,,,,,,Actief,Gemeenten,Samenwerking,"4a0233a4-ea38-47ae-86f5-e3bd348b8deb","2020-06-18T10:28:09+00:00"
bdf79d42-f742-59a1-9493-8877a2cab9ee,Leverancier,Leverancier,,Soft dB,,,,,,Actief,Gemeenten,Gemeente,"79a9341e-decf-4010-b2d3-f30d82f4e450","2021-11-10T14:17:31+00:00"
"97195829-09d7-5d70-9b63-b3f714dbc0ad",Leverancier,Leverancier,,SoftBrick,,,,,,Actief,Gemeenten,Gemeente,"4b8b5369-455f-4904-a85e-f3705dfc5a8b","2014-10-06T09:20:19+00:00"
c0d8c863-7724-514d-a1b7-163d57deb123,Leverancier,Leverancier,,Softland,,,,,,Actief,Gemeenten,Samenwerking,"49f17690-c60f-4d1e-844c-4e84d473e39a","2015-07-29T16:47:06+00:00"
"11b310bb-dc26-5c72-acde-069bc84230ff",Leverancier,Leverancier,,Softonic,,,,,,Actief,Gemeenten,Samenwerking,f85a6bf9-4478-481b-a1b6-d7a5ea1fa647,"2019-09-26T10:42:52+00:00"
cf90e842-de02-58eb-80d9-d58d744eacb1,Leverancier,Leverancier,,Software AG,,,,,,Actief,Gemeenten,Gemeente,"1f41e9e0-ac4d-471d-850a-9c083103667d","2014-08-27T15:24:31+00:00"
"79e52835-0cea-5975-adf9-0badca5954dd",Leverancier,Leverancier,,Software Foundry,,,,,,Actief,Gemeenten,Gemeente,f6760577-58c8-477d-85b7-06796fdfd82d,"2023-10-04T11:58:07+00:00"
e8098aaa-ef50-5178-b521-aec586ec5a62,Leverancier,Leverancier,,SoftwareOne,,,,,,Actief,Gemeenten,Gemeente,c46223c8-bdca-44e2-b0c0-d6e266257ea9,"2023-06-26T21:05:59+00:00"
"5d815222-f548-5c1d-99de-698baa7bb88d",Leverancier,Leverancier,,"Sogelink, voorheen Geodan",https://geodanflolegal.nl,test.vng.swc+Ola@gmail.com,+31 23 4567890,,,Actief,Gemeenten,Leverancier,"5d815222-f548-5c1d-99de-698baa7bb88d","2014-03-26T10:13:27+00:00"
"5d815222-f548-5c1d-99de-698baa7bb88d",Leverancier,Leverancier,,"Sogelink, voorheen Geodan",https://geodanflolegal.nl,test.vng.swc+Ola@gmail.com,+31 23 4567890,,,Actief,Gemeenten,Gemeente,"9aa7afc7-39a5-41f1-a104-91429c495592","2025-08-21T15:01:40+00:00"
"082cb6b9-c949-5ceb-a9b3-163f6055a80e",Leverancier,Leverancier,,Sogeti Nederland B.V.,,,,,,Actief,Gemeenten,Gemeente,b71a4bb9-89ab-41e2-9d25-8f8c6754afc9,"2023-12-13T16:51:52+00:00"
"008fc848-f69e-58e9-86a9-afb611dd9ab2",Leverancier,Leverancier,,SolarEdge,,,,,,Actief,Gemeenten,Gemeente,db3b997f-5a48-4133-bd9d-5695acf2a521,"2023-06-14T11:51:30+00:00"
"4674486b-10ba-5d58-9aaa-a5d6094f47b7",Leverancier,Leverancier,,SolarWinds,,,,,,Actief,Gemeenten,Gemeente,c46223c8-bdca-44e2-b0c0-d6e266257ea9,"2023-06-23T22:30:31+00:00"
"64b57c77-7fc6-5452-b1e8-81385266d83b",Leverancier,Leverancier,,Solem (voorheen Rainbird),,,,,,Actief,Gemeenten,Gemeente,"8adeb567-defe-4dd0-8887-f1c01889308c","2015-09-15T14:17:22+00:00"
"6ef40262-33da-51fd-8096-1c75b9d0939b",Leverancier,Leverancier,,Solid Digital,https://www.soliddigital.nl,test.vng.swc+R@gmail.com,+31 23 4567890,,,Actief,Gemeenten,Leverancier,"6ef40262-33da-51fd-8096-1c75b9d0939b","2025-10-15T15:59:42+00:00"
"0555f4be-2342-52ce-8bf6-d7c7c7ced996",Leverancier,Leverancier,,Solidus,,,,,,Actief,Gemeenten,Gemeente,"1f41e9e0-ac4d-471d-850a-9c083103667d","2014-08-27T16:07:09+00:00"
"8ec14b4a-0ecf-53b0-bf2c-9d6c4ce1f045",Leverancier,Leverancier,,Solmate,,,,,,Actief,Gemeenten,Gemeente,"751d7216-3be5-4ab2-9d95-40bdbc4444ec","2023-09-28T09:47:39+00:00"
"1f39478c-fa2e-55bb-aee8-b36a98a711ab",Leverancier,Leverancier,,Solutions factory,,,,,,Actief,Gemeenten,Gemeente,"2af271e0-a05b-460d-88c9-24c06b6eabe5","2024-12-04T10:13:10+00:00"
"3ccb3d3d-8669-52a8-aec0-9d88da0a09f7",Leverancier,Leverancier,,Solviteers B.V.,,,,,,Actief,Gemeenten,Gemeente,cd1ccd26-bb1a-4958-99f9-573b559b7ac9,"2019-12-12T13:18:26+00:00"
e2e9e61a-2eb8-5eba-93ac-25f5c7bf8ff1,Leverancier,Leverancier,,Somfy,,,,,,Actief,Gemeenten,Gemeente,db3b997f-5a48-4133-bd9d-5695acf2a521,"2023-06-14T11:56:11+00:00"
b8d5ce12-f432-59b1-b856-41e88f08e61a,Leverancier,Leverancier,,Sony,,,,,,Actief,Gemeenten,Gemeente,"8d6548e4-da96-4d52-b866-db16bea7bb1a","2015-02-04T15:23:51+00:00"
"864e6afd-7262-5285-87ae-66da449176e9",Leverancier,Leverancier,,Sophos,,,,,,Actief,Gemeenten,Samenwerking,"769b4359-b891-4198-b924-86e1bb7f6cdd","2020-06-10T15:13:49+00:00"
"4e7f005c-9004-54d3-90cd-b98817b21e25",Leverancier,Leverancier,,Sorenson Media,,,,,,Actief,Gemeenten,Gemeente,"79a9341e-decf-4010-b2d3-f30d82f4e450","2021-11-10T15:14:55+00:00"
"3ef8ad41-9327-52c0-903b-c810ff8f0d15",Leverancier,Leverancier,,SourceForge.net,,,,,,Actief,Gemeenten,Samenwerking,"25423a74-7a95-44e5-ad48-d3240f2323f5","2017-07-27T10:48:11+00:00"
e52517c2-7810-5658-bebe-bb26082e870c,Leverancier,Leverancier,,Spacewell,,,,,,Actief,Gemeenten,Samenwerking,d6088f73-1be3-46b6-a67d-9045db0842c1,"2025-05-01T15:40:43+00:00"
"41e8d00e-a51c-5d7c-a04a-56b1e5321020",Leverancier,Leverancier,,Sparkol Ltd,,,,,,Actief,Gemeenten,Gemeente,"24e2f780-e346-434e-b687-6502f63971d5","2017-12-08T14:50:42+00:00"
"80a9b935-6039-5ce7-9f02-f69e5a27c764",Leverancier,Leverancier,,Sparx systems,,,,,,Actief,Gemeenten,Gemeente,c46223c8-bdca-44e2-b0c0-d6e266257ea9,"2023-06-26T21:08:02+00:00"
b4f6604c-6b07-53f9-9a3f-26c117a5f7ae,Leverancier,Leverancier,,Spatial Eye,,,,,,Actief,Gemeenten,Gemeente,cb634d57-2b5f-4a03-9be4-d04c483853a7,"2017-12-22T12:40:45+00:00"
"623709af-a69b-53ec-afeb-baae78648f4f",Leverancier,Leverancier,,Speelplan,,,,,,Actief,Gemeenten,Gemeente,"594d1a96-ef07-4193-9359-26a3301b7ef1","2022-09-19T15:46:39+00:00"
"0a434876-2aca-5036-8683-1c21eeb2a653",Leverancier,Leverancier,,SPIE,,,,,,Actief,Gemeenten,Gemeente,"563593bf-81ce-4877-aa87-759b12d821b3","2022-08-12T11:03:51+00:00"
"4273994f-307d-58a8-a169-2e19efb9ed0f",Leverancier,Leverancier,,Split~Vision,https://www.splitvision.nl,test.vng.swc+Sha@gmail.com,+31 23 4567890,,,Actief,Gemeenten,Leverancier,"4273994f-307d-58a8-a169-2e19efb9ed0f","2014-03-26T10:13:27+00:00"
"17edc365-553b-503c-bc2d-4bc896621f77",Leverancier,Leverancier,,Sport.Gouda,,,,,,Actief,Gemeenten,Gemeente,b2301b50-241e-4a1d-b1cc-f50d5e83458f,"2017-01-05T11:54:49+00:00"
"87b60611-00f2-5ca8-b6e7-06f7d28f762b",Leverancier,Leverancier,,Sportfondsen,,,,,,Actief,Gemeenten,Gemeente,db7fdd84-bdfd-41d6-8641-0f1e2a954c25,"2021-02-11T13:55:25+00:00"
"4a304fae-7442-58c7-9138-fcb026511556",Leverancier,Leverancier,,Spotler,,,,,,Actief,Gemeenten,Gemeente,"90cb9d65-8a63-4bea-8631-57c9c818c72e","2017-01-25T12:09:33+00:00"
"65021440-16c7-5715-b88d-73ad9ccd04d2",Leverancier,Leverancier,,Springcast,,,,,,Actief,Gemeenten,Gemeente,f6760577-58c8-477d-85b7-06796fdfd82d,"2022-08-26T16:12:19+00:00"
"42921f02-3f17-58ed-b349-c399f4d56a09",Leverancier,Leverancier,,SPSS Benelux,,,,,,Actief,Gemeenten,Gemeente,"6ea9357b-c6cb-4702-8e95-baafeaa6b38c","2018-10-26T16:00:14+00:00"
"90fab467-fd48-5105-95ba-81ce1f0c6197",Leverancier,Leverancier,,"SPSS,IBM NEDERLAND BV",,,,,,Actief,Gemeenten,Gemeente,"6ea9357b-c6cb-4702-8e95-baafeaa6b38c","2018-10-26T15:59:23+00:00"
"538fc4f7-4852-5bc5-88b2-50c493aae9c4",Leverancier,Leverancier,,SQLtools.net,,,,,,Actief,Gemeenten,Gemeente,db7fdd84-bdfd-41d6-8641-0f1e2a954c25,"2021-06-07T09:57:48+00:00"
e54cbc27-73ab-5aad-8122-82e39f9472d7,Leverancier,Leverancier,,Square 9 Softworks,,,,,,Actief,Gemeenten,Samenwerking,f9f6c0ca-5a17-4d5d-bd24-e346ffc4cfff,"2016-03-04T14:52:14+00:00"
"54e74547-8b02-59e6-aa0b-2b3c93aa21f7",Leverancier,Leverancier,,Square DMS,,,,,,Actief,Gemeenten,Gemeente,"39a6abee-c408-422c-b3e2-71ed1fd94f90","2017-08-01T14:48:44+00:00"
a3273b45-ac67-51eb-bf42-47b259a491ee,Leverancier,Leverancier,,SROI,,,,,,Actief,Gemeenten,Gemeente,"9384ee66-e19d-4cb1-be5a-861436ad9d67","2024-06-14T07:03:20+00:00"
"8533d0c9-fce7-54ed-99a4-b4ed31ec863f",Leverancier,Leverancier,,SRWare Iron,,,,,,Actief,Gemeenten,Gemeente,"85b4ae27-bba1-4239-b041-b17ae7bf6641","2020-04-22T15:39:46+00:00"
"2a9090a2-6812-5f5a-a2de-ad066afee0ef",Leverancier,Leverancier,,St Instrumenten Vakmanschap,,,,,,Actief,Gemeenten,Gemeente,f6760577-58c8-477d-85b7-06796fdfd82d,"2019-11-11T11:36:45+00:00"
"1ae4eba5-630e-5d8b-8264-f615c635291d",Leverancier,Leverancier,,Stabiplan,,,,,,Actief,Gemeenten,Gemeente,"11116e43-889d-4f50-92eb-ce630ebafd9e","2020-05-17T15:43:59+00:00"
b91d1988-ce49-563c-ba5f-768c12d9c0f4,Leverancier,Leverancier,,Stabu,,,,,,Actief,Gemeenten,Gemeente,b0eea343-8d48-4144-a80d-2022d60c097f,"2019-08-14T16:09:46+00:00"
"9f164e74-b828-536d-aab4-913aeb7f0873",Leverancier,Leverancier,,Stadsbeheer b.v.,https://www.stadsbeheer.com,test.vng.swc+Bhu@gmail.com,+31 23 4567890,,,Actief,Gemeenten,Leverancier,"9f164e74-b828-536d-aab4-913aeb7f0873","2014-03-26T10:13:27+00:00"
"9f164e74-b828-536d-aab4-913aeb7f0873",Leverancier,Leverancier,,Stadsbeheer b.v.,https://www.stadsbeheer.com,test.vng.swc+Bhu@gmail.com,+31 23 4567890,,,Actief,Gemeenten,Gemeente,"1f66615f-fa81-44f6-92e3-eadac6b11eca","2016-09-30T15:19:10+00:00"
"5fdcf721-8017-5707-8099-3cf2fcb6ee25",Leverancier,Leverancier,,Stadsregio Amsterdam,,,,,,Actief,Gemeenten,Samenwerking,"25423a74-7a95-44e5-ad48-d3240f2323f5","2016-06-21T12:17:53+00:00"
"566dea8d-f8ec-521e-9291-256dc84d719d",Leverancier,Leverancier,,Staffing MS,,,,,,Actief,Gemeenten,Gemeente,"11116e43-889d-4f50-92eb-ce630ebafd9e","2021-01-08T09:31:26+00:00"
b2c0f95e-abcb-50be-8e38-97b5f21270a4,Leverancier,Leverancier,,Stanleysecurity,,,,,,Actief,Gemeenten,Gemeente,"4b8b5369-455f-4904-a85e-f3705dfc5a8b","2014-10-07T09:26:28+00:00"
dd35f6d5-6bbf-56d8-86d4-9da8df4b110c,Leverancier,Leverancier,,Staro Automatisering,,,,,,Actief,Gemeenten,Gemeente,dea35f50-183b-4d08-9d7b-96a8623def46,"2016-05-31T14:44:15+00:00"
"44b10466-5cb4-5d10-8b64-dc478bea9d02",Leverancier,Leverancier,,Stedin,,,,,,Actief,Gemeenten,Gemeente,"751d7216-3be5-4ab2-9d95-40bdbc4444ec","2016-05-27T09:47:31+00:00"
a9d2a3c9-579d-557a-b62a-685588990c3b,Leverancier,Leverancier,,Steen automatisering,,,,,,Actief,Gemeenten,Gemeente,"4d385e00-86bb-423e-86dc-1ec0629b5200","2016-04-04T11:56:27+00:00"
cee56d9d-0996-504d-8eca-994f650afb85,Leverancier,Leverancier,,StellaSpark,https://www.stellaspark.com,test.vng.swc+Erw@gmail.com,+31 23 4567890,,,Actief,Gemeenten,Leverancier,cee56d9d-0996-504d-8eca-994f650afb85,"2021-08-02T11:40:47+00:00"
dbedf85d-054f-5b7f-b105-3f03cfb6cfec,Leverancier,Leverancier,,Stembureaumanager,,,,,,Actief,Gemeenten,Gemeente,db3b997f-5a48-4133-bd9d-5695acf2a521,"2023-06-14T12:08:31+00:00"
ff8e34bc-12bb-5329-9123-94d76fdc912c,Leverancier,Leverancier,,Step In Control B.V.,,,,,,Actief,Gemeenten,Gemeente,"098fa2df-f721-4d5d-802f-d555af15639d","2022-09-05T11:13:05+00:00"
ff03fd6a-c443-5312-b00c-aa50b105d998,Leverancier,Leverancier,,SterCom,,,,,,Actief,Gemeenten,Gemeente,f6760577-58c8-477d-85b7-06796fdfd82d,"2019-08-23T15:26:21+00:00"
"7a1b2679-304a-568b-b061-01e5d21f5409",Leverancier,Leverancier,,Steunwijzer,,,,,,Actief,Gemeenten,Gemeente,"3f8a0f92-979c-4cae-9ddf-7147a036d60b","2023-06-05T15:36:00+00:00"
"8ad605d0-5930-52b5-ba83-a2adac172e8a",Leverancier,Leverancier,,Stichting Accommodaties Wierden Enter,,,,,,Actief,Gemeenten,Gemeente,"7b14c0d7-278e-40e7-a6db-836140d9c810","2015-09-15T12:10:55+00:00"
bc582aac-2c99-5c0d-9f4f-af90a349eb7c,Leverancier,Leverancier,,Stichting Beheer en Ontwikkeling Instrumenten Ondersteuning,,,,,,Actief,Gemeenten,Gemeente,"79a9341e-decf-4010-b2d3-f30d82f4e450","2021-07-14T15:23:37+00:00"
cd64bc1d-7d9a-5631-b6e9-b5e0caaf6ea7,Leverancier,Leverancier,,Stichting BKR,,,,,,Actief,Gemeenten,Gemeente,"4f0860d5-d31c-4a4d-9ec2-541bfe72860f","2024-05-16T21:05:43+00:00"
"091ca0a9-98a1-5b00-9348-d5f31c257365",Leverancier,Leverancier,,Stichting Consul,,,,,,Actief,Gemeenten,Gemeente,db7fdd84-bdfd-41d6-8641-0f1e2a954c25,"2020-11-12T12:16:40+00:00"
"2f3f3c03-d70b-5b4a-9078-6d3bcae0fd56",Leverancier,Leverancier,,Stichting Eigenkrachtwijzer,,,,,,Actief,Gemeenten,Gemeente,"8adeb567-defe-4dd0-8887-f1c01889308c","2015-09-15T15:16:52+00:00"
cc7a049e-2db8-5dbe-ad3a-eacf485b2231,Leverancier,Leverancier,,Stichting Forus,,,,,,Actief,Gemeenten,Gemeente,cd3ad582-40da-4de1-a230-fcfd33fef75e,"2024-03-25T19:12:38+00:00"
"40977a4b-b6a3-5c13-9658-df7572aed8ee",Leverancier,Leverancier,,Stichting GBKN Gelderland,,,,,,Actief,Gemeenten,Samenwerking,"9aa7afc7-39a5-41f1-a104-91429c495592","2017-11-16T10:40:56+00:00"
"79659658-96a6-515b-b9e8-410ca68acb03",Leverancier,Leverancier,,Stichting Govroam Roaming,,,,,,Actief,Gemeenten,Gemeente,bd186c79-d0c4-4dea-b4fc-cc95949fcfb5,"2023-10-11T10:02:49+00:00"
"4da43ed1-9045-5862-aac2-9439778db622",Leverancier,Leverancier,,Stichting MBVO,,,,,,Actief,Gemeenten,Gemeente,"79a9341e-decf-4010-b2d3-f30d82f4e450","2021-07-14T15:03:05+00:00"
f15e9dc6-3682-57eb-b4ed-44ea4946dd70,Leverancier,Leverancier,,Stichting Mijnaansluiting.nl,,,,,,Actief,Gemeenten,Gemeente,db3b997f-5a48-4133-bd9d-5695acf2a521,"2023-06-14T12:14:29+00:00"
b8b5dcca-a22a-5a27-bd22-4211c833dda9,Leverancier,Leverancier,,Stichting OZOverbindzorg.nl,,,,,,Actief,Gemeenten,Gemeente,ddf0e7af-285a-4853-ad18-dce8f58c7d5f,"2018-08-29T15:29:14+00:00"
"058dd74d-ec26-5ecf-91df-5329c2120c16",Leverancier,Leverancier,,Stichting Pleio,,,,,,Actief,Gemeenten,Samenwerking,"864b502d-5c07-4787-bd4e-3b202f76e595","2018-11-12T15:33:13+00:00"
"1013a256-120d-50d0-b6fd-0665de6c5e7f",Leverancier,Leverancier,,Stichting RIONED,,,,,,Actief,Gemeenten,Gemeente,db7fdd84-bdfd-41d6-8641-0f1e2a954c25,"2017-07-04T10:19:20+00:00"
"0cd9c4b3-f0ae-5ffc-b4b7-1f72a4f3ee50",Leverancier,Leverancier,,Stichting Werken in Gelderland,,,,,,Actief,Gemeenten,Gemeente,ddf0e7af-285a-4853-ad18-dce8f58c7d5f,"2017-02-01T16:36:07+00:00"
"0d113377-0bd1-547f-824e-40a6793d1ce9",Leverancier,Leverancier,,Stimulansz,https://www.stimulansz.nl,test.vng.swc+Maa@gmail.com,+31 23 4567890,,,Actief,Gemeenten,Leverancier,"0d113377-0bd1-547f-824e-40a6793d1ce9","2014-03-26T10:13:27+00:00"
"0d113377-0bd1-547f-824e-40a6793d1ce9",Leverancier,Leverancier,,Stimulansz,https://www.stimulansz.nl,test.vng.swc+Maa@gmail.com,+31 23 4567890,,,Actief,Gemeenten,Gemeente,"9b0411ba-41da-4a15-9eaa-42b624dba40c","2022-03-08T11:05:21+00:00"
"26ace229-8fcb-5514-8077-7923da69f209",Leverancier,Leverancier,,Stipter,https://www.stipter.nl,test.vng.swc+Luc@gmail.com,+31 23 4567890,,,Actief,Gemeenten,Leverancier,"26ace229-8fcb-5514-8077-7923da69f209","2014-03-31T12:25:06+00:00"
"86877573-790b-5cf7-bf62-5aac9b3e60b4",Leverancier,Leverancier,,Stoas,,,,,,Actief,Gemeenten,Gemeente,"1f66615f-fa81-44f6-92e3-eadac6b11eca","2017-11-08T19:38:42+00:00"
"09c74e9c-cc64-56db-a25a-de7392a5168c",Leverancier,Leverancier,,Straatcontact.nl & Jeugdboa.nl B.V.,,,,,,Actief,Gemeenten,Gemeente,"90cb9d65-8a63-4bea-8631-57c9c818c72e","2021-10-19T13:52:31+00:00"
"1c6cdbf3-578a-5e42-b1cf-6a8fd8614f7e",Leverancier,Leverancier,,Strada,,,,,,Actief,Gemeenten,Gemeente,ddf0e7af-285a-4853-ad18-dce8f58c7d5f,"2022-08-16T11:21:21+00:00"
fa902ceb-41f1-5e53-bce0-ac130f9835bb,Leverancier,Leverancier,,Straight Systems,,,,,,Actief,Gemeenten,Gemeente,db3b997f-5a48-4133-bd9d-5695acf2a521,"2023-06-14T12:24:12+00:00"
"5627f870-dc66-5fd1-b76a-4dd8c58d10a6",Leverancier,Leverancier,,Stratech,https://www.stratechsocial.nl,test.vng.swc+D@gmail.com,+31 23 4567890,,,Actief,Gemeenten,Leverancier,"5627f870-dc66-5fd1-b76a-4dd8c58d10a6","2014-03-26T10:13:27+00:00"
"5627f870-dc66-5fd1-b76a-4dd8c58d10a6",Leverancier,Leverancier,,Stratech,https://www.stratechsocial.nl,test.vng.swc+D@gmail.com,+31 23 4567890,,,Actief,Gemeenten,Gemeente,fd4629e7-f5bb-474f-94a2-5bcc1e672089,"2016-04-18T15:35:16+00:00"
"713d1074-7f90-536c-9fbe-3d3b7676b752",Leverancier,Leverancier,,Strukton,,,,,,Actief,Gemeenten,Gemeente,db7fdd84-bdfd-41d6-8641-0f1e2a954c25,"2017-07-03T10:08:18+00:00"
"3c09f8e3-0567-5a66-81bd-8e8fa264248b",Leverancier,Leverancier,,Studio3,,,,,,Actief,Gemeenten,Gemeente,"53873206-6267-4cc5-b24a-726e0e013ac3","2020-08-13T13:13:15+00:00"
"74ffa914-22a3-5351-a611-bd1fa3e2272a",Leverancier,Leverancier,,Studytube,https://www.studytube.nl,test.vng.swc+Toi@gmail.com,+31 23 4567890,,,Actief,Gemeenten,Leverancier,"74ffa914-22a3-5351-a611-bd1fa3e2272a","2020-05-04T10:42:29+00:00"
"74ffa914-22a3-5351-a611-bd1fa3e2272a",Leverancier,Leverancier,,Studytube,https://www.studytube.nl,test.vng.swc+Toi@gmail.com,+31 23 4567890,,,Actief,Gemeenten,Gemeente,bc343b52-289d-4f5e-b420-f0d0b2abdcbe,"2022-04-12T13:31:37+00:00"
a3a3a0b4-477f-5972-9fa7-8519aca1e682,Leverancier,Leverancier,,Succeed IT,,,,,,Actief,Gemeenten,Gemeente,dea35f50-183b-4d08-9d7b-96a8623def46,"2020-06-26T11:18:00+00:00"
"83767f3a-6d18-5a7a-a02f-c36466808447",Leverancier,Leverancier,,Sudum,,,,,,Actief,Gemeenten,Gemeente,"2af271e0-a05b-460d-88c9-24c06b6eabe5","2025-01-14T09:02:03+00:00"
b399a9c7-6b9b-5d0f-b757-d9a762cba7d6,Leverancier,Leverancier,,Sulo,,,,,,Actief,Gemeenten,Gemeente,db3b997f-5a48-4133-bd9d-5695acf2a521,"2023-06-14T12:26:00+00:00"
"113349ec-15c3-583e-b1be-c8f590d56ef2",Leverancier,Leverancier,,Sumatra B.V.,,,,,,Actief,Gemeenten,Gemeente,db7fdd84-bdfd-41d6-8641-0f1e2a954c25,"2017-06-29T16:31:31+00:00"
"77904a34-4aa4-5209-9807-30796cedd951",Leverancier,Leverancier,,Superoffice,,,,,,Actief,Gemeenten,Gemeente,"901879ec-f8fc-4fdf-a979-d3120dc882d0","2015-04-16T14:09:55+00:00"
dd90a897-bbdc-5be1-bffc-ad74ed42a6c3,Leverancier,Leverancier,,Supportbook Testmanagementtool,https://supportbook.nl,test.vng.swc+Inf@gmail.com,+31 23 4567890,,,Actief,Gemeenten,Leverancier,dd90a897-bbdc-5be1-bffc-ad74ed42a6c3,"2020-01-08T10:39:41+00:00"
"2ab2bcb0-a409-5755-80c9-1bff01e2b2ff",Leverancier,Leverancier,,Surelock,,,,,,Actief,Gemeenten,Gemeente,"751d7216-3be5-4ab2-9d95-40bdbc4444ec","2023-11-08T11:32:55+00:00"
"4638a0e5-8769-5f9e-bd37-60901aa58c84",Leverancier,Leverancier,,Surtronic,,,,,,Actief,Gemeenten,Gemeente,db7fdd84-bdfd-41d6-8641-0f1e2a954c25,"2017-07-04T11:29:08+00:00"
"24adbdd5-9cd3-5619-8a1b-b536746814bd",Leverancier,Leverancier,,Survalyzer,,,,,,Actief,Gemeenten,Gemeente,"85b4ae27-bba1-4239-b041-b17ae7bf6641","2020-04-22T15:38:47+00:00"
"8a13ed7d-832b-5213-95fd-6b73e4410b48",Leverancier,Leverancier,,SurveyMonkey,,,,,,Actief,Gemeenten,Gemeente,"563593bf-81ce-4877-aa87-759b12d821b3","2022-08-12T11:08:39+00:00"
"5896dded-6328-5f24-98a9-667298e729e7",Leverancier,Leverancier,,Survio,,,,,,Actief,Gemeenten,Gemeente,b2301b50-241e-4a1d-b1cc-f50d5e83458f,"2017-11-17T13:11:16+00:00"
"919d91b5-e82d-5c84-bd20-7a85e81b76d4",Leverancier,Leverancier,,SUWR / Easy Match,,,,,,Actief,Gemeenten,Gemeente,db3b997f-5a48-4133-bd9d-5695acf2a521,"2023-06-14T12:29:55+00:00"
"24034f10-9a6a-5850-9f89-9756b6cf628f",Leverancier,Leverancier,,SVB (Sociale Verzekerings Bank),,,,,,Actief,Gemeenten,Gemeente,db3b997f-5a48-4133-bd9d-5695acf2a521,"2023-06-14T12:32:32+00:00"
e013b8d0-7494-5d67-808a-014a0c286a91,Leverancier,Leverancier,,SVB-BGT,,,,,,Actief,Gemeenten,Gemeente,db7fdd84-bdfd-41d6-8641-0f1e2a954c25,"2017-06-22T09:37:30+00:00"
"9dba6400-f28e-58f9-b4a5-ed919bda3017",Leverancier,Leverancier,,SVH,,,,,,Actief,Gemeenten,Gemeente,db3b997f-5a48-4133-bd9d-5695acf2a521,"2023-06-14T13:00:38+00:00"
f45afe3e-eaab-5161-b417-a0a0abe67803,Leverancier,Leverancier,,SVHW,,,,,,Actief,Gemeenten,Gemeente,"5cdb1948-e731-4906-904e-f5e427ee28dc","2015-03-24T14:39:21+00:00"
c0bc4b43-d495-51b7-970b-03313ebf1126,Leverancier,Leverancier,,SVNL,,,,,,Actief,Gemeenten,Gemeente,"905dbf9e-94a6-4ddd-9778-77e69f3900f1","2022-12-12T12:10:58+00:00"
"5916c544-3df7-5e5f-8734-2f4caac7531e",Leverancier,Leverancier,,Sweco Nederland B.V.,https://bgtsoftware.nl,test.vng.swc+Bar@gmail.com,+31 23 4567890,,,Actief,Gemeenten,Leverancier,"5916c544-3df7-5e5f-8734-2f4caac7531e","2014-03-26T10:13:27+00:00"
"5916c544-3df7-5e5f-8734-2f4caac7531e",Leverancier,Leverancier,,Sweco Nederland B.V.,https://bgtsoftware.nl,test.vng.swc+Bar@gmail.com,+31 23 4567890,,,Actief,Gemeenten,Gemeente,e26d5ab2-fb4d-4034-b704-c1c08bddbe58,"2024-02-15T17:55:35+00:00"
"0015da75-39d6-59d6-8754-9d1de8c46812",Leverancier,Leverancier,,Swets,,,,,,Actief,Gemeenten,Gemeente,"8adeb567-defe-4dd0-8887-f1c01889308c","2015-09-14T16:56:05+00:00"
"65d8d451-ee22-5fa3-aba2-ceb525b66a52",Leverancier,Leverancier,,Swing,,,,,,Actief,Gemeenten,Gemeente,"6ea9357b-c6cb-4702-8e95-baafeaa6b38c","2018-10-26T12:06:46+00:00"
"26a513c1-84ab-53da-bd93-08ebc08d426c",Leverancier,Leverancier,,SWIS,,,,,,Actief,Gemeenten,Gemeente,"349e6027-b7c4-42ac-88e6-a5f17fc833f6","2019-07-31T14:11:04+00:00"
bd662b7b-7fa9-5891-8dac-4aca80d2fffd,Leverancier,Leverancier,,SwissLog-Ergotrans,,,,,,Actief,Gemeenten,Gemeente,"91a2ab0f-25aa-43bd-b4e6-c8ef360fa0f2","2022-02-11T11:20:12+00:00"
"58e46cd3-357f-5b70-adeb-ae7c6eb2eb13",Leverancier,Leverancier,,Symagic,,,,,,Actief,Gemeenten,Gemeente,b71a4bb9-89ab-41e2-9d25-8f8c6754afc9,"2017-10-30T15:37:28+00:00"
af9867a5-eb28-50bd-8a93-6d25aaabc8c7,Leverancier,Leverancier,,Symantec,,,,,,Actief,Gemeenten,Samenwerking,"49f17690-c60f-4d1e-844c-4e84d473e39a","2019-08-15T09:52:29+00:00"
f35437e2-1c3a-5976-8519-f4efd70cf8be,Leverancier,Leverancier,,Synaxion,https://www.synaxion.com,test.vng.swc+H@gmail.com,+31 23 4567890,,,Actief,Gemeenten,Leverancier,f35437e2-1c3a-5976-8519-f4efd70cf8be,"2014-03-26T10:13:27+00:00"
f6b9ea1d-abb6-5d03-9906-0880957bd482,Leverancier,Leverancier,,SynergieNL,,,,,,Actief,Gemeenten,Gemeente,"85b4ae27-bba1-4239-b041-b17ae7bf6641","2020-04-22T15:35:33+00:00"
d0c415ca-3c7f-5052-89bd-9160874380d9,Leverancier,Leverancier,,Synigo Pulse,,,,,,Actief,Gemeenten,Gemeente,"5fd035bf-903a-4f7c-89ba-78c5239ac56a","2024-04-30T13:37:13+00:00"
"1366f486-d543-5e10-901b-97d116bf328f",Leverancier,Leverancier,,Synorga,,,,,,Actief,Gemeenten,Gemeente,db7fdd84-bdfd-41d6-8641-0f1e2a954c25,"2017-07-04T11:22:37+00:00"
b9984389-b96d-5383-93ad-61c1b1e643de,Leverancier,Leverancier,,Syntrophos,,,,,,Actief,Gemeenten,Gemeente,db3b997f-5a48-4133-bd9d-5695acf2a521,"2023-06-14T13:02:24+00:00"
"520339e2-4c17-5fe3-80ff-332e514f4762",Leverancier,Leverancier,,Syplon,,,,,,Actief,Gemeenten,Gemeente,"9384ee66-e19d-4cb1-be5a-861436ad9d67","2024-06-12T08:12:07+00:00"
b04198fe-97a6-5929-ad79-1851269d1dc1,Leverancier,Leverancier,,Syslogic,,,,,,Actief,Gemeenten,Samenwerking,"86aa66a7-4802-4d73-95d7-0d4e7ca98255","2018-07-19T10:25:15+00:00"
"5f852467-1a7b-59a4-abe9-8d605151ac40",Leverancier,Leverancier,,Systemtools software,,,,,,Actief,Gemeenten,Samenwerking,"49f17690-c60f-4d1e-844c-4e84d473e39a","2017-04-10T21:07:16+00:00"
"876a2c81-10cc-531f-9383-0f9e1d652628",Leverancier,Leverancier,,Syx,,,,,,Actief,Gemeenten,Gemeente,d61f60cf-d3de-458c-86e6-0e2d27b3757e,"2016-08-04T15:55:03+00:00"
fcf5732e-b672-5e1d-8359-cdce2d61ce72,Leverancier,Leverancier,,Syx Automations,,,,,,Actief,Gemeenten,Gemeente,b71a4bb9-89ab-41e2-9d25-8f8c6754afc9,"2019-02-14T15:44:04+00:00"
a834ec33-f7ca-5517-8305-14645b9acf0c,Leverancier,Leverancier,,T&T,,,,,,Actief,Gemeenten,Gemeente,c9e26ee2-0de6-476a-85e2-631a5e84ea42,"2022-01-17T09:40:59+00:00"
"4c2e8b2f-d086-59a8-99e9-b9159c538f8b",Leverancier,Leverancier,,TableAir,,,,,,Actief,Gemeenten,Gemeente,b2301b50-241e-4a1d-b1cc-f50d5e83458f,"2025-05-08T14:04:52+00:00"
bb6d7e52-3007-5b6a-b457-f545c20af806,Leverancier,Leverancier,,Tableau,,,,,,Actief,Gemeenten,Gemeente,"563593bf-81ce-4877-aa87-759b12d821b3","2022-08-08T16:52:20+00:00"
cc7810a6-24f7-5983-9aa1-6cc4a83a84af,Leverancier,Leverancier,,Tachyon Security,https://tachyonsecurity.eu,test.vng.swc+M@gmail.com,+31 23 4567890,,,Actief,Gemeenten,Leverancier,cc7810a6-24f7-5983-9aa1-6cc4a83a84af,"2022-04-19T11:03:23+00:00"
d85c17c7-1c71-51f5-96c3-33a2bf97ad44,Leverancier,Leverancier,,Talend,,,,,,Actief,Gemeenten,Gemeente,bc343b52-289d-4f5e-b420-f0d0b2abdcbe,"2022-02-17T15:34:29+00:00"
"034413c0-4134-597c-bf14-cedb38435b15",Leverancier,Leverancier,,Tangelo software,,,,,,Actief,Gemeenten,Gemeente,c506903c-cb46-4b91-a5a7-880578af3701,"2025-07-10T13:57:26+00:00"
e379185c-dceb-59aa-81d1-0a914acd6127,Leverancier,Leverancier,,Tangram,,,,,,Actief,Gemeenten,Gemeente,"1f66615f-fa81-44f6-92e3-eadac6b11eca","2017-04-20T13:43:01+00:00"
"09092af5-1c4e-5a37-91f0-2b5aa5495745",Leverancier,Leverancier,,Tasper,,,,,,Actief,Gemeenten,Gemeente,"1f66615f-fa81-44f6-92e3-eadac6b11eca","2017-04-20T13:31:00+00:00"
"34e348f8-c1ee-54ee-ade4-4427cf4434ae",Leverancier,Leverancier,,Tauw,,,,,,Actief,Gemeenten,Gemeente,"79a9341e-decf-4010-b2d3-f30d82f4e450","2021-11-10T14:15:22+00:00"
f2e16ae6-9e2b-517e-8b82-70f47698a3a9,Leverancier,Leverancier,,Taxa-Meter Centrale B.V.,,,,,,Actief,Gemeenten,Gemeente,"563593bf-81ce-4877-aa87-759b12d821b3","2022-08-12T11:27:30+00:00"
ea4f7cd6-9c45-5ee8-bcff-6af3f030ac4a,Leverancier,Leverancier,,Tblox,,,,,,Actief,Gemeenten,Samenwerking,"283b34be-e623-414e-a828-0fb0cee04bc7","2016-05-24T12:16:26+00:00"
"28001471-1767-5889-81db-f0b3314b334f",Leverancier,Leverancier,,TeamViewer GmbH,,,,,,Actief,Gemeenten,Gemeente,c506903c-cb46-4b91-a5a7-880578af3701,"2025-07-10T13:58:14+00:00"
"6cb7ad0c-d2a4-50d8-898d-beb6f0d29294",Leverancier,Leverancier,,TEC Documents,,,,,,Actief,Gemeenten,Gemeente,dea35f50-183b-4d08-9d7b-96a8623def46,"2015-02-06T14:35:55+00:00"
d99b95df-3fe6-5edf-b91d-0ced91b363d3,Leverancier,Leverancier,,Tec Traffic Systems,,,,,,Actief,Gemeenten,Gemeente,b0eea343-8d48-4144-a80d-2022d60c097f,"2015-04-14T15:30:48+00:00"
d1cac900-dc9b-51f0-8352-d654af9c1090,Leverancier,Leverancier,,TECHNIA B.V.,https://www.alfamail.com,test.vng.swc+Nie@gmail.com,+31 23 4567890,,,Actief,Gemeenten,Leverancier,d1cac900-dc9b-51f0-8352-d654af9c1090,"2015-02-03T16:46:52+00:00"
"52336cae-e0e7-56be-a49d-8a6b4cb86305",Leverancier,Leverancier,,Technica Beveiliging B.V.,,,,,,Actief,Gemeenten,Gemeente,"90cb9d65-8a63-4bea-8631-57c9c818c72e","2021-07-12T09:37:31+00:00"
db978724-0941-5403-947f-59e9c299d1b2,Leverancier,Leverancier,,Technolution,,,,,,Actief,Gemeenten,Gemeente,"9aa7afc7-39a5-41f1-a104-91429c495592","2025-07-10T14:59:54+00:00"
c34526f3-ddef-55c9-a072-cb04856fb7e9,Leverancier,Leverancier,,Technosoft,,,,,,Actief,Gemeenten,Gemeente,"905dbf9e-94a6-4ddd-9778-77e69f3900f1","2022-12-12T12:14:55+00:00"
b5373c43-3e1e-542d-b5aa-fda736a4f806,Leverancier,Leverancier,,TechSmith,,,,,,Actief,Gemeenten,Gemeente,"11116e43-889d-4f50-92eb-ce630ebafd9e","2025-07-10T13:14:10+00:00"
f4565b52-d981-5c6d-913e-4ac1488402ff,Leverancier,Leverancier,,TechTek,,,,,,Actief,Gemeenten,Gemeente,"41d71569-c52d-4b3b-bd4c-2dd3bdfcc5c3","2019-11-19T15:30:51+00:00"
cc0dc2d8-c53c-5fa9-a6b9-97c2c10b9b7c,Leverancier,Leverancier,,Techview assist bv,https://www.techtek.nl,test.vng.swc+Vin@gmail.com,+31 23 4567890,,,Actief,Gemeenten,Leverancier,cc0dc2d8-c53c-5fa9-a6b9-97c2c10b9b7c,"2014-07-15T10:54:03+00:00"
"513e8004-1946-53ad-85c3-b20846fcc733",Leverancier,Leverancier,,Tekla,,,,,,Actief,Gemeenten,Samenwerking,"0830b6df-4965-4306-97f4-5d0e15b165a0","2020-07-20T08:49:03+00:00"
cc923e30-eca0-5a39-bc2b-2d9d87f72787,Leverancier,Leverancier,,Telapas Software,,,,,,Actief,Gemeenten,Gemeente,"81e0fc01-74f8-4439-b2e5-ee7c957e32ae","2015-11-12T08:50:33+00:00"
"33b78932-8315-5b95-9eac-bf114db3702e",Leverancier,Leverancier,,Telecats,,,,,,Actief,Gemeenten,Gemeente,"79a9341e-decf-4010-b2d3-f30d82f4e450","2021-11-10T16:17:28+00:00"
"9c2d1130-c914-5fb3-92fb-e18e84ce5d02",Leverancier,Leverancier,,Televic Group,,,,,,Actief,Gemeenten,Gemeente,"39a6abee-c408-422c-b3e2-71ed1fd94f90","2018-06-26T09:45:53+00:00"
d9b4f06a-94da-5b3d-9c1e-a4123f495443,Leverancier,Leverancier,,Telwerk BV,,,,,,Actief,Gemeenten,Gemeente,"56b375f7-062b-460d-9b27-45f0bab0b089","2014-08-28T12:24:49+00:00"
a96af425-8a9d-5dd3-bf90-c72a5497ed04,Leverancier,Leverancier,,Templafy,https://www.templafy.com/nl,test.vng.swc+Ajh@gmail.com,+31 23 4567890,,,Actief,Gemeenten,Leverancier,a96af425-8a9d-5dd3-bf90-c72a5497ed04,"2014-03-26T10:13:27+00:00"
"286f6fdf-cc0a-577f-baf2-9ba5781c83bc",Leverancier,Leverancier,,Tenable,,,,,,Actief,Gemeenten,Gemeente,"11116e43-889d-4f50-92eb-ce630ebafd9e","2025-07-09T11:05:35+00:00"
"01651180-61c2-5963-8387-278667076440",Leverancier,Leverancier,,Tender people,,,,,,Actief,Gemeenten,Gemeente,e5cb9f1e-3c9f-4a61-b903-651d139a1d43,"2018-03-07T15:23:37+00:00"
"3490286f-3de1-586b-b806-3a7c5d151c2b",Leverancier,Leverancier,,TenderNed,,,,,,Actief,Gemeenten,Samenwerking,"72615a0b-8276-4f0c-ac73-82ee98c80d0b","2018-08-21T14:12:11+00:00"
ccd27662-3eda-5991-b2ff-0d451d394ed4,Leverancier,Leverancier,,Tendfor,,,,,,Actief,Gemeenten,Gemeente,"91a2ab0f-25aa-43bd-b4e6-c8ef360fa0f2","2025-05-30T13:33:12+00:00"
fe7b6fbc-4e6f-5791-a12c-86e4ea656e92,Leverancier,Leverancier,,Teqa,,,,,,Actief,Gemeenten,Gemeente,"5fd035bf-903a-4f7c-89ba-78c5239ac56a","2023-07-25T15:27:00+00:00"
"5c24ef8e-d03d-5764-957c-9ad1378b51fd",Leverancier,Leverancier,,Teradici,,,,,,Actief,Gemeenten,Gemeente,"11116e43-889d-4f50-92eb-ce630ebafd9e","2025-07-10T15:41:13+00:00"
"3dda7e07-d34b-57e4-a839-8f3672eb7650",Leverancier,Leverancier,,Terbit Information,https://www.terbit.nl,test.vng.swc+Hen@gmail.com,+31 23 4567890,,,Actief,Gemeenten,Leverancier,"3dda7e07-d34b-57e4-a839-8f3672eb7650","2015-02-11T18:36:07+00:00"
"3dda7e07-d34b-57e4-a839-8f3672eb7650",Leverancier,Leverancier,,Terbit Information,https://www.terbit.nl,test.vng.swc+Hen@gmail.com,+31 23 4567890,,,Actief,Gemeenten,Gemeente,"9e903d5f-9d6e-42f6-8c40-43ef3f1cd3d6","2019-10-17T12:25:20+00:00"
"0fa3737f-1fa6-503c-b60e-747ddf03e728",Leverancier,Leverancier,,Tercera,,,,,,Actief,Gemeenten,Gemeente,dee5ddab-5c04-40f4-909d-8272a4a2cc3d,"2018-05-28T15:21:33+00:00"
"674582b8-8e9c-5b62-841c-bd76030a0ba1",Leverancier,Leverancier,,Testcentrum Groei B.V.,https://www.testcentrumgroei.nl,test.vng.swc+Jer@gmail.com,+31 23 4567890,,,Actief,Gemeenten,Leverancier,"674582b8-8e9c-5b62-841c-bd76030a0ba1","2023-03-21T10:40:35+00:00"
b086aa01-cbb6-5a23-b029-ddcaae9bae17,Leverancier,Leverancier,,Testersuite,,,,,,Actief,Gemeenten,Gemeente,b6a3804a-012d-452e-859d-9955e1bd6bc2,"2023-05-03T14:13:44+00:00"
db36ee74-bb15-5c68-a30b-7c46a69547de,Leverancier,Leverancier,,Testo,,,,,,Actief,Gemeenten,Gemeente,db3b997f-5a48-4133-bd9d-5695acf2a521,"2023-06-14T13:06:20+00:00"
"8e050e79-ab11-5965-85fc-b633cd0e2740",Leverancier,Leverancier,,Textinfo,,,,,,Actief,Gemeenten,Gemeente,"79a9341e-decf-4010-b2d3-f30d82f4e450","2021-09-08T13:15:38+00:00"
ae5c7988-d33e-5280-a29f-cb305433a6ac,Leverancier,Leverancier,,Textmetrics,https://www.textmetrics.com/nl,test.vng.swc+Reb@gmail.com,+31 23 4567890,,,Actief,Gemeenten,Leverancier,ae5c7988-d33e-5280-a29f-cb305433a6ac,"2025-06-30T15:21:48+00:00"
"6cacc617-7eef-5793-83cf-bfc6cf919160",Leverancier,Leverancier,,TFA,,,,,,Actief,Gemeenten,Gemeente,db3b997f-5a48-4133-bd9d-5695acf2a521,"2023-06-14T13:08:52+00:00"
"42a8130d-7fd6-5543-a7df-634dacf98dc8",Leverancier,Leverancier,,The Document Foundation,,,,,,Actief,Gemeenten,Gemeente,bb45238c-398a-47e6-85fd-09b684ea7434,"2017-09-19T15:01:19+00:00"
"7b2eec66-9210-5d17-8b76-334ed251e6bb",Leverancier,Leverancier,,The People Group,https://www.thepeoplegroup.nl,test.vng.swc+Dma@gmail.com,+31 23 4567890,,,Actief,Gemeenten,Leverancier,"7b2eec66-9210-5d17-8b76-334ed251e6bb","2020-02-06T15:48:30+00:00"
"7b2eec66-9210-5d17-8b76-334ed251e6bb",Leverancier,Leverancier,,The People Group,https://www.thepeoplegroup.nl,test.vng.swc+Dma@gmail.com,+31 23 4567890,,,Actief,Gemeenten,Gemeente,"9aa7afc7-39a5-41f1-a104-91429c495592","2025-05-07T11:37:01+00:00"
d6565dc9-6201-54eb-99a8-f76deabf8b33,Leverancier,Leverancier,,The Right Direction,,,,,,Actief,Gemeenten,Gemeente,db3b997f-5a48-4133-bd9d-5695acf2a521,"2023-06-14T13:16:44+00:00"
c82247de-790d-5209-931e-6562753b725a,Leverancier,Leverancier,,the Right Direction BV,https://www.therightdirection.nl,test.vng.swc+Inf@gmail.com,+31 23 4567890,,,Actief,Gemeenten,Leverancier,c82247de-790d-5209-931e-6562753b725a,"2024-01-25T08:38:56+00:00"
"506f69cd-dd38-5a17-9b24-86268ab76ca3",Leverancier,Leverancier,,The SolutionsFactory,,,,,,Actief,Gemeenten,Samenwerking,d22b9ff2-8b62-4b48-b6ad-7b9e86002cd8,"2019-03-13T15:03:18+00:00"
"2a81eaf3-6926-5633-b8f6-5613782c08be",Leverancier,Leverancier,,TheCarbonProject,,,,,,Actief,Gemeenten,Gemeente,fea3c97a-7d59-47a0-86b0-4f842980a8c3,"2020-02-10T17:46:28+00:00"
"30d597af-56bd-53aa-9418-2f2a94b2f359",Leverancier,Leverancier,,Thermopatch,,,,,,Actief,Gemeenten,Gemeente,"1f66615f-fa81-44f6-92e3-eadac6b11eca","2017-11-08T11:37:53+00:00"
face36c9-559e-55ad-a7be-f7e965d95d76,Leverancier,Leverancier,,Thinkwise,,,,,,Actief,Gemeenten,Samenwerking,"7b92c77f-e71f-42a5-8fcb-539cbc55740c","2019-11-18T12:13:30+00:00"
bbac292a-48ae-5b4d-bf23-59a7675d6799,Leverancier,Leverancier,,Thorbecke Holding B.V.,,,,,,Actief,Gemeenten,Gemeente,"3f8a0f92-979c-4cae-9ddf-7147a036d60b","2023-06-05T15:12:22+00:00"
cab7a4ba-bd74-5f2b-980c-c05bf21a0d72,Leverancier,Leverancier,,Tict-C,,,,,,Actief,Gemeenten,Gemeente,"9074dcb3-7fa3-4e32-b8df-891f5a54c3b4","2015-04-09T09:21:26+00:00"
be690daa-13c1-5121-a657-271c2d78e584,Leverancier,Leverancier,,Tie Kinetix,,,,,,Actief,Gemeenten,Gemeente,f6760577-58c8-477d-85b7-06796fdfd82d,"2022-12-16T11:01:15+00:00"
"5995afc7-6a6c-5ff8-8e0a-5aa03b4fb6ae",Leverancier,Leverancier,,Tijhuis Ingenieurs,,,,,,Actief,Gemeenten,Gemeente,"2af271e0-a05b-460d-88c9-24c06b6eabe5","2024-12-04T10:41:57+00:00"
d56c9c6a-7c24-57b9-a5c7-aa26084081c8,Leverancier,Leverancier,,Tiltshift - uitvoerend leiderschap in digitale transformatie,https://www.tiltshift.nl,test.vng.swc+Joh@gmail.com,+31 23 4567890,,,Actief,Gemeenten,Leverancier,d56c9c6a-7c24-57b9-a5c7-aa26084081c8,"2018-05-29T15:18:33+00:00"
dc9a6bde-bd9b-573c-a0f0-18c9761d8694,Leverancier,Leverancier,,TIMEBLOCKR,https://timeblockr.com,test.vng.swc+Hel@gmail.com,+31 23 4567890,,,Actief,Gemeenten,Leverancier,dc9a6bde-bd9b-573c-a0f0-18c9761d8694,"2018-03-28T19:40:58+00:00"
dc9a6bde-bd9b-573c-a0f0-18c9761d8694,Leverancier,Leverancier,,TIMEBLOCKR,https://timeblockr.com,test.vng.swc+Hel@gmail.com,+31 23 4567890,,,Actief,Gemeenten,Samenwerking,"86aa66a7-4802-4d73-95d7-0d4e7ca98255","2022-09-01T09:05:06+00:00"
dbb66e8b-c178-52e2-93d2-573a092c17d3,Leverancier,Leverancier,,Timetell,,,,,,Actief,Gemeenten,Gemeente,"4f0860d5-d31c-4a4d-9ec2-541bfe72860f","2024-04-29T14:27:25+00:00"
"3036d9d8-20cc-507b-abbd-d3a6c0f5cf61",Leverancier,Leverancier,,Timewax BV,,,,,,Actief,Gemeenten,Gemeente,"3f8a0f92-979c-4cae-9ddf-7147a036d60b","2023-06-05T15:13:48+00:00"
b2fe540f-713a-58f5-9610-fd4ef9eefdb3,Leverancier,Leverancier,,Tingit,https://www.tingit.nl,test.vng.swc+Eri@gmail.com,+31 23 4567890,,,Actief,Gemeenten,Leverancier,b2fe540f-713a-58f5-9610-fd4ef9eefdb3,"2024-01-10T15:45:05+00:00"
"69c52835-5dad-5fe5-839d-7f9e6406e052",Leverancier,Leverancier,,TKH Security,,,,,,Actief,Gemeenten,Gemeente,b71a4bb9-89ab-41e2-9d25-8f8c6754afc9,"2024-12-03T13:36:10+00:00"
"22e2a7f8-8ba0-5888-a2b7-5242899462c5",Leverancier,Leverancier,,TM7,https://tm7.eu/nl,test.vng.swc+Wim@gmail.com,+31 23 4567890,,,Actief,Gemeenten,Leverancier,"22e2a7f8-8ba0-5888-a2b7-5242899462c5","2014-03-26T10:13:27+00:00"
fa90a3bf-2c10-540a-a090-7ccbdf87d5f5,Leverancier,Leverancier,,TMC,,,,,,Actief,Gemeenten,Gemeente,f6760577-58c8-477d-85b7-06796fdfd82d,"2019-09-19T10:52:12+00:00"
f1612f8b-fe18-5bb5-9189-8c430effef6f,Leverancier,Leverancier,,TNO,,,,,,Actief,Gemeenten,Samenwerking,"35537ae8-70b1-4ea8-ae6a-dd9a31e1b3b8","2017-07-27T11:10:08+00:00"
"679f8f87-2982-51a5-a23a-734b3e5e4639",Leverancier,Leverancier,,TNO Geologische Dienst Nederland,,,,,,Actief,Gemeenten,Gemeente,"1e5f65a2-1b5d-4124-920b-66b1399d35e4","2015-12-21T15:37:45+00:00"
be447ebd-623f-5884-9fa5-f8a3af9e1dae,Leverancier,Leverancier,,TNO-NITG,,,,,,Actief,Gemeenten,Gemeente,"79a9341e-decf-4010-b2d3-f30d82f4e450","2021-11-10T16:01:55+00:00"
fafcf526-7c82-5acf-b068-43c6b391ca07,Leverancier,Leverancier,,Tog Nederland,,,,,,Actief,Gemeenten,Gemeente,"91a2ab0f-25aa-43bd-b4e6-c8ef360fa0f2","2022-08-30T14:34:56+00:00"
da9417d6-211f-52e8-a01a-a308f7616182,Leverancier,Leverancier,,Tolkie,https://tolkie.nl,test.vng.swc+Lau@gmail.com,+31 23 4567890,,,Actief,Gemeenten,Leverancier,da9417d6-211f-52e8-a01a-a308f7616182,"2024-10-15T15:49:35+00:00"
"70b18c16-0a79-50bc-aee6-bc843731bc8e",Leverancier,Leverancier,,Tolkie B.V,,,,,,Actief,Gemeenten,Samenwerking,d6088f73-1be3-46b6-a67d-9045db0842c1,"2025-04-15T16:16:41+00:00"
"3fb1aaa1-bdd7-5978-9454-8c4f2f5321bc",Leverancier,Leverancier,,Tom Tom,,,,,,Actief,Gemeenten,Gemeente,"1f66615f-fa81-44f6-92e3-eadac6b11eca","2017-11-13T08:15:24+00:00"
"04fee724-df70-5d49-b6e2-886a75a50a0f",Leverancier,Leverancier,,Tools (Multisignaal),,,,,,Actief,Gemeenten,Gemeente,"11116e43-889d-4f50-92eb-ce630ebafd9e","2018-08-17T11:23:34+00:00"
"91353370-a2d8-52d8-b081-95116b33798b",Leverancier,Leverancier,,Tools (Scienta),,,,,,Actief,Gemeenten,Gemeente,"11116e43-889d-4f50-92eb-ce630ebafd9e","2018-08-17T07:41:02+00:00"
"0dff3f88-8e0d-54b1-966d-d218d32b55da",Leverancier,Leverancier,,Tools4ever,https://www.tools4ever.nl,test.vng.swc+J@gmail.com,+31 23 4567890,,,Actief,Gemeenten,Leverancier,"0dff3f88-8e0d-54b1-966d-d218d32b55da","2022-11-09T11:08:04+00:00"
"0dff3f88-8e0d-54b1-966d-d218d32b55da",Leverancier,Leverancier,,Tools4ever,https://www.tools4ever.nl,test.vng.swc+J@gmail.com,+31 23 4567890,,,Actief,Gemeenten,Gemeente,ddf0e7af-285a-4853-ad18-dce8f58c7d5f,"2023-12-18T08:56:22+00:00"
a16fee14-93ba-501f-8391-7a38815e26ba,Leverancier,Leverancier,,TopBI,,,,,,Actief,Gemeenten,Gemeente,"1f66615f-fa81-44f6-92e3-eadac6b11eca","2017-11-13T10:35:55+00:00"
df726388-8c6d-5739-be9a-d9a1b2704bc1,Leverancier,Leverancier,,TOPdesk,https://www.topdesk.nl,test.vng.swc+O@gmail.com,+31 23 4567890,,,Actief,Gemeenten,Leverancier,df726388-8c6d-5739-be9a-d9a1b2704bc1,"2015-10-06T16:06:39+00:00"
c4675379-320e-5112-b1c5-38c048bc1038,Leverancier,Leverancier,,Topdesk,,,,,,Actief,Gemeenten,Gemeente,b6a3804a-012d-452e-859d-9955e1bd6bc2,"2023-05-03T13:43:44+00:00"
"6f5e784e-3d2a-5fba-af69-248cccd57aa6",Leverancier,Leverancier,,Topicus,https://www.topicusoverheid.nl,test.vng.swc+Inf@gmail.com,+31 23 4567890,,,Actief,Gemeenten,Leverancier,"6f5e784e-3d2a-5fba-af69-248cccd57aa6","2014-03-26T10:13:27+00:00"
"6f5e784e-3d2a-5fba-af69-248cccd57aa6",Leverancier,Leverancier,,Topicus,https://www.topicusoverheid.nl,test.vng.swc+Inf@gmail.com,+31 23 4567890,,,Actief,Gemeenten,Gemeente,f6760577-58c8-477d-85b7-06796fdfd82d,"2019-09-12T15:15:21+00:00"
"43382c3d-c632-5613-b179-ed7dbbac4442",Leverancier,Leverancier,,TopIT Distributie B.V,,,,,,Actief,Gemeenten,Gemeente,"9de9d53d-8f18-4ecf-a5d6-3b3ca07e312a","2018-02-09T12:08:37+00:00"
"56dd7379-7dd2-5508-a8d1-d795194c4f98",Leverancier,Leverancier,,TopoCAD,,,,,,Actief,Gemeenten,Gemeente,fd4629e7-f5bb-474f-94a2-5bcc1e672089,"2016-04-11T12:02:21+00:00"
aa59d54c-9cd0-5d63-a135-3499f9f1f8fe,Leverancier,Leverancier,,TOPS system,,,,,,Actief,Gemeenten,Gemeente,ee339831-ab89-4d86-8914-85a9cabda275,"2014-07-01T16:30:52+00:00"
"0a8dff2b-40c6-543c-bb48-c2b2e032e0dc",Leverancier,Leverancier,,Toshiba,,,,,,Actief,Gemeenten,Gemeente,"5fd035bf-903a-4f7c-89ba-78c5239ac56a","2024-04-30T13:24:42+00:00"
ca0959c9-1c61-5b3b-b726-0d0931181bd1,Leverancier,Leverancier,,Totta Research NV,,,,,,Actief,Gemeenten,Gemeente,"1fbdf5f9-d227-443f-a455-b4893d6f96db","2016-07-27T14:17:27+00:00"
"2f38169a-712e-599b-9179-00e244feafc9",Leverancier,Leverancier,,Trace,,,,,,Actief,Gemeenten,Gemeente,afef434c-6ba1-4f92-9cd9-4a59374a7669,"2017-02-15T17:02:03+00:00"
bc207e97-447c-57e8-ba12-1e70e09e8386,Leverancier,Leverancier,,Tracker Software,,,,,,Actief,Gemeenten,Gemeente,c506903c-cb46-4b91-a5a7-880578af3701,"2025-07-10T13:41:35+00:00"
"7bc4dd19-d81b-5286-b5f7-4ab354f97197",Leverancier,Leverancier,,Trafficon / PTRM,,,,,,Actief,Gemeenten,Gemeente,d492c8e6-bc8d-453f-9ab7-a4c6690cbe62,"2014-07-23T13:53:01+00:00"
"0bd21e3d-3b16-518d-b61a-31d01e2d54cb",Leverancier,Leverancier,,Trafficon.nl,,,,,,Actief,Gemeenten,Gemeente,a75aa25a-b2a1-4fb1-9c18-5fbc0109152c,"2014-07-01T16:30:52+00:00"
"0caba116-a518-5910-b64c-7312a92c7d64",Leverancier,Leverancier,,Trafic control,,,,,,Actief,Gemeenten,Gemeente,"8adeb567-defe-4dd0-8887-f1c01889308c","2015-09-15T14:18:46+00:00"
"90e3ceb0-0bac-50d5-a086-be1f477a623b",Leverancier,Leverancier,,Traficon,,,,,,Actief,Gemeenten,Gemeente,"3b9bb816-ade8-44ba-98a1-611e05ebb84b","2016-07-18T21:05:46+00:00"
"649dca5f-ff88-5203-b79b-fcd0d3f0b171",Leverancier,Leverancier,,Trafit,,,,,,Actief,Gemeenten,Gemeente,f6760577-58c8-477d-85b7-06796fdfd82d,"2019-11-11T12:32:40+00:00"
"4f3d2df0-284b-56bc-8940-76b38fde5355",Leverancier,Leverancier,,Traka,,,,,,Actief,Gemeenten,Gemeente,"1f66615f-fa81-44f6-92e3-eadac6b11eca","2017-11-13T08:20:49+00:00"
"279fccb3-fb7e-58de-8901-14903456ce0a",Leverancier,Leverancier,,Transfer Solutions,https://www.transfer-solutions.com,test.vng.swc+Ale@gmail.com,,,,Actief,Gemeenten,Leverancier,"279fccb3-fb7e-58de-8901-14903456ce0a","2014-03-26T10:13:27+00:00"
"279fccb3-fb7e-58de-8901-14903456ce0a",Leverancier,Leverancier,,Transfer Solutions,https://www.transfer-solutions.com,test.vng.swc+Ale@gmail.com,,,,Actief,Gemeenten,Gemeente,"1f41e9e0-ac4d-471d-850a-9c083103667d","2014-08-27T15:41:33+00:00"
"89a7a550-c065-5b83-9f4f-c93b3bcdb5e9",Leverancier,Leverancier,,Transoft,,,,,,Actief,Gemeenten,Gemeente,"1f66615f-fa81-44f6-92e3-eadac6b11eca","2017-11-09T14:49:50+00:00"
"7386b889-ecb4-526a-a445-7d49b7019d81",Leverancier,Leverancier,,Transoft Solutions,,,,,,Actief,Gemeenten,Gemeente,c506903c-cb46-4b91-a5a7-880578af3701,"2025-07-11T10:30:44+00:00"
"25458feb-ccfd-5909-90bc-ef324362a6c0",Leverancier,Leverancier,,TransQuest,,,,,,Actief,Gemeenten,Gemeente,c0738e2f-42cc-4e95-a43e-b79c84f70e86,"2016-06-22T09:52:38+00:00"
"4a3bfa06-d9d9-55b9-9069-9cbd951ebf05",Leverancier,Leverancier,,Transscope,,,,,,Actief,Gemeenten,Gemeente,"79a9341e-decf-4010-b2d3-f30d82f4e450","2021-11-10T16:21:06+00:00"
c278aa3b-6578-596d-bad4-e993cf50230e,Leverancier,Leverancier,,Trasec BV,,,,,,Actief,Gemeenten,Gemeente,e7b34d5f-6917-4aef-8753-bfcb3d07660b,"2019-01-01T18:44:42+00:00"
c55380a2-08da-5d26-a6c8-176f617a3a8e,Leverancier,Leverancier,,Trasec Tracking Systems,,,,,,Actief,Gemeenten,Gemeente,db7fdd84-bdfd-41d6-8641-0f1e2a954c25,"2017-07-04T15:57:27+00:00"
e1e6b899-5f65-5374-84b6-56bc1388f6a4,Leverancier,Leverancier,,Tree-o-logic,,,,,,Actief,Gemeenten,Gemeente,b0eea343-8d48-4144-a80d-2022d60c097f,"2019-07-16T11:07:02+00:00"
"529d4b68-9189-5b5e-94c0-21dc451c9ac7",Leverancier,Leverancier,,Trello,,,,,,Actief,Gemeenten,Samenwerking,"531dc053-40ae-4180-94a4-0af14eea374b","2019-12-24T12:50:09+00:00"
e3315655-ff4d-5921-bda8-cbc32f309358,Leverancier,Leverancier,,Trend Micro Inc.,,,,,,Actief,Gemeenten,Gemeente,fea3c97a-7d59-47a0-86b0-4f842980a8c3,"2019-04-16T13:53:50+00:00"
"716f3fa8-e1e5-5264-a7e7-7e2b4291372c",Leverancier,Leverancier,,Trends,,,,,,Actief,Gemeenten,Samenwerking,a72de2d1-9a5a-462f-92e4-a79986d89109,"2016-03-30T13:36:57+00:00"
e112b78c-4468-5ee1-bd37-11f5cb4e5448,Leverancier,Leverancier,,Trenso,,,,,,Actief,Gemeenten,Gemeente,"2af271e0-a05b-460d-88c9-24c06b6eabe5","2024-11-28T14:08:51+00:00"
"1c376d8a-6902-5b0d-be95-e2b890a49cbf",Leverancier,Leverancier,,Trias,,,,,,Actief,Gemeenten,Gemeente,b0eea343-8d48-4144-a80d-2022d60c097f,"2022-09-21T13:57:04+00:00"
"238460a5-f823-5861-a20d-5d881b38cf63",Leverancier,Leverancier,,Tribuut,,,,,,Actief,Gemeenten,Gemeente,"4f0860d5-d31c-4a4d-9ec2-541bfe72860f","2024-05-17T14:49:43+00:00"
"6f3baa77-c73c-52fe-9793-e194b572cf4f",Leverancier,Leverancier,,Trigion,,,,,,Actief,Gemeenten,Gemeente,"11116e43-889d-4f50-92eb-ce630ebafd9e","2020-12-24T11:42:59+00:00"
"31b979c0-e260-5cd9-9dbc-9102c5a94794",Leverancier,Leverancier,,Trimble,,,,,,Actief,Gemeenten,Gemeente,c506903c-cb46-4b91-a5a7-880578af3701,"2025-07-10T13:49:00+00:00"
df1eadef-25a2-5141-b41d-0e99f12d7292,Leverancier,Leverancier,,Trinfinity,,,,,,Actief,Gemeenten,Gemeente,f2fb4e64-9967-47e5-a5b8-8bab3b71a800,"2016-08-17T09:54:05+00:00"
"2df8d9ef-ca28-523f-b19f-69557258fb06",Leverancier,Leverancier,,Tringo,,,,,,Actief,Gemeenten,Gemeente,b0eea343-8d48-4144-a80d-2022d60c097f,"2015-04-15T10:21:28+00:00"
"0138400b-d166-563b-8e5f-55efdf035c97",Leverancier,Leverancier,,Triple Eye,,,,,,Actief,Gemeenten,Gemeente,"91a2ab0f-25aa-43bd-b4e6-c8ef360fa0f2","2022-02-11T11:47:13+00:00"
"22e380cf-5795-5ddf-a5e7-b26b98742753",Leverancier,Leverancier,,Tripolis,,,,,,Actief,Gemeenten,Gemeente,"1f41e9e0-ac4d-471d-850a-9c083103667d","2014-08-27T15:29:07+00:00"
b73455d9-ebe4-56e9-ba3e-ba3a5baa7323,Leverancier,Leverancier,,Tripple P Nederland B.V.,,,,,,Actief,Gemeenten,Gemeente,db3b997f-5a48-4133-bd9d-5695acf2a521,"2023-06-14T16:49:01+00:00"
"08fc9098-d052-52ab-ba5e-ec3115e4d602",Leverancier,Leverancier,,Triptic,,,,,,Actief,Gemeenten,Gemeente,"7738e2c7-d435-4884-9827-d62583ba48a7","2019-05-10T13:26:04+00:00"
"91b2e923-1ed8-5429-9fc4-0582de54d2b9",Leverancier,Leverancier,,triptic - Iris Intranet,https://www.irisintranet.com,test.vng.swc+R@gmail.com,+31 23 4567890,,,Actief,Gemeenten,Leverancier,"91b2e923-1ed8-5429-9fc4-0582de54d2b9","2020-05-13T09:01:36+00:00"
"7f1a6522-2c5e-5a9a-96d7-0494cf6f3539",Leverancier,Leverancier,,Trix Systems,,,,,,Actief,Gemeenten,Gemeente,"11116e43-889d-4f50-92eb-ce630ebafd9e","2025-07-07T09:18:10+00:00"
b1ddf064-6ebd-5c68-b2a2-2a48bcf54640,Leverancier,Leverancier,,Trobit,,,,,,Actief,Gemeenten,Gemeente,"751d7216-3be5-4ab2-9d95-40bdbc4444ec","2024-07-16T11:27:43+00:00"
"80190f74-4da2-5fa9-92ae-cbe128bea0a4",Leverancier,Leverancier,,Trouv�,,,,,,Actief,Gemeenten,Samenwerking,"1d299c60-cae1-4550-a7f9-dc8d79cab5c6","2023-12-13T08:16:58+00:00"
"412d2f3c-230c-5c5a-9bb0-594c9d33f917",Leverancier,Leverancier,,Trsprnt,,,,,,Actief,Gemeenten,Gemeente,"91a2ab0f-25aa-43bd-b4e6-c8ef360fa0f2","2024-11-08T08:32:55+00:00"
"6cb3c2fb-9593-537f-9745-61ec7f422a5a",Leverancier,Leverancier,,TrueLime,https://www.truelime.nl,test.vng.swc+Chr@gmail.com,+31 23 4567890,,,Actief,Gemeenten,Leverancier,"6cb3c2fb-9593-537f-9745-61ec7f422a5a","2015-07-24T09:12:27+00:00"
"6cb3c2fb-9593-537f-9745-61ec7f422a5a",Leverancier,Leverancier,,TrueLime,https://www.truelime.nl,test.vng.swc+Chr@gmail.com,+31 23 4567890,,,Actief,Gemeenten,Gemeente,"88d860d6-83ee-4e26-bf9b-225e549ba461","2023-04-04T12:02:12+00:00"
"733c2cfd-40c3-55bb-8512-ce045ea2788c",Leverancier,Leverancier,,TrustBound (Thirdwave PCS),https://www.trustbound.com,test.vng.swc+Arj@gmail.com,+31 23 4567890,,,Actief,Gemeenten,Leverancier,"733c2cfd-40c3-55bb-8512-ce045ea2788c","2021-07-08T10:19:47+00:00"
ef8570bc-4433-5d37-9d16-9ee9f8bead5f,Leverancier,Leverancier,,TSA Verkiezingen,https://www.tsaverkiezingen.nl,test.vng.swc+Ver@gmail.com,+31 23 4567890,,,Actief,Gemeenten,Leverancier,ef8570bc-4433-5d37-9d16-9ee9f8bead5f,"2020-04-01T09:45:40+00:00"
ef8570bc-4433-5d37-9d16-9ee9f8bead5f,Leverancier,Leverancier,,TSA Verkiezingen,https://www.tsaverkiezingen.nl,test.vng.swc+Ver@gmail.com,+31 23 4567890,,,Actief,Gemeenten,Gemeente,ee339831-ab89-4d86-8914-85a9cabda275,"2019-09-30T10:02:31+00:00"
"9fbe973f-9780-5d14-a800-c1ae256a2daa",Leverancier,Leverancier,,TSD Automatiseringen,,,,,,Actief,Gemeenten,Gemeente,"594c14ea-d309-4e9d-aadc-4bdac7d2584d","2015-09-24T08:27:47+00:00"
"680c39d8-b47c-5e60-a578-c0476bd643ba",Leverancier,Leverancier,,TSS Cross Media Group,,,,,,Actief,Gemeenten,Gemeente,"22633027-4e8d-40c6-ae79-e15405728f19","2017-02-08T10:43:41+00:00"
"18e411dc-39a1-5fc7-843c-4dd5716eda7d",Leverancier,Leverancier,,TSV,,,,,,Actief,Gemeenten,Gemeente,"38b6a38e-991a-4940-b499-e362b38d2feb","2020-08-31T15:59:00+00:00"
c7ac5aa9-9721-5951-b3e9-63a5073e4167,Leverancier,Leverancier,,Tungsten Automation,,,,,,Actief,Gemeenten,Gemeente,ee2cfcb1-a184-4e5c-85f0-8fc3ad859ddc,"2025-08-12T15:28:39+00:00"
f14bcf9b-919f-5824-92e8-ad5859dc8aa1,Leverancier,Leverancier,,Twelve,,,,,,Actief,Gemeenten,Samenwerking,"531dc053-40ae-4180-94a4-0af14eea374b","2019-12-24T12:44:04+00:00"
"5392c950-bdde-5be7-a5f5-b8fdc6a1ca5f",Leverancier,Leverancier,,Twitter,,,,,,Actief,Gemeenten,Gemeente,db7fdd84-bdfd-41d6-8641-0f1e2a954c25,"2020-11-10T10:49:55+00:00"
f6f7fa54-e1a6-5cc2-8d7b-746d818306f6,Leverancier,Leverancier,,Twitter Inc.,,,,,,Actief,Gemeenten,Gemeente,ddf0e7af-285a-4853-ad18-dce8f58c7d5f,"2018-11-16T10:52:44+00:00"
b51c523f-4fb4-5efd-91a9-55af8c66fd36,Leverancier,Leverancier,,Twyns B.V.,,,,,,Actief,Gemeenten,Gemeente,"3fa41daf-5e2d-4da2-a5a8-af0ed195ec13","2023-03-09T14:26:49+00:00"
"60feef90-2b02-50a2-9753-69c2e61ff33f",Leverancier,Leverancier,,"Twyns, Digitaal toezicht en handhaving",https://www.twyns.com,test.vng.swc+Wim@gmail.com,+31 23 4567890,,,Actief,Gemeenten,Leverancier,"60feef90-2b02-50a2-9753-69c2e61ff33f","2021-06-09T13:20:05+00:00"
df478c52-02cc-56f0-8c65-cfabb490c974,Leverancier,Leverancier,,Tygron,https://www.tygron.com/nl,test.vng.swc+Hed@gmail.com,+31 23 4567890,,,Actief,Gemeenten,Leverancier,df478c52-02cc-56f0-8c65-cfabb490c974,"2025-09-29T11:33:03+00:00"
"5ebc669c-08ed-5391-918b-136d3947860e",Leverancier,Leverancier,,Typo3 Association,,,,,,Actief,Gemeenten,Gemeente,"901879ec-f8fc-4fdf-a979-d3120dc882d0","2015-04-16T14:13:44+00:00"
b3363804-fc0f-53e9-93d2-b44a4cd8e0b0,Leverancier,Leverancier,,Tyre to Travel,,,,,,Actief,Gemeenten,Gemeente,"1f66615f-fa81-44f6-92e3-eadac6b11eca","2017-11-13T12:43:28+00:00"
"63cec891-c92e-5d0c-8b52-92dbf76c27ad",Leverancier,Leverancier,,Ubeeo,,,,,,Actief,Gemeenten,Gemeente,ddf0e7af-285a-4853-ad18-dce8f58c7d5f,"2022-09-05T11:26:31+00:00"
c3490f7b-af60-572e-9323-5d0a8d9ada01,Leverancier,Leverancier,,Ubeeo Recruitment Software,,,,,,Actief,Gemeenten,Gemeente,b71a4bb9-89ab-41e2-9d25-8f8c6754afc9,"2024-05-14T14:47:32+00:00"
d00e6d00-7863-5b1a-908a-bb128037766e,Leverancier,Leverancier,,UBM,,,,,,Actief,Gemeenten,Gemeente,"93921d69-ac8e-4c11-b3a2-51efb704d969","2018-01-15T09:19:23+00:00"
a81dbe99-0cdd-5ec1-aed2-ea4bb34c0240,Leverancier,Leverancier,,UCare4,,,,,,Actief,Gemeenten,Gemeente,db3b997f-5a48-4133-bd9d-5695acf2a521,"2023-06-14T16:55:27+00:00"
deba2a99-50e7-5675-984b-6e163984e562,Leverancier,Leverancier,,UiPath,,,,,,Actief,Gemeenten,Gemeente,"905dbf9e-94a6-4ddd-9778-77e69f3900f1","2023-12-13T14:04:24+00:00"
"5be64772-c97f-5d88-bfe4-3d0c0d444990",Leverancier,Leverancier,,UITBESTEED,,,,,,Actief,Gemeenten,Gemeente,b71a4bb9-89ab-41e2-9d25-8f8c6754afc9,"2015-06-17T09:24:19+00:00"
ec5f02df-3d4d-50ec-99a1-b38ed4b2528e,Leverancier,Leverancier,,Uitbesteed aan WMO support,,,,,,Actief,Gemeenten,Gemeente,e604cac6-2ba6-4c23-9197-85a4df340e6c,"2016-07-08T13:05:48+00:00"
ee0a7010-c507-54c6-8901-6bb6ea3702c1,Leverancier,Leverancier,,Uitvoeringsorganisatie Bedrijfsvoering Rijk,,,,,,Actief,Gemeenten,Gemeente,"5cb338f0-2fd5-4da2-8d33-54b2065a663a","2015-08-07T11:25:41+00:00"
b75ed73f-7bd7-531d-a9ab-7f130f00168e,Leverancier,Leverancier,,Ultimo,,,,,,Actief,Gemeenten,Gemeente,"85b4ae27-bba1-4239-b041-b17ae7bf6641","2016-12-06T10:52:37+00:00"
"40a5307c-5b7b-51cb-ae3f-e71429280aad",Leverancier,Leverancier,,"Ultimus, The One",,,,,,Actief,Gemeenten,Gemeente,"1f41e9e0-ac4d-471d-850a-9c083103667d","2014-08-27T14:26:02+00:00"
e37b9396-7ab0-5372-8e57-500501356e04,Leverancier,Leverancier,,Ultraedit,,,,,,Actief,Gemeenten,Gemeente,"53873206-6267-4cc5-b24a-726e0e013ac3","2016-11-08T11:18:37+00:00"
"51c41ad2-bbe9-5ab7-b0fc-a6e95e00f5f4",Leverancier,Leverancier,,ULU B.V.,,,,,,Actief,Gemeenten,Gemeente,b71a4bb9-89ab-41e2-9d25-8f8c6754afc9,"2024-12-03T13:38:35+00:00"
"5d226d1a-0a73-5950-83da-20368e0a02b3",Leverancier,Leverancier,,Umbraco,,,,,,Actief,Gemeenten,Samenwerking,"86aa66a7-4802-4d73-95d7-0d4e7ca98255","2019-02-20T12:12:44+00:00"
"483fed9c-10fc-509d-a29f-088eb2a99bda",Leverancier,Leverancier,,Umbrella,,,,,,Actief,Gemeenten,Gemeente,d492c8e6-bc8d-453f-9ab7-a4c6690cbe62,"2016-05-31T08:23:58+00:00"
"644aadff-e68b-51a8-a158-989ff56d18b4",Leverancier,Leverancier,,Unexus,,,,,,Actief,Gemeenten,Gemeente,b6a3804a-012d-452e-859d-9955e1bd6bc2,"2022-07-19T15:02:48+00:00"
"0ed83979-2f5b-5b22-ad32-72634f182809",Leverancier,Leverancier,,Unica,,,,,,Actief,Gemeenten,Gemeente,f6760577-58c8-477d-85b7-06796fdfd82d,"2019-11-11T10:04:43+00:00"
"1cb5c9a8-1dfb-5db9-871a-26d9d55bc586",Leverancier,Leverancier,,Unify,,,,,,Actief,Gemeenten,Gemeente,"39a6abee-c408-422c-b3e2-71ed1fd94f90","2017-08-17T08:52:25+00:00"
"23a9476d-054b-5561-9e8b-aa0fb80662e7",Leverancier,Leverancier,,Unisys,https://www.unisys.com/unisys/countrysite/index.jsp?cid=100002,test.vng.swc+Pat@gmail.com,,,,Actief,Gemeenten,Leverancier,"23a9476d-054b-5561-9e8b-aa0fb80662e7","2014-03-26T10:13:27+00:00"
"23a9476d-054b-5561-9e8b-aa0fb80662e7",Leverancier,Leverancier,,Unisys,https://www.unisys.com/unisys/countrysite/index.jsp?cid=100002,test.vng.swc+Pat@gmail.com,,,,Actief,Gemeenten,Gemeente,d9d26b84-5245-42a3-b84e-97b4de8f0f03,"2015-06-10T09:22:34+00:00"
d82bb62b-9798-584c-ae37-5d8b0053cff4,Leverancier,Leverancier,,UNIT4,https://www.unit4.com/nl,test.vng.swc+Wil@gmail.com,+31 23 4567890,,,Actief,Gemeenten,Leverancier,d82bb62b-9798-584c-ae37-5d8b0053cff4,"2014-03-26T10:13:27+00:00"
d82bb62b-9798-584c-ae37-5d8b0053cff4,Leverancier,Leverancier,,UNIT4,https://www.unit4.com/nl,test.vng.swc+Wil@gmail.com,+31 23 4567890,,,Actief,Gemeenten,Gemeente,db3b997f-5a48-4133-bd9d-5695acf2a521,"2023-06-14T17:02:07+00:00"
"744105a8-29a5-58ab-9877-8635f2b57527",Leverancier,Leverancier,,Unit4 Consist,,,,,,Actief,Gemeenten,Samenwerking,f85a6bf9-4478-481b-a1b6-d7a5ea1fa647,"2018-08-21T14:28:20+00:00"
"38652628-acf1-584b-92ca-d2bea1a82015",Leverancier,Leverancier,,University of Oxford,,,,,,Actief,Gemeenten,Gemeente,"1f66615f-fa81-44f6-92e3-eadac6b11eca","2017-11-09T14:39:07+00:00"
"8b089e54-d4b2-5011-a0ef-ed2338cd7806",Leverancier,Leverancier,,Uptrends B.V.,,,,,,Actief,Gemeenten,Gemeente,b0eea343-8d48-4144-a80d-2022d60c097f,"2015-04-15T09:03:20+00:00"
bdfd4d8d-6952-577c-b940-3b2d2e2f8a2a,Leverancier,Leverancier,,UTC,,,,,,Actief,Gemeenten,Gemeente,d492c8e6-bc8d-453f-9ab7-a4c6690cbe62,"2016-01-28T11:40:17+00:00"
ccb719ed-2168-5281-be70-b86ad398116f,Leverancier,Leverancier,,UTC Fire&Security,,,,,,Actief,Gemeenten,Gemeente,e9bf3b82-2033-44cb-8b49-884dc4d25540,"2014-11-06T15:24:34+00:00"
f319a70e-998c-58bf-9aca-9919423e06e9,Leverancier,Leverancier,,UWV,,,,,,Actief,Gemeenten,Gemeente,db3b997f-5a48-4133-bd9d-5695acf2a521,"2023-06-14T17:03:05+00:00"
"97aeae6b-42bb-5853-a810-1e6d5828ff38",Leverancier,Leverancier,,Vab Beek Ingenieurs bv,,,,,,Actief,Gemeenten,Gemeente,d6088f73-1be3-46b6-a67d-9045db0842c1,"2016-03-07T10:36:47+00:00"
b982f98e-1241-57ac-b4cd-a130acaf4f5c,Leverancier,Leverancier,,VacatureBank,,,,,,Actief,Gemeenten,Gemeente,c46223c8-bdca-44e2-b0c0-d6e266257ea9,"2023-06-26T20:59:37+00:00"
"8707eb4e-7f2a-5cff-9861-231c965b9cf1",Leverancier,Leverancier,,Vakmedianet groep,,,,,,Actief,Gemeenten,Gemeente,f6760577-58c8-477d-85b7-06796fdfd82d,"2019-11-04T15:34:54+00:00"
"52c14c5b-6b15-56a2-997f-ff15bd6b4df6",Leverancier,Leverancier,,ValidSign,https://www.validsign.nl,test.vng.swc+Joh@gmail.com,+31 23 4567890,,,Actief,Gemeenten,Leverancier,"52c14c5b-6b15-56a2-997f-ff15bd6b4df6","2018-07-12T19:01:23+00:00"
"52c14c5b-6b15-56a2-997f-ff15bd6b4df6",Leverancier,Leverancier,,ValidSign,https://www.validsign.nl,test.vng.swc+Joh@gmail.com,+31 23 4567890,,,Actief,Gemeenten,Gemeente,"3fa41daf-5e2d-4da2-a5a8-af0ed195ec13","2023-03-20T14:58:18+00:00"
"83ac2d38-e206-5bc1-b526-da9fda631eda",Leverancier,Leverancier,,Valk Training & Automatisering B.V.,,,,,,Actief,Gemeenten,Gemeente,f2fb4e64-9967-47e5-a5b8-8bab3b71a800,"2019-03-27T12:07:26+00:00"
"26c9aec4-91f8-5ff7-b193-267fb6e3aced",Leverancier,Leverancier,,Valo,,,,,,Actief,Gemeenten,Gemeente,"30ce6d55-75a0-4caa-a5cd-5c20281e6809","2019-05-14T09:33:51+00:00"
cdc5da21-cdcf-531b-9d9f-ceab5fef3f98,Leverancier,Leverancier,,ValueBlue,,,,,,Actief,Gemeenten,Gemeente,"3f8a0f92-979c-4cae-9ddf-7147a036d60b","2024-08-19T14:32:36+00:00"
bf06446f-33c1-5f91-9110-5faf265d4397,Leverancier,Leverancier,,Valueresult,https://www.valueresult.nl,test.vng.swc+C@gmail.com,+31 23 4567890,,,Actief,Gemeenten,Leverancier,bf06446f-33c1-5f91-9110-5faf265d4397,"2015-12-21T13:17:14+00:00"
"9314f0bf-7a8b-58bb-b6d5-b03c88d6b5e0",Leverancier,Leverancier,,Van Beek Ingenieurs,,,,,,Actief,Gemeenten,Gemeente,"4b737290-78e1-49a5-9312-721083009c8b","2020-02-21T10:34:55+00:00"
"6229c345-da78-5da9-87bf-1ffa94a44b0a",Leverancier,Leverancier,,Van Dale,,,,,,Actief,Gemeenten,Gemeente,"97a3b6fb-90f7-45cf-ae37-003febf346ef","2020-03-11T14:23:05+00:00"
d5d1c2fe-5b84-53ff-b0a7-572a39762158,Leverancier,Leverancier,,Van der Laan Software BV,,,,,,Actief,Gemeenten,Gemeente,db3b997f-5a48-4133-bd9d-5695acf2a521,"2023-06-14T17:06:15+00:00"
"3ac26ecf-e42a-5ade-8aac-f04f2526d90e",Leverancier,Leverancier,,Van der Linden Pomptechniek,,,,,,Actief,Gemeenten,Samenwerking,"531dc053-40ae-4180-94a4-0af14eea374b","2019-12-24T15:27:43+00:00"
b1974687-3a95-5c4d-b6e0-c8f81c24dc0d,Leverancier,Leverancier,,Van Dorp,,,,,,Actief,Gemeenten,Gemeente,"1e5f65a2-1b5d-4124-920b-66b1399d35e4","2023-09-03T12:59:35+00:00"
"0040d877-b653-5371-a044-ac60426ae798",Leverancier,Leverancier,,Van Essen Instruments,,,,,,Actief,Gemeenten,Gemeente,af185a56-58cd-4a45-88b0-9e7d34f398d8,"2024-05-03T11:24:44+00:00"
"2c94a19e-f0c7-55e9-9d0b-46b679cb4a2a",Leverancier,Leverancier,,Van Wijngaarden,,,,,,Actief,Gemeenten,Gemeente,"97a3b6fb-90f7-45cf-ae37-003febf346ef","2015-02-25T16:01:49+00:00"
"24849c04-ca8f-5ebd-940a-07b40a0e6e77",Leverancier,Leverancier,,Vanad en Imtech,,,,,,Actief,Gemeenten,Gemeente,b70f1957-81dd-42da-b299-c5fd25c188d4,"2014-07-01T16:30:52+00:00"
"876244cd-921b-5da3-9f86-53162d35eb72",Leverancier,Leverancier,,VANAD Enovation,,,,,,Actief,Gemeenten,Samenwerking,"0830b6df-4965-4306-97f4-5d0e15b165a0","2018-11-26T11:04:28+00:00"
a40efccf-ce32-5fa1-a530-0b2cdc612c6d,Leverancier,Leverancier,,VanDyke Software,,,,,,Actief,Gemeenten,Gemeente,"11116e43-889d-4f50-92eb-ce630ebafd9e","2025-07-10T13:12:33+00:00"
b83d2250-3e0b-5ced-b7a4-5446aa9fceea,Leverancier,Leverancier,,Vasco,,,,,,Actief,Gemeenten,Gemeente,e5cb9f1e-3c9f-4a61-b903-651d139a1d43,"2016-08-09T13:44:30+00:00"
"0a625966-31ef-5088-a450-1b1a736ba0d6",Leverancier,Leverancier,,Vasco Data Security,,,,,,Actief,Gemeenten,Samenwerking,"531dc053-40ae-4180-94a4-0af14eea374b","2019-12-24T14:50:02+00:00"
c88b0746-c223-5814-b189-ab845ab5c129,Leverancier,Leverancier,,Vbsedit,,,,,,Actief,Gemeenten,Gemeente,db7fdd84-bdfd-41d6-8641-0f1e2a954c25,"2017-07-03T16:00:48+00:00"
f3d7924b-1979-50cb-a93d-148306c0039e,Leverancier,Leverancier,,VCD,,,,,,Actief,Gemeenten,Gemeente,"4bfb4c05-0c9d-4138-b0d2-90a09374caf4","2017-03-19T17:42:09+00:00"
"715ec5b3-564d-50f9-89fa-11c0f75a1b88",Leverancier,Leverancier,,VConsyst,,,,,,Actief,Gemeenten,Gemeente,c04aad5f-8f0a-4ae0-b2d6-156c20845f8c,"2024-11-15T10:17:17+00:00"
"8cfabaf5-055a-52b1-8cde-eb063aff0725",Leverancier,Leverancier,,VCS Observation,,,,,,Actief,Gemeenten,Gemeente,e7b34d5f-6917-4aef-8753-bfcb3d07660b,"2019-01-01T18:46:31+00:00"
e7428aa6-ced2-5ad9-9d9e-5cc7e691549e,Leverancier,Leverancier,,VDC IT-groep,,,,,,Actief,Gemeenten,Gemeente,"1880c34d-da3f-4e29-8a36-49f96e2e0392","2016-11-16T11:22:36+00:00"
"780badd6-ceec-5432-9673-1eb348d5af06",Leverancier,Leverancier,,VDMi,https://vdmi.nl,test.vng.swc+Wie@gmail.com,+31 23 4567890,,,Actief,Gemeenten,Leverancier,"780badd6-ceec-5432-9673-1eb348d5af06","2024-11-25T09:19:09+00:00"
e7629daa-86b3-57af-968f-d90c83d176af,Leverancier,Leverancier,,VDSS stopt gijzelsoftware/ransomware,https://www.vdss.nl,test.vng.swc+A@gmail.com,+31 23 4567890,,,Actief,Gemeenten,Leverancier,e7629daa-86b3-57af-968f-d90c83d176af,"2018-10-01T17:13:09+00:00"
d5516925-44f4-5ddf-9297-1fc5648f1947,Leverancier,Leverancier,,Vecos,,,,,,Actief,Gemeenten,Gemeente,"751d7216-3be5-4ab2-9d95-40bdbc4444ec","2024-05-23T13:37:47+00:00"
"7c6461b7-7915-57f7-87d4-9516626b5286",Leverancier,Leverancier,,Vectron,,,,,,Actief,Gemeenten,Gemeente,"11aaf77f-01d1-472b-a0c4-5e63ba1673eb","2017-10-25T16:28:34+00:00"
ae65afa7-0ab3-5897-bce2-45791c70599b,Leverancier,Leverancier,,Veeam,,,,,,Actief,Gemeenten,Gemeente,"11116e43-889d-4f50-92eb-ce630ebafd9e","2025-08-11T15:21:07+00:00"
e74db3e5-c028-5661-915b-3e20d759d456,Leverancier,Leverancier,,Veenman,,,,,,Actief,Gemeenten,Samenwerking,"769b4359-b891-4198-b924-86e1bb7f6cdd","2020-06-11T15:57:30+00:00"
e29b94be-8a61-572b-a9c0-217f6813cd29,Leverancier,Leverancier,,Veiligheidsregio,,,,,,Actief,Gemeenten,Gemeente,cd3ad582-40da-4de1-a230-fcfd33fef75e,"2019-06-18T11:21:13+00:00"
de2de5cb-3cfb-5968-9e2b-6a1a994f526f,Leverancier,Leverancier,,Veiligheidsregio Noord Oost Gelderland,,,,,,Actief,Gemeenten,Gemeente,cdf95eee-39af-4847-a06f-5b46768d1887,"2022-05-06T11:02:44+00:00"
"59f574d0-088c-5127-858e-570b766c2ff5",Leverancier,Leverancier,,Vektis,,,,,,Actief,Gemeenten,Gemeente,ddf0e7af-285a-4853-ad18-dce8f58c7d5f,"2021-04-08T16:10:53+00:00"
c4db53fd-db21-5917-ae18-73818b145966,Leverancier,Leverancier,,Velotin,,,,,,Actief,Gemeenten,Gemeente,"79a9341e-decf-4010-b2d3-f30d82f4e450","2021-06-29T15:09:19+00:00"
"201d45d2-1dd8-5bf2-9a7e-2fad838a9442",Leverancier,Leverancier,,VendorLink,,,,,,Actief,Gemeenten,Gemeente,ddf0e7af-285a-4853-ad18-dce8f58c7d5f,"2017-02-16T10:08:25+00:00"
"236cb622-f9d2-5e31-ad03-d54fb036b68a",Leverancier,Leverancier,,Verder Outsoucring,https://www.verdergroep.nl,test.vng.swc+Jve@gmail.com,+31 23 4567890,,,Actief,Gemeenten,Leverancier,"236cb622-f9d2-5e31-ad03-d54fb036b68a","2014-06-11T17:45:22+00:00"
f81594a8-129a-573e-8e1e-db24116ae2f9,Leverancier,Leverancier,,Vereniging EigenKrachtWijzer,,,,,,Actief,Gemeenten,Gemeente,"8adeb567-defe-4dd0-8887-f1c01889308c","2017-07-18T13:52:02+00:00"
ab16562a-25f8-5da6-9dae-4cc7ec4f5fe7,Leverancier,Leverancier,,Vereniging van Nederlandse Gemeenten (VNG),,,,,,Actief,Gemeenten,Gemeente,bc343b52-289d-4f5e-b420-f0d0b2abdcbe,"2022-04-25T15:02:39+00:00"
"59c30975-5c44-5bdf-921a-53f39b76d1a9",Leverancier,Leverancier,,Verex,,,,,,Actief,Gemeenten,Gemeente,db3b997f-5a48-4133-bd9d-5695acf2a521,"2023-06-14T17:11:56+00:00"
d9ba9f43-c39e-519f-847c-9b1d09e1ba37,Leverancier,Leverancier,,Veritas,,,,,,Actief,Gemeenten,Gemeente,"563593bf-81ce-4877-aa87-759b12d821b3","2022-08-11T17:14:06+00:00"
ca48203c-3a58-514d-b0af-2a64d7e1bb23,Leverancier,Leverancier,,Verseon,,,,,,Actief,Gemeenten,Gemeente,"364991e9-f0d6-4aaf-85ec-9cf96e7943b2","2018-08-10T11:33:00+00:00"
d4b57626-2cbf-5747-ab99-5a5c971f0954,Leverancier,Leverancier,,Verzekeringmaatschappij,,,,,,Actief,Gemeenten,Gemeente,e4c6918c-6930-4fec-b814-be0164f26816,"2014-08-01T11:28:50+00:00"
"3ae6d510-edb0-5fab-a883-f3771bff7dab",Leverancier,Leverancier,,VGI,,,,,,Actief,Gemeenten,Gemeente,"9f6da3f9-8d9c-4ddb-9185-85d8bbaab091","2017-08-14T18:03:41+00:00"
a98fef10-03c2-5371-8336-90ea07e08904,Leverancier,Leverancier,,VGI Support,,,,,,Actief,Gemeenten,Gemeente,"3f8a0f92-979c-4cae-9ddf-7147a036d60b","2023-06-05T15:19:16+00:00"
"7a9ea1fc-6f78-5a06-bc7a-2a6712bba836",Leverancier,Leverancier,,VHIC,,,,,,Actief,Gemeenten,Gemeente,"751d7216-3be5-4ab2-9d95-40bdbc4444ec","2024-07-16T10:37:09+00:00"
"3d1500f7-aac9-5482-9a9d-d3d88e3ac9d8",Leverancier,Leverancier,,VIA Consultancy,,,,,,Actief,Gemeenten,Samenwerking,"9aa7afc7-39a5-41f1-a104-91429c495592","2017-11-03T11:54:26+00:00"
b223e097-9dcd-5d35-9bd6-824311b09a9d,Leverancier,Leverancier,,Via Traffic Controlling GMBH,,,,,,Actief,Gemeenten,Gemeente,af185a56-58cd-4a45-88b0-9e7d34f398d8,"2024-02-13T14:57:05+00:00"
"568e8f6e-42c7-527c-9b02-39e839a2fcec",Leverancier,Leverancier,,VIA-W,,,,,,Actief,Gemeenten,Gemeente,"3a6aa04a-11ff-4ee5-9424-d65c8eb0b6bd","2015-02-24T11:38:15+00:00"
"30c4ab80-022d-5458-a8bf-e714cac4065a",Leverancier,Leverancier,,ViaData Automatisering,,,,,,Actief,Gemeenten,Gemeente,"3f8a0f92-979c-4cae-9ddf-7147a036d60b","2023-06-05T15:22:16+00:00"
"24952b6d-a5b1-575c-8bac-591c396e6dd6",Leverancier,Leverancier,,Viadesk,,,,,,Actief,Gemeenten,Gemeente,cd3ad582-40da-4de1-a230-fcfd33fef75e,"2019-06-18T10:08:26+00:00"
"2dac828f-2b7b-5ce1-85a6-2f5c6eb38162",Leverancier,Leverancier,,Vialis,,,,,,Actief,Gemeenten,Gemeente,"11116e43-889d-4f50-92eb-ce630ebafd9e","2025-08-13T09:56:09+00:00"
"1bef1c60-2c01-5082-8958-2c1b5c0d4112",Leverancier,Leverancier,,ViaNLCS,,,,,,Actief,Gemeenten,Gemeente,"751d7216-3be5-4ab2-9d95-40bdbc4444ec","2018-04-13T12:18:58+00:00"
"644d735a-ef25-5720-83bf-5e931d77f69d",Leverancier,Leverancier,,Vicrea,https://www.vicrea.nl,test.vng.swc+M@gmail.com,+31 23 4567890,,,Actief,Gemeenten,Leverancier,"644d735a-ef25-5720-83bf-5e931d77f69d","2014-03-26T10:13:27+00:00"
"644d735a-ef25-5720-83bf-5e931d77f69d",Leverancier,Leverancier,,Vicrea,https://www.vicrea.nl,test.vng.swc+M@gmail.com,+31 23 4567890,,,Actief,Gemeenten,Gemeente,c506903c-cb46-4b91-a5a7-880578af3701,"2025-07-10T14:23:46+00:00"
"42a73839-e7e1-5f15-b187-5bb9fc399f5e",Leverancier,Leverancier,,Victa Qlik Solutions,,,,,,Actief,Gemeenten,Gemeente,"62a3ee34-6292-4c81-9da5-61790d8f5240","2020-01-06T16:26:16+00:00"
"3210ce5b-8c49-546b-81f5-fd654a4af25e",Leverancier,Leverancier,,Videolan,,,,,,Actief,Gemeenten,Gemeente,c506903c-cb46-4b91-a5a7-880578af3701,"2025-07-10T13:58:59+00:00"
"14e71a15-872d-55a3-8169-f141600377f9",Leverancier,Leverancier,,Vidicode Datacommunicatie B.V.,,,,,,Actief,Gemeenten,Gemeente,"1fbdf5f9-d227-443f-a455-b4893d6f96db","2016-07-18T08:55:20+00:00"
c3772624-8109-5fc0-9747-38eac5dd41bc,Leverancier,Leverancier,,Vindburgerzaken.nl,,,,,,Actief,Gemeenten,Gemeente,c8fd7e56-b681-43b0-a50f-659c48fd5bf5,"2017-09-06T14:42:36+00:00"
b285f114-a347-56d1-bf1a-7d362d8ea8c9,Leverancier,Leverancier,,VindSubsidies.nl,,,,,,Actief,Gemeenten,Gemeente,"3fa41daf-5e2d-4da2-a5a8-af0ed195ec13","2023-04-24T16:24:57+00:00"
f1e72b41-7367-5a60-97cd-fd2e9710b51d,Leverancier,Leverancier,,VIP Internet,,,,,,Actief,Gemeenten,Gemeente,d70e7220-833b-4bd6-ba32-b8dec10a9b89,"2019-10-09T10:27:25+00:00"
"64fe2531-88cf-506e-8d3e-997f84a8b099",Leverancier,Leverancier,,Vis2,,,,,,Actief,Gemeenten,Gemeente,"9384ee66-e19d-4cb1-be5a-861436ad9d67","2014-10-08T10:24:46+00:00"
caea2f4d-9bfd-53d4-8c13-7900843db5ab,Leverancier,Leverancier,,Visibox,,,,,,Actief,Gemeenten,Gemeente,"8c3363d7-2269-49fd-ac71-5b4e9b809ed3","2014-07-01T16:30:52+00:00"
fca39f4d-6d1d-50ca-9ab7-c7f6f8865685,Leverancier,Leverancier,,Visma,,,,,,Actief,Gemeenten,Gemeente,"41301287-5c86-467d-8afb-7947df0e0b5d","2022-12-07T13:50:46+00:00"
"86cef247-b680-5e6d-ba66-925986009465",Leverancier,Leverancier,,Visma Circle,https://www.vismacircle.nl,test.vng.swc+Bas@gmail.com,+31 23 4567890,,,Actief,Gemeenten,Leverancier,"86cef247-b680-5e6d-ba66-925986009465","2014-03-26T10:13:27+00:00"
"86cef247-b680-5e6d-ba66-925986009465",Leverancier,Leverancier,,Visma Circle,https://www.vismacircle.nl,test.vng.swc+Bas@gmail.com,+31 23 4567890,,,Actief,Gemeenten,Gemeente,"177e9e85-87e5-4a3c-bad4-b78b2f6c3887","2023-11-17T11:15:21+00:00"
ed7c62d4-5529-5b9d-8996-0f85443fb05b,Leverancier,Leverancier,,Visma Connect,,,,,,Actief,Gemeenten,Gemeente,afc57f25-5450-4621-a1f1-7c847bcb5933,"2021-09-20T09:52:32+00:00"
"0ffb8a9a-9ccf-50f6-8e15-95d952c21a81",Leverancier,Leverancier,,Visma PlusPort,,,,,,Actief,Gemeenten,Gemeente,dea35f50-183b-4d08-9d7b-96a8623def46,"2023-02-09T16:20:32+00:00"
da6e480b-13d1-58bc-8eed-f890009b1280,Leverancier,Leverancier,,Visma Raet,https://www.vismaraet.nl,test.vng.swc+Pet@gmail.com,+31 23 4567890,,,Actief,Gemeenten,Leverancier,da6e480b-13d1-58bc-8eed-f890009b1280,"2016-03-03T12:21:44+00:00"
da6e480b-13d1-58bc-8eed-f890009b1280,Leverancier,Leverancier,,Visma Raet,https://www.vismaraet.nl,test.vng.swc+Pet@gmail.com,+31 23 4567890,,,Actief,Gemeenten,Gemeente,"098fa2df-f721-4d5d-802f-d555af15639d","2022-09-05T14:01:19+00:00"
"818d2ebb-b5aa-5e06-b291-c7a3b1f92928",Leverancier,Leverancier,,Visma Roxit,,,,,,Actief,Gemeenten,Gemeente,db3b997f-5a48-4133-bd9d-5695acf2a521,"2023-06-14T17:23:42+00:00"
e6abd1fd-00d9-57cc-baf6-a78ea1bd8c11,Leverancier,Leverancier,,Vitec Memorix,https://www.vitec-memorix.com,test.vng.swc+Amy@gmail.com,+31 23 4567890,,,Actief,Gemeenten,Leverancier,e6abd1fd-00d9-57cc-baf6-a78ea1bd8c11,"2025-09-11T13:37:48+00:00"
"449c599d-75eb-577c-997a-c4a31d42e292",Leverancier,Leverancier,,Vitence,,,,,,Actief,Gemeenten,Gemeente,"563593bf-81ce-4877-aa87-759b12d821b3","2022-08-12T11:37:47+00:00"
"3ef67895-bd49-5788-ae98-a8352005e91f",Leverancier,Leverancier,,Vitens,,,,,,Actief,Gemeenten,Gemeente,"1e5f65a2-1b5d-4124-920b-66b1399d35e4","2015-12-21T15:49:58+00:00"
cebb5ad1-d513-5125-a775-7acbbe35bbaf,Leverancier,Leverancier,,Vlaardingen,,,,,,Actief,Gemeenten,Gemeente,"098fa2df-f721-4d5d-802f-d555af15639d","2022-09-07T11:11:42+00:00"
"851a37b3-7eec-5d2d-adad-a3503d6d0895",Leverancier,Leverancier,,VMV CAD Adviseurs,,,,,,Actief,Gemeenten,Gemeente,db3b997f-5a48-4133-bd9d-5695acf2a521,"2023-06-14T17:25:36+00:00"
b3d18117-3879-5d80-851a-72bbbf3adcd2,Leverancier,Leverancier,,VMWare,,,,,,Actief,Gemeenten,Gemeente,"11116e43-889d-4f50-92eb-ce630ebafd9e","2025-06-23T11:39:41+00:00"
"2392fc5c-1a9f-52e5-a09d-cd8738b7104f",Leverancier,Leverancier,,"VMware, Inc.",,,,,,Actief,Gemeenten,Gemeente,fea3c97a-7d59-47a0-86b0-4f842980a8c3,"2019-04-16T13:55:13+00:00"
"294d6574-99a0-5955-9ceb-9db595149151",Leverancier,Leverancier,,VNG,,,,,,Actief,Gemeenten,Gemeente,"3f8a0f92-979c-4cae-9ddf-7147a036d60b","2023-06-05T15:28:32+00:00"
e4c5e6e7-6fc5-5a5f-8b60-088ea2ed85d3,Leverancier,Leverancier,,VNG / Rheigroup,,,,,,Actief,Gemeenten,Gemeente,"5fd035bf-903a-4f7c-89ba-78c5239ac56a","2023-01-09T15:51:13+00:00"
"5c71d90d-5354-5ead-82f4-0a0e87761acb",Leverancier,Leverancier,,VNG Realisatie,,,,,,Actief,Gemeenten,Gemeente,db3b997f-5a48-4133-bd9d-5695acf2a521,"2023-06-14T17:28:26+00:00"
b0cf3089-0e91-57d0-a0ae-1da95104d354,Leverancier,Leverancier,,VNG Realisatie Demo,https://www.vngrealisatie.nl,test.vng.swc+Sof@gmail.com,+31 23 4567890,,,Actief,Gemeenten,Leverancier,b0cf3089-0e91-57d0-a0ae-1da95104d354,"2014-03-25T17:20:37+00:00"
"7f5305b5-f620-5859-98af-c37af2c3b12b",Leverancier,Leverancier,,VNK,,,,,,Actief,Gemeenten,Gemeente,cb634d57-2b5f-4a03-9be4-d04c483853a7,"2019-11-01T15:38:01+00:00"
"6423973c-31c0-5105-a33e-cab180b9d5a1",Leverancier,Leverancier,,Vobn,,,,,,Actief,Gemeenten,Gemeente,"6ea9357b-c6cb-4702-8e95-baafeaa6b38c","2018-10-26T14:51:13+00:00"
"67fa8a82-34ba-57dc-8c7b-718849527cb6",Leverancier,Leverancier,,Voclarion Nederland,,,,,,Actief,Gemeenten,Gemeente,e7b34d5f-6917-4aef-8753-bfcb3d07660b,"2019-01-01T18:48:27+00:00"
fa611096-d2f3-5a0b-a4f3-35bca1e8d0f8,Leverancier,Leverancier,,Vodafone,,,,,,Actief,Gemeenten,Samenwerking,"25423a74-7a95-44e5-ad48-d3240f2323f5","2016-06-21T11:40:40+00:00"
"29d8bbfc-1994-5482-a258-4c9b78b60b62",Leverancier,Leverancier,,Voets,,,,,,Actief,Gemeenten,Samenwerking,ec92526a-9baa-4fa7-8a42-7a1d75cfc64a,"2018-01-12T15:36:28+00:00"
"1636fb5a-e5f9-589d-9b0d-4677faf5c64b",Leverancier,Leverancier,,Voormalig Morpho,,,,,,Actief,Gemeenten,Gemeente,"3b9bb816-ade8-44ba-98a1-611e05ebb84b","2016-02-25T18:32:13+00:00"
"071936fe-22f9-5310-9b15-46ccfa54ebac",Leverancier,Leverancier,,Voskampgroep,,,,,,Actief,Gemeenten,Gemeente,"563593bf-81ce-4877-aa87-759b12d821b3","2022-08-12T11:40:41+00:00"
"216ea6e0-6f6a-52c9-bac3-1b1d75f61a82",Leverancier,Leverancier,,Vreemdelingenketen (ministerie van Justitie),,,,,,Actief,Gemeenten,Gemeente,"3b9bb816-ade8-44ba-98a1-611e05ebb84b","2016-02-25T18:51:39+00:00"
"1edac384-78f0-5ab4-ae19-0a21e64fae55",Leverancier,Leverancier,,VrijBRP,,,,,,Actief,Gemeenten,Gemeente,"098fa2df-f721-4d5d-802f-d555af15639d","2022-09-07T14:35:54+00:00"
"9d946a39-508f-594e-b4d4-04369b45c391",Leverancier,Leverancier,,VROM,,,,,,Actief,Gemeenten,Gemeente,fd4629e7-f5bb-474f-94a2-5bcc1e672089,"2016-04-18T10:07:42+00:00"
f52edd7a-f008-5e8b-8952-ad5adaee588c,Leverancier,Leverancier,,VX Company,,,,,,Actief,Gemeenten,Gemeente,"402d47dd-12e3-4ac0-9a14-ecbd07df62a4","2019-03-11T09:36:46+00:00"
"489b8378-eb8c-5353-a367-a7359378adf2",Leverancier,Leverancier,,Waarderingskamer,,,,,,Actief,Gemeenten,Samenwerking,"7075a889-5822-4edc-80c1-918e1a1ca50d","2017-02-23T23:40:41+00:00"
"29625742-bddf-543a-ab9c-e0a80ff361fa",Leverancier,Leverancier,,Wacom,,,,,,Actief,Gemeenten,Gemeente,"1f66615f-fa81-44f6-92e3-eadac6b11eca","2017-11-13T15:37:20+00:00"
"2128a7cd-6caa-5a8f-bbf3-32a7504714c4",Leverancier,Leverancier,,Wageningen University and Research,,,,,,Actief,Gemeenten,Samenwerking,"72615a0b-8276-4f0c-ac73-82ee98c80d0b","2018-08-21T15:01:55+00:00"
"44e6cc78-c9ad-5a74-a1b6-8397c95d02f5",Leverancier,Leverancier,,Wago,,,,,,Actief,Gemeenten,Gemeente,"79a9341e-decf-4010-b2d3-f30d82f4e450","2021-11-10T16:40:42+00:00"
d02d1da6-c40d-5ae4-a745-d8ab5bb519bd,Leverancier,Leverancier,,Walburg Pers,,,,,,Actief,Gemeenten,Gemeente,"79a9341e-decf-4010-b2d3-f30d82f4e450","2021-06-08T12:21:52+00:00"
"8b83dabc-1749-5134-bf18-47584404ecc7",Leverancier,Leverancier,,Walvis,,,,,,Actief,Gemeenten,Gemeente,"9384ee66-e19d-4cb1-be5a-861436ad9d67","2014-07-24T14:46:17+00:00"
"224e16f1-3f31-5535-b6b1-76de5420fa38",Leverancier,Leverancier,,Wareco,,,,,,Actief,Gemeenten,Gemeente,"11116e43-889d-4f50-92eb-ce630ebafd9e","2025-08-14T08:03:26+00:00"
"7c991e24-3089-5e71-a5a3-607f4105b597",Leverancier,Leverancier,,Wareco Ingenieurs,,,,,,Actief,Gemeenten,Samenwerking,"72615a0b-8276-4f0c-ac73-82ee98c80d0b","2018-08-21T14:45:58+00:00"
"2aa46cb8-48f1-5042-aa72-f246b9779311",Leverancier,Leverancier,,Watchguard,,,,,,Actief,Gemeenten,Gemeente,bb5ad246-416d-4efa-9ff8-9bcfa884f9db,"2019-11-20T12:08:28+00:00"
"978e2786-d713-5707-8909-11a036f99fb0",Leverancier,Leverancier,,Wateradvies,,,,,,Actief,Gemeenten,Samenwerking,d22b9ff2-8b62-4b48-b6ad-7b9e86002cd8,"2015-02-10T16:29:42+00:00"
"87aad7f9-f3e9-5d53-bdb9-31ce8ec43e1d",Leverancier,Leverancier,,Waywise,,,,,,Actief,Gemeenten,Gemeente,"1f66615f-fa81-44f6-92e3-eadac6b11eca","2017-11-13T07:49:10+00:00"
"2818554c-8ac3-5406-bb10-47fac93f894d",Leverancier,Leverancier,,WDBCenter B.V.,,,,,,Actief,Gemeenten,Gemeente,"22633027-4e8d-40c6-ae79-e15405728f19","2017-02-08T11:53:26+00:00"
a0f4e0ce-2963-5bd3-abfc-5c59a4bab4d7,Leverancier,Leverancier,,We Are Frank,,,,,,Actief,Gemeenten,Gemeente,e9bf3b82-2033-44cb-8b49-884dc4d25540,"2023-03-08T09:40:27+00:00"
d1bd18e6-8a41-5844-8de1-f933aa4b91f8,Leverancier,Leverancier,,WeAreFrank!,https://wearefrank.nl,test.vng.swc+Bry@gmail.com,+31 23 4567890,,,Actief,Gemeenten,Leverancier,d1bd18e6-8a41-5844-8de1-f933aa4b91f8,"2023-03-10T17:52:57+00:00"
"92f1757a-d62a-5e78-8274-687ae7f1d2a1",Leverancier,Leverancier,,Webarchive.eu,,,,,,Actief,Gemeenten,Gemeente,c3bd44b3-bbf9-4513-aea3-847e5ef79cf4,"2019-05-02T15:03:16+00:00"
de4c4750-8510-5360-8592-2623359bf27c,Leverancier,Leverancier,,Webbuddy,,,,,,Actief,Gemeenten,Gemeente,"098fa2df-f721-4d5d-802f-d555af15639d","2022-09-06T11:12:29+00:00"
"6a7c96d6-9571-5774-918f-3e207d8e7cea",Leverancier,Leverancier,,WebinarGeek,,,,,,Actief,Gemeenten,Samenwerking,"769b4359-b891-4198-b924-86e1bb7f6cdd","2021-08-05T11:23:42+00:00"
"135fadf2-b7ad-52d1-afee-2acfe53c3aae",Leverancier,Leverancier,,Webreus,,,,,,Actief,Gemeenten,Samenwerking,"531dc053-40ae-4180-94a4-0af14eea374b","2019-12-24T14:43:55+00:00"
"5c13ad7d-903b-5d40-9c1a-7bad20d2fe9b",Leverancier,Leverancier,,Wedescan,,,,,,Actief,Gemeenten,Gemeente,db3b997f-5a48-4133-bd9d-5695acf2a521,"2023-06-14T17:30:51+00:00"
f0fb2d26-169e-57a4-8d35-5e99b7826c4c,Leverancier,Leverancier,,Weeny,,,,,,Actief,Gemeenten,Gemeente,"098fa2df-f721-4d5d-802f-d555af15639d","2022-09-05T15:56:25+00:00"
"1a2c3afa-7400-578a-ac2f-4d8c074729f1",Leverancier,Leverancier,,Wehelpen.nl,,,,,,Actief,Gemeenten,Gemeente,b0eea343-8d48-4144-a80d-2022d60c097f,"2018-10-01T08:39:04+00:00"
"9bd4b035-e4a5-5a3d-96f3-a8063226cea6",Leverancier,Leverancier,,WEKA,,,,,,Actief,Gemeenten,Gemeente,"79a9341e-decf-4010-b2d3-f30d82f4e450","2021-04-06T14:20:31+00:00"
"566ace93-827d-5a61-8e47-7914263fdc30",Leverancier,Leverancier,,WEL Roadrunner,,,,,,Actief,Gemeenten,Gemeente,"283b34be-e623-414e-a828-0fb0cee04bc7","2016-03-14T14:04:57+00:00"
baae7519-ad1d-51e6-84f2-de16f112730c,Leverancier,Leverancier,,Wellnomics,,,,,,Actief,Gemeenten,Gemeente,"11116e43-889d-4f50-92eb-ce630ebafd9e","2025-06-26T08:30:49+00:00"
"14ffea68-c3b0-5484-a694-9ed14e1bd186",Leverancier,Leverancier,,WelNet,,,,,,Actief,Gemeenten,Gemeente,"349e6027-b7c4-42ac-88e6-a5f17fc833f6","2014-08-27T09:24:36+00:00"
"4831ef5b-d2b0-5aee-b04b-591ed33ebed6",Leverancier,Leverancier,,Welzorg,,,,,,Actief,Gemeenten,Gemeente,"563593bf-81ce-4877-aa87-759b12d821b3","2022-08-12T11:43:31+00:00"
"3983ec2d-3208-5bd4-ad06-d924fd89c5ce",Leverancier,Leverancier,,WEM No-Code,https://wem.io,test.vng.swc+Nie@gmail.com,+31 23 4567890,,,Actief,Gemeenten,Leverancier,"3983ec2d-3208-5bd4-ad06-d924fd89c5ce","2025-03-06T13:44:46+00:00"
ede8d26f-0c68-5d75-a99d-382f2132475d,Leverancier,Leverancier,,Wereldkundig,,,,,,Actief,Gemeenten,Gemeente,"8d6548e4-da96-4d52-b866-db16bea7bb1a","2015-03-10T17:57:17+00:00"
b1d9de06-b394-519f-8432-309b9c2a1a2b,Leverancier,Leverancier,,Werken in Friesland,,,,,,Actief,Gemeenten,Gemeente,b0eea343-8d48-4144-a80d-2022d60c097f,"2018-09-28T10:23:59+00:00"
"427ac54a-544b-5992-bf70-f1871e32c63f",Leverancier,Leverancier,,Werkorganisatie CGM,,,,,,Actief,Gemeenten,Samenwerking,"531dc053-40ae-4180-94a4-0af14eea374b","2019-12-24T11:11:30+00:00"
"1964788c-34c6-59a1-99e0-77358505a4f3",Leverancier,Leverancier,,Werkstap.nl,,,,,,Actief,Gemeenten,Samenwerking,b84d6d5a-aa9d-4500-90f7-a02545e41797,"2022-03-08T17:13:22+00:00"
"0ab7445f-8f2e-5d2c-b510-cba584f6c8b1",Leverancier,Leverancier,,Werktijden.nl,,,,,,Actief,Gemeenten,Gemeente,"39a6abee-c408-422c-b3e2-71ed1fd94f90","2018-06-21T16:26:04+00:00"
c08ada0c-1135-5585-a66a-740cfce60663,Leverancier,Leverancier,,Werktools,,,,,,Actief,Gemeenten,Gemeente,ab8c21a3-105a-437c-be7e-41553dff6dc4,"2022-01-05T16:08:17+00:00"
"0a6fc1de-b0d5-57bd-8a96-2db6c4b27e4d",Leverancier,Leverancier,,Werktools | andSafety,https://werktools.com/toezichthouder,test.vng.swc+Pau@gmail.com,+31 23 4567890,,,Actief,Gemeenten,Leverancier,"0a6fc1de-b0d5-57bd-8a96-2db6c4b27e4d","2020-05-06T08:45:54+00:00"
"126e29e4-ec20-5e37-9cd0-6ef7a241a295",Leverancier,Leverancier,,WeVideo,,,,,,Actief,Gemeenten,Gemeente,e604cac6-2ba6-4c23-9197-85a4df340e6c,"2021-05-18T11:45:23+00:00"
"9f0bf944-bfb8-5394-a869-21de6cffd049",Leverancier,Leverancier,,WeWatch Buurtpreventie,https://www.wewatch.nl,test.vng.swc+Rob@gmail.com,+31 23 4567890,,,Actief,Gemeenten,Leverancier,"9f0bf944-bfb8-5394-a869-21de6cffd049","2024-04-10T08:38:49+00:00"
"3c013d67-5119-51be-83b8-aedd6fe55a17",Leverancier,Leverancier,,WGS,,,,,,Actief,Gemeenten,Gemeente,f6760577-58c8-477d-85b7-06796fdfd82d,"2019-08-13T16:56:50+00:00"
"086ea71f-39bc-5d17-8a4c-363ad9e448d2",Leverancier,Leverancier,,Whatsapp,,,,,,Actief,Gemeenten,Gemeente,e7b34d5f-6917-4aef-8753-bfcb3d07660b,"2019-01-01T18:49:06+00:00"
"191c5b62-45f9-5683-8fd2-7c90b193db73",Leverancier,Leverancier,,WHC,,,,,,Actief,Gemeenten,Gemeente,"1c68c344-2292-4bf5-9a98-fc8c86d60297","2020-12-30T11:29:17+00:00"
"869eebf7-09c7-58ec-a5fe-0966259067e9",Leverancier,Leverancier,,Wigo4it,,,,,,Actief,Gemeenten,Gemeente,b70f1957-81dd-42da-b299-c5fd25c188d4,"2017-04-19T13:55:04+00:00"
"54850877-0efe-59d8-84f5-9265b9d91be7",Leverancier,Leverancier,,Wijkconnect,,,,,,Actief,Gemeenten,Gemeente,"11116e43-889d-4f50-92eb-ce630ebafd9e","2021-01-06T17:00:18+00:00"
b136315a-41b6-58de-9ca5-688058b3d2ca,Leverancier,Leverancier,,Wijngaarden AutomatiseringsGroep,,,,,,Actief,Gemeenten,Gemeente,"16b87d12-769f-414c-8d66-3ec26fa94725","2015-02-11T14:26:46+00:00"
fd55080c-6db2-5f9d-a7ee-c1f6f844f1e0,Leverancier,Leverancier,,WIM Online,,,,,,Actief,Gemeenten,Samenwerking,ec92526a-9baa-4fa7-8a42-7a1d75cfc64a,"2018-12-27T12:31:11+00:00"
a6a13de7-20a1-5851-b0ce-fabb516a9ad1,Leverancier,Leverancier,,Winauth (open source),,,,,,Actief,Gemeenten,Gemeente,"563593bf-81ce-4877-aa87-759b12d821b3","2022-08-12T11:56:51+00:00"
b7d1f637-f254-584e-9928-5bfa7423c0be,Leverancier,Leverancier,,WIND Internet BV,https://www.windinternet.nl,test.vng.swc+Wij@gmail.com,+31 23 4567890,,,Actief,Gemeenten,Leverancier,b7d1f637-f254-584e-9928-5bfa7423c0be,"2018-07-27T14:26:05+00:00"
b7d1f637-f254-584e-9928-5bfa7423c0be,Leverancier,Leverancier,,WIND Internet BV,https://www.windinternet.nl,test.vng.swc+Wij@gmail.com,+31 23 4567890,,,Actief,Gemeenten,Gemeente,c46223c8-bdca-44e2-b0c0-d6e266257ea9,"2023-06-23T22:59:41+00:00"
"26d9c28d-789c-554f-b1ea-99a3463b99a7",Leverancier,Leverancier,,Windows,,,,,,Actief,Gemeenten,Gemeente,ee339831-ab89-4d86-8914-85a9cabda275,"2019-09-30T09:05:27+00:00"
a22937ed-3cff-5503-b26c-2e1c9cb6678a,Leverancier,Leverancier,,"Wing FTP Software, Inc.",,,,,,Actief,Gemeenten,Samenwerking,"769b4359-b891-4198-b924-86e1bb7f6cdd","2020-06-09T11:23:07+00:00"
"9447266c-4923-5c11-b42d-58d0c53c29d2",Leverancier,Leverancier,,WinRAR,,,,,,Actief,Gemeenten,Gemeente,"751d7216-3be5-4ab2-9d95-40bdbc4444ec","2018-05-17T16:34:04+00:00"
f6a85bb4-8b9d-5e8e-a42c-00ac71c5b26d,Leverancier,Leverancier,,Wireshark,,,,,,Actief,Gemeenten,Gemeente,"8d6548e4-da96-4d52-b866-db16bea7bb1a","2021-08-03T11:23:37+00:00"
"0b98db49-a3a4-5340-b92e-9e76813ded6e",Leverancier,Leverancier,,Wisdom Soft,,,,,,Actief,Gemeenten,Samenwerking,"531dc053-40ae-4180-94a4-0af14eea374b","2019-12-24T14:49:07+00:00"
"6270f9e2-2c7e-58a9-a45a-571c30193694",Leverancier,Leverancier,,Wit Communicatie,,,,,,Actief,Gemeenten,Gemeente,f6760577-58c8-477d-85b7-06796fdfd82d,"2019-12-09T11:12:23+00:00"
"5e48b788-dda1-55f2-ad96-de2f989b01ad",Leverancier,Leverancier,,WIZZR,,,,,,Actief,Gemeenten,Gemeente,"2af271e0-a05b-460d-88c9-24c06b6eabe5","2024-12-04T10:45:28+00:00"
"14a4e4e1-9190-5690-8b70-279f3da924b2",Leverancier,Leverancier,,WME,,,,,,Actief,Gemeenten,Gemeente,"79a9341e-decf-4010-b2d3-f30d82f4e450","2021-02-16T13:49:14+00:00"
"9ccd229e-69ab-569d-bf54-9a35befbc0e6",Leverancier,Leverancier,,Wolters Kluwer Schulinck,https://www.schulinck.nl,test.vng.swc+Tom@gmail.com,+31 23 4567890,,,Actief,Gemeenten,Leverancier,"9ccd229e-69ab-569d-bf54-9a35befbc0e6","2014-03-26T10:13:27+00:00"
"9ccd229e-69ab-569d-bf54-9a35befbc0e6",Leverancier,Leverancier,,Wolters Kluwer Schulinck,https://www.schulinck.nl,test.vng.swc+Tom@gmail.com,+31 23 4567890,,,Actief,Gemeenten,Gemeente,"11116e43-889d-4f50-92eb-ce630ebafd9e","2025-08-04T12:40:35+00:00"
"61edd005-8458-5972-a7f6-f8ed48787b5e",Leverancier,Leverancier,,Wong IT,,,,,,Actief,Gemeenten,Gemeente,c46223c8-bdca-44e2-b0c0-d6e266257ea9,"2023-06-23T22:22:24+00:00"
"48ce0400-bc04-5d12-bb8a-c176eb9cf91e",Leverancier,Leverancier,,WoningNet,https://www.woningnet.info,test.vng.swc+Mpe@gmail.com,+31 23 4567890,,,Actief,Gemeenten,Leverancier,"48ce0400-bc04-5d12-bb8a-c176eb9cf91e","2024-03-18T10:50:02+00:00"
"48ce0400-bc04-5d12-bb8a-c176eb9cf91e",Leverancier,Leverancier,,WoningNet,https://www.woningnet.info,test.vng.swc+Mpe@gmail.com,+31 23 4567890,,,Actief,Gemeenten,Gemeente,"1f66615f-fa81-44f6-92e3-eadac6b11eca","2017-10-18T14:38:00+00:00"
f6c0db86-8d6a-523b-9836-363438b968a2,Leverancier,Leverancier,,"Wooniezie, voor woningzoekenden",,,,,,Actief,Gemeenten,Gemeente,"60845a9b-6ddd-417f-ad71-e99cf4b0780d","2017-04-06T15:05:36+00:00"
e2b8c7ad-6470-5423-8e1b-9ebd69f8d84c,Leverancier,Leverancier,,Wordpress,,,,,,Actief,Gemeenten,Gemeente,e5cb9f1e-3c9f-4a61-b903-651d139a1d43,"2020-04-30T12:21:16+00:00"
a2a8456c-64a3-5032-b85e-2c7d94dad7b2,Leverancier,Leverancier,,Work Management Europe,,,,,,Actief,Gemeenten,Gemeente,"79a9341e-decf-4010-b2d3-f30d82f4e450","2021-02-10T15:46:45+00:00"
"47a738f5-4af4-5f62-b03d-59e88408cc7d",Leverancier,Leverancier,,Workforce IT,,,,,,Actief,Gemeenten,Gemeente,"9e903d5f-9d6e-42f6-8c40-43ef3f1cd3d6","2019-10-17T14:05:56+00:00"
d55dc65d-0131-5f69-bfc8-a3cd06fc8c86,Leverancier,Leverancier,,Workspace365,,,,,,Actief,Gemeenten,Gemeente,c9e26ee2-0de6-476a-85e2-631a5e84ea42,"2024-07-18T08:23:47+00:00"
"480762c4-c83b-59a7-af7a-d9c3d2db7c9e",Leverancier,Leverancier,,Workstream People,,,,,,Actief,Gemeenten,Gemeente,"8d6548e4-da96-4d52-b866-db16bea7bb1a","2023-10-16T15:39:56+00:00"
"02b74d7d-cdc7-5185-a61e-e7d608be5f7e",Leverancier,Leverancier,,Wortell,https://www.wortell.nl/nl,test.vng.swc+Bar@gmail.com,+31 23 4567890,,,Actief,Gemeenten,Leverancier,"02b74d7d-cdc7-5185-a61e-e7d608be5f7e","2025-04-14T15:46:35+00:00"
febe72c9-f2bf-52c1-871c-dcafea63b140,Leverancier,Leverancier,,Woweb,,,,,,Actief,Gemeenten,Gemeente,"79a9341e-decf-4010-b2d3-f30d82f4e450","2021-11-10T16:32:23+00:00"
f845385e-fd4f-5059-ab51-cb71972dc4b8,Leverancier,Leverancier,,Wowww,https://www.wowww.nl,test.vng.swc+G@gmail.com,+31 23 4567890,,,Actief,Gemeenten,Leverancier,f845385e-fd4f-5059-ab51-cb71972dc4b8,"2014-03-26T10:13:27+00:00"
f845385e-fd4f-5059-ab51-cb71972dc4b8,Leverancier,Leverancier,,Wowww,https://www.wowww.nl,test.vng.swc+G@gmail.com,+31 23 4567890,,,Actief,Gemeenten,Gemeente,cd3ad582-40da-4de1-a230-fcfd33fef75e,"2020-07-10T15:33:43+00:00"
"85435dea-dd56-5888-9a13-46bf81fda848",Leverancier,Leverancier,,WOZ-datacenter (VNG),,,,,,Actief,Gemeenten,Gemeente,fd4629e7-f5bb-474f-94a2-5bcc1e672089,"2017-08-30T15:17:32+00:00"
f0bb4ba9-63d6-5a95-98f6-9cf3c79126d6,Leverancier,Leverancier,,WOZ360,,,,,,Actief,Gemeenten,Samenwerking,"1d299c60-cae1-4550-a7f9-dc8d79cab5c6","2024-03-22T11:51:53+00:00"
"94c02cbf-20fe-5367-91d6-67a8c0330ae2",Leverancier,Leverancier,,WOZdata BV,,,,,,Actief,Gemeenten,Samenwerking,d22b9ff2-8b62-4b48-b6ad-7b9e86002cd8,"2019-02-06T15:32:33+00:00"
a4293e23-d2b3-5d65-a87d-bb019e8cbb52,Leverancier,Leverancier,,WPMagazines,https://wpmagazines.nl,test.vng.swc+Wil@gmail.com,+31 23 4567890,,,Actief,Gemeenten,Leverancier,a4293e23-d2b3-5d65-a87d-bb019e8cbb52,"2024-08-21T13:05:30+00:00"
"93fcdcc5-0cc2-5d9c-804c-e8e8b3d7a87f",Leverancier,Leverancier,,WPS,,,,,,Actief,Gemeenten,Gemeente,f6760577-58c8-477d-85b7-06796fdfd82d,"2019-12-04T15:29:34+00:00"
"4221cba8-f5cb-5189-b757-79fc030bd299",Leverancier,Leverancier,,WSO2,,,,,,Actief,Gemeenten,Gemeente,"39a6abee-c408-422c-b3e2-71ed1fd94f90","2015-07-23T10:41:19+00:00"
"16504113-0367-5a61-aa76-42ef5ccca51c",Leverancier,Leverancier,,WSS,,,,,,Actief,Gemeenten,Gemeente,"1f66615f-fa81-44f6-92e3-eadac6b11eca","2017-11-10T10:02:35+00:00"
ae175d63-6f43-5565-b65f-33c88eb0bfc3,Leverancier,Leverancier,,WSS(Waste Sorting Systems),,,,,,Actief,Gemeenten,Gemeente,af185a56-58cd-4a45-88b0-9e7d34f398d8,"2024-05-03T11:30:36+00:00"
"590930d4-9db6-582e-9f4b-287d7345cc7b",Leverancier,Leverancier,,Www.boaregistratie.nl,,,,,,Actief,Gemeenten,Samenwerking,c349e17c-4f3d-400e-8621-f2c0f7cf378b,"2024-02-28T13:25:13+00:00"
"4d4c23e3-e462-5209-8a66-18420b226567",Leverancier,Leverancier,,Www.softwarecatalogus.nl,,,,,,Actief,Gemeenten,Gemeente,b0eea343-8d48-4144-a80d-2022d60c097f,"2017-07-06T12:58:39+00:00"
de4a95bf-378e-5783-91f5-b4f75128b2b8,Leverancier,Leverancier,,Www.zaaksysteem.nl,,,,,,Actief,Gemeenten,Gemeente,"751d7216-3be5-4ab2-9d95-40bdbc4444ec","2022-03-22T09:59:57+00:00"
fc383c08-1fc5-5c50-b9f6-f0678c1f7f3d,Leverancier,Leverancier,,X-Com,,,,,,Actief,Gemeenten,Samenwerking,a72de2d1-9a5a-462f-92e4-a79986d89109,"2020-01-10T11:56:16+00:00"
"66ceb4bc-aadf-566b-9332-2f10fda41f60",Leverancier,Leverancier,,XCENT,,,,,,Actief,Gemeenten,Gemeente,"1e5f65a2-1b5d-4124-920b-66b1399d35e4","2016-01-05T23:13:08+00:00"
dfef9453-8659-5710-9f02-53ed774354d7,Leverancier,Leverancier,,Xcess,,,,,,Actief,Gemeenten,Gemeente,"1f66615f-fa81-44f6-92e3-eadac6b11eca","2016-09-30T15:36:31+00:00"
"2264f2fd-d81b-5dac-b212-9227481efa00",Leverancier,Leverancier,,Xellence,,,,,,Actief,Gemeenten,Gemeente,b6a3804a-012d-452e-859d-9955e1bd6bc2,"2023-05-31T13:26:06+00:00"
"121778ba-0608-5cf6-9b28-262458c7aa38",Leverancier,Leverancier,,xential,https://www.xential.nl,test.vng.swc+Han@gmail.com,+31 23 4567890,,,Actief,Gemeenten,Leverancier,"121778ba-0608-5cf6-9b28-262458c7aa38","2014-03-26T10:13:27+00:00"
e09dd609-025d-53c4-b70d-fcd51640cda1,Leverancier,Leverancier,,Xential,,,,,,Actief,Gemeenten,Gemeente,b6a3804a-012d-452e-859d-9955e1bd6bc2,"2023-06-08T12:07:36+00:00"
e677158c-1166-5acb-bb9e-665da8699db9,Leverancier,Leverancier,,Xerox,,,,,,Actief,Gemeenten,Gemeente,db3b997f-5a48-4133-bd9d-5695acf2a521,"2023-06-14T17:35:45+00:00"
e72277d1-f54e-56d4-813b-90bde8fe7787,Leverancier,Leverancier,,Ximmio,,,,,,Actief,Gemeenten,Gemeente,"1f66615f-fa81-44f6-92e3-eadac6b11eca","2019-12-19T10:54:11+00:00"
deec8fb3-3d5e-5ca0-99b0-6bb979a46b36,Leverancier,Leverancier,,Ximmio.com,,,,,,Actief,Gemeenten,Gemeente,"3a6aa04a-11ff-4ee5-9424-d65c8eb0b6bd","2021-04-06T09:32:41+00:00"
ca7d4ce6-43bf-54e5-bf3b-af34d8bdf16d,Leverancier,Leverancier,,Xlab Cloud Services B.V.,https://xlab.nl/kedo,test.vng.swc+Inf@gmail.com,+31 23 4567890,,,Actief,Gemeenten,Leverancier,ca7d4ce6-43bf-54e5-bf3b-af34d8bdf16d,"2014-03-26T10:13:27+00:00"
"0acc6779-626e-52ad-9b21-56386c520b7f",Leverancier,Leverancier,,Xlinesoft,,,,,,Actief,Gemeenten,Gemeente,b6a3804a-012d-452e-859d-9955e1bd6bc2,"2022-07-15T08:11:45+00:00"
fe954b03-42dd-532e-a592-d079b073485e,Leverancier,Leverancier,,XMind,,,,,,Actief,Gemeenten,Gemeente,dea35f50-183b-4d08-9d7b-96a8623def46,"2018-07-13T11:39:53+00:00"
"9ce7ea80-75a0-58dc-9d5f-ca9b58946890",Leverancier,Leverancier,,XPOFleet,,,,,,Actief,Gemeenten,Gemeente,"4d385e00-86bb-423e-86dc-1ec0629b5200","2016-03-31T14:57:18+00:00"
"677f25ee-bc08-5ace-9738-a5aea02fb315",Leverancier,Leverancier,,XSO,,,,,,Actief,Gemeenten,Gemeente,"8e0729ca-7e07-45b1-ab6a-6d947fdd9f54","2025-02-03T14:17:18+00:00"
"52955046-9c2a-5b90-9292-7e970233be9a",Leverancier,Leverancier,,Xtralis,,,,,,Actief,Gemeenten,Gemeente,"41301287-5c86-467d-8afb-7947df0e0b5d","2022-12-07T13:42:38+00:00"
"02870a96-b50a-5ca5-99c1-b8eb4224e252",Leverancier,Leverancier,,xxllnc,https://www.xxllnc.nl,test.vng.swc+Sal@gmail.com,+31 23 4567890,,,Actief,Gemeenten,Leverancier,"02870a96-b50a-5ca5-99c1-b8eb4224e252","2014-03-26T10:13:27+00:00"
db2db2f6-dd9c-5f65-a165-a54795ea67cf,Leverancier,Leverancier,,Xxllnc,,,,,,Actief,Gemeenten,Gemeente,"11116e43-889d-4f50-92eb-ce630ebafd9e","2025-08-06T15:20:52+00:00"
"11004bd7-804d-5a80-8eb1-8f1df5568d8a",Leverancier,Leverancier,,Xylem,,,,,,Actief,Gemeenten,Gemeente,db3b997f-5a48-4133-bd9d-5695acf2a521,"2023-06-14T17:37:07+00:00"
"6b0ea3f9-4a45-5bd5-8032-c7602125591d",Leverancier,Leverancier,,Xylem Water Solutions Nederland B.V.,,,,,,Actief,Gemeenten,Gemeente,"905dbf9e-94a6-4ddd-9778-77e69f3900f1","2023-12-13T11:25:40+00:00"
"8c218001-e074-53c5-ab13-c8130b20e0c3",Leverancier,Leverancier,,Y-con BV,,,,,,Actief,Gemeenten,Gemeente,"79a9341e-decf-4010-b2d3-f30d82f4e450","2021-11-10T16:53:56+00:00"
"88d655bf-0a04-53e5-9a33-fdb0823bb124",Leverancier,Leverancier,,Yacht,,,,,,Actief,Gemeenten,Gemeente,db3b997f-5a48-4133-bd9d-5695acf2a521,"2023-06-14T17:39:51+00:00"
d10670fe-27a3-546d-803e-b1aa4459e231,Leverancier,Leverancier,,Yalp,,,,,,Actief,Gemeenten,Gemeente,"79a9341e-decf-4010-b2d3-f30d82f4e450","2021-11-10T16:54:59+00:00"
b6c9c551-c399-5751-9757-3049bdb685e5,Leverancier,Leverancier,,Yarado,https://www.yarado.com,test.vng.swc+Ric@gmail.com,+31 23 4567890,,,Actief,Gemeenten,Leverancier,b6c9c551-c399-5751-9757-3049bdb685e5,"2021-01-11T09:05:17+00:00"
a3de1177-25a4-5e03-8417-448509169671,Leverancier,Leverancier,,Yard Digital Agency,https://www.yard.nl,test.vng.swc+Mar@gmail.com,+31 23 4567890,,,Actief,Gemeenten,Leverancier,a3de1177-25a4-5e03-8417-448509169671,"2023-04-20T08:45:02+00:00"
"50c516d3-f70d-5b53-a9f9-ac3b286983e9",Leverancier,Leverancier,,Yellow Yard,,,,,,Actief,Gemeenten,Gemeente,"79a9341e-decf-4010-b2d3-f30d82f4e450","2021-11-10T16:42:17+00:00"
"276c519c-51d9-5d5a-8a37-b0f3024af2fd",Leverancier,Leverancier,,Yellowtail,https://keycontroldashboard.nl,test.vng.swc+Elo@gmail.com,+31 23 4567890,,,Actief,Gemeenten,Leverancier,"276c519c-51d9-5d5a-8a37-b0f3024af2fd","2018-09-14T15:55:09+00:00"
"276c519c-51d9-5d5a-8a37-b0f3024af2fd",Leverancier,Leverancier,,Yellowtail,https://keycontroldashboard.nl,test.vng.swc+Elo@gmail.com,+31 23 4567890,,,Actief,Gemeenten,Samenwerking,"72615a0b-8276-4f0c-ac73-82ee98c80d0b","2018-08-21T14:57:48+00:00"
f12acb3a-5e3f-5081-a350-8ecf83135050,Leverancier,Leverancier,,Yenlo Cloud Services,https://www.yenlo.com,test.vng.swc+Pet@gmail.com,+31 23 4567890,,,Actief,Gemeenten,Leverancier,f12acb3a-5e3f-5081-a350-8ecf83135050,"2014-06-17T13:55:49+00:00"
f12acb3a-5e3f-5081-a350-8ecf83135050,Leverancier,Leverancier,,Yenlo Cloud Services,https://www.yenlo.com,test.vng.swc+Pet@gmail.com,+31 23 4567890,,,Actief,Gemeenten,Gemeente,"8e0729ca-7e07-45b1-ab6a-6d947fdd9f54","2025-02-03T16:45:23+00:00"
"6b499964-119f-5df9-9aeb-d5065d9508e3",Leverancier,Leverancier,,Ynformed,,,,,,Actief,Gemeenten,Gemeente,"9e903d5f-9d6e-42f6-8c40-43ef3f1cd3d6","2019-12-18T12:03:51+00:00"
"77fac777-1582-57df-9c51-068194e417ff",Leverancier,Leverancier,,YourEurope.eu,,,,,,Actief,Gemeenten,Gemeente,"098fa2df-f721-4d5d-802f-d555af15639d","2022-09-07T15:42:48+00:00"
"0ec77aa1-b016-58cf-97ff-3247e7e2f8e8",Leverancier,Leverancier,,YourSoft,,,,,,Actief,Gemeenten,Gemeente,bd186c79-d0c4-4dea-b4fc-cc95949fcfb5,"2023-11-17T11:31:50+00:00"
"40158d7f-ccbd-576e-8384-ed532dde757d",Leverancier,Leverancier,,Youwe,,,,,,Actief,Gemeenten,Samenwerking,"72615a0b-8276-4f0c-ac73-82ee98c80d0b","2019-06-06T09:58:27+00:00"
"2134e847-a1aa-5a52-aec9-e1f186af2951",Leverancier,Leverancier,,YP Your Partner,,,,,,Actief,Gemeenten,Gemeente,af185a56-58cd-4a45-88b0-9e7d34f398d8,"2024-05-02T16:05:13+00:00"
"72cba3d8-f7e2-5242-a118-ab04ec791e40",Leverancier,Leverancier,,YSoft,,,,,,Actief,Gemeenten,Gemeente,fea3c97a-7d59-47a0-86b0-4f842980a8c3,"2019-07-11T10:36:35+00:00"
"522feb87-1076-53cf-8925-76e67fd1eb8f",Leverancier,Leverancier,,Yubico,,,,,,Actief,Gemeenten,Gemeente,"8d6548e4-da96-4d52-b866-db16bea7bb1a","2021-08-03T11:27:47+00:00"
f48bdb21-c9b5-53b3-8bfb-d56c01663f60,Leverancier,Leverancier,,Yucat Mobile Business Solutions,,,,,,Actief,Gemeenten,Gemeente,b71a4bb9-89ab-41e2-9d25-8f8c6754afc9,"2020-02-17T13:58:14+00:00"
d2358373-1455-5c95-843b-6e0fc7f41faf,Leverancier,Leverancier,,YWorks,,,,,,Actief,Gemeenten,Gemeente,"1f66615f-fa81-44f6-92e3-eadac6b11eca","2017-11-14T09:55:12+00:00"
d172c3fe-888d-5394-86af-4b9edd08a928,Leverancier,Leverancier,,Z-Login,,,,,,Actief,Gemeenten,Gemeente,"6ea9357b-c6cb-4702-8e95-baafeaa6b38c","2018-10-19T18:44:58+00:00"
c048e27a-76c2-5a94-b1c1-c871943d6ace,Leverancier,Leverancier,,Z-Netwerken,,,,,,Actief,Gemeenten,Gemeente,"1c68c344-2292-4bf5-9a98-fc8c86d60297","2018-07-02T15:43:30+00:00"
"6d898717-40a9-5f79-b24f-6643c16122e2",Leverancier,Leverancier,,Zaalagenda.nl,,,,,,Actief,Gemeenten,Gemeente,"751d7216-3be5-4ab2-9d95-40bdbc4444ec","2023-02-08T15:35:41+00:00"
"581092c0-f319-544c-991b-eb1e262fde99",Leverancier,Leverancier,,Zabbix LLC,,,,,,Actief,Gemeenten,Gemeente,c506903c-cb46-4b91-a5a7-880578af3701,"2025-07-10T13:32:49+00:00"
de478201-45fa-5f3e-9a89-91cebbe4740a,Leverancier,Leverancier,,Zanders Treasury & Finance,,,,,,Actief,Gemeenten,Gemeente,"349e6027-b7c4-42ac-88e6-a5f17fc833f6","2014-08-27T14:12:57+00:00"
"9d3bffc8-11bd-5cbd-970f-00de73393338",Leverancier,Leverancier,,Zarafa,,,,,,Actief,Gemeenten,Gemeente,b8011e5f-e6ab-4bd5-be79-417517fe41b3,"2014-09-10T13:09:52+00:00"
cb8bf40b-e5dd-54d2-8371-13cc8238a262,Leverancier,Leverancier,,Zavio,,,,,,Actief,Gemeenten,Gemeente,"39a6abee-c408-422c-b3e2-71ed1fd94f90","2018-10-03T12:40:32+00:00"
ae801a47-005a-5ce2-bc36-ce21fb27ab94,Leverancier,Leverancier,,Zebra Technologies,,,,,,Actief,Gemeenten,Gemeente,db3b997f-5a48-4133-bd9d-5695acf2a521,"2023-06-14T17:42:29+00:00"
e7cc800c-9568-5d9f-b2f5-0b4dee3895bb,Leverancier,Leverancier,,Zelfbouw,,,,,,Actief,Gemeenten,Gemeente,b70f1957-81dd-42da-b299-c5fd25c188d4,"2017-04-19T13:47:02+00:00"
"5131d082-a903-5516-b569-c6c816652c2d",Leverancier,Leverancier,,Zendesk,,,,,,Actief,Gemeenten,Samenwerking,"25423a74-7a95-44e5-ad48-d3240f2323f5","2016-06-21T11:06:11+00:00"
c8dfb8fe-6c71-5ffe-ab50-20535b931aa8,Leverancier,Leverancier,,Zeroplex,,,,,,Actief,Gemeenten,Gemeente,d70e7220-833b-4bd6-ba32-b8dec10a9b89,"2023-03-06T13:47:01+00:00"
"4fc5825b-22e0-54dd-a68e-4faaf756516d",Leverancier,Leverancier,,Zetacom,,,,,,Actief,Gemeenten,Gemeente,"78c5ab73-a49c-432e-9ae1-aab6cf7cc0f7","2015-10-07T12:57:06+00:00"
e874c48c-a3a0-5dde-9c14-2f40f6de9c1b,Leverancier,Leverancier,,Zetadisplay,,,,,,Actief,Gemeenten,Gemeente,"563593bf-81ce-4877-aa87-759b12d821b3","2022-08-12T11:46:24+00:00"
"69d26c18-7276-5a69-89b7-b49b0bbf77f4",Leverancier,Leverancier,,ZetSolutions,,,,,,Actief,Gemeenten,Samenwerking,"864b502d-5c07-4787-bd4e-3b202f76e595","2016-05-24T11:03:25+00:00"
acefb2bd-2d8e-5c29-9834-0ebb1ee14a3c,Leverancier,Leverancier,,ZG-Telecom,,,,,,Actief,Gemeenten,Gemeente,e033b25b-3b17-4b55-a1f8-2c40a3ece8a7,"2023-01-24T10:31:05+00:00"
"157dfb1c-2891-5b1c-aa0d-340206e0b948",Leverancier,Leverancier,,Zisoo,,,,,,Actief,Gemeenten,Samenwerking,"49f17690-c60f-4d1e-844c-4e84d473e39a","2018-11-16T15:22:26+00:00"
"61c238f8-cb20-5e4a-99c5-87e7e73642c8",Leverancier,Leverancier,,ZIUT,,,,,,Actief,Gemeenten,Gemeente,b0eea343-8d48-4144-a80d-2022d60c097f,"2021-05-18T10:43:25+00:00"
"4ffea52b-36e3-536b-be6c-fd58df391d68",Leverancier,Leverancier,,Zivver,,,,,,Actief,Gemeenten,Gemeente,"83034cc8-5c69-42a8-b734-e1428c9dc510","2025-10-02T10:14:36+00:00"
"8b6e6b84-89f8-5fa9-b660-70354e615ff0",Leverancier,Leverancier,,Zoho,,,,,,Actief,Gemeenten,Gemeente,"177e9e85-87e5-4a3c-bad4-b78b2f6c3887","2024-11-15T10:43:21+00:00"
"689c73ab-a130-5a02-b480-d402f002a138",Leverancier,Leverancier,,ZOHOCorp,,,,,,Actief,Gemeenten,Gemeente,db7fdd84-bdfd-41d6-8641-0f1e2a954c25,"2017-07-05T16:03:55+00:00"
a1e232a3-48e6-56f2-9ef9-88362a601145,Leverancier,Leverancier,,"Zoom Video Communications, Inc.",,,,,,Actief,Gemeenten,Gemeente,"8d3cd712-dfde-40d9-afcd-d4a841eec50b","2021-12-17T17:01:55+00:00"
"885594a3-f30f-5326-b7f7-b352c02d2542",Leverancier,Leverancier,,ZoomBim,,,,,,Actief,Gemeenten,Gemeente,"1f66615f-fa81-44f6-92e3-eadac6b11eca","2017-11-14T09:27:49+00:00"
"5f8d2688-1f30-55dc-b707-2ae2fbee6243",Leverancier,Leverancier,,Zoomtext,,,,,,Actief,Gemeenten,Gemeente,"4d385e00-86bb-423e-86dc-1ec0629b5200","2016-03-31T14:52:45+00:00"
"8cfb711a-8ebe-584d-b265-d264779ead43",Leverancier,Leverancier,,Zorg van de Zaak,,,,,,Actief,Gemeenten,Gemeente,b71a4bb9-89ab-41e2-9d25-8f8c6754afc9,"2024-05-14T14:43:23+00:00"
c2dce645-f84d-5d6d-9e02-6cfe93b6895a,Leverancier,Leverancier,,Zorg voor Elkaar,,,,,,Actief,Gemeenten,Gemeente,e033b25b-3b17-4b55-a1f8-2c40a3ece8a7,"2015-02-27T16:26:08+00:00"
"6abeb5c3-93d6-52ab-96e9-ae854ed37b03",Leverancier,Leverancier,,Zorg-Lokaal,,,,,,Actief,Gemeenten,Gemeente,"8e0729ca-7e07-45b1-ab6a-6d947fdd9f54","2025-02-03T17:01:23+00:00"
"71bfe194-3adf-55c1-93b9-51700da3a2b2",Leverancier,Leverancier,,Zorgdomein,,,,,,Actief,Gemeenten,Gemeente,"269a3750-61f1-41f0-b03b-e53ab7eb6315","2021-10-29T10:44:13+00:00"
"41889a3e-d924-5d5e-91b7-953ee4f89412",Leverancier,Leverancier,,ZorgDomein Nederland B.V.,,,,,,Actief,Gemeenten,Samenwerking,ebecf9a3-162e-4da8-a888-889b09192838,"2018-03-22T12:00:41+00:00"
be674ca7-f4c4-57e9-8ffe-9063de79559d,Leverancier,Leverancier,,Zorginkaart.nu,,,,,,Actief,Gemeenten,Samenwerking,"4a0233a4-ea38-47ae-86f5-e3bd348b8deb","2020-06-16T10:52:47+00:00"
b873670d-376a-5d4c-a5df-fc8653309c44,Leverancier,Leverancier,,Zorginstituut Nederland,,,,,,Actief,Gemeenten,Gemeente,d6088f73-1be3-46b6-a67d-9045db0842c1,"2016-07-19T15:25:44+00:00"
abcbbeff-4e51-5bfc-b4b1-b79c96291e79,Leverancier,Leverancier,,Zorgmail,,,,,,Actief,Gemeenten,Gemeente,"79a9341e-decf-4010-b2d3-f30d82f4e450","2021-11-10T16:59:57+00:00"
a293ce3b-b19c-561f-a809-d15533b36659,Leverancier,Leverancier,,ZorgNed Automatisering,https://www.zorgned.nl,test.vng.swc+Mhy@gmail.com,+31 23 4567890,,,Actief,Gemeenten,Leverancier,a293ce3b-b19c-561f-a809-d15533b36659,"2014-04-17T13:05:18+00:00"
a293ce3b-b19c-561f-a809-d15533b36659,Leverancier,Leverancier,,ZorgNed Automatisering,https://www.zorgned.nl,test.vng.swc+Mhy@gmail.com,+31 23 4567890,,,Actief,Gemeenten,Samenwerking,d22b9ff2-8b62-4b48-b6ad-7b9e86002cd8,"2022-08-08T14:16:56+00:00"
"079c93d6-9602-5109-a4c6-f27627118af8",Leverancier,Leverancier,,Zorgverkeer,https://zorgverkeer.nl,test.vng.swc+Han@gmail.com,+31 23 4567890,,,Actief,Gemeenten,Leverancier,"079c93d6-9602-5109-a4c6-f27627118af8","2020-05-26T12:23:44+00:00"
"079c93d6-9602-5109-a4c6-f27627118af8",Leverancier,Leverancier,,Zorgverkeer,https://zorgverkeer.nl,test.vng.swc+Han@gmail.com,+31 23 4567890,,,Actief,Gemeenten,Gemeente,dea35f50-183b-4d08-9d7b-96a8623def46,"2020-06-25T08:26:15+00:00"
"0231ddfc-5f42-5951-8153-27dffa670e99",Leverancier,Leverancier,,Zostera,,,,,,Actief,Gemeenten,Gemeente,f6760577-58c8-477d-85b7-06796fdfd82d,"2019-09-18T08:44:52+00:00"
"6011ca2d-a791-50dd-a913-22bd0089cb97",Leverancier,Leverancier,,Zuidhof & Van As,,,,,,Actief,Gemeenten,Gemeente,"1f66615f-fa81-44f6-92e3-eadac6b11eca","2017-11-14T09:58:36+00:00"
b245b295-8b31-5ab4-90c6-eb759c808c02,Leverancier,Leverancier,,Zwemscore,,,,,,Actief,Gemeenten,Gemeente,"85b4ae27-bba1-4239-b041-b17ae7bf6641","2020-05-06T15:08:17+00:00"
ad7d9689-8adf-5b2b-9dc6-c4751ac2d5d6,Leverancier,Leverancier,,Zwolle,,,,,,Actief,Gemeenten,Gemeente,f6760577-58c8-477d-85b7-06796fdfd82d,"2019-08-14T11:26:25+00:00"
f4790e7e-c8a8-5fa9-8e35-52579efc176c,Leverancier,Leverancier,,ZXY Cloud,https://www.zxy-cloud.com,test.vng.swc+Wou@gmail.com,+31 23 4567890,,,Actief,Gemeenten,Leverancier,f4790e7e-c8a8-5fa9-8e35-52579efc176c,"2022-12-12T11:58:10+00:00"
"3f21e7a8-e24b-5573-b98b-d1ad9b8306a9",Leverancier,Leverancier,,Zynyo,https://www.zynyo.com,test.vng.swc+Joo@gmail.com,+31 23 4567890,,,Actief,Gemeenten,Leverancier,"3f21e7a8-e24b-5573-b98b-d1ad9b8306a9","2020-12-03T09:13:20+00:00"
"3f21e7a8-e24b-5573-b98b-d1ad9b8306a9",Leverancier,Leverancier,,Zynyo,https://www.zynyo.com,test.vng.swc+Joo@gmail.com,+31 23 4567890,,,Actief,Gemeenten,Gemeente,e5cb9f1e-3c9f-4a61-b903-651d139a1d43,"2020-04-30T12:25:15+00:00"
c1616142-42f5-4145-8faf-ae1e1fe3cbe6,Samenwerking,Samenwerking,Ambtelijke fusie,ABG Gemeenten,https://www.abg.nl,test.vng.swc+Maa@gmail.com,+31 23 4567890,,"c4777164-8768-494f-8b74-ce090653063d, e236cbe8-688b-4a22-b094-999da2b0dbcf, a72de2d1-9a5a-462f-92e4-a79986d89109",Actief,Gemeenten,Samenwerking,c1616142-42f5-4145-8faf-ae1e1fe3cbe6,"2016-02-19T11:39:56+00:00"
"7d53057f-37d5-4e92-94d0-3e93f50eba24",Samenwerking,Samenwerking,ICT (bijvoorbeeld Shared Service Center),Asten-Someren ICT samenwerking,,test.vng.swc+J@gmail.com,,,"0da54fc5-f705-4840-bdd1-b1a61e5357b9, 13fa60a2-8436-4891-85cc-46d238061553",Actief,Gemeenten,Samenwerking,"7d53057f-37d5-4e92-94d0-3e93f50eba24","2016-07-05T17:43:22+00:00"
"28b1a99b-72de-4179-b6c5-32a3d98146ea",Samenwerking,Samenwerking,Gemeenschappelijke Regeling,"BAR-Organisatie (samenwerking Barendrecht, Albrandswaard, Ridderkerk)",https://www.debedrijfsvoeringspartner.nl,test.vng.swc+Wal@gmail.com,,,"ea661217-960b-45af-9f80-758534be782c, 7388a732-25d9-480c-9827-a3e2586c2656, 837369e3-ef8b-4b6f-8ff6-16d63ff9af41",Actief,Gemeenten,Samenwerking,"28b1a99b-72de-4179-b6c5-32a3d98146ea","2015-04-15T15:11:41+00:00"
"7c5084dc-300b-49c9-955d-5dceb15caf55",Samenwerking,Samenwerking,Ambtelijke fusie,Bedrijfsvoeringseenheid Bommelerwaard (BVEB),,test.vng.swc+Tan@gmail.com,+31 23 4567890,,"e3e8114d-0732-4bdc-94b6-45822f17de4d, 32c53733-eb4b-49f7-9451-7ad09cade085",Actief,Gemeenten,Samenwerking,"7c5084dc-300b-49c9-955d-5dceb15caf55","2017-05-04T14:34:53+00:00"
"7a536a6f-2e72-4f43-9846-dd40ed6a4dec",Samenwerking,Samenwerking,Bedrijfsvoeringsorganisatie,Bedrijfsvoeringsorganisatie De Connectie,,test.vng.swc+Kev@gmail.com,+31 23 4567890,,"9aa7afc7-39a5-41f1-a104-91429c495592, 095b8087-36d2-4df1-b5de-6309427af230, 2f1dea82-05f2-4be0-be7c-01b93a4eacfc",Actief,Gemeenten,Samenwerking,"7a536a6f-2e72-4f43-9846-dd40ed6a4dec","2017-07-18T08:12:40+00:00"
"696cfc65-3c78-4deb-a0fa-5693407e76eb",Samenwerking,Samenwerking,Bedrijfsvoeringsorganisatie,Bedrijfsvoeringsorganisatie Rijn en Braassem,https://www.alphenaandenrijn.nl,test.vng.swc+Ede@gmail.com,+31 23 4567890,,"19aa7eda-1fcb-4af7-8fc3-b31d44597b63, 2c25a9e0-0c1a-4f24-9804-6ee64310bea9",Actief,Gemeenten,Samenwerking,"696cfc65-3c78-4deb-a0fa-5693407e76eb","2018-01-16T17:42:00+00:00"
c6e84162-d5c1-41fa-a671-c2a6b9d2114e,Samenwerking,Samenwerking,ICT (bijvoorbeeld Shared Service Center),Bedrijfsvoeringsorganisatie West-Betuwe (BvoWB),https://www.bvowb.nl,test.vng.swc+K@gmail.com,,,"8687f2d2-dedb-4a65-b90f-c6f3963e7487, 63dc0d57-fabf-4634-aadc-1c2343a18f30, d0d14388-6db4-4943-b0ed-dc1a20714505",Actief,Gemeenten,Samenwerking,c6e84162-d5c1-41fa-a671-c2a6b9d2114e,"2015-04-13T17:04:50+00:00"
e2804e54-d985-49f6-9bcb-49018022cc6e,Samenwerking,Samenwerking,Ambtelijke fusie,Beemster Purmerend,,,,,,Actief,Gemeenten,Samenwerking,e2804e54-d985-49f6-9bcb-49018022cc6e,"2016-02-04T18:25:28+00:00"
"404873c8-6d25-4b7f-96ef-08f69680e758",Samenwerking,Samenwerking,Ambtelijke fusie,"BEL-Combinatie (Blaricum, Eemnes, Laren)",https://www.belcombinatie.nl,test.vng.swc+Car@gmail.com,+31 23 4567890,,"96b6210e-4236-47c5-be2c-46f825b0276f, 769b4359-b891-4198-b924-86e1bb7f6cdd, ed2cee05-845e-4554-830e-6b34a92ba4a1",Actief,Gemeenten,Samenwerking,"404873c8-6d25-4b7f-96ef-08f69680e758","2015-02-09T14:16:16+00:00"
"8c491f6d-526b-422c-a76a-1876c3ad6f95",Samenwerking,Samenwerking,Belastingsamenwerking,Belasting Samenwerking voor Gemeenten en Waterschappen (BsGW),https://www.bsgw.nl,,,,"30e292cc-61cf-411b-9d29-5f670ee6adb7, 6d9c64bb-1938-44da-ac15-15ca0cb80cbc, d70e7220-833b-4bd6-ba32-b8dec10a9b89, d3bd1fce-d247-4a9c-93a0-a52c9a89e282, 8e2be4d7-6f71-4138-9725-350ca5f5370d, 6a706348-e2e7-41fe-b9b6-24ccf4c37cc1, bd186c79-d0c4-4dea-b4fc-cc95949fcfb5, 5cb338f0-2fd5-4da2-8d33-54b2065a663a, 38b23e24-b2c9-410e-83ce-44e66bfba429, 4b8b5369-455f-4904-a85e-f3705dfc5a8b, 78c5ab73-a49c-432e-9ae1-aab6cf7cc0f7, 3b9bb816-ade8-44ba-98a1-611e05ebb84b, 22fc6f37-e8cd-45f7-9441-095acbfe7f7c, 39a6abee-c408-422c-b3e2-71ed1fd94f90, e95f469a-2d54-446e-a9dc-8ebeb1a21ca4, 23ee7789-c62a-4344-91e1-8aa43cea91b2, d492c8e6-bc8d-453f-9ab7-a4c6690cbe62, a75aa25a-b2a1-4fb1-9c18-5fbc0109152c, c8fd7e56-b681-43b0-a50f-659c48fd5bf5, 5262679f-54ac-48f4-af75-cbfa9fd55ae1, b096ab23-9242-4e09-9313-c13cb784a3c9, 364c76e5-1ef6-4bc3-95dd-f01be3c64669, 01cbfa8e-e58f-4246-97b3-b115cf01f7e0, 9c21469a-e15c-49e8-8943-b552788372ec, b6a3804a-012d-452e-859d-9955e1bd6bc2, 8f815a1f-8d8c-46cd-89a7-4218c1a43d21, afc57f25-5450-4621-a1f1-7c847bcb5933",Actief,Gemeenten,Samenwerking,"8c491f6d-526b-422c-a76a-1876c3ad6f95","2016-01-12T11:46:16+00:00"
"6da869d5-3ab3-4fbf-9a4e-a037ed0d2ec1",Samenwerking,Samenwerking,Belastingsamenwerking,Belastingsamenwerking Amstelland,https://www.gemeentebelastingenamstelland.nl,test.vng.swc+A@gmail.com,+31 23 4567890,,"e1863e39-a0d3-4384-b359-a3f0d98af2c8, 7dd39288-b23c-4a6e-9c8c-1b3dfc7b2392, 35537ae8-70b1-4ea8-ae6a-dd9a31e1b3b8, b8f6c562-92f8-4d45-b307-1cc27ba5e560, 25423a74-7a95-44e5-ad48-d3240f2323f5, 4eea92fd-7757-46dd-bb2a-7c83a81558bd",Actief,Gemeenten,Samenwerking,"6da869d5-3ab3-4fbf-9a4e-a037ed0d2ec1","2015-04-07T11:20:54+00:00"
"51921112-2edd-4a2b-bf16-0dd590762deb",Samenwerking,Samenwerking,Belastingsamenwerking,Belastingsamenwerking Oost-Brabant (BSOB),https://www.bs-ob.nl,test.vng.swc+Hva@gmail.com,,,"d9d26b84-5245-42a3-b84e-97b4de8f0f03, 7d0697a4-c69c-4e05-ba08-5a2516c21363, 269a3750-61f1-41f0-b03b-e53ab7eb6315, 0da54fc5-f705-4840-bdd1-b1a61e5357b9, 13fa60a2-8436-4891-85cc-46d238061553, 38b6a38e-991a-4940-b499-e362b38d2feb, 189e8388-50f5-4416-b7de-ebffaa56b9a4, 2dc07139-15f7-4efa-82be-701ff40773fd, c9ff5da7-1b40-4991-aff2-0159ce47ceaa",Actief,Gemeenten,Samenwerking,"51921112-2edd-4a2b-bf16-0dd590762deb","2015-07-16T14:53:07+00:00"
"8baef59c-0135-4baf-862e-92e0e71d949e",Samenwerking,Samenwerking,Belastingsamenwerking,Belastingsamenwerking Rivierenland (BSR),https://www.bsr.nl,test.vng.swc+D@gmail.com,+31 23 4567890,,"63dc0d57-fabf-4634-aadc-1c2343a18f30, 8687f2d2-dedb-4a65-b90f-c6f3963e7487, fea3c97a-7d59-47a0-86b0-4f842980a8c3, 32c53733-eb4b-49f7-9451-7ad09cade085, 1880c34d-da3f-4e29-8a36-49f96e2e0392, da4c5341-98f2-404f-995a-99f11d76643d, f255ea3b-8351-4e0d-9e7b-f5efa97fa199",Actief,Gemeenten,Samenwerking,"8baef59c-0135-4baf-862e-92e0e71d949e","2015-05-19T09:44:35+00:00"
"7075a889-5822-4edc-80c1-918e1a1ca50d",Samenwerking,Samenwerking,Belastingsamenwerking,"Belastingsamenwerking Tribuut Apeldoorn, Epe, Lochem, Voorst, Zutphen",,,,,"d620f6fd-1d42-4bf7-a46a-d26c1c8cdfc9, e604cac6-2ba6-4c23-9197-85a4df340e6c, ddf0e7af-285a-4853-ad18-dce8f58c7d5f, 4f0860d5-d31c-4a4d-9ec2-541bfe72860f, 7738e2c7-d435-4884-9827-d62583ba48a7",Actief,Gemeenten,Samenwerking,"7075a889-5822-4edc-80c1-918e1a1ca50d","2016-01-12T11:53:57+00:00"
"1d299c60-cae1-4550-a7f9-dc8d79cab5c6",Samenwerking,Samenwerking,Gemeenschappelijke Regeling,Belastingsamenwerking West-Brabant,https://www.bwbrabant.nl,test.vng.swc+Inf@gmail.com,+31 23 4567890,,"c4777164-8768-494f-8b74-ce090653063d, 33673cd7-cba4-4ef3-9677-c64eb21d0c13, b71a4bb9-89ab-41e2-9d25-8f8c6754afc9, 26f29531-8849-490d-a7d7-2836e6fd4da3, 1fbdf5f9-d227-443f-a455-b4893d6f96db, 4e4992f8-6ef0-452b-9d71-fcad5de41c65, f8cb8df4-a098-451a-896b-bda12d03895e, abaf8feb-b22c-4198-8a84-accc8d137da5, e3840d25-451b-4107-a5f0-0588d4fca3ee, f4812c10-70df-4780-ae37-6f6ead9bce80",Actief,Gemeenten,Samenwerking,"1d299c60-cae1-4550-a7f9-dc8d79cab5c6","2015-08-31T14:55:36+00:00"
ffd75ddd-0007-4417-916c-df4768febdab,Samenwerking,Samenwerking,ICT (bijvoorbeeld Shared Service Center),Bloemendaal-Heemstede,,,,,"f85a6bf9-4478-481b-a1b6-d7a5ea1fa647, 72615a0b-8276-4f0c-ac73-82ee98c80d0b",Actief,Gemeenten,Samenwerking,ffd75ddd-0007-4417-916c-df4768febdab,"2015-02-10T11:36:27+00:00"
"6072dd86-ca24-4eb1-aa3d-520b5ca3bce9",Samenwerking,Samenwerking,ICT (bijvoorbeeld Shared Service Center),"BLOU (ICT samenwerking i.o. Bernheze, Landerd, Oss, Uden)",,test.vng.swc+Fra@gmail.com,+31 23 4567890,,"2dc07139-15f7-4efa-82be-701ff40773fd, d9d26b84-5245-42a3-b84e-97b4de8f0f03",Actief,Gemeenten,Samenwerking,"6072dd86-ca24-4eb1-aa3d-520b5ca3bce9","2015-11-24T11:31:47+00:00"
"2839da40-b17f-4332-a878-f39ad1369ce1",Samenwerking,Samenwerking,Omgevingsdienst,DCMR Milieudienst Rijnmond,https://www.dcmr.nl,test.vng.swc+Jaa@gmail.com,,,"ea661217-960b-45af-9f80-758534be782c, 7388a732-25d9-480c-9827-a3e2586c2656, db3b997f-5a48-4133-bd9d-5695acf2a521, 67fb30e3-af7c-45dc-8791-9ba3b03aa704, 1ffc9bf5-b2ba-463c-80de-8d1430a3ac83, cb363c0a-9e4f-4158-b050-158e764e035f, 8d6548e4-da96-4d52-b866-db16bea7bb1a, 91a2ab0f-25aa-43bd-b4e6-c8ef360fa0f2, 87cf05e3-7358-4007-9cbf-1cb61eb7ec8d, 837369e3-ef8b-4b6f-8ff6-16d63ff9af41, b70f1957-81dd-42da-b299-c5fd25c188d4, 11116e43-889d-4f50-92eb-ce630ebafd9e, 098fa2df-f721-4d5d-802f-d555af15639d",Actief,Gemeenten,Samenwerking,"2839da40-b17f-4332-a878-f39ad1369ce1","2016-09-13T15:54:21+00:00"
"688000a2-5bb3-476b-b002-2a37120d0b3f",Samenwerking,Samenwerking,ICT (bijvoorbeeld Shared Service Center),"DEAL (Samenwerking Delfzijl, Eemsmond, Appingedam, Loppersum)",,test.vng.swc+A@gmail.com,,,"",Actief,Gemeenten,Samenwerking,"688000a2-5bb3-476b-b002-2a37120d0b3f","2015-06-29T12:42:13+00:00"
e5f1e489-8b01-4f8c-ae54-948aad170ac3,Samenwerking,Samenwerking,ICT (bijvoorbeeld Shared Service Center),"Dienst Dommelvallei (GR Geldrop-Mierlo, Nuenen, Son en Breugel)",https://www.dienstdommelvallei.nl,test.vng.swc+S@gmail.com,,,"0709754b-8c2a-448b-97d9-8a1769e6005e, 80e99962-15ee-42e8-9bae-b3cb4f63d36e, a715b484-74aa-4383-8d2b-359aed5dc919",Actief,Gemeenten,Samenwerking,e5f1e489-8b01-4f8c-ae54-948aad170ac3,"2015-02-25T08:40:42+00:00"
"8f6da65e-462a-4eea-b135-f71254fea74e",Samenwerking,Samenwerking,Sociaal Domein samenwerking,Dienst SZW Noardwest Fryslan,https://www.sozawe-nw-fryslan.nl,test.vng.swc+P@gmail.com,+31 23 4567890,,"c2839fd8-4678-4fed-87a2-cba551f5b114, 36b72ebe-e6e9-4fe1-99d2-aa4a0b8d4b91, 0205f65c-9dc9-421b-bcbf-4719bc0775e4, 8c82c910-6e18-4e86-9477-8c7dd043e5a5",Actief,Gemeenten,Samenwerking,"8f6da65e-462a-4eea-b135-f71254fea74e","2016-05-17T17:25:36+00:00"
"0c5ad4de-beb5-4fe6-bad1-be4c054a84ae",Samenwerking,Samenwerking,ICT (bijvoorbeeld Shared Service Center),"Duiven, Westervoort, Zevenaar",,test.vng.swc+B@gmail.com,+31 23 4567890,,"0830b6df-4965-4306-97f4-5d0e15b165a0, ab8c21a3-105a-437c-be7e-41553dff6dc4, cb74c831-dcd3-41b8-8e23-425f39de5a7b",Actief,Gemeenten,Samenwerking,"0c5ad4de-beb5-4fe6-bad1-be4c054a84ae","2015-05-26T14:42:16+00:00"
"04aa8ddb-30e1-4008-8540-24ab5e81dd2b",Samenwerking,Samenwerking,Uitvoeringsorganisatie,"DUO+: Diemen, Ouder-Amstel en Uithoorn",https://www.duoplus.nl,test.vng.swc+Pet@gmail.com,,,"35537ae8-70b1-4ea8-ae6a-dd9a31e1b3b8, b8f6c562-92f8-4d45-b307-1cc27ba5e560, 25423a74-7a95-44e5-ad48-d3240f2323f5",Actief,Gemeenten,Samenwerking,"04aa8ddb-30e1-4008-8540-24ab5e81dd2b","2015-02-06T14:12:28+00:00"
"4a0233a4-ea38-47ae-86f5-e3bd348b8deb",Samenwerking,Samenwerking,Gemeentelijke herindeling (gepland),Eemsdelta,https://www.eemsdelta.nl,test.vng.swc+W@gmail.com,+31 23 4567890,,"",Actief,Gemeenten,Samenwerking,"4a0233a4-ea38-47ae-86f5-e3bd348b8deb","2019-05-03T08:13:46+00:00"
"607cbbbe-0b0c-4e94-946d-45a4f7f4ba18",Samenwerking,Samenwerking,ICT (bijvoorbeeld Shared Service Center),Equalit,https://www.equalit.nl,test.vng.swc+A@gmail.com,+31 23 4567890,,"c4777164-8768-494f-8b74-ce090653063d, e236cbe8-688b-4a22-b094-999da2b0dbcf, 90e7b266-4ac8-41fb-bf24-c2b8bb1eb351, e4bb14f8-af29-4958-a9b0-befbe65bcee4, a0bc2e58-d219-4e51-84af-cf3c334591b2, abaf8feb-b22c-4198-8a84-accc8d137da5, a72de2d1-9a5a-462f-92e4-a79986d89109, f4812c10-70df-4780-ae37-6f6ead9bce80, 8931f517-6573-45cd-bb1d-c182151a069f, a7372db3-c294-42e4-a52a-55246c3fd050, c9e26ee2-0de6-476a-85e2-631a5e84ea42",Actief,Gemeenten,Samenwerking,"607cbbbe-0b0c-4e94-946d-45a4f7f4ba18","2015-03-30T10:10:42+00:00"
c6f6c357-743f-4bd9-a437-d6e41d4d4c2d,Samenwerking,Samenwerking,Sociaal Domein samenwerking,Fijnder (Sociale Dienst Oost Achterhoek),https://www.socialedienstoostachterhoek.nl,test.vng.swc+Mar@gmail.com,,,"24e2f780-e346-434e-b687-6502f63971d5, 311ae210-a58e-44b9-80cc-6dd5f9349e96, b8011e5f-e6ab-4bd5-be79-417517fe41b3",Actief,Gemeenten,Samenwerking,c6f6c357-743f-4bd9-a437-d6e41d4d4c2d,"2017-12-18T11:41:14+00:00"
c349e17c-4f3d-400e-8621-f2c0f7cf378b,Samenwerking,Samenwerking,Omgevingsdienst,Friese Uitvoeringsdienst Milieu en Omgeving,https://www.fumo.nl,test.vng.swc+S@gmail.com,+31 23 4567890,,"4b441630-bc37-4337-9908-b3ffeaf5393a, 3ddb44e4-b009-4989-adb2-82b2b079f4e2, 81e0fc01-74f8-4439-b2e5-ee7c957e32ae, 8c82c910-6e18-4e86-9477-8c7dd043e5a5, 97a3b6fb-90f7-45cf-ae37-003febf346ef, c2839fd8-4678-4fed-87a2-cba551f5b114, b0eea343-8d48-4144-a80d-2022d60c097f, 0e29a030-f0e8-4e82-9d34-43a000861af6, 9b562277-bb20-45d8-8127-e27c9c7a784f, 47d7d5c8-f0d0-43b2-a6b5-cdc0667ba469, 28a5ac0e-e9ad-4aee-a198-b746853cc024, 2a8fe6b8-7036-4975-a786-2283dddcf05a, e9bf3b82-2033-44cb-8b49-884dc4d25540, 36b72ebe-e6e9-4fe1-99d2-aa4a0b8d4b91, 6585ae1a-208b-48e7-a08d-5aac2f0f29b4, 0205f65c-9dc9-421b-bcbf-4719bc0775e4, 8084132e-901b-41dd-b415-747116ff68c6, fbe33151-fbb7-4486-9d5c-582bcf5fdef6",Actief,Gemeenten,Samenwerking,c349e17c-4f3d-400e-8621-f2c0f7cf378b,"2016-09-13T15:03:58+00:00"
c80da306-528c-4c05-a231-e110a9b16b70,Samenwerking,Samenwerking,Uitvoeringsorganisatie,Gemeenschappelijke regeling Avres,https://www.avres.nl,test.vng.swc+Rva@gmail.com,+31 23 4567890,,"0fe772ed-ba30-40cf-8f5d-922a3038a068, ee2cfcb1-a184-4e5c-85f0-8fc3ad859ddc, 207e0713-76bb-4a76-885f-13c6977a259c",Actief,Gemeenten,Samenwerking,c80da306-528c-4c05-a231-e110a9b16b70,"2021-08-11T11:25:35+00:00"
e2ff28f5-0d11-4f4e-bd18-ad3877f28d02,Samenwerking,Samenwerking,ICT (bijvoorbeeld Shared Service Center),Gemeenschappelijke Regeling Drechtsteden (GRD),https://www.drechtsteden.nl,test.vng.swc+Mlc@gmail.com,+31 23 4567890,,"27e8436c-c067-4c8f-96c9-34b055b7e795, cc04b9da-fb9e-4ccd-ae03-28182b8d39fb, 0ec8116c-766f-436f-9888-1e5bf4f6566c, e0583764-effb-4ef3-8ef9-bf17c36d0852, 877aec9e-3675-4739-a9c8-984f8e779507, d4e731d8-263d-4b94-aeb0-cfaee2fdf18e",Actief,Gemeenten,Samenwerking,e2ff28f5-0d11-4f4e-bd18-ad3877f28d02,"2014-12-16T10:27:42+00:00"
"09319c39-37a2-4e39-9de6-f81708f79ea9",Samenwerking,Samenwerking,Sociaal Domein samenwerking,Gemeenschappelijke Regeling Jeugd en Wmo Midden-Holland (GR JW),https://www.grjw.nl,test.vng.swc+Mar@gmail.com,,,"311c99f5-18d7-478b-b615-faf55530142a, 81286a6e-ac05-451f-8f7b-f8b5111bd530, b2301b50-241e-4a1d-b1cc-f50d5e83458f, 3f7cdf8f-197e-4d8b-9aec-0e8a1b505fde, 2af271e0-a05b-460d-88c9-24c06b6eabe5",Actief,Gemeenten,Samenwerking,"09319c39-37a2-4e39-9de6-f81708f79ea9","2025-09-17T11:40:28+00:00"
"66b5d90b-8009-442f-9512-8d4cba83ef3b",Samenwerking,Samenwerking,Ambtelijke fusie,"Gemeenschappelijke Regeling Werkorganisatie HLTsamen (Ambtelijke fusie Hillegom, Lisse, Teylingen)",,test.vng.swc+D@gmail.com,,,"ebc0c5b3-27f7-4259-9ae1-a6451090aa50, 8cd04cab-46ce-4a04-b082-5a406be405ec, fdf34baf-8ef3-42ca-860b-525e1a3084c8",Actief,Gemeenten,Samenwerking,"66b5d90b-8009-442f-9512-8d4cba83ef3b","2016-04-13T11:47:32+00:00"
"1f3d80a2-561d-4ff6-b42b-e8868ad0a9a5",Samenwerking,Samenwerking,Gemeenschappelijke Regeling (samenwerking meerdere domeinen),GR de Bevelanden,,test.vng.swc+P@gmail.com,+31 23 4567890,,"1e66cc98-1d66-4955-97a1-343571383c76, c345d2bc-98b4-4fa9-8aa3-21ba885375a0, 5e6c9fb0-6a38-4065-8a70-6f5e27a856ef, 6245803e-3c7f-4527-a582-488b370189b9, 2177e079-a458-4d0c-84f9-139058aace92",Actief,Gemeenten,Samenwerking,"1f3d80a2-561d-4ff6-b42b-e8868ad0a9a5","2016-02-05T09:40:07+00:00"
dd6a2c6c-fe81-4e57-b412-45c4ebc9f032,Samenwerking,Samenwerking,ICT (bijvoorbeeld Shared Service Center),"GRID (Samenwerking Pekela, Veendam, Westerwolde en Oldambt)",https://gridnv.nl,test.vng.swc+Ber@gmail.com,+31 23 4567890,,"44924c74-a91c-4e83-80ec-8fd1b52556a5, 4b737290-78e1-49a5-9312-721083009c8b, 5fd035bf-903a-4f7c-89ba-78c5239ac56a, 9384ee66-e19d-4cb1-be5a-861436ad9d67",Actief,Gemeenten,Samenwerking,dd6a2c6c-fe81-4e57-b412-45c4ebc9f032,"2015-05-06T14:34:47+00:00"
d14cccfd-3dd3-4f31-b857-cfcbe599c086,Samenwerking,Samenwerking,Gemeenschappelijke Regeling (samenwerking meerdere domeinen),Het Gegevenshuis,https://www.gegevenshuis.nl,test.vng.swc+Rai@gmail.com,+31 23 4567890,,"d3bd1fce-d247-4a9c-93a0-a52c9a89e282, 6a706348-e2e7-41fe-b9b6-24ccf4c37cc1, 38b23e24-b2c9-410e-83ce-44e66bfba429, 4b8b5369-455f-4904-a85e-f3705dfc5a8b, 78c5ab73-a49c-432e-9ae1-aab6cf7cc0f7, 364991e9-f0d6-4aaf-85ec-9cf96e7943b2, 5262679f-54ac-48f4-af75-cbfa9fd55ae1, 8f815a1f-8d8c-46cd-89a7-4218c1a43d21, 01cbfa8e-e58f-4246-97b3-b115cf01f7e0, 6d9c64bb-1938-44da-ac15-15ca0cb80cbc, 9c21469a-e15c-49e8-8943-b552788372ec, b096ab23-9242-4e09-9313-c13cb784a3c9",Actief,Gemeenten,Samenwerking,d14cccfd-3dd3-4f31-b857-cfcbe599c086,"2018-01-26T13:25:46+00:00"
"773f997c-ed8e-4e81-b4cc-422efec10dc7",Samenwerking,Samenwerking,ICT (bijvoorbeeld Shared Service Center),i-Dienst ICT-samenwerking Hattem Heerde Oldebroek,,test.vng.swc+Rsa@gmail.com,+31 23 4567890,,"a010aebb-95c3-4b8b-b25b-e76b7a128cc3, 92f8585f-3bfe-4ff3-929a-d751db3b128c, f64d2d60-6fc2-4271-8347-4c30a760a6a5",Actief,Gemeenten,Samenwerking,"773f997c-ed8e-4e81-b4cc-422efec10dc7","2015-10-15T12:09:43+00:00"
"0d02f929-8706-45e3-b8b0-82f373465704",Samenwerking,Samenwerking,ICT (bijvoorbeeld Shared Service Center),I-werkorganisatie DOWR,,test.vng.swc+Jor@gmail.com,+31 23 4567890,,"49f17690-c60f-4d1e-844c-4e84d473e39a, d328e7bc-4c85-4346-ba9a-90942a83d779, ec92526a-9baa-4fa7-8a42-7a1d75cfc64a",Actief,Gemeenten,Samenwerking,"0d02f929-8706-45e3-b8b0-82f373465704","2015-07-23T12:22:57+00:00"
b4afe8aa-5c89-4924-879d-1daebc4ad082,Samenwerking,Samenwerking,ICT (bijvoorbeeld Shared Service Center),IJsselgemeenten (GR Krimpen+Capelle a/d IJssel voor ICT en Soc.Dienst),https://www.ijsselgemeenten.nl,test.vng.swc+J@gmail.com,,,"cb363c0a-9e4f-4158-b050-158e764e035f, 67fb30e3-af7c-45dc-8791-9ba3b03aa704",Actief,Gemeenten,Samenwerking,b4afe8aa-5c89-4924-879d-1daebc4ad082,"2015-02-03T15:40:49+00:00"
"742d5465-6eb5-4343-8727-4f17abc2e2f0",Samenwerking,Samenwerking,ICT (bijvoorbeeld Shared Service Center),"Meerinzicht (samenwerking Ermelo, Harderwijk, Zeewolde)",,test.vng.swc+J@gmail.com,+31 23 4567890,,"cdf95eee-39af-4847-a06f-5b46768d1887, 256ec30e-c208-42f7-ba6c-29a63225cf77, 49f18a47-fb89-4587-9fbd-a3f994cfc895",Actief,Gemeenten,Samenwerking,"742d5465-6eb5-4343-8727-4f17abc2e2f0","2015-02-10T09:45:25+00:00"
"622e0e7e-b285-4f96-bb4d-89b286cde3ec",Samenwerking,Samenwerking,Ambtelijke fusie,MijnGemeenteDichtbij,https://www.mijngemeentedichtbij.nl,test.vng.swc+F@gmail.com,+31 23 4567890,,"f643a8ce-525d-463e-992a-a0d7d612d9d9, 58dac655-f256-4e33-8fe4-65f56fdbe4cd",Actief,Gemeenten,Samenwerking,"622e0e7e-b285-4f96-bb4d-89b286cde3ec","2016-02-04T19:22:46+00:00"
"8b93815e-9c4f-4d47-a45a-281edaff40f4",Samenwerking,Samenwerking,Belastingsamenwerking,"Munitax (Belastingsamenwerking Berg en Dal, Beuningen, Druten, Heumen en Wijchen",https://www.munitax.nl,test.vng.swc+Pet@gmail.com,,,"16b45e38-297f-47ab-bc12-541d21499bdb, 79a0ea30-b70c-47e3-8f03-8e15a8599243, f7315496-8c82-49f8-9c1e-f2663261f274, 862e3a76-e104-44e2-ae75-45d0170b11aa, d6088f73-1be3-46b6-a67d-9045db0842c1",Actief,Gemeenten,Samenwerking,"8b93815e-9c4f-4d47-a45a-281edaff40f4","2016-08-31T15:35:43+00:00"
a5627d83-539c-4f44-a96d-8b2e81706b83,Samenwerking,Samenwerking,Ambtelijke fusie,Noaberkracht Dinkelland Tubbergen,,test.vng.swc+W@gmail.com,,,"2d073496-5139-4c3a-9c56-c7e4ced8e2ba, e0b24c31-ff0a-472f-a7f7-0215481b365a",Actief,Gemeenten,Samenwerking,a5627d83-539c-4f44-a96d-8b2e81706b83,"2014-12-15T18:38:37+00:00"
"3dbd6902-dc5b-4b6f-8c09-e3cf383f8ed1",Samenwerking,Samenwerking,ICT (bijvoorbeeld Shared Service Center),NVSI,,test.vng.swc+R@gmail.com,,,"",Actief,Gemeenten,Samenwerking,"3dbd6902-dc5b-4b6f-8c09-e3cf383f8ed1","2015-06-24T14:51:45+00:00"
"085bea85-3674-4006-97f4-75f137f6e6fb",Samenwerking,Samenwerking,Omgevingsdienst,Omgevingsdienst Achterhoek,https://www.odachterhoek.nl,test.vng.swc+Mal@gmail.com,+31 23 4567890,,"53873206-6267-4cc5-b24a-726e0e013ac3, 24e2f780-e346-434e-b687-6502f63971d5, 41301287-5c86-467d-8afb-7947df0e0b5d, 594c14ea-d309-4e9d-aadc-4bdac7d2584d, ddf0e7af-285a-4853-ad18-dce8f58c7d5f, 0c2ed450-ea9d-4a0d-afe0-9fdb632da8dc, 311ae210-a58e-44b9-80cc-6dd5f9349e96, f2fb4e64-9967-47e5-a5b8-8bab3b71a800, b8011e5f-e6ab-4bd5-be79-417517fe41b3, 7738e2c7-d435-4884-9827-d62583ba48a7",Actief,Gemeenten,Samenwerking,"085bea85-3674-4006-97f4-75f137f6e6fb","2016-03-10T10:52:01+00:00"
"7ea75b27-1d02-43da-a6ac-da8255202e26",Samenwerking,Samenwerking,Omgevingsdienst,Omgevingsdienst Brabant Noord,https://www.odbn.nl,test.vng.swc+Rne@gmail.com,+31 23 4567890,,"2dc07139-15f7-4efa-82be-701ff40773fd, 7d0697a4-c69c-4e05-ba08-5a2516c21363, f643a8ce-525d-463e-992a-a0d7d612d9d9, d9d26b84-5245-42a3-b84e-97b4de8f0f03, 8c3363d7-2269-49fd-ac71-5b4e9b809ed3, 8adeb567-defe-4dd0-8887-f1c01889308c, 58dac655-f256-4e33-8fe4-65f56fdbe4cd, a14883c0-8e70-4381-bd75-1ecc3e4ef785",Actief,Gemeenten,Samenwerking,"7ea75b27-1d02-43da-a6ac-da8255202e26","2015-06-10T08:48:32+00:00"
"8ce443f6-1765-4a92-bf86-3cb70cdc2f6a",Samenwerking,Samenwerking,Omgevingsdienst,Omgevingsdienst De Vallei,https://www.oddevallei.nl,test.vng.swc+E@gmail.com,+31 23 4567890,,"349e6027-b7c4-42ac-88e6-a5f17fc833f6, 8e0e04d8-8574-4a5e-9505-49dfbde3ad3a, cb54cdcf-f60b-4cf4-b938-2515e482ce95, e606cb1a-7096-4d1f-8d2c-435bdac3e690, 8e0729ca-7e07-45b1-ab6a-6d947fdd9f54",Actief,Gemeenten,Samenwerking,"8ce443f6-1765-4a92-bf86-3cb70cdc2f6a","2016-03-10T11:23:52+00:00"
"35f7a1be-1a1d-400d-ab9c-167d1c01d76e",Samenwerking,Samenwerking,Omgevingsdienst,Omgevingsdienst Flevoland Gooi en Vechtstreek,https://www.ofgv.nl,,,,"1f66615f-fa81-44f6-92e3-eadac6b11eca, 96b6210e-4236-47c5-be2c-46f825b0276f, 8908e84f-8ac2-41be-8cd8-95adbacf48df, 0844b9eb-2d66-445c-a183-1095d7fa0bf7, 90cb9d65-8a63-4bea-8631-57c9c818c72e, 905dbf9e-94a6-4ddd-9778-77e69f3900f1, ed2cee05-845e-4554-830e-6b34a92ba4a1, 88d860d6-83ee-4e26-bf9b-225e549ba461, 3f8a0f92-979c-4cae-9ddf-7147a036d60b, 5c01e729-1fc1-47c3-b740-801eb01cbae2, c1e1e352-30cf-4f9d-bea3-ab1825f668a6, 49f18a47-fb89-4587-9fbd-a3f994cfc895",Actief,Gemeenten,Samenwerking,"35f7a1be-1a1d-400d-ab9c-167d1c01d76e","2016-09-13T16:01:41+00:00"
e60fc212-74ea-439a-8835-32a46d082471,Samenwerking,Samenwerking,Omgevingsdienst,Omgevingsdienst Groningen,https://www.od-groningen.nl,,,,"5fd035bf-903a-4f7c-89ba-78c5239ac56a, 4bfb4c05-0c9d-4138-b0d2-90a09374caf4, 9384ee66-e19d-4cb1-be5a-861436ad9d67, 44924c74-a91c-4e83-80ec-8fd1b52556a5, 0a3fcaad-0a88-4f8c-8b63-91201ddecdca, 4b737290-78e1-49a5-9312-721083009c8b",Actief,Gemeenten,Samenwerking,e60fc212-74ea-439a-8835-32a46d082471,"2016-09-13T14:56:49+00:00"
"16354a8b-d3c8-4328-93d0-3b39681e4646",Samenwerking,Samenwerking,Omgevingsdienst,Omgevingsdienst IJmond,https://www.odijmond.nl,test.vng.swc+Kbr@gmail.com,+31 23 4567890,,"f63a28ee-64e0-48bc-951f-e25617bed1f6, f85a6bf9-4478-481b-a1b6-d7a5ea1fa647, daa59355-5ba2-47d7-89e1-637c53838f70, a9cf6f01-0195-4ade-b357-2a5a84048e34, 594d1a96-ef07-4193-9359-26a3301b7ef1, 72615a0b-8276-4f0c-ac73-82ee98c80d0b, ee339831-ab89-4d86-8914-85a9cabda275, 696cad4e-2743-41b4-8243-a69171012d49, 44186862-2873-43d2-b446-f6811e3627f6, 81e76470-ba29-4701-a94a-5c5b0d8f6972, 52caa365-fa44-4d93-b456-8e8774081b53, 4395dfdd-1c9d-4039-9c99-6817e13e62d7, 02fe378e-6e85-49eb-ba3e-61641834ab00, f5e9de66-fa74-407e-a061-331a2cf226f5",Actief,Gemeenten,Samenwerking,"16354a8b-d3c8-4328-93d0-3b39681e4646","2016-03-10T11:10:47+00:00"
dff6f1d5-59f6-4e8a-aa21-fd534a76cab3,Samenwerking,Samenwerking,Omgevingsdienst,Omgevingsdienst Midden- en West-Brabant,https://www.omwb.nl,,,,"c4777164-8768-494f-8b74-ce090653063d, e236cbe8-688b-4a22-b094-999da2b0dbcf, 33673cd7-cba4-4ef3-9677-c64eb21d0c13, b71a4bb9-89ab-41e2-9d25-8f8c6754afc9, 26f29531-8849-490d-a7d7-2836e6fd4da3, 6257908f-f29b-4b3b-9501-b1ffb71d025a, 1fbdf5f9-d227-443f-a455-b4893d6f96db, cd3ad582-40da-4de1-a230-fcfd33fef75e, a72de2d1-9a5a-462f-92e4-a79986d89109, 8931f517-6573-45cd-bb1d-c182151a069f, 4e4992f8-6ef0-452b-9d71-fcad5de41c65, 3f730be9-9e9a-42fb-b0d2-a5191d194b44, 90e7b266-4ac8-41fb-bf24-c2b8bb1eb351, e4bb14f8-af29-4958-a9b0-befbe65bcee4, f8cb8df4-a098-451a-896b-bda12d03895e, a0bc2e58-d219-4e51-84af-cf3c334591b2, abaf8feb-b22c-4198-8a84-accc8d137da5, e3840d25-451b-4107-a5f0-0588d4fca3ee, 1c68c344-2292-4bf5-9a98-fc8c86d60297, a7372db3-c294-42e4-a52a-55246c3fd050, 963a9aa4-e02a-4f3b-93b9-eef410a4d43e, 35142b1e-c394-4a4b-a8bf-1445dbfb62cb, f4812c10-70df-4780-ae37-6f6ead9bce80, c9e26ee2-0de6-476a-85e2-631a5e84ea42",Actief,Gemeenten,Samenwerking,dff6f1d5-59f6-4e8a-aa21-fd534a76cab3,"2016-09-13T16:13:13+00:00"
"116f7f3c-e1b3-4f75-aff8-616306fc85ab",Samenwerking,Samenwerking,Omgevingsdienst,Omgevingsdienst Midden-Holland,,test.vng.swc+Nwi@gmail.com,,,"81286a6e-ac05-451f-8f7b-f8b5111bd530, 2af271e0-a05b-460d-88c9-24c06b6eabe5, b2301b50-241e-4a1d-b1cc-f50d5e83458f, 3f7cdf8f-197e-4d8b-9aec-0e8a1b505fde, 311c99f5-18d7-478b-b615-faf55530142a, 19aa7eda-1fcb-4af7-8fc3-b31d44597b63",Actief,Gemeenten,Samenwerking,"116f7f3c-e1b3-4f75-aff8-616306fc85ab","2014-12-15T18:56:05+00:00"
"2104b4a3-df88-4769-9f7f-52971e1f3cfe",Samenwerking,Samenwerking,Omgevingsdienst,Omgevingsdienst Rivierenland,https://www.odrivierenland.nl,test.vng.swc+P@gmail.com,,,"d7bc0706-2dc7-41b6-9f28-95fe62d20e93, 8687f2d2-dedb-4a65-b90f-c6f3963e7487, 32c53733-eb4b-49f7-9451-7ad09cade085, ae750e6d-8a21-4edf-a06d-f023216a6f05, 63dc0d57-fabf-4634-aadc-1c2343a18f30, d0d14388-6db4-4943-b0ed-dc1a20714505, fea3c97a-7d59-47a0-86b0-4f842980a8c3, e3e8114d-0732-4bdc-94b6-45822f17de4d",Actief,Gemeenten,Samenwerking,"2104b4a3-df88-4769-9f7f-52971e1f3cfe","2025-04-28T11:00:16+00:00"
"31550aca-caaf-474f-b9f5-7c02dcfbb9e1",Samenwerking,Samenwerking,Omgevingsdienst,Omgevingsdienst West-Holland,https://www.odwh.nl,test.vng.swc+B@gmail.com,,,"ebc0c5b3-27f7-4259-9ae1-a6451090aa50, f27de83f-f8b2-4c6b-b6c2-980800ad7910, 2c25a9e0-0c1a-4f24-9804-6ee64310bea9, f1115d63-6c06-470e-a030-8ce7cafab64e, 6bc1e72a-52a4-42ad-a130-a46c745f69e0, 8cd04cab-46ce-4a04-b082-5a406be405ec, 85b4ae27-bba1-4239-b041-b17ae7bf6641, 98a40e90-e9ef-4450-8a76-ca694f1f67f3, 97d21ce8-1e9f-49ff-98a1-7997eeb778ad, fdf34baf-8ef3-42ca-860b-525e1a3084c8, b5fc4714-1555-49e4-abcb-7242da894d56",Actief,Gemeenten,Samenwerking,"31550aca-caaf-474f-b9f5-7c02dcfbb9e1","2016-09-07T15:50:11+00:00"
b44a2b13-b18e-42ce-83f5-446ec88217f0,Samenwerking,Samenwerking,Ambtelijke fusie,OVER-gemeenten (Oostzaan en Wormerland),https://www.over-gemeenten.nl,test.vng.swc+Pat@gmail.com,+31 23 4567890,,"696cad4e-2743-41b4-8243-a69171012d49, 02fe378e-6e85-49eb-ba3e-61641834ab00",Actief,Gemeenten,Samenwerking,b44a2b13-b18e-42ce-83f5-446ec88217f0,"2015-02-03T17:22:40+00:00"
b84d6d5a-aa9d-4500-90f7-a02545e41797,Samenwerking,Samenwerking,Sociaal Domein samenwerking,Participatiebedrijf Stroomopwaarts MVS,https://www.stroomopwaarts.nl,test.vng.swc+M@gmail.com,+31 23 4567890,,"91a2ab0f-25aa-43bd-b4e6-c8ef360fa0f2, 11116e43-889d-4f50-92eb-ce630ebafd9e, 098fa2df-f721-4d5d-802f-d555af15639d",Actief,Gemeenten,Samenwerking,b84d6d5a-aa9d-4500-90f7-a02545e41797,"2017-05-09T17:20:20+00:00"
"9d6b1005-4484-4c09-85d9-f04c891aa4c6",Samenwerking,Samenwerking,Ambtelijke fusie,Purmerend-Beemster,https://www.purmerend.nl,test.vng.swc+C@gmail.com,+31 23 4567890,,"44186862-2873-43d2-b446-f6811e3627f6",Actief,Gemeenten,Samenwerking,"9d6b1005-4484-4c09-85d9-f04c891aa4c6","2016-03-30T12:22:00+00:00"
"67586420-846f-4985-81d0-68c91ad4512d",Samenwerking,Samenwerking,Gemeenschappelijke Regeling (samenwerking meerdere domeinen),RBL Utrecht Noordwest,,test.vng.swc+Har@gmail.com,,,"4eea92fd-7757-46dd-bb2a-7c83a81558bd, f255ea3b-8351-4e0d-9e7b-f5efa97fa199, e5cb9f1e-3c9f-4a61-b903-651d139a1d43, ed7cf5a3-4c19-43ef-a28a-c84af4827e13, 86aa66a7-4802-4d73-95d7-0d4e7ca98255",Actief,Gemeenten,Samenwerking,"67586420-846f-4985-81d0-68c91ad4512d","2015-02-02T10:37:13+00:00"
"07d21d3a-7e1f-4712-98e4-04266fb3d3df",Samenwerking,Samenwerking,Sociaal Domein samenwerking,Regio Gooi en Vechtstreek,https://www.regiogv.nl,test.vng.swc+R@gmail.com,+31 23 4567890,,"96b6210e-4236-47c5-be2c-46f825b0276f, 0844b9eb-2d66-445c-a183-1095d7fa0bf7, 90cb9d65-8a63-4bea-8631-57c9c818c72e, 905dbf9e-94a6-4ddd-9778-77e69f3900f1, ed2cee05-845e-4554-830e-6b34a92ba4a1, c1e1e352-30cf-4f9d-bea3-ab1825f668a6, 769b4359-b891-4198-b924-86e1bb7f6cdd",Actief,Gemeenten,Samenwerking,"07d21d3a-7e1f-4712-98e4-04266fb3d3df","2016-01-26T14:57:44+00:00"
"79c7f312-bbc0-4cfc-a850-1e506e140bf0",Samenwerking,Samenwerking,Archiefdienst (regionaal),Regionaal Archief Alkmaar,https://www.archiefalkmaar.nl,test.vng.swc+A@gmail.com,+31 23 4567890,,"9e903d5f-9d6e-42f6-8c40-43ef3f1cd3d6, 56b375f7-062b-460d-9b27-45f0bab0b089, b348f59f-9ae3-4e1d-9191-1a98cd15c6cf, 9de9d53d-8f18-4ecf-a5d6-3b3ca07e312a, af35678a-5dea-4e49-806a-19ca48e2315e, 9f6da3f9-8d9c-4ddb-9185-85d8bbaab091, 41d71569-c52d-4b3b-bd4c-2dd3bdfcc5c3, 16b87d12-769f-414c-8d66-3ec26fa94725, c1976897-521d-484a-b9ad-2adc817cf632",Actief,Gemeenten,Samenwerking,"79c7f312-bbc0-4cfc-a850-1e506e140bf0","2016-09-26T12:53:00+00:00"
"73156abd-8a53-4575-b12d-1f1479ac1f86",Samenwerking,Samenwerking,Archiefdienst (regionaal),Regionaal Archief Zuid-Utrecht,https://www.razu.nl,test.vng.swc+W@gmail.com,+31 23 4567890,,"afef434c-6ba1-4f92-9cd9-4a59374a7669, 414864c8-7b9f-466e-af62-fc81751e3e49, 1deaa425-1979-4d6a-8017-d65461fbc3fb, 79061205-d3a8-40c4-addb-8e9a15f5f04e, 1880c34d-da3f-4e29-8a36-49f96e2e0392",Actief,Gemeenten,Samenwerking,"73156abd-8a53-4575-b12d-1f1479ac1f86","2019-01-08T17:19:22+00:00"
"94b954f8-d65d-4eab-8587-6dc986a75d25",Samenwerking,Samenwerking,Sociaal Domein samenwerking,Regionale Sociale Dienst Kromme Rijn Heuvelrug,https://www.rsdkrh.nl,test.vng.swc+J@gmail.com,+31 23 4567890,,"8d3cd712-dfde-40d9-afcd-d4a841eec50b, afef434c-6ba1-4f92-9cd9-4a59374a7669, 79061205-d3a8-40c4-addb-8e9a15f5f04e, 1880c34d-da3f-4e29-8a36-49f96e2e0392, 751d7216-3be5-4ab2-9d95-40bdbc4444ec",Actief,Gemeenten,Samenwerking,"94b954f8-d65d-4eab-8587-6dc986a75d25","2017-05-09T17:11:33+00:00"
"5d1edb6f-e4e6-4dd7-b695-7d21bf3efa07",Samenwerking,Samenwerking,ICT (bijvoorbeeld Shared Service Center),RID Utrecht,,test.vng.swc+S@gmail.com,,,"bb45238c-398a-47e6-85fd-09b684ea7434, afef434c-6ba1-4f92-9cd9-4a59374a7669, 8d3cd712-dfde-40d9-afcd-d4a841eec50b, 11aaf77f-01d1-472b-a0c4-5e63ba1673eb, 79061205-d3a8-40c4-addb-8e9a15f5f04e, 1880c34d-da3f-4e29-8a36-49f96e2e0392",Actief,Gemeenten,Samenwerking,"5d1edb6f-e4e6-4dd7-b695-7d21bf3efa07","2016-01-20T17:18:00+00:00"
c787cd20-e42b-46e3-a4d8-eda12acb1058,Samenwerking,Samenwerking,Gemeenschappelijke Regeling (samenwerking meerdere domeinen),ROVA,https://www.rova.nl,test.vng.swc+Rtu@gmail.com,+31 23 4567890,,"f6760577-58c8-477d-85b7-06796fdfd82d, 0c6efa6c-be20-4186-b012-c68db74eb897, e19ec1b3-d5bc-4b94-b32d-1e268e9c199e, ec92526a-9baa-4fa7-8a42-7a1d75cfc64a, cb634d57-2b5f-4a03-9be4-d04c483853a7, e4c6918c-6930-4fec-b814-be0164f26816, a010aebb-95c3-4b8b-b25b-e76b7a128cc3, d328e7bc-4c85-4346-ba9a-90942a83d779, 6b60be12-5721-4593-8a8f-a004ed7d8b8f, 311ae210-a58e-44b9-80cc-6dd5f9349e96, d3bff000-b308-463e-a6cb-bedbec0687c0, 2d073496-5139-4c3a-9c56-c7e4ced8e2ba, 03cd0545-e538-44b3-b482-0ef41c1dd906, 7319f381-89de-443f-9d9e-e37bf9da30f1, 5c01e729-1fc1-47c3-b740-801eb01cbae2, 4d8aa917-ba68-4df4-be56-9491accaa05a, b8011e5f-e6ab-4bd5-be79-417517fe41b3, bb5ad246-416d-4efa-9ff8-9bcfa884f9db, 53873206-6267-4cc5-b24a-726e0e013ac3, b0afbe6f-3c36-411c-b290-ca02d4568705, 92f8585f-3bfe-4ff3-929a-d751db3b128c, 12896e41-a72f-40a8-aea5-04349eb677e5, e0b24c31-ff0a-472f-a7f7-0215481b365a",Actief,Gemeenten,Samenwerking,c787cd20-e42b-46e3-a4d8-eda12acb1058,"2017-05-16T10:35:21+00:00"
"77ec68fa-20f0-4a30-8a11-ac7c9576f770",Samenwerking,Samenwerking,Omgevingsdienst,RUD Drenthe,https://www.ruddrenthe.nl,test.vng.swc+R@gmail.com,+31 23 4567890,,"f7db0bc8-ec7a-4aa9-902e-51a23f7bce51, cd1ccd26-bb1a-4958-99f9-573b559b7ac9, dee5ddab-5c04-40f4-909d-8272a4a2cc3d, 195b04a5-bf8e-4407-9995-dbef720921db, 4d385e00-86bb-423e-86dc-1ec0629b5200, abc22c01-d930-47a6-90ef-42118e39938e, 3a6aa04a-11ff-4ee5-9424-d65c8eb0b6bd, 995d4960-65ad-45fa-87d2-c2dd93af0a8a, c04aad5f-8f0a-4ae0-b2d6-156c20845f8c, af185a56-58cd-4a45-88b0-9e7d34f398d8, 4d8aa917-ba68-4df4-be56-9491accaa05a, 1cd39972-3139-4028-a3eb-ba89613ad699",Actief,Gemeenten,Samenwerking,"77ec68fa-20f0-4a30-8a11-ac7c9576f770","2016-09-13T15:06:22+00:00"
"5e6a0ff4-0adc-4608-8117-84aaeb06faef",Samenwerking,Samenwerking,Omgevingsdienst,RUD Noord-Holland Noord,https://www.rudnhn.nl,,,,"9e903d5f-9d6e-42f6-8c40-43ef3f1cd3d6, 56b375f7-062b-460d-9b27-45f0bab0b089, b348f59f-9ae3-4e1d-9191-1a98cd15c6cf, 1a2842d8-711b-4fd9-a225-5149cca9e58d, eed6179b-91b2-4375-97fc-9bcf46bfdaa2, af35678a-5dea-4e49-806a-19ca48e2315e, 9de9d53d-8f18-4ecf-a5d6-3b3ca07e312a, 9f6da3f9-8d9c-4ddb-9185-85d8bbaab091, 8bf752fa-5a8b-4c8b-8394-159092f9006f, 60f93b86-2a75-4f93-b4ec-9495d52b1f9d, 41d71569-c52d-4b3b-bd4c-2dd3bdfcc5c3, 5100bcc3-f38a-445c-8dd8-b8f54b2d5031, 9d86cbb0-b387-4694-97dd-2e59d7b847c8, 16b87d12-769f-414c-8d66-3ec26fa94725, 8917bcba-c880-4d97-8f0e-baff6411b47b, c1976897-521d-484a-b9ad-2adc817cf632",Actief,Gemeenten,Samenwerking,"5e6a0ff4-0adc-4608-8117-84aaeb06faef","2016-09-13T15:48:21+00:00"
"864b502d-5c07-4787-bd4e-3b202f76e595",Samenwerking,Samenwerking,Omgevingsdienst,RUD Zeeland,https://www.rudzeeland.nl,test.vng.swc+M@gmail.com,,,"ac1473da-4533-4642-82b9-98c2219caccc, 9074dcb3-7fa3-4e32-b8df-891f5a54c3b4, 6e13f380-a81a-46dc-b204-6e8b8e4645dc, 3b9b7aa7-f794-4a67-a8d8-c517ad1ddbd1, 1e66cc98-1d66-4955-97a1-343571383c76, 6245803e-3c7f-4527-a582-488b370189b9, 2177e079-a458-4d0c-84f9-139058aace92, 5e6c9fb0-6a38-4065-8a70-6f5e27a856ef, 275bef1a-abb4-431e-9f8c-372b6ea258e9, c0738e2f-42cc-4e95-a43e-b79c84f70e86, 9db069c1-0fe5-4423-8357-90b21d5af56c, 283b34be-e623-414e-a828-0fb0cee04bc7",Actief,Gemeenten,Samenwerking,"864b502d-5c07-4787-bd4e-3b202f76e595","2016-02-04T13:22:17+00:00"
"99469813-fedb-4287-b791-653f9b158402",Samenwerking,Samenwerking,Gemeenschappelijke Regeling (samenwerking meerdere domeinen),Samenwerking A2-gemeenten,,test.vng.swc+Mas@gmail.com,+31 23 4567890,,"e28206df-6a65-4d90-8c72-5c7e2ccbf0ed, d22b9ff2-8b62-4b48-b6ad-7b9e86002cd8, ebecf9a3-162e-4da8-a888-889b09192838",Actief,Gemeenten,Samenwerking,"99469813-fedb-4287-b791-653f9b158402","2014-12-15T18:07:32+00:00"
b9d6df5b-c3af-4295-85f4-502ba63b06e3,Samenwerking,Samenwerking,Ambtelijke fusie,Samenwerking Aalsmeer – Amstelveen,,test.vng.swc+A@gmail.com,+31 23 4567890,,"7dd39288-b23c-4a6e-9c8c-1b3dfc7b2392, e1863e39-a0d3-4384-b359-a3f0d98af2c8",Actief,Gemeenten,Samenwerking,b9d6df5b-c3af-4295-85f4-502ba63b06e3,"2015-04-07T11:16:47+00:00"
ed303678-9210-4fd7-9bae-2a988b80a8cc,Samenwerking,Samenwerking,ICT (bijvoorbeeld Shared Service Center),Samenwerking Boxmeer en Sint Anthonis,,test.vng.swc+T@gmail.com,,,"",Actief,Gemeenten,Samenwerking,ed303678-9210-4fd7-9bae-2a988b80a8cc,"2015-03-02T10:45:36+00:00"
"8f021643-b1fe-4c24-a7cb-696f61d800f7",Samenwerking,Samenwerking,ICT (bijvoorbeeld Shared Service Center),"Samenwerking Ooststellingwerf, Weststellingwerf en Opsterland",,test.vng.swc+W@gmail.com,+31 23 4567890,,"9b562277-bb20-45d8-8127-e27c9c7a784f, 8084132e-901b-41dd-b415-747116ff68c6, 47d7d5c8-f0d0-43b2-a6b5-cdc0667ba469",Actief,Gemeenten,Samenwerking,"8f021643-b1fe-4c24-a7cb-696f61d800f7","2015-04-13T15:13:39+00:00"
a27a5574-180a-4401-8498-aa99587822e8,Samenwerking,Samenwerking,ICT (bijvoorbeeld Shared Service Center),"Samenwerking Wijdemeren, Gooise Meren, Hilversum",,test.vng.swc+Jh@gmail.com,+31 23 4567890,,"c1e1e352-30cf-4f9d-bea3-ab1825f668a6, 0844b9eb-2d66-445c-a183-1095d7fa0bf7, 90cb9d65-8a63-4bea-8631-57c9c818c72e",Actief,Gemeenten,Samenwerking,a27a5574-180a-4401-8498-aa99587822e8,"2019-04-19T11:10:50+00:00"
dc069012-f219-45c2-b9bc-8ff94cce4930,Samenwerking,Samenwerking,ICT (bijvoorbeeld Shared Service Center),Samenwerkingsverband De Waddeneilanden,https://wwww.dewaddeneilanden.nl,test.vng.swc+Kar@gmail.com,+31 23 4567890,,"3ddb44e4-b009-4989-adb2-82b2b079f4e2, 28a5ac0e-e9ad-4aee-a198-b746853cc024, 36b72ebe-e6e9-4fe1-99d2-aa4a0b8d4b91, 0205f65c-9dc9-421b-bcbf-4719bc0775e4",Actief,Gemeenten,Samenwerking,dc069012-f219-45c2-b9bc-8ff94cce4930,"2016-01-14T14:53:49+00:00"
"76b62bb2-86f7-4325-b63c-0e8c6c755476",Samenwerking,Samenwerking,Belastingsamenwerking,Samenwerkingsverband Vastgoedinformatie Heffing en Waardebepaling (SVHW),https://www.svhw.nl,test.vng.swc+H@gmail.com,+31 23 4567890,,"d4e731d8-263d-4b94-aeb0-cfaee2fdf18e, ea661217-960b-45af-9f80-758534be782c, 7388a732-25d9-480c-9827-a3e2586c2656, 1ffc9bf5-b2ba-463c-80de-8d1430a3ac83, f7b9534e-80ea-45e9-a06f-ba971866b59b, 81286a6e-ac05-451f-8f7b-f8b5111bd530, 8d6548e4-da96-4d52-b866-db16bea7bb1a, 85b4ae27-bba1-4239-b041-b17ae7bf6641, d2f31396-24a2-436d-b921-870491160b4a",Actief,Gemeenten,Samenwerking,"76b62bb2-86f7-4325-b63c-0e8c6c755476","2015-12-09T11:42:36+00:00"
"25ecd46a-85fa-4535-809d-6ac06c273cf3",Samenwerking,Samenwerking,Sociaal Domein samenwerking,Senzer,https://www.senzer.nl,test.vng.swc+E@gmail.com,+31 23 4567890,,"60845a9b-6ddd-417f-ad71-e99cf4b0780d, 269a3750-61f1-41f0-b03b-e53ab7eb6315, 189e8388-50f5-4416-b7de-ebffaa56b9a4, 0709754b-8c2a-448b-97d9-8a1769e6005e, 38b6a38e-991a-4940-b499-e362b38d2feb, 0da54fc5-f705-4840-bdd1-b1a61e5357b9, 13fa60a2-8436-4891-85cc-46d238061553",Actief,Gemeenten,Samenwerking,"25ecd46a-85fa-4535-809d-6ac06c273cf3","2025-07-16T13:44:55+00:00"
"8b08b2b1-cfe7-4199-96d1-e124c456f080",Samenwerking,Samenwerking,Shared Service Center,Servicecentrum MER,,test.vng.swc+Den@gmail.com,+31 23 4567890,,"22fc6f37-e8cd-45f7-9441-095acbfe7f7c, 8e2be4d7-6f71-4138-9725-350ca5f5370d, a75aa25a-b2a1-4fb1-9c18-5fbc0109152c",Actief,Gemeenten,Samenwerking,"8b08b2b1-cfe7-4199-96d1-e124c456f080","2016-01-14T15:33:44+00:00"
"30053d75-8a80-4bdd-b068-3a7e3cdd183c",Samenwerking,Samenwerking,ICT (bijvoorbeeld Shared Service Center),Servicepunt 71,,test.vng.swc+M@gmail.com,,,"f1115d63-6c06-470e-a030-8ce7cafab64e, 6bc1e72a-52a4-42ad-a130-a46c745f69e0, 97d21ce8-1e9f-49ff-98a1-7997eeb778ad, b5fc4714-1555-49e4-abcb-7242da894d56",Actief,Gemeenten,Samenwerking,"30053d75-8a80-4bdd-b068-3a7e3cdd183c","2016-01-14T12:19:28+00:00"
"98d0b2e1-e6f3-4331-8175-1664def9cc48",Samenwerking,Samenwerking,ICT (bijvoorbeeld Shared Service Center),SSC de Kempen,,test.vng.swc+Ser@gmail.com,+31 23 4567890,,"fed3aecb-33e0-4187-afbc-f402b1029620, 8a608d38-6e03-4853-8a73-9e81f3c8d126, cc4f25f3-b3cf-4f42-8923-07b77a12bb8f, 77a26407-be1a-4dbb-8f5c-8caec3ffeeb7, adb723c7-a10a-49eb-96bb-b1201aedcb84",Actief,Gemeenten,Samenwerking,"98d0b2e1-e6f3-4331-8175-1664def9cc48","2015-03-24T12:14:48+00:00"
"44a9241b-1cee-47d2-af62-7e7097878b02",Samenwerking,Samenwerking,Centrumgemeenteregeling,SSC Noord-Friesland,,,,,"3ddb44e4-b009-4989-adb2-82b2b079f4e2, 28a5ac0e-e9ad-4aee-a198-b746853cc024, 36b72ebe-e6e9-4fe1-99d2-aa4a0b8d4b91, 0205f65c-9dc9-421b-bcbf-4719bc0775e4, 8c82c910-6e18-4e86-9477-8c7dd043e5a5, 0e29a030-f0e8-4e82-9d34-43a000861af6, 81e0fc01-74f8-4439-b2e5-ee7c957e32ae, fbe33151-fbb7-4486-9d5c-582bcf5fdef6",Actief,Gemeenten,Samenwerking,"44a9241b-1cee-47d2-af62-7e7097878b02","2018-11-05T17:44:35+00:00"
"9eb5efd8-49b2-403e-af3b-126c782b5305",Samenwerking,Samenwerking,Gemeenschappelijke Regeling (samenwerking meerdere domeinen),"Syntrophos (Samenwerking Nissewaard, Westvoorne)",https://www.syntrophos.nl,test.vng.swc+J@gmail.com,+31 23 4567890,,"87cf05e3-7358-4007-9cbf-1cb61eb7ec8d",Actief,Gemeenten,Samenwerking,"9eb5efd8-49b2-403e-af3b-126c782b5305","2015-06-15T08:58:19+00:00"
"5960b940-8ac8-409a-9700-300f9d4f1303",Samenwerking,Samenwerking,ICT (bijvoorbeeld Shared Service Center),Turfbrug samenwerkingsverband (VNG Realisatie),https://www.vngrealisatie.nl/producten/gemma-softwarecatalogus,test.vng.swc+Sof@gmail.com,,,"96212a54-214a-4f94-9e6b-9b7eec6d47d2, 9ccc3e28-7695-4baf-910f-6717d0e77d81",Actief,Gemeenten,Samenwerking,"5960b940-8ac8-409a-9700-300f9d4f1303","2014-12-11T13:39:22+00:00"
f2c882ad-140b-430e-ad08-a279556c5e66,Samenwerking,Samenwerking,Uitvoeringsorganisatie,Uitvoeringsorganisatie BBS,https://www.bbsuo.nl,test.vng.swc+B@gmail.com,+31 23 4567890,,"bb45238c-398a-47e6-85fd-09b684ea7434, d3bff000-b308-463e-a6cb-bedbec0687c0, 11aaf77f-01d1-472b-a0c4-5e63ba1673eb",Actief,Gemeenten,Samenwerking,f2c882ad-140b-430e-ad08-a279556c5e66,"2024-04-10T17:10:59+00:00"
"7564e6f1-20a8-4b15-862c-d856e88063b7",Samenwerking,Samenwerking,ICT (bijvoorbeeld Shared Service Center),Veenendaal DVO ICT met Renswoude en Rhenen,https://veenendaal.nl,test.vng.swc+Koe@gmail.com,+31 23 4567890,,"9cc33087-9a49-4d5c-b70a-a3b8ae03a218, 5bbc91c5-63fd-4311-b07c-a4311de243b0, 1deaa425-1979-4d6a-8017-d65461fbc3fb",Actief,Gemeenten,Samenwerking,"7564e6f1-20a8-4b15-862c-d856e88063b7","2016-06-14T14:16:40+00:00"
"4bc215de-18c8-45f1-bacd-11fbb545b5e2",Samenwerking,Samenwerking,DVO,Wassenaar DVO ICT met Voorschoten,,test.vng.swc+Mth@gmail.com,+31 23 4567890,,"2fd586fd-63f9-4cf9-b847-7ca5e3e6c2a4, 3805cccd-958f-48cd-b6a1-65a5d9ec30d8",Actief,Gemeenten,Samenwerking,"4bc215de-18c8-45f1-bacd-11fbb545b5e2","2015-10-19T17:55:26+00:00"
f9f6c0ca-5a17-4d5d-bd24-e346ffc4cfff,Samenwerking,Samenwerking,Sociaal Domein samenwerking,Werk en Inkomen Lekstroom (WIL),https://www.wil-lekstroom.nl,test.vng.swc+P@gmail.com,+31 23 4567890,,"414864c8-7b9f-466e-af62-fc81751e3e49, da4c5341-98f2-404f-995a-99f11d76643d, 22633027-4e8d-40c6-ae79-e15405728f19, 6ea9357b-c6cb-4702-8e95-baafeaa6b38c",Actief,Gemeenten,Samenwerking,f9f6c0ca-5a17-4d5d-bd24-e346ffc4cfff,"2016-02-04T13:07:15+00:00"
f5d62d1e-6a5e-4de5-bba3-825a15f6a80f,Samenwerking,Samenwerking,Gemeenschappelijke Regeling (samenwerking meerdere domeinen),Werkmaatschappij 8KTD (GR van Achtkarspelen en Tytsjerksteradiel),,test.vng.swc+T@gmail.com,+31 23 4567890,,"4b441630-bc37-4337-9908-b3ffeaf5393a, 6585ae1a-208b-48e7-a08d-5aac2f0f29b4",Actief,Gemeenten,Samenwerking,f5d62d1e-6a5e-4de5-bba3-825a15f6a80f,"2016-04-06T12:07:46+00:00"
"531dc053-40ae-4180-94a4-0af14eea374b",Samenwerking,Samenwerking,Ambtelijke fusie,"Werkorganisatie CGM (Cuijk, Grave, Mill en Sint Hubert)",,test.vng.swc+Cen@gmail.com,,,"",Actief,Gemeenten,Samenwerking,"531dc053-40ae-4180-94a4-0af14eea374b","2015-03-02T10:41:39+00:00"
"25a53d6a-0e98-4945-bc40-f61110b5e7b0",Samenwerking,Samenwerking,Ambtelijke fusie,Werkorganisatie Druten-Wijchen (WDW),,test.vng.swc+K@gmail.com,+31 23 4567890,,"f7315496-8c82-49f8-9c1e-f2663261f274, d6088f73-1be3-46b6-a67d-9045db0842c1",Actief,Gemeenten,Samenwerking,"25a53d6a-0e98-4945-bc40-f61110b5e7b0","2017-06-27T10:30:01+00:00"
"56aa2a92-0db9-4a78-9d59-237b09d365d9",Samenwerking,Samenwerking,Sociaal Domein samenwerking,Werkplein Hart van West-Brabant,https://www.werkpleinhartvanwest-brabant.nl,test.vng.swc+Ger@gmail.com,+31 23 4567890,,"1fbdf5f9-d227-443f-a455-b4893d6f96db, 4e4992f8-6ef0-452b-9d71-fcad5de41c65, f8cb8df4-a098-451a-896b-bda12d03895e, e3840d25-451b-4107-a5f0-0588d4fca3ee, 1c68c344-2292-4bf5-9a98-fc8c86d60297, c9e26ee2-0de6-476a-85e2-631a5e84ea42",Actief,Gemeenten,Samenwerking,"56aa2a92-0db9-4a78-9d59-237b09d365d9","2017-03-22T08:09:49+00:00"
c36cf697-6474-4457-8d0a-1ae211bf7235,Samenwerking,Samenwerking,Sociaal Domein samenwerking,WerkSaam,https://www.werksaamwf.nl,test.vng.swc+Mar@gmail.com,+31 23 4567890,,"8bf752fa-5a8b-4c8b-8394-159092f9006f, 8917bcba-c880-4d97-8f0e-baff6411b47b, eed6179b-91b2-4375-97fc-9bcf46bfdaa2, 1a2842d8-711b-4fd9-a225-5149cca9e58d, 60f93b86-2a75-4f93-b4ec-9495d52b1f9d, 9d86cbb0-b387-4694-97dd-2e59d7b847c8, 5100bcc3-f38a-445c-8dd8-b8f54b2d5031",Actief,Gemeenten,Samenwerking,c36cf697-6474-4457-8d0a-1ae211bf7235,"2025-07-16T13:37:45+00:00"
"7b92c77f-e71f-42a5-8fcb-539cbc55740c",Samenwerking,Samenwerking,Sociaal Domein samenwerking,Werkzaak Rivierenland,https://www.werkzaakrivierenland.nl,test.vng.swc+Mni@gmail.com,+31 23 4567890,,"d7bc0706-2dc7-41b6-9f28-95fe62d20e93, 8687f2d2-dedb-4a65-b90f-c6f3963e7487, 32c53733-eb4b-49f7-9451-7ad09cade085, ae750e6d-8a21-4edf-a06d-f023216a6f05, 63dc0d57-fabf-4634-aadc-1c2343a18f30, fea3c97a-7d59-47a0-86b0-4f842980a8c3, e3e8114d-0732-4bdc-94b6-45822f17de4d",Actief,Gemeenten,Samenwerking,"7b92c77f-e71f-42a5-8fcb-539cbc55740c","2016-08-03T08:13:17+00:00"
"209ac0ff-b1cc-4404-a370-8660e92b7d69",Samenwerking,Samenwerking,Ambtelijke fusie,Woerden-Oudewater Ambtelijke Fusie Organisatie,https://www.woerden.nl,test.vng.swc+Rin@gmail.com,+31 23 4567890,,"86aa66a7-4802-4d73-95d7-0d4e7ca98255, ed7cf5a3-4c19-43ef-a28a-c84af4827e13",Actief,Gemeenten,Samenwerking,"209ac0ff-b1cc-4404-a370-8660e92b7d69","2015-02-02T10:42:02+00:00"
"81efcfa2-25ca-4cd5-a320-6b9efad2eb04",Samenwerking,Samenwerking,ICT (bijvoorbeeld Shared Service Center),Zuidoost Utrecht,,test.vng.swc+E@gmail.com,+31 23 4567890,,"1880c34d-da3f-4e29-8a36-49f96e2e0392, afef434c-6ba1-4f92-9cd9-4a59374a7669, 79061205-d3a8-40c4-addb-8e9a15f5f04e, 8d3cd712-dfde-40d9-afcd-d4a841eec50b",Actief,Gemeenten,Samenwerking,"81efcfa2-25ca-4cd5-a320-6b9efad2eb04","2018-02-01T13:36:37+00:00"
