hash,author,date,repo,subject,project,confidence,automated
22a7b7df11d137eddb0ad4a648397bc17da67c07,Ruben van der Linde,2025-12-30,openregister,Merge remote-tracking branch 'origin/feature/php-linting' into feature/php-linting,14283/119/01,low,true
59f1d0d53d1e4145db1a959c7637296f08fb6aa4,Ruben van der Linde,2025-12-29,openregister,Working on getting self healing code,14283/119/01,low,false
3025d52cd7613802f9b5d5bde257725fdd632f8c,Remko Huisman,2025-12-29,openregister,Merge pull request #874 from ConductionNL/fix/proper-eslint,14283/119/01,low,true
2bcc77e9c148afd4d09e2e4c30cca54ce4f50608,GitHub Action,2025-12-29,openregister,Bump unstable version to 0.2.9-unstable.11 [skip ci],14283/119/01,low,true
9a5db952f08da34f6698d7f94a22176c08669c52,Ruben van der Linde,2025-12-29,openregister,phps cleanup,14283/119/01,low,false
e7a8acf7958eba41a7239c2f50ca0f7f3f07047c,Ruben van der Linde,2025-12-28,openregister,WIP: Staging changes before credential removal,14283/119/01,low,false
c1e7e7de77d8a597fd4744840d82d9e111f42143,Ruben van der Linde,2025-12-28,openregister,Bit more work on testing,14283/119/01,low,false
f923608d12cdaad26f52441221333bd47d7153e1,Ruben van der Linde,2025-12-28,openregister,Setting up our workflow for code corrections with fallback and rollback,14283/120/02,medium,false
b7dfd68ab25e48d6ef70b40bc83d9a476749eb60,Ruben van der Linde,2025-12-27,openregister,Setting up the phpcs workflow,14283/119/01,low,false
1e16fb7497aa0aeed61dd97db1d1fe04405fc026,Ruben van der Linde,2025-12-27,openregister,Fixing the newman tests,14283/119/01,low,false
e40b5c0a85e3a98fb858e57afc3dd1ed93f6c1ff,Ruben van der Linde,2025-12-27,openregister,Wokring on postgress and n8n,14283/119/01,low,false
1b822f7efd0ec5bd47583e97046bf43a9b558374,Ruben van der Linde,2025-12-27,openregister,Continue on the code cleanup,14283/119/01,low,false
aee9a52ab7ac4935fff8b178885cffa33026d23f,Ruben van der Linde,2025-12-23,openregister,docs: Phase 2 comprehensive summary - 75% complete,14283/119/01,low,false
1c1a3188bbcd823a44a6f504c0a3fa201135bd73,Ruben van der Linde,2025-12-23,openregister,refactor: ChatController::sendMessage() - 98% complexity reduction,14283/119/01,medium,false
da06553e402d656d84b28eeae778f8e64d2b25b0,Ruben van der Linde,2025-12-23,openregister,refactor: ObjectsController CRUD methods - eliminate 138 lines of duplication,14283/119/01,medium,false
f777e3073464b103cf43037ea7cf387b509a7b3d,Ruben van der Linde,2025-12-23,openregister,fix: SchemaService unit tests - all 37 tests passing,14283/119/02,medium,false
b28f796c02b05298da9b453a9c70ba77ea7f7c8d,Thijn,2025-12-23,openregister,fixed eslint,14283/119/01,low,false
155f72ef223a484413f3f8e2b35d56e16e227565,Ruben van der Linde,2025-12-22,openregister,Lets get everything setup for prod,14283/119/01,low,false
c626c76de842e4a87033565d0268a22890b6e3bc,Ruben van der Linde,2025-12-22,openregister,Fixing the newman test,14283/119/01,low,false
4b9f44e7223f0973a693e16ca6d9fdb2cc790850,Ruben van der Linde,2025-12-21,openregister,Working on the multiform file upload madness,14283/119/01,low,false
bc297e960c3632d0b7fbbfae45e0f2171796af35,Ruben van der Linde,2025-12-21,openregister,Removing some more failures,14283/119/01,low,false
eb63a9efefa73d0a31a2f42efd7773f416f2a4a6,Ruben van der Linde,2025-12-20,openregister,Preparing for  magic tables,14283/119/01,low,false
a2fa840352b25d6c77750261f5402e8ed0b0230c,Ruben van der Linde,2025-12-20,openregister,Fix test bugs for property inheritance and import endpoints,14283/119/02,high,false
7d9ca046a5b043cfda64c7264c3760ab98379a17,Ruben van der Linde,2025-12-20,openregister,Fix Newman integration test bugs,14283/119/01,low,false
5b37e72d3e0bc930d178bae9e2695efc957084f4,Ruben van der Linde,2025-12-20,openregister,Fix object locking enforcement and improve entity handling,14283/119/01,high,false
63b2475cddc13140529bd335c03936fd71482b50,Ruben van der Linde,2025-12-09,openregister,Merge pull request #869 from ConductionNL/hotfix/useduses,14283/119/01,low,true
903a6178ffad78eba66d331503f72d6cd64f0754,Ruben van der Linde,2025-12-18,openregister,Working in the integration test,14283/119/01,low,false
58139b1e09958bb5c62b8ed8bca3effe5156c414,Ruben van der Linde,2025-12-18,openregister,"Massive code quality improvements: 2,565+ issues fixed",14283/119/01,low,false
5f74b361e99c632861596e361389df528168de08,Ruben van der Linde,2025-12-17,openregister,Workin on the allOf extension,14283/119/01,low,false
5a2846d3cf9780fd6e80610bd2e27885d0398c98,Ruben van der Linde,2025-12-17,openregister,Some cleanup on unnessesery files,14283/119/01,low,false
84876b4c19f55c49ceb36ab6ee1d0dcb737cad97,Ruben van der Linde,2025-12-17,openregister,Big linting batch,14283/119/01,low,false
cd7a0ab5befcecfa14df5502dca8eaced6fb15a1,Ruben van der Linde,2025-12-17,openregister,All the linting baby :),14283/119/01,low,false
edcac625b3cde1225da60e664832dc8b82cedceb,Ruben van der Linde,2025-12-17,openregister,Bit of cleanup on the markdown files,14283/119/01,low,false
a285b35b37b168355e61b08b5f01140d38e84693,Ruben van der Linde,2025-12-17,openregister,Code styling,14283/119/01,low,false
3dab453a0a41d122b5fb3e4443d9723e9445ea8b,Ruben van der Linde,2025-12-17,openregister,Code styling,14283/119/01,low,false
8f3a866a5f289c6d08e3b372cef7d9b66792fbe0,Ruben van der Linde,2025-12-17,openregister,Still working on that perfect score,14283/119/01,low,false
2050f5b46656cb217aa6566eb73dd3648274dca8,Ruben van der Linde,2025-12-17,openregister,Hunting phpcs errors,14283/120/02,medium,false
1264cd8392a3c980d4dd12396d2c32ca0bcf8cd5,Ruben van der Linde,2025-12-16,openregister,Working from the integration test,14283/119/01,low,false
e838be66f057d0f59874ab84f2845c9025a1987d,Ruben van der Linde,2025-12-16,openregister,Lets include all object actions in our integration test suite,14283/119/01,low,false
334ce677c7df08ff8ecb5cf9243c16690f5305b8,Ruben van der Linde,2025-12-16,openregister,Lets slowly build up our integration test,14283/119/01,low,false
66cc751fe11ae492aed8dee293cc7915533d5d37,Ruben van der Linde,2025-12-16,openregister,So we got crud working thats a victory,14283/119/01,low,false
367d4d5e3987b1840aeaa5a9c5f0d30391057ecb,Ruben van der Linde,2025-12-16,openregister,All the unit testing alld the unit testing,14283/119/01,low,false
4c07f635fcfa44b0c114a9f414f62da2b8242ada,Ruben van der Linde,2025-12-16,openregister,CRUD testing the new codebase,14283/119/01,low,false
24dda566b51a077410db96c21263013b55308fe9,Ruben van der Linde,2025-12-16,openregister,Cleaning up the cleanup,14283/119/01,low,false
3709e887858e5dcef4e22719d4966823cd7e3c14,Ruben van der Linde,2025-12-16,openregister,Further phpcs fixes,14283/119/01,low,false
a852bed2376db7405717c5662862b9618bf380b8,Ruben van der Linde,2025-12-16,openregister,Cleanup the md files,14283/119/01,low,false
76a6ac18b57ddf8ae3da030cc40ac8741ef424bc,Ruben van der Linde,2025-12-16,openregister,Slowly working there,14283/119/01,low,false
a85f9dd89b580ab4aa19ba5e4013914ab488ce6f,Ruben van der Linde,2025-12-16,openregister,Doing the automated crud testing,14283/119/01,low,false
e018654a90c8ef69c31b48fd8d5b2b4f0d5bb27c,Ruben van der Linde,2025-12-16,openregister,phpcs,14283/119/01,low,false
defcbd6f89760bd570c6a3eb290a6decaec5dfd7,Ruben van der Linde,2025-12-15,openregister,Testing the refactor,14283/119/01,medium,false
4619d8ae0eb05d365b54464a90f1ba8f277ed328,Ruben van der Linde,2025-12-15,openregister,Refactor al the way,14283/119/01,medium,false
8adffce5374fec4aa2c3ae589fb6b721aaa5a08b,Ruben van der Linde,2025-12-15,openregister,Testing our cleanup,14283/119/01,low,false
a0c2dad7f233bb48997cbcd185a6a1a2911058c8,Ruben van der Linde,2025-12-15,openregister,fix(openregister): testing & validation fixes,14283/119/02,medium,false
92cb11389ee986ddb246131d35a170d6d42f45a9,Ruben van der Linde,2025-12-15,openregister,docs: add ImportHandler extraction guide for tomorrow's completion,14283/119/02,high,false
b4ac9e3665deb23524d9105ce7afa5a71c8de56e,Ruben van der Linde,2025-12-15,openregister,feat(openregister): create ImportHandler structure (Phase 1C foundation),14283/119/02,high,false
28edede18559e0d2c9eb64c083108fe1f9a1f80e,Ruben van der Linde,2025-12-15,openregister,feat(openregister): extract UploadHandler from ConfigurationService (Phase 1B partial),14283/119/02,medium,false
28617141fbb4e2b998124ea8e8c50d421e5f96a7,Ruben van der Linde,2025-12-15,openregister,feat(openregister): extract ExportHandler from ConfigurationService (Phase 1A),14283/119/02,high,false
cd675631bd54dd2fa67e58b4ce7c5a8f1bae6fdc,Ruben van der Linde,2025-12-15,openregister,Splitting up the code further,14283/119/01,low,false
e879316c8763c4292f46b93422dc04324f363a35,Ruben van der Linde,2025-12-15,openregister,Still refactoring on file size,14283/119/01,medium,false
3278550d6688502389db3edb4168fc86e80c5d4e,Ruben van der Linde,2025-12-15,openregister,Merge remote-tracking branch 'origin/feature/php-linting' into feature/php-linting,14283/119/01,low,true
5a3a18974155723b6dfa158ee76b100ce8ddc545,Ruben van der Linde,2025-12-15,openregister,Still linting,14283/119/01,low,false
d5abd097ac698204faa86b1b1286823322c3b9f2,GitHub Action,2025-12-15,openregister,Bump unstable version to 0.2.9-unstable.10 [skip ci],14283/119/01,low,true
8ba1aab85374cd31a95b5772906497b4d603173b,Ruben van der Linde,2025-12-15,openregister,Remove large AI model file from tracking and add to .gitignore,14283/119/01,low,false
e925a65b57d3a7163cf6631e5ad399cae2783372,Ruben van der Linde,2025-12-15,openregister,Merge remote-tracking branch 'origin/feature/php-linting' into feature/php-linting,14283/119/01,low,true
85a2b7d3e7424aaa87b5bf8936d16ce4f2dd3098,Ruben van der Linde,2025-12-15,openregister,Removing GuzleSolrService and adding elastic support,14283/119/02,high,false
44b531a8acdd4ac5c207101c9cbd2a96e5c1c663,Ruben van der Linde,2025-12-14,openregister,feat: Create DataManipulationHandler with 4 utility methods,14283/120/02,medium,false
e5146f4eafdf81fb37ffa357a957e1cc28042255,Ruben van der Linde,2025-12-14,openregister,feat: Complete PermissionHandler integration - all 5 RBAC methods delegated,14283/120/01,high,false
64294f682992e61162ea74c603be00754d66ea7d,Ruben van der Linde,2025-12-14,openregister,feat: Create PermissionHandler with 5 RBAC methods,14283/120/01,high,false
adc23cde4177e403a1dbdeadb2b54eafa387c174,Ruben van der Linde,2025-12-14,openregister,feat: Complete PerformanceHandler integration - all 9 methods delegated,14283/120/02,medium,false
cd0e92778f2807244d1e3e4fdd90a1a3d9db840c,Ruben van der Linde,2025-12-14,openregister,feat: Create PerformanceHandler with 9 optimization methods,14283/120/02,medium,false
842f18cea7ae8cc3bcec713dae19d28294191c56,Ruben van der Linde,2025-12-14,openregister,feat: Complete SearchQueryHandler integration - delegate all 8 methods from ObjectService,14283/119/02,high,false
1b929ad4447d004b34e7d42d1a5bae438aeaa6c5,Ruben van der Linde,2025-12-14,openregister,feat: Create SearchQueryHandler and extract search helper methods from ObjectService,14283/119/02,high,false
80b39d5ebdd483ece5147c12ef1daa575f74b648,Ruben van der Linde,2025-12-14,openregister,Refactor SettingsController: move business logic to SettingsService,14283/119/01,medium,false
44acd14c9a07ad162f1d617b5363b0cba8a2be54,Ruben van der Linde,2025-12-14,openregister,Fix PHPCS errors: auto-fix formatting and add missing documentation,14283/120/02,medium,false
dcc5a344ff1e83117c01e4f48b6d3a80a58ba8d5,Ruben van der Linde,2025-12-14,openregister,Testing the refactor,14283/119/01,medium,false
5e7e96c7b372b36c79e570dfeea081ef6af1199c,Ruben van der Linde,2025-12-14,openregister,More cleanup of the code,14283/119/01,low,false
f0c956f1ec229295d93ac6b0eede7db66a08d769,Ruben van der Linde,2025-12-14,openregister,Lets start the actual refactor,14283/119/01,medium,false
8efa8ff7f8af1738c25a840ee2ab196a4aa05082,Ruben van der Linde,2025-12-14,openregister,Beter paramater naming,14283/119/01,low,false
ad67580218af6d06fdff32d81f7798bec620fae4,Ruben van der Linde,2025-12-14,openregister,refactor on extend rbac and multi,14283/120/01,high,false
c799436a7ebe6bb2d64747d8627f13667bd65d44,Ruben van der Linde,2025-12-14,openregister,phpcs,14283/119/01,low,false
b5a64d07640159e5b5f0d0f98ea2d3e51ade000f,Ruben van der Linde,2025-12-14,openregister,Always with the linting,14283/119/01,low,false
38fab754461847cc840d917bd820d69a1271c883,Ruben van der Linde,2025-12-14,openregister,More linting,14283/119/01,low,false
30cea689544420ce7184f96b9f5fe2a615c5de8f,Ruben van der Linde,2025-12-14,openregister,Still fixing the linting,14283/119/01,low,false
e506f6c250ef3d1ac6337f3f735b9b71bda36c4e,Ruben van der Linde,2025-12-14,openregister,Lets get to wrok with al the linting,14283/119/01,low,false
a74df90aedef76a90d241e9f85d8fef4c4a6db57,GitHub Action,2025-12-13,openregister,Bump unstable version to 0.2.9-unstable.9 [skip ci],14283/119/01,low,true
9e76f9ea63f87439b8f1acfd8189cfacac5e6de5,Ruben van der Linde,2025-12-14,openregister,Merge remote-tracking branch 'origin/feature/php-linting' into feature/php-linting,14283/119/01,low,true
2672ed541bcd55cdbd31bb3133ec626eb13fb572,Ruben van der Linde,2025-12-14,openregister,Merge remote-tracking branch 'origin/development' into feature/php-linting,14283/119/01,low,true
38e2bcbc99a8131e67a0be00a28b8a5b8ca67da6,GitHub Action,2025-12-13,openregister,Bump unstable version to 0.2.9-unstable.8 [skip ci],14283/119/01,low,true
6dc599551d5eb484c594ecf8dc1dec78476958a5,Ruben van der Linde,2025-12-14,openregister,Merge remote-tracking branch 'origin/feature/php-linting' into feature/php-linting,14283/119/01,low,true
f74b84dc018af25f0be3eade2ef58408927bea30,Ruben van der Linde,2025-12-14,openregister,still running the linting,14283/119/01,low,false
b29a34eb7b09984dcea136da813403584d705dbd,Ruben van der Linde,2025-12-13,openregister,Working on code quility,14283/119/01,low,false
4a63b4ec15b7ffb05bc5a87f6a68071802250e7f,Ruben van der Linde,2025-12-13,openregister,Closing in on all the errors,14283/120/02,medium,false
152651b8a1a594499dbe0ef4fe4a52996b1b7c8b,Ruben van der Linde,2025-12-13,openregister,all the linting,14283/119/01,low,false
f2f195b42e5480faf521c71eabda048339c65557,Ruben van der Linde,2025-12-13,openregister,Al the linting baby,14283/119/01,low,false
9bb964453eba7429f6232d096315ade1283ce018,Ruben van der Linde,2025-12-13,openregister,more linting,14283/119/01,low,false
d92bcacdb7205d381ffee5dcea3580eaa69fd15b,Ruben van der Linde,2025-12-13,openregister,Linting and code cleanup,14283/119/01,low,false
9d8b087c862190769c546651526e391568524388,GitHub Action,2025-12-12,openregister,Bump unstable version to 0.2.9-unstable.7 [skip ci],14283/119/01,low,true
7085c07d82954b2e3db365c42beafdb7e2ba3e0d,Ruben van der Linde,2025-12-10,openregister,Tooling fixes,14283/119/01,low,false
4a2ac7fd12d7f86b72a547213e2acc0da26b336b,Ruben van der Linde,2025-12-09,openregister,Merge pull request #869 from ConductionNL/hotfix/useduses,14283/119/01,low,true
9030f66828945683cc739782aac54230c04b0902,Ruben van der Linde,2025-12-09,openregister,Merge pull request #869 from ConductionNL/hotfix/useduses,14283/119/01,low,true
23e0621ebc52adeae5b41fc02e827c77ecb2b601,Ruben van der Linde,2025-12-09,openregister,_crossOrg added,14283/119/01,low,false
850df3c3f33cc5a45cc71ad1a4413d534a7418c1,Ruben van der Linde,2025-12-09,openregister,_crossOrg added,14283/119/01,low,false
32ab04347d627efed5d297596b97b111de037cc5,Ruben van der Linde,2025-12-09,openregister,Hotfix for used uses endpoint,14283/119/02,low,false
758828e9051753558dea83b5cf7a87822d97c1c9,Ruben van der Linde,2025-12-09,openregister,Hotfix for used uses endpoint,14283/119/02,low,false
7b56310aae077ff7ae07e6a25e028be08a3f942d,GitHub Action,2025-12-08,openregister,Bump unstable version to 0.2.9-unstable.6 [skip ci],14283/119/01,low,true
0f430aa4d1e5141ef9f1f87640f0f18e55913fe7,Ruben van der Linde,2025-12-08,openregister,Trying to fix the foreign key error on installation but no sigar,14283/120/02,medium,false
04775370ce5985b5372707af62d1bc82371dc049,GitHub Action,2025-12-08,openregister,Bump unstable version to 0.2.9-unstable.5 [skip ci],14283/119/01,low,true
6447aff2c0ae21e7f606ac64cddf12835b023ac3,Ruben van der Linde,2025-12-08,openregister,Merge remote-tracking branch 'origin/feature/php-linting' into feature/php-linting,14283/119/01,low,true
7c6ce3c8310a03f67a4de7bfc17e8f82d8a837d6,Ruben van der Linde,2025-12-08,openregister,Last fix on the guzzle service,14283/119/01,low,false
dd449b6d8f00aef5b666dfeb9dab8b5d7b2208cd,Ruben van der Linde,2025-12-08,openregister,Working on the errors from linting fix,14283/120/02,medium,false
deeb73dce20f8b28f455e6ec7ef7e546e4534e33,Ruben van der Linde,2025-12-08,openregister,Still fixing the lint stuf,14283/119/01,low,false
3fb537961864a6b6664b1c421b498af117d44b1d,GitHub Action,2025-12-08,openregister,Bump unstable version to 0.2.9-unstable.4 [skip ci],14283/119/01,low,true
654790d7ebc9c715ea1d2fce5188b975f70615b7,Ruben van der Linde,2025-12-08,openregister,Critical fixes,14283/119/01,low,false
a5432c6802bfdf5f818e36edb7651e3d805c1f6d,Ruben van der Linde,2025-12-08,openregister,Merge remote-tracking branch 'origin/feature/php-linting' into feature/php-linting,14283/119/01,low,true
dfa7f2ff5b24b89d06bbe38bed41463be81fc9b1,Ruben van der Linde,2025-12-08,openregister,Merge remote-tracking branch 'origin/cursor/fix-remaining-phpcs-errors-manually-composer-1-cefc' into feature/php-linting,14283/119/01,high,true
5269e29790c11ecb53d3365ea63e0dfa3f14de4a,Ruben van der Linde,2025-12-08,openregister,Working on our webhook service,14283/120/02,medium,false
743ba01b398e41e1fdea22ec6f51156e03023a40,Robert Zondervan,2025-12-08,openregister,Merge pull request #867 from ConductionNL/hotfix/object-relations,14283/119/01,low,true
c485570c1dbf020487f5a7aedbaa869ba72aca3c,Robert Zondervan,2025-12-08,openregister,Merge pull request #867 from ConductionNL/hotfix/object-relations,14283/119/01,low,true
40f71c93924288581e3a4ff7b4542869865b0b63,Cursor Agent,2025-12-06,openregister,Refactor: Use named arguments for method calls,14283/119/01,medium,false
934f5b21dc5a3472d5b77150095ea8d8ef4b0be3,Cursor Agent,2025-12-06,openregister,Refactor: Use named arguments for method calls,14283/119/01,medium,false
8930e0da7583b6995aa0be1be6af507012767210,Cursor Agent,2025-12-06,openregister,Checkpoint before follow-up message,14283/119/01,low,false
51a6e124bca9e7144970282d7c8ffcd0acb09134,Cursor Agent,2025-12-06,openregister,Checkpoint before follow-up message,14283/119/01,low,false
528c1aff1a8740c9efc8d2ae64768d1904ae1537,Cursor Agent,2025-12-06,openregister,Refactor: Use named arguments for method calls,14283/119/01,medium,false
95d89a59a3f80ecc89e6c425f32381e0c705835c,Cursor Agent,2025-12-06,openregister,Refactor: Use named arguments for method calls,14283/119/01,medium,false
489f374e5abb64090dec0c3ddad208313a8e2591,Cursor Agent,2025-12-06,openregister,Refactor: Use named arguments for method calls,14283/119/01,medium,false
edd630ed38501d5a2a4674047000f7c4d6cfa22f,Cursor Agent,2025-12-06,openregister,Refactor: Use named arguments for method calls,14283/119/01,medium,false
cfa1ee0fa942dd3e2c4976f35ff39fe6ded79ce7,Cursor Agent,2025-12-06,openregister,Refactor: Use named arguments for clarity,14283/119/01,medium,false
4d15d78d03f2b7d2c7428f8e14b1e4ece38e34af,Cursor Agent,2025-12-06,openregister,Refactor: Use named arguments for clarity,14283/119/01,medium,false
c70b6f4715d906ae13b5038454bee6567ff0a678,Cursor Agent,2025-12-06,openregister,Refactor: Use named arguments for method calls,14283/119/01,medium,false
87924a65467e2e3a03d7b2f0ede7747880ebd2ef,Cursor Agent,2025-12-06,openregister,Refactor: Use named arguments for method calls,14283/119/01,medium,false
131c70c3f07d655a24893fd52d90e29fa8a3be76,Cursor Agent,2025-12-06,openregister,Refactor: Improve code quality and fix minor issues,14283/119/01,medium,false
5d4e8c295ed15b7025ab55a1c20ea703f2b93085,Cursor Agent,2025-12-06,openregister,Refactor: Improve code quality and fix minor issues,14283/119/01,medium,false
d49ce7c896b1ae7eb60f7c0d0aa0ba862e543a5c,GitHub Action,2025-12-06,openregister,Bump unstable version to 0.2.9-unstable.3 [skip ci],14283/119/01,low,true
826dd5f7e6d2099c634b204cebc8624cd45fca29,Ruben van der Linde,2025-12-06,openregister,Merge remote-tracking branch 'origin/hotfix/object-relations' into feature/php-linting,14283/119/01,low,true
09bb4d378bf0e572c81ab39bc385fd147894d11b,GitHub Action,2025-12-06,openregister,Bump unstable version to 0.2.9-unstable.2 [skip ci],14283/119/01,low,true
b2d901b74771766ad08c1b6f01cfe1fc91f05e33,Ruben van der Linde,2025-12-06,openregister,Merge remote-tracking branch 'origin/feature/php-linting' into feature/php-linting,14283/119/01,low,true
8add353eceba50cc9adf0bf490e305e412368722,Ruben van der Linde,2025-12-06,openregister,More phpcs cleanup,14283/119/01,low,false
5ec9418109b71efa947c2a3081d7c2312d6a692e,Robert Zondervan,2025-12-05,openregister,Fix solr sync when self_image is too large,14283/119/02,high,false
88ca700c9922913a728ed73e82e73a0d8847adc5,Robert Zondervan,2025-12-05,openregister,Fix solr sync when self_image is too large,14283/119/02,high,false
a0ae95a2f81492f9922ca975b50908bb6a54d0d4,GitHub Action,2025-12-05,openregister,Bump unstable version to 0.2.9-unstable.1 [skip ci],14283/119/01,low,true
c99f3da52760ab3a695ead5d15c3a441e23272ef,Ruben van der Linde,2025-12-05,openregister,Trying to resolve phpcs conflicts,14283/119/01,low,false
23e819c306dae272195457fb8a2103ecb20c1cfc,Robert Zondervan,2025-12-05,openregister,Merge pull request #866 from ConductionNL/hotfix/object-relations,14283/119/01,low,true
19d8d56165d0065b1bdd96f03c37057555c4eebe,Robert Zondervan,2025-12-05,openregister,Merge pull request #866 from ConductionNL/hotfix/object-relations,14283/119/01,low,true
1787611e9e051aa0a96d9607e3a4756238c97a3e,Ruben van der Linde,2025-12-05,openregister,Merge remote-tracking branch 'origin/development' into feature/php-linting,14283/119/01,low,true
d84827e9b9df383db7c5d42bbe8017b0f6233765,Robert Zondervan,2025-12-04,openregister,Fix updating relations on update,14283/119/01,low,false
12ad7e6d88253c04b279df778b3cbb060a61cc54,Robert Zondervan,2025-12-04,openregister,Fix updating relations on update,14283/119/01,low,false
7e594c13d98c6843519935a1eef61101cd14b55b,Ruben van der Linde,2025-12-03,openregister,Merge pull request #865 from ConductionNL/hotfif/cronjobauth,14283/120/02,high,true
4293c1a122e8ef8b0421554af35d5f366eb8f7ac,Ruben van der Linde,2025-12-03,openregister,Merge pull request #865 from ConductionNL/hotfif/cronjobauth,14283/120/02,high,true
6af0e8c10baf4e077338a5ed3357733a03f3cc44,Ruben van der Linde,2025-12-03,openregister,Small fix on denial for cronjobs,14283/120/02,high,false
003b9bab0debd17060f48bd87fb6da6d673c7270,Ruben van der Linde,2025-12-03,openregister,Small fix on denial for cronjobs,14283/120/02,high,false
232dd65c2035b9547b2034484c998610469c14aa,Ruben van der Linde,2025-12-03,openregister,0 psalm errors,14283/120/02,medium,false
f690d796d07cb5cf2f786b53e35acc9bff9d73ab,Ruben van der Linde,2025-12-03,openregister,Tackling another 800 ish psalm errors,14283/120/02,medium,false
3c52f99a7a7262d3da4b0a45006d7c2e4a5841cf,Ruben van der Linde,2025-12-03,openregister,Wroking on psalm errors again,14283/120/02,medium,false
c55137dd267226b9a7a2d510adfb067496903164,Ruben van der Linde,2025-12-03,openregister,Merge branch 'test/indipendentagents' into feature/php-linting,14283/119/01,low,true
017d24d3a573c5b228694adbd6987207885769f9,Ruben van der Linde,2025-12-03,openregister,Merge remote-tracking branch 'origin/development' into test/indipendentagents,14283/119/01,low,true
45414dd756cb26140fb5b2fe9afc9432ebf74a59,Ruben van der Linde,2025-12-03,openregister,Merge remote-tracking branch 'origin/development' into test/indipendentagents,14283/119/01,low,true
3f4c8a45c915dafe66c1ecfa710b4785efc0021e,Ruben van der Linde,2025-12-03,openregister,Merge pull request #864 from ConductionNL/hotfix/rbac2,14283/120/01,high,true
5bf063095ea9c4841a9ba5b3d5a54a9e99fb2ae8,Ruben van der Linde,2025-12-03,openregister,Merge pull request #864 from ConductionNL/hotfix/rbac2,14283/120/01,high,true
fddfec189bf203a3e26841c968dcbe93f79055c9,Ruben van der Linde,2025-12-03,openregister,Explicit comparisons,14283/119/01,low,false
5a05ee623ad1ad49a88b10569aedb5368ba7c250,Ruben van der Linde,2025-12-03,openregister,Explicit comparisons,14283/119/01,low,false
77e23faffa4f1b1d33a619fdb9d16ef6ff5cfcb1,Ruben van der Linde,2025-12-03,openregister,Merge pull request #863 from ConductionNL/hotfix/rbac2,14283/120/01,high,true
6cac77a4fb24dd75a499309485589b5718669149,Ruben van der Linde,2025-12-03,openregister,Merge pull request #863 from ConductionNL/hotfix/rbac2,14283/120/01,high,true
2980da961ff7add2864971c072835b76a20093b2,Ruben van der Linde,2025-12-03,openregister,Diving a bit deeper,14283/119/01,low,false
6e37badde149aecd0551ce2dc1ff539b6054bd21,Ruben van der Linde,2025-12-03,openregister,Diving a bit deeper,14283/119/01,low,false
a65abe129c2f5d17d6e931cfa9f2eea11dea9ab4,Ruben van der Linde,2025-12-03,openregister,Merge pull request #862 from ConductionNL/hotfix/rbac2,14283/120/01,high,true
c4fab2bc2a378fa1303e0564758a16e44a27a3b8,Ruben van der Linde,2025-12-03,openregister,Merge pull request #862 from ConductionNL/hotfix/rbac2,14283/120/01,high,true
8792974d72ef5cd7dce4cf3c8cf1ea4645937a59,Ruben van der Linde,2025-12-03,openregister,Merge remote-tracking branch 'origin/development' into hotfix/rbac2,14283/120/01,high,true
5ba6a4ca7c5f665b3342e4aa9f76617b3ccb5b16,Ruben van der Linde,2025-12-03,openregister,Merge remote-tracking branch 'origin/development' into hotfix/rbac2,14283/120/01,high,true
2678faaa04cd88c23c8b3f9ffd7ce4bfe5c3031f,Ruben van der Linde,2025-12-03,openregister,Add a bit of loging,14283/120/01,medium,false
fb26d642f658a4faa31f14f604d4af6a09435c41,Ruben van der Linde,2025-12-03,openregister,Add a bit of loging,14283/120/01,medium,false
72e26e4f9776be31ef819d7074191f4fc94dc023,Ruben van der Linde,2025-12-03,openregister,remove the quickfix,14283/119/01,low,false
e919b471b4378479bb44d10f0ee722cf217549a2,Ruben van der Linde,2025-12-03,openregister,remove the quickfix,14283/119/01,low,false
9a9949577ca8847246c4dea6b7e4ccf6b90950a1,Ruben van der Linde,2025-12-03,openregister,Working on schema retreval for regsiters extend,14283/119/02,medium,false
8cca4a4c47e366aeba3b99d30833b56ec97e0b45,Ruben van der Linde,2025-12-03,openregister,Working on schema retreval for regsiters extend,14283/119/02,medium,false
38e503636bd0506cdc184f5d771c137fde6108e7,Remko Huisman,2025-12-02,openregister,Merge pull request #861 from ConductionNL/publish-depbulish-registers-schema-fe-fix,14283/119/02,medium,true
9f9f5fccd5281be85e7584b7aa99d9662d31d0d8,Remko Huisman,2025-12-02,openregister,Merge pull request #861 from ConductionNL/publish-depbulish-registers-schema-fe-fix,14283/119/02,medium,true
f4da01c7ca3c59642350eea62c713456d0071613,Remko,2025-12-02,openregister,Validate update,14283/119/01,low,false
c2dc52c7d5af198daad59db6bca757663081ea0d,Remko,2025-12-02,openregister,Validate update,14283/119/01,low,false
501ca0d6d5ef44db4a059ac5cfe319263c69344a,Remko Huisman,2025-12-02,openregister,Merge pull request #860 from ConductionNL/publish-depbulish-registers-schema-fe-fix,14283/119/02,medium,true
4a6c801a2c9e9369878f275778360d59f3a7e7cc,Remko Huisman,2025-12-02,openregister,Merge pull request #860 from ConductionNL/publish-depbulish-registers-schema-fe-fix,14283/119/02,medium,true
ad249a5474a3bbada30476d748c8566ece7c4d2e,Remko,2025-12-02,openregister,cleanup,14283/119/01,low,false
3b46b33545ea1f43b84188095563a3dc55c46ed3,Remko,2025-12-02,openregister,cleanup,14283/119/01,low,false
e1e361e00573072f9945bfbe21e35f10290d12d4,Remko,2025-12-02,openregister,Type change,14283/119/01,low,false
2886e8a96a793616ad72bf3657bda08f40a8d535,Remko,2025-12-02,openregister,Type change,14283/119/01,low,false
74c5036134c04267a4b0c3c35402ef12be489a0e,Remko,2025-12-02,openregister,Fixed action button not working correctly,14283/119/01,low,false
843f30513823f9390245e6f081b3d11637abb3c4,Remko,2025-12-02,openregister,Fixed action button not working correctly,14283/119/01,low,false
cfaaca3155f29784f8eb271b41257aaa50c06604,Ruben van der Linde,2025-12-02,openregister,Merge pull request #859 from ConductionNL/hotfix/rbac2,14283/120/01,high,true
a00be84855b29a9fc97b857d7f39788ae283c719,Ruben van der Linde,2025-12-02,openregister,Merge pull request #859 from ConductionNL/hotfix/rbac2,14283/120/01,high,true
c209ad3a9cb89ca897a514560b84f05124013218,Ruben van der Linde,2025-12-02,openregister,Add ui for publishing/depublishing,14283/119/01,low,false
b6c4ea0635f314ad98bc2bf17cf7f76d3eeacfd8,Ruben van der Linde,2025-12-02,openregister,Add ui for publishing/depublishing,14283/119/01,low,false
affbc1d0c99faceac726b80c07f4706790d58385,Remko Huisman,2025-12-02,openregister,Merge pull request #858 from ConductionNL/hotfix/rbac,14283/120/01,high,true
66d9dc206b03dc036143e43a2a148b0c890d23ec,Remko Huisman,2025-12-02,openregister,Merge pull request #858 from ConductionNL/hotfix/rbac,14283/120/01,high,true
5198f25190229a2823af92e4e159f1de1fe535f2,Robert Zondervan,2025-12-02,openregister,Remove overredundant migrations,14283/119/01,high,false
fcea42feec142c7b96378a137d6e138d9438a450,Robert Zondervan,2025-12-02,openregister,Remove overredundant migrations,14283/119/01,high,false
3af6dce7d7eee4e22d984a722723665b1ea3eb58,Ruben van der Linde,2025-12-02,openregister,Fixing the showing of published objects in dashboard,14283/119/02,medium,false
420763eeff1e66e81142007009951fb16b9a7500,Ruben van der Linde,2025-12-02,openregister,Fixing the showing of published objects in dashboard,14283/119/02,medium,false
2e9ae022d2413001d4caae972e5b4afba9b12c90,Ruben van der Linde,2025-12-02,openregister,Still working on the phpcs,14283/119/01,low,false
3274cdb72b6f839cf5038b3604fbd47b7bd34416,Ruben van der Linde,2025-12-02,openregister,Still working on the phpcs,14283/119/01,low,false
caaf9bcc24092fd41ee0534131ddfcbefec17749,Ruben van der Linde,2025-12-01,openregister,phpcs fix,14283/119/01,low,false
aa4d00031368c7f07de7203fca3d7dc96b1bb721,Ruben van der Linde,2025-12-01,openregister,phpcs fix,14283/119/01,low,false
26d740a1171e1b365867516a45f725ab58085fdc,Ruben van der Linde,2025-12-01,openregister,Fixing more errors,14283/120/02,medium,false
84402027f0467ac86d85e75922264beffc457dea,Ruben van der Linde,2025-12-01,openregister,Fixing more errors,14283/120/02,medium,false
67237e3caf04aa4237a17c674e43e443f4d490c3,Ruben van der Linde,2025-12-01,openregister,Bug fixing,14283/119/01,low,false
453ca93707e079d213a28f4fe7bde52fb0762d2f,Ruben van der Linde,2025-12-01,openregister,Bug fixing,14283/119/01,low,false
35692be9d41f647f0e94827a7d8ee32d0463ce76,Ruben van der Linde,2025-12-01,openregister,Merge remote-tracking branch 'origin/cursor/fix-phpcs-errors-in-repository-composer-1-f142' into test/indipendentagents,14283/119/01,high,true
2bbe9abf8165071e4cf0565418c10075cf087c70,Ruben van der Linde,2025-12-01,openregister,Merge remote-tracking branch 'origin/cursor/fix-phpcs-errors-in-repository-composer-1-f142' into test/indipendentagents,14283/119/01,high,true
63ad893c7208f479c0080fb3cbb5321858e94f74,Ruben van der Linde,2025-12-01,openregister,Merge remote-tracking branch 'origin/cursor/run-and-fix-psalm-errors-composer-1-335a' into test/indipendentagents,14283/119/01,high,true
77628b77e3998fafeed2fe6f7a6ec3a11a7ff655,Ruben van der Linde,2025-12-01,openregister,Merge remote-tracking branch 'origin/cursor/run-and-fix-psalm-errors-composer-1-335a' into test/indipendentagents,14283/119/01,high,true
524a83ab3a944ccbe7812c1a59cacffdf602b573,Cursor Agent,2025-12-01,openregister,Refactor: Improve type hinting and remove unused code,14283/119/01,medium,false
74097aaa4e75027a7cb920367de8eff0d0d289c1,Cursor Agent,2025-12-01,openregister,Refactor: Improve type hinting and remove unused code,14283/119/01,medium,false
58f154851c0e83a7dc9e74a328edc30e4b8e8af5,Ruben van der Linde,2025-12-01,openregister,Merge remote-tracking branch 'origin/cursor/fix-phpcs-errors-in-repository-composer-1-f142' into test/indipendentagents,14283/119/01,high,true
af3975fb2784475a8b1c1a939de8d0c4e7d3652d,Ruben van der Linde,2025-12-01,openregister,Merge remote-tracking branch 'origin/cursor/fix-phpcs-errors-in-repository-composer-1-f142' into test/indipendentagents,14283/119/01,high,true
164a8f7d5e06f56b1c3b54652288b219b656456d,Robert Zondervan,2025-12-01,openregister,Merge pull request #854 from ConductionNL/feature/registers-243/render-paralellisation,14283/119/02,medium,true
8b9875779731af9dfd2f1a8a64b253a6f00315b3,Robert Zondervan,2025-12-01,openregister,Merge pull request #854 from ConductionNL/feature/registers-243/render-paralellisation,14283/119/02,medium,true
d9de58a767f3b0e4671d0d647fdb3be33f410406,Cursor Agent,2025-12-01,openregister,Refactor: Prefix internal parameters with underscore,14283/119/01,medium,false
c939708b0c0cb46d75db9e74619a5bc1df1e95f0,Cursor Agent,2025-12-01,openregister,Refactor: Prefix internal parameters with underscore,14283/119/01,medium,false
2d886c2653f4dd8e11d4e749a7ec656bc03e65f5,Cursor Agent,2025-11-30,openregister,Refactor: Improve facet handling and migration code,14283/119/02,high,false
1efe1c718406abefc2f194818884b4adc311f916,Cursor Agent,2025-11-30,openregister,Refactor: Improve facet handling and migration code,14283/119/02,high,false
1be2af2e8a7637fa146bc6c97c3fc9eb2f93d47f,Cursor Agent,2025-11-30,openregister,Refactor: Prefix unused constructor parameters with underscore,14283/119/01,medium,false
ff6e0b902a8a7c6101181fcc7f3c4856ff927180,Cursor Agent,2025-11-30,openregister,Refactor: Prefix unused constructor parameters with underscore,14283/119/01,medium,false
d0481020e1088b64f2e0c2062b06da4c8d2bd1a4,Cursor Agent,2025-11-30,openregister,Refactor: Prefix unused parameters with underscore,14283/119/01,medium,false
2cc43965a8f1159546cd56a82c44eba0cd816eb3,Cursor Agent,2025-11-30,openregister,Refactor: Prefix unused parameters with underscore,14283/119/01,medium,false
5e72298ac3b3dcaa518ab5efd2f454211acb4c6e,Cursor Agent,2025-11-30,openregister,Refactor: Clean up whitespace and type hints,14283/119/01,medium,false
44ac7fa0b7b532831661b08bc24b010a0de1ec7a,Cursor Agent,2025-11-30,openregister,Refactor: Clean up whitespace and type hints,14283/119/01,medium,false
dbb238ee2b42c93eb766854d781ad3327b9e3c2f,Cursor Agent,2025-11-30,openregister,Refactor: Prefix unused parameters with underscore,14283/119/01,medium,false
3eb28d74d9d4ee708dacd4b4cd90860573d4a034,Cursor Agent,2025-11-30,openregister,Refactor: Prefix unused parameters with underscore,14283/119/01,medium,false
c6389e73de12eff4a370b9ef5f0406cc0256fe96,Cursor Agent,2025-11-30,openregister,Fix: Add psalm suppressions and rename unused parameters,14283/119/01,low,false
bfbe74f9d9fc4e538141e2830953b3b45ce16eb6,Cursor Agent,2025-11-30,openregister,Fix: Add psalm suppressions and rename unused parameters,14283/119/01,low,false
16e892921eff4c54d223c3c401d055309660e133,Cursor Agent,2025-11-30,openregister,Fix: Suppress unused psalm annotations,14283/119/01,low,false
b4a172ef14f6e83a6d8fc4ddb63661bffd16ab48,Cursor Agent,2025-11-30,openregister,Fix: Suppress unused psalm annotations,14283/119/01,low,false
c97f039b0f7a14e494f6f08601d0c478502f9c7f,Cursor Agent,2025-11-30,openregister,Refactor: Improve code quality and fix minor issues,14283/119/01,medium,false
adb1b336592dee3e7950c79f31a80fb5e164dcc6,Cursor Agent,2025-11-30,openregister,Refactor: Improve code quality and fix minor issues,14283/119/01,medium,false
47445a07b8aed21eee52cdd9f2ed46114c8e6974,Cursor Agent,2025-11-30,openregister,Checkpoint before follow-up message,14283/119/01,low,false
cf9fc4d894ecb69e2d48fbf4096cc6f99cbba366,Cursor Agent,2025-11-30,openregister,Checkpoint before follow-up message,14283/119/01,low,false
232818b4c5c1b866efe07c55243a8916ce66ed4c,Cursor Agent,2025-11-30,openregister,Refactor: Improve type safety and variable handling,14283/119/01,medium,false
2d6825d69d82fabcd7689cf6deabed276176573b,Cursor Agent,2025-11-30,openregister,Refactor: Improve type safety and variable handling,14283/119/01,medium,false
9dfd7040e45bd287b5bda88881b007e94a259293,Cursor Agent,2025-11-30,openregister,Refactor: Adjust PHPDoc spacing and constructor property alignment,14283/119/01,medium,false
cefccd47905806f8b51acf0239a76d6f28308b9f,Cursor Agent,2025-11-30,openregister,Refactor: Adjust PHPDoc spacing and constructor property alignment,14283/119/01,medium,false
915ef4c8a0849f5dc51290be8fa338cdd26c216b,Cursor Agent,2025-11-30,openregister,Refactor: Improve code formatting and documentation,14283/119/01,medium,false
9c8b4ebdb42b56c471c8ce018a51a1886f7d1050,Cursor Agent,2025-11-30,openregister,Refactor: Improve code formatting and documentation,14283/119/01,medium,false
1880563b1acf8a82310de03dc002b26e6a61de0f,Cursor Agent,2025-11-30,openregister,Add dependencies to various service classes,14283/119/01,low,false
2580caef3a91e3fe2a376b0914e1c0e61724a9b6,Cursor Agent,2025-11-30,openregister,Add dependencies to various service classes,14283/119/01,low,false
8faae504e0fc63bd163d327d7d79022afbb3f4f8,Cursor Agent,2025-11-30,openregister,Refactor: Add constructors to mappers and services,14283/119/01,high,false
734c22e8f8093e1b3746f714c8ff373214497d3b,Cursor Agent,2025-11-30,openregister,Refactor: Add constructors to mappers and services,14283/119/01,high,false
2ad5eb9b8da82bedb423758fa904a5422848b585,Cursor Agent,2025-11-30,openregister,Refactor: Improve PHPDoc formatting and consistency,14283/119/01,medium,false
cb5fd3046b601c0e4fca6fc57cd7e81b25bf98eb,Cursor Agent,2025-11-30,openregister,Refactor: Improve PHPDoc formatting and consistency,14283/119/01,medium,false
61f21ce52c231fb895e23a08fba0ec9d0507a770,Cursor Agent,2025-11-30,openregister,Refactor: Improve code formatting and documentation,14283/119/01,medium,false
d7cf7f0711d81fdac1799cb910ada552b877bbc8,Cursor Agent,2025-11-30,openregister,Refactor: Improve code formatting and documentation,14283/119/01,medium,false
a1de217a975e73296bbf76372455ad30583eeb1a,Cursor Agent,2025-11-30,openregister,Checkpoint before follow-up message,14283/119/01,low,false
3cb1b75342df17752a089c60e944b92b01a2eb0a,Cursor Agent,2025-11-30,openregister,Checkpoint before follow-up message,14283/119/01,low,false
f4c67ecbdeb3c6e20f672b58ff0904fbb63d92bd,Cursor Agent,2025-11-30,openregister,Refactor: Improve code quality and fix minor issues,14283/119/01,medium,false
964e8248f16d4e5e4426cdfef867dc71ea08f73a,Cursor Agent,2025-11-30,openregister,Refactor: Improve code quality and fix minor issues,14283/119/01,medium,false
2907ad01cb819a3a2786a7dc360901c4b88f0678,Cursor Agent,2025-11-30,openregister,Refactor: Improve code formatting and comments in migrations,14283/119/01,high,false
8e562f2685b48c1642b28cf41338a55697c9b7cc,Cursor Agent,2025-11-30,openregister,Refactor: Improve code formatting and comments in migrations,14283/119/01,high,false
5d4b134657d591ca4b8e635636aa0950dc7f6a1a,Cursor Agent,2025-11-30,openregister,Refactor: Remove unused dependencies and add psalm suppressions,14283/119/01,medium,false
6a487a437888874a5ad49e2eb743db6168516909,Cursor Agent,2025-11-30,openregister,Refactor: Remove unused dependencies and add psalm suppressions,14283/119/01,medium,false
a6ff44cfefbc54a4cde97875578dd451e82bc477,Cursor Agent,2025-11-30,openregister,Refactor: Remove unused methods and simplify code,14283/119/01,medium,false
d10091898b5f7370078c978cb7dd345befd1a9db,Cursor Agent,2025-11-30,openregister,Refactor: Remove unused methods and simplify code,14283/119/01,medium,false
6253a964c281baf7fbb4a3e72296a89f37fa06fe,Cursor Agent,2025-11-30,openregister,Refactor: Improve SolrEventListener logging and migration comments,14283/119/02,high,false
fc40816452b3454203e542ba91db17b3f5dc3f58,Cursor Agent,2025-11-30,openregister,Refactor: Improve SolrEventListener logging and migration comments,14283/119/02,high,false
d409798f976c3c7c788e25d9b05f9441d7d3d8d6,Ruben van der Linde,2025-11-29,openregister,All the linting,14283/119/01,low,false
db650712b38dfb8654bb1f656ce1c62de161b7d3,Ruben van der Linde,2025-11-29,openregister,All the linting,14283/119/01,low,false
cff927d848264c47c0f2068438838fa9278711c8,Ruben van der Linde,2025-11-28,openregister,WIP Save,14283/119/01,low,false
b37a5baa558a77f487a1c099319689caea5fa63c,Ruben van der Linde,2025-11-28,openregister,WIP Save,14283/119/01,low,false
a49d6d369050d8e88ded1df0e2d11a054640492e,Ruben van der Linde,2025-11-28,openregister,Fixing implicit comparisons,14283/119/01,low,false
5ca5bf3f5cad18f8fe83573e17dba25e26d25d78,Ruben van der Linde,2025-11-28,openregister,Fixing implicit comparisons,14283/119/01,low,false
f48cf09b019c7d299def37af8e9a4e6a0d2603dc,Ruben van der Linde,2025-11-28,openregister,Merge pull request #855 from ConductionNL/hotfix/userbypasonpublication,14283/119/01,low,true
10da5f09e06417520362e0d4460b934e485f5d1a,Ruben van der Linde,2025-11-28,openregister,Merge pull request #855 from ConductionNL/hotfix/userbypasonpublication,14283/119/01,low,true
966b12999ef3424e966da8a99f0e201c3fc8a9ea,Ruben van der Linde,2025-11-28,openregister,Add endpoint functionality,14283/119/02,low,false
8d3eb3d7ad5a14a74a8f1ab9683dbdeca062dfc6,Ruben van der Linde,2025-11-28,openregister,Add endpoint functionality,14283/119/02,low,false
9af61bb8858e1c564d57a8d47fc8b96ba58f57e8,Ruben van der Linde,2025-11-27,openregister,Fix code styling,14283/119/01,low,false
5edf59afa2afacd6311b6bb794ddcd4040dbe932,Ruben van der Linde,2025-11-27,openregister,Fix code styling,14283/119/01,low,false
cef0bca20e49e82912f5a791df6f59df0137de02,Ruben van der Linde,2025-11-27,openregister,Fix for multitanancy on publications endpoint,14283/119/02,low,false
9cd76b2fa6020e4ab69e2fe974832ce4a975dd18,Ruben van der Linde,2025-11-27,openregister,Fix for multitanancy on publications endpoint,14283/119/02,low,false
87cc9ce256affad62d7ee956b99632245df0b2a5,Robert Zondervan,2025-11-27,openregister,remove todo,14283/119/01,low,false
f4c69986fc67ec2dbaf8df1aebea8a9425ef5341,Robert Zondervan,2025-11-27,openregister,remove todo,14283/119/01,low,false
901af01747a9ca2b2658fd767e153c78dae55664,github-actions[bot],2025-11-27,openregister,deploy: ba8968df8a2aab93eed9c967cdfaa0c3f9fac538,14283/119/01,low,true
ba8968df8a2aab93eed9c967cdfaa0c3f9fac538,Ruben van der Linde,2025-11-27,openregister,Merge pull request #853 from ConductionNL/feature/php-linting,14283/119/01,low,true
e6643b8c77802ea06f708ac316ea59a3d8595261,Robert Zondervan,2025-11-27,openregister,Parallelise rendering of objects,14283/119/01,low,false
acb9e50f1d53b178a56e8fcf436535b565ac7316,Robert Zondervan,2025-11-27,openregister,Parallelise rendering of objects,14283/119/01,low,false
6710064081d7211b39d9972fef77efc4dc206468,Ruben van der Linde,2025-11-27,openregister,Lets fix our automatic changelogs,14283/119/01,low,false
a773f2b357a89fcb1e8fb6486701b88f4f79b89a,Ruben van der Linde,2025-11-27,openregister,Lets fix our automatic changelogs,14283/119/01,low,false
bddb368cd5fc72636b7fdd9f72dfd3a3e6565359,Ruben van der Linde,2025-11-27,openregister,More work on the webhook documentation,14283/120/02,medium,false
1cbbf039af72da56bfe9181594e055219dc23972,Ruben van der Linde,2025-11-27,openregister,More work on the webhook documentation,14283/120/02,medium,false
422c3ddfd82577d159e8b919f7feda1757fb5b90,Remko Huisman,2025-11-27,openregister,Merge pull request #850 from ConductionNL/feature/schema-search-fix,14283/119/02,high,true
c43e5a84812b9d85a9960b3a228d5c3771964fff,Remko Huisman,2025-11-27,openregister,Merge pull request #850 from ConductionNL/feature/schema-search-fix,14283/119/02,high,true
fbe4dcfd8ecf983302ecc62ad0de577d278aad61,github-actions[bot],2025-11-27,openregister,deploy: 645be58ba5946fd2f4c8426ca883ba76a1544ac2,14283/119/01,low,true
645be58ba5946fd2f4c8426ca883ba76a1544ac2,Ruben van der Linde,2025-11-27,openregister,Merge pull request #852 from ConductionNL/feature/php-linting,14283/119/01,low,true
14a7163797193b32a7a0cfdb48d639e044ebd9a5,Ruben van der Linde,2025-11-27,openregister,Figuring out why we dont have docs updates,14283/119/01,low,false
d384c4e01a2f0bc75d941476ad1aaa0f8ec9e2f3,Ruben van der Linde,2025-11-27,openregister,Figuring out why we dont have docs updates,14283/119/01,low,false
a8e2d9dd299cc3b9531d1929598fe2a2e484dc4f,Ruben van der Linde,2025-11-27,openregister,Update the files,14283/119/01,low,false
108bf1e4a9f61ddc994a97c43c8f46cdbc050f5a,Ruben van der Linde,2025-11-27,openregister,Update the files,14283/119/01,low,false
2017cfc5ef1275c62d730e4e2aa13c5344433a04,Ruben van der Linde,2025-11-27,openregister,Merge pull request #851 from ConductionNL/feature/php-linting,14283/119/01,low,true
91030aa80862c7344e451b63c17175cc67659672,Remko,2025-11-27,openregister,Fixed two more schema dialog windows,14283/119/02,medium,false
a66a903536b2b5e8669ba08e05f244f9a607a0be,Remko,2025-11-27,openregister,Fixed two more schema dialog windows,14283/119/02,medium,false
84df6973d8daf147d940acd681c069ed42a7c72e,Ruben van der Linde,2025-11-27,openregister,Fix 500,14283/119/01,low,false
5c118e93afb0510e3121ed450601e345a02c61ab,Ruben van der Linde,2025-11-27,openregister,Fix 500,14283/119/01,low,false
86f03f64858ca614a55bd37dbc3a6dcda42c5c9f,Ruben van der Linde,2025-11-27,openregister,Testing our webhook functionality,14283/120/02,medium,false
b7e87f7fa5f520646ceaf7751406b33aba582ac4,Ruben van der Linde,2025-11-27,openregister,Testing our webhook functionality,14283/120/02,medium,false
0455a1c2ac0881a6350501ffb03ae10ec16fabdd,Remko,2025-11-27,openregister,Fixed all schema select boxes,14283/119/02,medium,false
d8d75cce578221ff80b91d07264104168106cbe1,Remko,2025-11-27,openregister,Fixed all schema select boxes,14283/119/02,medium,false
d7aa10b09be4876727827d6b2d3a1a6aaf1fb82c,Remko,2025-11-27,openregister,Merge remote-tracking branch 'origin/development' into feature/schema-search-fix,14283/119/02,high,true
6cc93dfa27f0bbf282edb546a992802b0da5faa4,Remko,2025-11-27,openregister,Merge remote-tracking branch 'origin/development' into feature/schema-search-fix,14283/119/02,high,true
58982b5f6eb119fd9cf1259f6e70d117a25f669b,Ruben van der Linde,2025-11-27,openregister,More fixes,14283/119/01,low,false
ed25a0a1798164dfc1d592abf8eb47a930f403d9,Ruben van der Linde,2025-11-27,openregister,More fixes,14283/119/01,low,false
2efdf5bc11cbed4e990d54cae9ec517440abc73b,Ruben van der Linde,2025-11-27,openregister,More psalm fixes,14283/119/01,low,false
b4b5df5a473e3271ab343eed6dee7977e4c358c4,Ruben van der Linde,2025-11-27,openregister,More psalm fixes,14283/119/01,low,false
a42a08e78b4db216567fa24fed22e97f795de5d3,Ruben van der Linde,2025-11-27,openregister,Merge pull request #846 from ConductionNL/feature/php-linting,14283/119/01,low,true
221b6221b3e9f0a0561155a9bd80a2d86ef9626e,Robert Zondervan,2025-11-27,openregister,Annotate location to parallelise and remove unused function with error,14283/120/02,medium,false
d6ce1975cfcd1b137567ac89f08b5fdc586c7ddf,Robert Zondervan,2025-11-27,openregister,Annotate location to parallelise and remove unused function with error,14283/120/02,medium,false
356f10758142cfdfd68ed93b03f109b427e39e90,Ruben van der Linde,2025-11-27,openregister,Merge remote-tracking branch 'origin/development' into feature/php-linting,14283/119/01,low,true
073020eedcdb3d8f6081c02f669ad9055bcd8b23,Ruben van der Linde,2025-11-27,openregister,Merge remote-tracking branch 'origin/development' into feature/php-linting,14283/119/01,low,true
0694258ddd00dad64a7d75504b017b98af14d136,Ruben van der Linde,2025-11-27,openregister,Small ui fixes,14283/119/01,low,false
9834b50a64c9bae9a90ed09868db99318074a59e,Ruben van der Linde,2025-11-27,openregister,Small ui fixes,14283/119/01,low,false
2b7ddddf9fec9d1418ecda724d39ebbfe10e7e8e,Thijn,2025-11-27,openregister,Merge pull request #849 from ConductionNL/feature/REGISTERS-242/toast-too-much,14283/119/02,medium,true
97333a49e58bbec78a90dab4b581b8471f7be0aa,Thijn,2025-11-27,openregister,Merge pull request #849 from ConductionNL/feature/REGISTERS-242/toast-too-much,14283/119/02,medium,true
d9597f20be0ef59a07753aa17c2a5af2d33e488a,Thijn,2025-11-27,openregister,Merge pull request #848 from ConductionNL/feature/REGISTERS-241/schema-without-properties,14283/119/02,medium,true
917fefb5adfcb57644a85d3dbe13306def43616a,Thijn,2025-11-27,openregister,Merge pull request #848 from ConductionNL/feature/REGISTERS-241/schema-without-properties,14283/119/02,medium,true
3b876dce9da907cbcfc800eaca1e6809c776e988,SudoThijn,2025-11-27,openregister,lint-fix,14283/119/01,low,false
51fdd76c1b1da4d0b8ffa870965d7bff0cd3ad27,SudoThijn,2025-11-27,openregister,lint-fix,14283/119/01,low,false
c2a782d348ab7592ac035542c759567f3223d6c4,Ruben van der Linde,2025-11-27,openregister,Merge remote-tracking branch 'origin/development' into feature/php-linting,14283/119/01,low,true
e9493d5e76230c9a47cda9ed84c6ef0740851e63,Ruben van der Linde,2025-11-27,openregister,Merge remote-tracking branch 'origin/development' into feature/php-linting,14283/119/01,low,true
d324ff2ea9881ec4ca9fa527c4f1a82bc7a5ca0a,Thijn,2025-11-26,openregister,toasts don't get spammed anymore,14283/119/02,low,false
9aec23a6fb5a619aac8084225612696994436cf1,Thijn,2025-11-26,openregister,toasts don't get spammed anymore,14283/119/02,low,false
43db2a7d308538096c5087032cdf24b5f41d4caf,Thijn,2025-11-26,openregister,convert array to object for properties,14283/119/01,medium,false
3557b8c1e75c1e0ca0cb405f9aa25627475fb0ba,Thijn,2025-11-26,openregister,convert array to object for properties,14283/119/01,medium,false
a71034d9674a747cd5a06dea7a20296d95c7e6fe,rubenvdlinde,2025-11-26,openregister,deploy: 9b666a8865426bd21ff6e083b972706e32d6353f,14283/119/01,low,true
8f1fbc4e5820543e736813d83a0314ee39aec7b1,Ruben van der Linde,2025-11-26,openregister,Link fixes,14283/119/01,low,false
b6ebdade0f5a16c482cfad107149e5da1c278d87,Ruben van der Linde,2025-11-26,openregister,Link fixes,14283/119/01,low,false
2ae5e35381dff99d7d8f27fc3b97eab6bf84445b,Ruben van der Linde,2025-11-26,openregister,Update to the flow,14283/119/01,low,false
aaa41a15623f617288da2818989206683e5eef83,Ruben van der Linde,2025-11-26,openregister,Update to the flow,14283/119/01,low,false
53674b99f72c16817eed46a17b655bd1f03bdcfc,Ruben van der Linde,2025-11-26,openregister,Fix broken flows,14283/119/01,low,false
f32e0d5ba5eea269276873ed498dcc99e9f97daf,Ruben van der Linde,2025-11-26,openregister,Fix broken flows,14283/119/01,low,false
19cdfaef4cc988b4444190df21b8a3886efa0f2d,Ruben van der Linde,2025-11-26,openregister,Fixing broken links,14283/119/01,low,false
87085275db33e020a288db88b9039978646204c9,Ruben van der Linde,2025-11-26,openregister,Fixing broken links,14283/119/01,low,false
1c9cb976c22a991be3cc7c447cee28025cfcda74,Ruben van der Linde,2025-11-26,openregister,Merge pull request #843 from ConductionNL/feature/php-linting,14283/119/01,low,true
7c265010f4ec4a2eda8814ece3171979646a6739,Ruben van der Linde,2025-11-26,openregister,Fixing some more broken links,14283/119/01,low,false
7cb418e14b5252d6d55ac0c8b5c64b2a330b0aff,Ruben van der Linde,2025-11-26,openregister,Fixing some more broken links,14283/119/01,low,false
bc75624ea542c48891b43bba1b7a998fe5f714b2,Ruben van der Linde,2025-11-26,openregister,Merge pull request #840 from ConductionNL/feature/php-linting,14283/119/01,low,true
c83107840cdcc8e5a89831c36f262fb2224065d9,Ruben van der Linde,2025-11-26,openregister,Fixing the documentation references,14283/119/01,low,false
6d7ba5d1724ded195bbac7755df1094b602b9c2c,Ruben van der Linde,2025-11-26,openregister,Fixing the documentation references,14283/119/01,low,false
855b2c041e174bb388d1cd04840a50b8bfda45ec,Remko Huisman,2025-11-26,openregister,Merge pull request #836 from ConductionNL/hotfix/adminoverwrite-searchSchema,14283/119/02,high,true
59710577fb9283985941fb9e31190b4f551d60cd,Remko Huisman,2025-11-26,openregister,Merge pull request #836 from ConductionNL/hotfix/adminoverwrite-searchSchema,14283/119/02,high,true
d315482373617b984c075ee818472da0a6b0b3a2,Ruben van der Linde,2025-11-26,openregister,Merge pull request #837 from ConductionNL/feature/php-linting,14283/119/01,low,true
c5490080ce9a60f6c63fa89aefd55991e928e9d8,Ruben van der Linde,2025-11-26,openregister,Merge branch 'documentation' into feature/php-linting,14283/119/01,low,true
4bfa32270f3b081ab635d21002bbc3b7741834f6,Ruben van der Linde,2025-11-26,openregister,Merge branch 'documentation' into feature/php-linting,14283/119/01,low,true
d00698240110f1cf58869bf795ccbffb05eb9503,Remko,2025-11-26,openregister,Sidebar search fix,14283/119/02,high,false
f8d560c3e339b397b7b662741490c1d7d083ecbf,Remko,2025-11-26,openregister,Sidebar search fix,14283/119/02,high,false
e65ece172655027a3706a6b4e5085b65d2124d06,Ruben van der Linde,2025-11-26,openregister,Merge branch 'documentation' into hotfix/adminoverwrite,14283/119/01,low,true
c53eaf7e4b4a9657d40cd096741e47e84bc848cf,Remko,2025-11-26,openregister,Sidebar search fix,14283/119/02,high,false
aa92183a4dd2103b8745baf5c59fb0b654efbb88,Ruben van der Linde,2025-11-26,openregister,Fixing admin overwrtie for multitenancy,14283/120/01,medium,false
9eeac59d51554f504765372db4f555f36907353f,Ruben van der Linde,2025-11-26,openregister,Fixing admin overwrtie for multitenancy,14283/120/01,medium,false
8c899379d4bbfe34f25b40e48a82eb49b64a816c,Ruben van der Linde,2025-11-26,openregister,Enable admin overwrite,14283/120/01,medium,false
98fdb0a249514c84b017c6208003614f7283261d,Ruben van der Linde,2025-11-26,openregister,Enable admin overwrite,14283/120/01,medium,false
997671d15f2663d280d04e5f77652e53158aabf8,Ruben van der Linde,2025-11-26,openregister,Rmove depracticed solsrvice,14283/119/01,low,false
0454bbc69ccbc44d5f0ef5a587227c83d010d013,Ruben van der Linde,2025-11-26,openregister,Rmove depracticed solsrvice,14283/119/01,low,false
3fcb58ed935d0f23543672a195cdd23e618a0f1d,Ruben van der Linde,2025-11-25,openregister,Documenting the local setup,14283/119/01,low,false
6b4e74a65dc6ae62f2312f061f214b95d336e099,Ruben van der Linde,2025-11-25,openregister,Documenting the local setup,14283/119/01,low,false
4cdd1d2a22557740347a9a27516f0355127a6bff,Ruben van der Linde,2025-11-25,openregister,Merge branch 'hotfix/registerlist' into feature/php-linting,14283/119/02,medium,true
b95990e1b0e016f73a74c7511d23ae3beabb960f,Ruben van der Linde,2025-11-25,openregister,Merge branch 'hotfix/registerlist' into feature/php-linting,14283/119/02,medium,true
c50c5c16b41edacf2f0f8d301f999aaa2b50d526,Robert Zondervan,2025-11-25,openregister,Merge pull request #833 from ConductionNL/fix/settinsService,14283/119/01,low,true
c544b9e342e3c7f75c1ece1703b9850b65834bc8,Robert Zondervan,2025-11-25,openregister,Merge pull request #833 from ConductionNL/fix/settinsService,14283/119/01,low,true
97b2f54e6c9098f718e2d940c9c42681e89028ed,Robert Zondervan,2025-11-25,openregister,Fix calling organisationService,14283/120/01,high,false
5a29e761657fb7b664a8363afb6b61b2d2d39a01,Robert Zondervan,2025-11-25,openregister,Fix calling organisationService,14283/120/01,high,false
261f678e767ef4a526591f2eff0f257d00b2e6c7,Ruben van der Linde,2025-11-25,openregister,Hotfix error message,14283/120/02,medium,false
5bbc5271f901f2e3744b7fc140b02d8f3c2feedd,Ruben van der Linde,2025-11-25,openregister,Save the work!,14283/119/01,low,false
e5da65217bba71fc68845b46e53d608be3345431,Ruben van der Linde,2025-11-25,openregister,Save the work!,14283/119/01,low,false
b2bf0cd28360dde39de4d42ab1648e7d5acd2196,Robert Zondervan,2025-11-25,openregister,Merge pull request #831 from ConductionNL/fix/settinsService,14283/119/01,low,true
d230ef44b12e3b8335eadc3911ceb533aecb5ac2,Robert Zondervan,2025-11-25,openregister,Merge pull request #831 from ConductionNL/fix/settinsService,14283/119/01,low,true
48e59207d5a63f07a694bde9d6a6bddd67e56477,Robert Zondervan,2025-11-25,openregister,Duplicate code from settingsService to prevent dependency loop,14283/120/02,medium,false
03db7c729b39174e74cb4d5d75869e12f6f8ade1,Robert Zondervan,2025-11-25,openregister,Duplicate code from settingsService to prevent dependency loop,14283/120/02,medium,false
e73fcc214bf15ba5f792f951b8e88d8ea9cf9bd1,Remko Huisman,2025-11-25,openregister,Merge pull request #830 from ConductionNL/feature/schema-on-import,14283/119/02,high,true
7be3d431739541e002e403ff24dc15360254566b,Remko Huisman,2025-11-25,openregister,Merge pull request #830 from ConductionNL/feature/schema-on-import,14283/119/02,high,true
48910c55afffee7a1bd22747b3493660841e0815,Remko,2025-11-25,openregister,"Revert ""Small hotfix for undefined key""",14283/119/01,low,true
fdc09ecd31245aadedc6c89a62e7c69a645809b5,Remko,2025-11-25,openregister,"Revert ""Small hotfix for undefined key""",14283/119/01,low,true
49cd4fa7c6891cfcf2298a058dcf48da91246aed,Remko,2025-11-25,openregister,Merge remote-tracking branch 'origin/development' into feature/schema-on-import,14283/119/02,high,true
4e6e65547e5b816a1f4a4c6f9e35f3e4c07a7bf0,Remko,2025-11-25,openregister,Merge remote-tracking branch 'origin/development' into feature/schema-on-import,14283/119/02,high,true
16320afb64fed1fdfc31b305933f309bdedb50bb,Remko,2025-11-25,openregister,Fixed import schema,14283/119/02,high,false
efdb54c6367c75e36eea1099d20b39a9cdfb6cde,Remko,2025-11-25,openregister,Fixed import schema,14283/119/02,high,false
8b595c4d9fd6514d1f7433b85242feef1f36ec5f,Ruben van der Linde,2025-11-25,openregister,Update gitnore,14283/119/01,low,false
ccaa2c80099003dc1669cc6c95c16730f32d4327,Ruben van der Linde,2025-11-25,openregister,Update gitnore,14283/119/01,low,false
119188b7bd9c0e2b7b5e075639e6bc51fa89abe9,Ruben van der Linde,2025-11-25,openregister,Lets save our progress,14283/119/01,low,false
31d512a46eeff2bf290baf6a3202a95cc930ca0c,Ruben van der Linde,2025-11-25,openregister,Lets save our progress,14283/119/01,low,false
bc3c2685853bdd0c82d2a611d535af66c481d485,Ruben van der Linde,2025-11-25,openregister,Still in the linting and fixing and webhooks,14283/120/02,medium,false
90b49c7106f87e0d6b3dbb22148ce0101c09580f,Ruben van der Linde,2025-11-25,openregister,Still in the linting and fixing and webhooks,14283/120/02,medium,false
9a63b21313bfbf58615e643d14c9577924915b62,Ruben van der Linde,2025-11-25,openregister,More cleanup,14283/119/01,low,false
c124097fcbbcdfd872eec2db34b83aaae72182c7,Ruben van der Linde,2025-11-25,openregister,More cleanup,14283/119/01,low,false
a2d8cb924b22aab7af9840f8862af5861b7041a8,Ruben van der Linde,2025-11-24,openregister,phpcs fixes,14283/119/01,low,false
148673fa0157a3545b2f1b698568abb154e76473,Ruben van der Linde,2025-11-24,openregister,phpcs fixes,14283/119/01,low,false
f7f455e357eedc1464c85204e5a428f8f8629dab,Ruben van der Linde,2025-11-24,openregister,Save before starting to remove unused code,14283/119/01,low,false
c66f58eddada6417fa090c5a52fe78a98650026a,Ruben van der Linde,2025-11-24,openregister,Save before starting to remove unused code,14283/119/01,low,false
355f5f176b19651f616dc4d2600416994c9c88df,Ruben van der Linde,2025-11-24,openregister,Fixing some actual bugs,14283/119/01,low,false
de35781506148fc05a10709d9685d246a7ede352,Ruben van der Linde,2025-11-24,openregister,Fixing some actual bugs,14283/119/01,low,false
ec93e1d8de1ebd7b2e7999f76ae71e33b47c4587,Ruben van der Linde,2025-11-24,openregister,All the happy code fixes :),14283/119/01,low,false
c6c5ff3a42fe6a7cd2e6624224c3a5a853fbc611,Ruben van der Linde,2025-11-24,openregister,All the happy code fixes :),14283/119/01,low,false
51dedd7b5939f0243f4388b43516918077743f68,Ruben van der Linde,2025-11-24,openregister,Onward with psalm,14283/119/01,low,false
7392163bb8dcc70c27129e5cee7c57fd605dc072,Ruben van der Linde,2025-11-24,openregister,Onward with psalm,14283/119/01,low,false
90f62f39ebac77f53586cfbf3bc82bc97447ef00,Ruben van der Linde,2025-11-24,openregister,More work on the psalm checks,14283/119/01,low,false
1b44677867d385983864f8f01c2c4605f4dac2e1,Ruben van der Linde,2025-11-24,openregister,More work on the psalm checks,14283/119/01,low,false
694e35b8f41cfef5a8a76132a0553a90fbf496ca,Ruben van der Linde,2025-11-24,openregister,Fixing al the psalm,14283/119/01,low,false
e1b37dd86a72cb162fce305587ea86a93b34d9c1,Ruben van der Linde,2025-11-24,openregister,Fixing al the psalm,14283/119/01,low,false
2c48ad0c6ff2a31027224965d3d229d2b93622b1,Barry Brands,2025-11-24,openregister,Altered QueryBuilding for facet search,14283/119/02,high,false
154d5574193c2af5c3300f4021ffda4685aa80a8,Ruben van der Linde,2025-11-24,openregister,Merge branch 'hotfix/multischemaregister' into feature/php-linting,14283/119/02,medium,true
6ab0a044ee873339c4ae0a0ea8ed5ffa79b079e2,Ruben van der Linde,2025-11-24,openregister,Merge branch 'hotfix/multischemaregister' into feature/php-linting,14283/119/02,medium,true
9947ac7b3002f3629135e111ddd3fb0a87c8c40c,Ruben van der Linde,2025-11-24,openregister,Merge pull request #828 from ConductionNL/hotfix/multischemaregister,14283/119/02,medium,true
64715aa6eafed728ca21ec40cd1b069afb80c8ca,Ruben van der Linde,2025-11-24,openregister,Merge pull request #828 from ConductionNL/hotfix/multischemaregister,14283/119/02,medium,true
a9796d8b403bbe2501fa322b60bedbb5865b58ab,Ruben van der Linde,2025-11-24,openregister,Small hotfix for undefined key,14283/119/01,low,false
8eb02b2e3ed3f85cefcc203005c1912222bf8f00,Ruben van der Linde,2025-11-24,openregister,Small hotfix for undefined key,14283/119/01,low,false
706e33caa0181b8e2b4bedff3c00bca868888d82,Ruben van der Linde,2025-11-24,openregister,Merge pull request #827 from ConductionNL/hotfix/multischemaregister,14283/119/02,medium,true
c9496c9b223040e1d582e46ae19a207552830e79,Ruben van der Linde,2025-11-24,openregister,Merge pull request #827 from ConductionNL/hotfix/multischemaregister,14283/119/02,medium,true
cd2f7673feffb259115238aa232563822bad5f34,Ruben van der Linde,2025-11-24,openregister,Found some other rbac paces,14283/120/01,high,false
dd54e9bfb0dcefc05cda8d09f436db7137071dea,Ruben van der Linde,2025-11-24,openregister,Found some other rbac paces,14283/120/01,high,false
a176eebc3fccc4a141aad3cee53ce0e151557e10,Ruben van der Linde,2025-11-24,openregister,Disabling RBAC for schema and register,14283/120/01,high,false
759ca9ab964fc88cec8cac3f510bd6b56dc182ad,Ruben van der Linde,2025-11-24,openregister,Disabling RBAC for schema and register,14283/120/01,high,false
94c3495de3898fe883bc967b4d89b1fea2e91b69,Ruben van der Linde,2025-11-24,openregister,Merge pull request #826 from ConductionNL/hotfix/multischemaregister,14283/119/02,medium,true
e842465f68eb3aacc2eb815d376835cedc599294,Ruben van der Linde,2025-11-24,openregister,Merge pull request #826 from ConductionNL/hotfix/multischemaregister,14283/119/02,medium,true
569fe2214e7244d6bbd5e7cf0646ee6dedede85b,Ruben van der Linde,2025-11-24,openregister,Add multitenancy overwrite to the new multi code,14283/119/01,low,false
1b24fa8afb8cd517e2b9de1513096c67279e7310,Ruben van der Linde,2025-11-24,openregister,Add multitenancy overwrite to the new multi code,14283/119/01,low,false
489ed0f6c0162454f78473681db0cc9aa3f8d66a,Ruben van der Linde,2025-11-24,openregister,Merge pull request #825 from ConductionNL/hotfix/multischemaregister,14283/119/02,medium,true
a5e5e68e6ec4d749943a292b195547e9501e7ec9,Ruben van der Linde,2025-11-24,openregister,Merge pull request #825 from ConductionNL/hotfix/multischemaregister,14283/119/02,medium,true
a5091e0a4e7046c90ac99e774d7d6293652b1be3,Ruben van der Linde,2025-11-24,openregister,Hotfix for schema and regiser multi tenancy,14283/119/02,medium,false
340887981a7d8fedb6ee623de35df9c5fcfa7ed0,Ruben van der Linde,2025-11-24,openregister,Hotfix for schema and regiser multi tenancy,14283/119/02,medium,false
2c8840a5c0b52108510ed9dad21bfa25c6f44436,Ruben van der Linde,2025-11-24,openregister,Lets save the open files,14283/119/01,low,false
7bd0a31b14498d6c48498c903db1ffe9c2873282,Ruben van der Linde,2025-11-24,openregister,Lets save the open files,14283/119/01,low,false
ff6c7f9389b86c282fad3703efd50c49426eabdf,Ruben van der Linde,2025-11-24,openregister,No more psalm parse errors,14283/120/02,medium,false
babdf75c2681ed345de06ff594c72a1a17b95205,Ruben van der Linde,2025-11-24,openregister,No more psalm parse errors,14283/120/02,medium,false
ae8ec2bebd8e9fc811e781ed4219ee1ef3e13dd6,Ruben van der Linde,2025-11-23,openregister,Continue with the cleanup and starting psalm,14283/119/01,low,false
2378c1f2a9d5bd89de6e9ee8a0c119b79e273c91,Ruben van der Linde,2025-11-23,openregister,Continue with the cleanup and starting psalm,14283/119/01,low,false
b26a65e3a98fccef7cdfd31b4933c4f1f13d27d8,Ruben van der Linde,2025-11-23,openregister,All the cleanup,14283/119/01,low,false
9ed7679fbff19a912556b2dd63aae07ec0a4c26d,Ruben van der Linde,2025-11-23,openregister,All the cleanup,14283/119/01,low,false
069623fb143fb3745be8448ca7a1df895732d0db,Ruben van der Linde,2025-11-22,openregister,More linting and getting to grips with text extractions,14283/119/01,low,false
f8eec4925be8738954fe1b3cf8b638302a9edd8b,Ruben van der Linde,2025-11-22,openregister,More linting and getting to grips with text extractions,14283/119/01,low,false
731473f5feadca8eff9a2dc320ac40de15de2fcb,Ruben van der Linde,2025-11-22,openregister,Still working on the documentation,14283/119/01,low,false
fb35e8adc170c8a8a125d485e19378d1b1c348b2,Ruben van der Linde,2025-11-22,openregister,Still working on the documentation,14283/119/01,low,false
d053e78e88f536cfdad4aebf3f46b39f987c773e,Ruben van der Linde,2025-11-21,openregister,More linting fixes,14283/119/01,low,false
c5d444aeb3c017c899b363ca7f2a4287f7ca4804,Ruben van der Linde,2025-11-21,openregister,More linting fixes,14283/119/01,low,false
5384666d184142402fec053a2a7a75ec3b063db1,rubenvdlinde,2025-11-21,openregister,deploy: 0e98089d77b6aa8b45009eda539108fc271996fe,14283/119/01,low,true
b4cce4d1a8dc59cb5aa81fa5cd91096407d7b5f8,Ruben van der Linde,2025-11-21,openregister,Merge pull request #824 from ConductionNL/feature/php-linting,14283/119/01,low,true
a4d47832d6a5417c60fa968b3037af548a3ede7f,Ruben van der Linde,2025-11-21,openregister,Merge pull request #824 from ConductionNL/feature/php-linting,14283/119/01,low,true
9e48f8c16a5d970471e9c2c909f84f9ca6ae7659,Ruben van der Linde,2025-11-21,openregister,Setting up mermaid,14283/119/01,low,false
1d5a23cb0a027b57e6fd178075c66ba276987e5c,Ruben van der Linde,2025-11-21,openregister,Setting up mermaid,14283/119/01,low,false
a21325c8eba6acb8baa63ec321a028ac2c6bcd61,rubenvdlinde,2025-11-21,openregister,deploy: e52d44f73c1d656a9d5bf00be411df2cdfac2fed,14283/119/01,low,true
1248fd1c4bd632f2b0e7639e06d69f68a803522a,Ruben van der Linde,2025-11-21,openregister,Merge pull request #823 from ConductionNL/feature/php-linting,14283/119/01,low,true
2470d93282620d11ad0a3408c20052fa549080b8,Ruben van der Linde,2025-11-21,openregister,Merge pull request #823 from ConductionNL/feature/php-linting,14283/119/01,low,true
4cf5c53beb81154a27c011a090379527557d9c4d,Ruben van der Linde,2025-11-21,openregister,Still hunting for broken links,14283/119/01,low,false
abf68ed5372d513c96d7a6189688f7d13a595c4b,Ruben van der Linde,2025-11-21,openregister,Still hunting for broken links,14283/119/01,low,false
a549d15daae8008823d9ab2b4cb47ba6a9aed260,Ruben van der Linde,2025-11-21,openregister,Found some special chars,14283/119/01,low,false
af84e1110bdfc7d60f1738407d4a1bb2d3554bc6,Ruben van der Linde,2025-11-21,openregister,Found some special chars,14283/119/01,low,false
9bfc6f7d5a382cd134a474a62c518ef1c5910bcd,Ruben van der Linde,2025-11-21,openregister,Merge pull request #820 from ConductionNL/feature/php-linting,14283/119/01,low,true
0762e87483c267940c8adbec26538bf693e5a9eb,Ruben van der Linde,2025-11-21,openregister,Merge pull request #820 from ConductionNL/feature/php-linting,14283/119/01,low,true
b203203d66842f43c6ee5997889930b61370346e,Ruben van der Linde,2025-11-21,openregister,Stil vinding special chars,14283/119/01,low,false
880ead1aba17f4bf8f8725603d676df164eb41a0,Ruben van der Linde,2025-11-21,openregister,Stil vinding special chars,14283/119/01,low,false
89f4737fb0e65f962ffc35b03b7029a939ba44a5,Ruben van der Linde,2025-11-21,openregister,Merge pull request #817 from ConductionNL/feature/php-linting,14283/119/01,low,true
aac6ccaa87eaf59d59db6ee33aefa73ea49a69bb,Ruben van der Linde,2025-11-21,openregister,Merge pull request #817 from ConductionNL/feature/php-linting,14283/119/01,low,true
0038e31104e63970477855d9b70f9575be1c744c,Ruben van der Linde,2025-11-21,openregister,MD fixes,14283/119/01,low,false
e4d5e0515eeb20f27516ad0fb0325f14bd5c7752,Ruben van der Linde,2025-11-21,openregister,MD fixes,14283/119/01,low,false
f8c0daf9af0c7dd0f52576beb2d1e4499a78d8c7,Ruben van der Linde,2025-11-21,openregister,Merge pull request #814 from ConductionNL/feature/php-linting,14283/119/01,low,true
1f1530824d34e81b8b75ef06605e55e2f13603d4,Ruben van der Linde,2025-11-21,openregister,Merge pull request #814 from ConductionNL/feature/php-linting,14283/119/01,low,true
cedd34c6723ee8f7f67e494e201dc688fd5e9b7c,Ruben van der Linde,2025-11-21,openregister,Still working on getting the docs back online,14283/119/01,low,false
4211504eb9c208a8a5fc351bebba1216aaf0463c,Ruben van der Linde,2025-11-21,openregister,Still working on getting the docs back online,14283/119/01,low,false
ecc2c641533a8e603b320fd3bf78367ed44ab548,Ruben van der Linde,2025-11-21,openregister,Merge pull request #811 from ConductionNL/feature/php-linting,14283/119/01,low,true
8bdfc614bd28964e12253755ce4c5b6b306b9934,Ruben van der Linde,2025-11-21,openregister,Merge pull request #811 from ConductionNL/feature/php-linting,14283/119/01,low,true
429deeacb459dd9a5796c81cd117f62bb76447b9,Ruben van der Linde,2025-11-21,openregister,more xmark shizle,14283/119/01,low,false
a7fdc98bc1fcf8c1c2326e0929e3465ad37eddde,Ruben van der Linde,2025-11-21,openregister,more xmark shizle,14283/119/01,low,false
c61c55088d73c3761d2aaccf2573caa3e45008d4,Ruben van der Linde,2025-11-21,openregister,Merge pull request #808 from ConductionNL/feature/php-linting,14283/119/01,low,true
fe34af58f8775003b976958aa13b3641e9392290,Ruben van der Linde,2025-11-21,openregister,Merge pull request #808 from ConductionNL/feature/php-linting,14283/119/01,low,true
bd52dd6524b9d0b177b6c0140f91dbdc2d442ea1,Ruben van der Linde,2025-11-21,openregister,Fixing the documentation,14283/119/01,low,false
98fa04ff82ade132e1ca29deb121dbafc7ffddf3,Ruben van der Linde,2025-11-21,openregister,Fixing the documentation,14283/119/01,low,false
8435a0ebcb681349ef950f7ad838d2ef265bfe1a,Ruben van der Linde,2025-11-21,openregister,Merge pull request #805 from ConductionNL/feature/php-linting,14283/119/01,low,true
c6cb4f4af6cc6b857d5584f289fb39165334c478,Ruben van der Linde,2025-11-21,openregister,Merge pull request #805 from ConductionNL/feature/php-linting,14283/119/01,low,true
7bcf4f367a3ea27b7a4461efb4f98d07d343335b,Ruben van der Linde,2025-11-21,openregister,Removing puml from the repository,14283/119/01,low,false
632939ab8774befcd2fedf0a48198e83b73a8b20,Ruben van der Linde,2025-11-21,openregister,Removing puml from the repository,14283/119/01,low,false
1cea49b7a5057730f1ab0a2ff51142e39c9505df,Ruben van der Linde,2025-11-21,openregister,Merge pull request #801 from ConductionNL/feature/php-linting,14283/119/01,low,true
92eb01fcef0a8c7f1583f2c84d53a254b0b5bb89,Ruben van der Linde,2025-11-21,openregister,Merge pull request #801 from ConductionNL/feature/php-linting,14283/119/01,low,true
45083e683df8e70f1f9bab05d643d5e92891c4de,Ruben van der Linde,2025-11-21,openregister,Merge remote-tracking branch 'origin/documentation' into feature/php-linting,14283/119/01,low,true
c136d81cba5165061a60cfa5709630c116b9d1fa,Ruben van der Linde,2025-11-21,openregister,Merge remote-tracking branch 'origin/documentation' into feature/php-linting,14283/119/01,low,true
d214b77822d518ef7be1dcb293928b5d3bd8b4b5,Ruben van der Linde,2025-11-21,openregister,Merge remote-tracking branch 'origin/development' into feature/php-linting,14283/119/01,low,true
973bf31ccc7370ac0de9b82d3e6dca1abfb101f9,Ruben van der Linde,2025-11-21,openregister,Merge remote-tracking branch 'origin/development' into feature/php-linting,14283/119/01,low,true
3beae64ca981023132cb0a1d50e093468c3233f8,Robert Zondervan,2025-11-21,openregister,Merge pull request #802 from ConductionNL/hotfix/check-before-requesting,14283/119/01,low,true
e8cecbcf6ec866bfcad22b0e3917946451ea538c,Robert Zondervan,2025-11-21,openregister,Merge pull request #802 from ConductionNL/hotfix/check-before-requesting,14283/119/01,low,true
f9b495fe5a96376617110cd59d97db29970b5a96,Robert Zondervan,2025-11-21,openregister,First check the table,14283/119/01,low,false
0d5937f4229aa7cfe0a203d1f6fc1a1fdb8ee8aa,Robert Zondervan,2025-11-21,openregister,First check the table,14283/119/01,low,false
a4771bb8488b154c68fb57ed3839870465b88009,Ruben van der Linde,2025-11-21,openregister,Linting and documentation,14283/119/01,low,false
38e17fd2ed6a627156b8a09cffb389f9898a09cc,Ruben van der Linde,2025-11-21,openregister,Linting and documentation,14283/119/01,low,false
282285e19c3f85a17144f55b6e3df420c847c3b9,Robert Zondervan,2025-11-21,openregister,Merge pull request #800 from ConductionNL/hotfix/check-before-requesting,14283/119/01,low,true
f99df87758f0f27d327f0e68ec128f894b9f09a2,Robert Zondervan,2025-11-21,openregister,Merge pull request #800 from ConductionNL/hotfix/check-before-requesting,14283/119/01,low,true
7ce9561e35d98e76e090060d3549b24983cca6c9,Robert Zondervan,2025-11-21,openregister,Fix migration when column has already been removed.,14283/119/01,high,false
780910db51739103ba000102e5e2745599795dec,Robert Zondervan,2025-11-21,openregister,Fix migration when column has already been removed.,14283/119/01,high,false
3f9e270ae089b2b21e0b9a71b9ec300941358caa,Ruben van der Linde,2025-11-20,openregister,"More linting, psalm and webhooks",14283/120/02,medium,false
23e7578fbb4196542670f3e48b513e806881aad4,Ruben van der Linde,2025-11-20,openregister,"More linting, psalm and webhooks",14283/120/02,medium,false
5e66e181a197af50e6b3ad749f524f60cc78b6c6,Ruben van der Linde,2025-11-20,openregister,psalm fixes,14283/119/01,low,false
e0e3c179e7d7e08f055f00a692b9234dc510d147,Ruben van der Linde,2025-11-20,openregister,psalm fixes,14283/119/01,low,false
966389f2abdfd4063931cb5dc1ee0eb6a035c3a1,Ruben van der Linde,2025-11-20,openregister,n8n setup,14283/119/01,low,false
f91783e9332c76b39725e98ea853cc90724cc410,Ruben van der Linde,2025-11-20,openregister,n8n setup,14283/119/01,low,false
09e8d73544ae2ad6fe03a8177cd31aee92f87461,Ruben van der Linde,2025-11-20,openregister,Merge remote-tracking branch 'origin/feature/php-linting' into feature/php-linting,14283/119/01,low,true
9123b2407f136fc431fa147dca138cae2d9bca96,Ruben van der Linde,2025-11-20,openregister,Merge remote-tracking branch 'origin/feature/php-linting' into feature/php-linting,14283/119/01,low,true
819aa0bf81517010585d34bf8ad2925b19a33b91,Ruben van der Linde,2025-11-20,openregister,Linting linting,14283/119/01,low,false
0575258be936522cfb22840e4b909a21259fead2,Ruben van der Linde,2025-11-20,openregister,Linting linting,14283/119/01,low,false
5fb28904e09d15a684798015e5835a537dfd1c0d,Remko Huisman,2025-11-20,openregister,Merge pull request #760 from ConductionNL/feature/REGISTERS-237/ParentChildRelations,14283/119/02,medium,true
961a7f88196e8196d7ca080ac33fbe3d713c1983,Remko Huisman,2025-11-20,openregister,Merge pull request #760 from ConductionNL/feature/REGISTERS-237/ParentChildRelations,14283/119/02,medium,true
e30c8e33b90998ad601adf895c213d80c5267faa,Remko,2025-11-20,openregister,Merge branch 'development' into feature/REGISTERS-237/ParentChildRelations,14283/119/02,medium,true
110edb6ebbe6061de001ecf48a8b7d2a14dea7d9,Remko,2025-11-20,openregister,Merge branch 'development' into feature/REGISTERS-237/ParentChildRelations,14283/119/02,medium,true
8f6155b655402e2370dde25a605ea04dccb71795,Remko,2025-11-20,openregister,Merge branch 'development' into feature/php-linting,14283/119/01,low,true
7bb3a5c8e1eab464e202d3e88fcc3449260598f5,Remko,2025-11-20,openregister,Merge branch 'development' into feature/php-linting,14283/119/01,low,true
1294e035220a5c410b52654de6a01b933fb28fd5,Remko,2025-11-20,openregister,Possible fix,14283/119/01,low,false
13a9bc9768b63bd45bd292bb3c477032c13003b5,remko48,2025-11-20,openregister,deploy: e4babf290b5df5dab6425776b309dd3dd8bd854c,14283/119/01,low,true
e4babf290b5df5dab6425776b309dd3dd8bd854c,Remko Huisman,2025-11-20,openregister,Merge pull request #796 from ConductionNL/multi-tendancy-hotfix,14283/119/01,low,true
39e75a8750fda1897314c70e942f2a265e3190bc,Remko Huisman,2025-11-20,openregister,Merge pull request #796 from ConductionNL/multi-tendancy-hotfix,14283/119/01,low,true
389b8d9e1593a9f80a7720f9bf0b589c68474757,Ruben van der Linde,2025-11-20,openregister,Adding phpstan to the stack,14283/119/01,low,false
858e54101fd644d8e748c5fb68e9c4c5409bd246,Ruben van der Linde,2025-11-20,openregister,Adding phpstan to the stack,14283/119/01,low,false
d39f83ef878f997c632254c4f782d95999601ac6,SudoThijn,2025-11-20,openregister,potentially fixed not being able to install openregister,14283/119/02,medium,false
f5775ad9383f639cd7d857803ece768884b82bf3,Ruben van der Linde,2025-11-20,openregister,First psalm free files :),14283/119/01,low,false
93bd39af9ffbf3302b2165f9c8ab03c5aec18c08,Ruben van der Linde,2025-11-20,openregister,First psalm free files :),14283/119/01,low,false
f8b3d2f45329f37333e01fb8e8b9a83e9331085d,Ruben van der Linde,2025-11-20,openregister,Fixing indentation's,14283/119/01,low,false
6c0af801982890a694c89aad9288b658921be6ba,Ruben van der Linde,2025-11-20,openregister,Fixing indentation's,14283/119/01,low,false
e6c48f6050b965b66fdf778f4fc98e89cc88cfae,Ruben van der Linde,2025-11-20,openregister,More inline comment fixes,14283/119/01,low,false
e4aa4c47b1f3deb3e6a8faf5871024f7486a0542,Ruben van der Linde,2025-11-20,openregister,More inline comment fixes,14283/119/01,low,false
04a0fded754536e5e8323cdb3fae1fca5d9eba1f,Ruben van der Linde,2025-11-20,openregister,FIxing the inline comments,14283/119/01,low,false
4fdb898348fb4bedb1e77e1792a2f4b99cb4c529,Ruben van der Linde,2025-11-20,openregister,FIxing the inline comments,14283/119/01,low,false
04559f2d902bdda0cba72a124d92e32bd39f879c,Remko Huisman,2025-11-20,openregister,Merge pull request #778 from ConductionNL/hotfix/faceting,14283/119/02,high,true
336e2bc1b2af1196a2c89557bce3b67151e91dc9,Remko Huisman,2025-11-20,openregister,Merge pull request #778 from ConductionNL/hotfix/faceting,14283/119/02,high,true
f8e45bd3c448e7d1b7955b610bd0305b994ca800,Ruben van der Linde,2025-11-20,openregister,Let get to work with psalm,14283/119/01,low,false
d4540732018bdae5b30efaaa03a5d3c74a2ec72c,Ruben van der Linde,2025-11-20,openregister,Let get to work with psalm,14283/119/01,low,false
d7a8ce239a22f6a4d83564d9ffa4115fb0f53c3c,Ruben van der Linde,2025-11-20,openregister,Implicit comparisons,14283/119/01,low,false
b4c6925f7842c7e1ffb8e3dd422be79b6b1963d3,Ruben van der Linde,2025-11-20,openregister,Implicit comparisons,14283/119/01,low,false
55da3b9b871228bebfd7574129426b29ba4f656e,Ruben van der Linde,2025-11-20,openregister,Lets see if we can get our php code up to standards,14283/119/01,low,false
4e889a000dde4ff47854d64caaee7c228e2370fa,Ruben van der Linde,2025-11-20,openregister,Lets see if we can get our php code up to standards,14283/119/01,low,false
d3be58d481163965b6ff54e82d35755d7359f113,Ruben van der Linde,2025-11-20,openregister,Workflow cleanup and code improvements and starting on the documentation cleanup,14283/119/01,low,false
6b427d31d0b48dbe085a4e2f808e9d38e9f32b03,Ruben van der Linde,2025-11-20,openregister,Workflow cleanup and code improvements and starting on the documentation cleanup,14283/119/01,low,false
8e5d549a01e5c19817e0859017510c70f7e1b6ab,Ruben van der Linde,2025-11-20,openregister,Linting + Dolphin,14283/119/01,low,false
b8a772aa094b0460ea59847cd69ae446f07c8541,Ruben van der Linde,2025-11-20,openregister,Linting + Dolphin,14283/119/01,low,false
b5fdc51d80f0c72b799b0a79d264656803c993b0,Ruben van der Linde,2025-11-20,openregister,Linting fixes,14283/119/01,low,false
7878a47846ebc61dcdeb62f7d8ed7aaf0529f23c,Ruben van der Linde,2025-11-20,openregister,Linting fixes,14283/119/01,low,false
886edf29c813c40874eba404fe8546383f5b0636,Robert Zondervan,2025-11-19,openregister,Sort objects according to specification,14283/119/01,low,false
d4c167af4aba98fcdf7280f93805bc25d7f01280,Ruben van der Linde,2025-11-19,openregister,Fixing and testing,14283/119/01,low,false
c8123a2ebfd3d76b5e381e772bd3f439e1f6e848,Ruben van der Linde,2025-11-19,openregister,Fixing and testing,14283/119/01,low,false
ba84a4f14663f6429adcb60f3ca88f5725abe745,Ruben van der Linde,2025-11-18,openregister,Posting configurations to github,14283/120/01,low,false
9affa974ab3e21091f7d65816e48e72b4a45cf2f,Ruben van der Linde,2025-11-18,openregister,Posting configurations to github,14283/120/01,low,false
253b77ec09eee2c8a57481ade825270adf0438f8,Ruben van der Linde,2025-11-17,openregister,Grean borders :'),14283/119/01,low,false
b4e5ba3be36bcf8897362c11af9eb2cbf79e9267,Ruben van der Linde,2025-11-17,openregister,Grean borders :'),14283/119/01,low,false
bedad0481dbb1c4cb4a62c8d3cdc5abc55f16b49,Ruben van der Linde,2025-11-17,openregister,Ran a succesfull import,14283/119/02,high,false
165ac37957a5f11ab24de8d44da71abfcdcc2757,Ruben van der Linde,2025-11-17,openregister,Ran a succesfull import,14283/119/02,high,false
0cba5cf403e6758bd4292e7e0f37b0e9c5cf34f9,Ruben van der Linde,2025-11-17,openregister,Optimizing the github search calls,14283/119/02,high,false
3d5437a25ace8f92dac8fe9ffebb2a05638992a8,Ruben van der Linde,2025-11-17,openregister,Optimizing the github search calls,14283/119/02,high,false
4691e61a15083721f76f6dddc52e76405c60c981,Ruben van der Linde,2025-11-16,openregister,Update the migration,14283/119/01,high,false
c580ba929a4bc74e20af3a80c54a853b198b7359,Ruben van der Linde,2025-11-16,openregister,Update the migration,14283/119/01,high,false
250d1dfdc172e7b894b35c0675f82515fed19acb,Ruben van der Linde,2025-11-15,openregister,WIP for the refactord extraction pipeline,14283/119/01,medium,false
6e7fdc0cde6a58071e3ae0f738871bf6046cd22e,Ruben van der Linde,2025-11-15,openregister,WIP for the refactord extraction pipeline,14283/119/01,medium,false
72546da31d6b9e122ad6e20036d67d8f609f2dfa,Ruben van der Linde,2025-11-15,openregister,Finding configuration files online,14283/120/01,low,false
a739a7e195819a3bac8bceae3574987e08a823ad,Ruben van der Linde,2025-11-15,openregister,Finding configuration files online,14283/120/01,low,false
0550c6c5fb6bbb22bb86301e38f9666a8d1ae5c5,Ruben van der Linde,2025-11-15,openregister,Preparing entity support,14283/119/01,high,false
6bbf37f2cdfb66abb34a6cb3ae75feb35a208ea8,Ruben van der Linde,2025-11-15,openregister,Preparing entity support,14283/119/01,high,false
7af83746c5b6d8c61d09974654391fe8e4f17149,Ruben van der Linde,2025-11-14,openregister,UX improvements on configuration import,14283/119/02,high,false
cbb7ebeeef2a7c99812373157117d1832a306eb8,Ruben van der Linde,2025-11-14,openregister,UX improvements on configuration import,14283/119/02,high,false
f2ff130f93a1f17ffe2d6a14396b37617cc745ec,Ruben van der Linde,2025-11-14,openregister,Schema and Register card styling,14283/119/02,medium,false
e91b2f1ae934ce242acf75a5815579b70f4002ec,Ruben van der Linde,2025-11-14,openregister,Schema and Register card styling,14283/119/02,medium,false
6ac5c0668ff322ecb96ba76882a79ef9fc9d337b,GitHub Action,2025-11-14,openregister,Bump version to 0.2.8,14283/119/01,low,true
4033c6af18783000ef58e7ccbf063badd9eab158,Ruben van der Linde,2025-11-14,openregister,Merge pull request #777 from ConductionNL/hotfix/faceting,14283/119/02,high,true
94a44744aafbdc4b6f35d9bc1916fda44378e5a2,Ruben van der Linde,2025-11-14,openregister,Schema fix,14283/119/02,medium,false
408630790b0a24bda822a7e58427b2e997b2069d,Ruben van der Linde,2025-11-14,openregister,Schema fix,14283/119/02,medium,false
6c28bf8105cb40b93a2c92300ef1f059c8487d6d,Ruben van der Linde,2025-11-14,openregister,BUg hunting,14283/119/01,low,false
74a2f2027c26328d8239b0dc75bcffa0a47eba9b,Ruben van der Linde,2025-11-14,openregister,BUg hunting,14283/119/01,low,false
4c2fbbdc891e4c51cf734896033248804e3cc018,Ruben van der Linde,2025-11-14,openregister,Still working on configuration,14283/120/01,low,false
53935d76d75a94c087feb9b894947bcf8946182b,Ruben van der Linde,2025-11-14,openregister,Still working on configuration,14283/120/01,low,false
bad51324e37f2ca60317802875dbb6bdfa773c58,Robert Zondervan,2025-11-13,openregister,Fix faceting with multi-schema filters,14283/119/02,high,false
d1d9c01fbae50f65f775b24d52269fd0d8f2e43b,Robert Zondervan,2025-11-13,openregister,Fix faceting with multi-schema filters,14283/119/02,high,false
151c5ba4c85bbecd381d8ed4cf14dedcc301147a,Ruben van der Linde,2025-11-13,openregister,Wel its working,14283/119/01,low,false
b307a9211db256f8d04661fc767ff0173665cabb,Ruben van der Linde,2025-11-13,openregister,Wel its working,14283/119/01,low,false
ec73436555c3dca8abda5ab513ed5cbbc78fee98,Ruben van der Linde,2025-11-12,openregister,Getting to grips with the performance problem,14283/119/01,low,false
a6759a47284cbb3082b35f97240d597288cd2f07,Ruben van der Linde,2025-11-12,openregister,Getting to grips with the performance problem,14283/119/01,low,false
a58891dd1b34ebf70da234b56f4139d9e610686b,Ruben van der Linde,2025-11-11,openregister,Feels like we are getting close,14283/119/01,low,false
f378b6d87d222c34f6ab1a45629493ddb16d934a,Ruben van der Linde,2025-11-11,openregister,Feels like we are getting close,14283/119/01,low,false
c101750780c25de90b0cf14d51dad02d4eed5559,Ruben van der Linde,2025-11-11,openregister,Fixing the togle,14283/119/01,low,false
00ee9077356f4eace8fc0b3ab810df4f9a5e60a7,Ruben van der Linde,2025-11-11,openregister,Fixing the togle,14283/119/01,low,false
4469633291ce6c1cc4bcad440d2aad369e5d2390,Ruben van der Linde,2025-11-11,openregister,Still on it,14283/119/01,low,false
a1acec6e3cb1d92986dbe57b235d619378705314,Ruben van der Linde,2025-11-11,openregister,Still on it,14283/119/01,low,false
e89bca1ea72eb88e9656976ae3453abd60cc4139,Ruben van der Linde,2025-11-11,openregister,"Continue config, multi and llm testing",14283/120/01,low,false
3d43a86702f4f4f0dbfb0f66dfe9496a6222ea64,Ruben van der Linde,2025-11-11,openregister,"Continue config, multi and llm testing",14283/120/01,low,false
26ca25e75dd21797429e1f37ca08394d218f3f74,Ruben van der Linde,2025-11-11,openregister,Merge remote-tracking branch 'origin/development' into feature/REGISTERS-237/ParentChildRelations,14283/119/02,medium,true
634a4bcfd75deae55a117873526720ee1e3ca3f2,Ruben van der Linde,2025-11-11,openregister,Merge remote-tracking branch 'origin/development' into feature/REGISTERS-237/ParentChildRelations,14283/119/02,medium,true
05da2cad4d9342830790c12796287b8a9e745012,Ruben van der Linde,2025-11-11,openregister,Setting up open regsiter with ollama,14283/119/01,low,false
ba702f6db7c98b85c0a9706664b03676c5b769f9,Ruben van der Linde,2025-11-10,openregister,Merge remote-tracking branch 'origin/development' into hotfix/linting,14283/119/01,low,true
8ca3fabecb9b9b63dab314d8498659d626d49f86,Ruben van der Linde,2025-11-10,openregister,Update the docker-compose,14283/119/01,low,false
4d35df8ed6c3b6fe8b765e0412311589a144ab48,Wilco Louwerse,2025-11-10,openregister,Merge pull request #770 from ConductionNL/fix/isDefault-migration,14283/119/01,high,true
5cfae81b73d6c8ad929d142ef90adf94d37a0c1c,Wilco Louwerse,2025-11-10,openregister,Merge pull request #770 from ConductionNL/fix/isDefault-migration,14283/119/01,high,true
e9dad331943ee33ac2759b7032e6d2dd0aafd74c,Wilco Louwerse,2025-11-10,openregister,Moved removing the org. is_default column to a seperate migration file,14283/119/01,high,false
dc428ec9aa5ecbd72471a9a494e8b2939b93d9f8,Wilco Louwerse,2025-11-10,openregister,Moved removing the org. is_default column to a seperate migration file,14283/119/01,high,false
bc8d04356484f4bc2a26f6ea9f4c14a72af53882,Robert Zondervan,2025-11-10,openregister,Merge pull request #767 from ConductionNL/hotfix/disable-org-filter,14283/119/02,high,true
650b4eb132bda635cbeee3e2c5f26c2e54b8a47b,Robert Zondervan,2025-11-10,openregister,Merge pull request #767 from ConductionNL/hotfix/disable-org-filter,14283/119/02,high,true
152cdaa5b3e681336b969066b95a345739dc0a82,Robert Zondervan,2025-11-10,openregister,Merge remote-tracking branch 'origin/development' into hotfix/disable-org-filter,14283/119/02,high,true
45057f8e8b1b61264755d0204930760f3d88742f,Robert Zondervan,2025-11-10,openregister,Merge remote-tracking branch 'origin/development' into hotfix/disable-org-filter,14283/119/02,high,true
a62be85e1b36f69db155821a43ed9b7f0c9091d6,Remko Huisman,2025-11-10,openregister,Merge pull request #764 from ConductionNL/lint,14283/119/01,low,true
d13200e390204b3ef20a9d2338718a78fab65ab7,Remko Huisman,2025-11-10,openregister,Merge pull request #764 from ConductionNL/lint,14283/119/01,low,true
c8d29b27651d200886a45ff7cb2d668763cdb970,Robert Zondervan,2025-11-10,openregister,Disable org filter,14283/119/02,high,false
2331b8857f034a5a43c568ad1b836f161c5f82d0,Robert Zondervan,2025-11-10,openregister,Disable org filter,14283/119/02,high,false
8f159a9979299f8b92d89c58bbd1990c9f966fe3,Remko,2025-11-10,openregister,cleanup,14283/119/01,low,false
00b9ed02e8f6de35ff063f59f43b2f0b01ae0802,Remko,2025-11-10,openregister,cleanup,14283/119/01,low,false
5abc7056440e6aeb9afc18f72d90c701d2563242,Remko,2025-11-10,openregister,Lint fix,14283/119/01,low,false
bf08b9b5360d426a4c96a659c54af6371adf3604,Remko,2025-11-10,openregister,Lint fix,14283/119/01,low,false
dacfbc824ea4e8d8866724e92ed7a24c37ea29a5,Remko Huisman,2025-11-10,openregister,Merge pull request #762 from ConductionNL/hotfix/disablemultitenancyonspecificobject,14283/119/01,low,true
ee882a4ecf2fb9aaa23e90174ce851cb20892421,Remko Huisman,2025-11-10,openregister,Merge pull request #762 from ConductionNL/hotfix/disablemultitenancyonspecificobject,14283/119/01,low,true
51cccbdbe2fea9890a584086bacf1020b22d5e69,Remko,2025-11-10,openregister,Merge branch 'development' into lint,14283/119/01,low,true
80a368e7eab6b8d14637ff102b061a6d51b408e9,Remko,2025-11-10,openregister,Merge branch 'development' into lint,14283/119/01,low,true
0280b980552644eefbfaabd8c1f99263feff2e29,Ruben van der Linde,2025-11-10,openregister,Disable some multytenancy that cosues problems,14283/119/01,low,false
b52487f45297cf6a8f4cb3e9980ba119542d3b58,Ruben van der Linde,2025-11-10,openregister,Disable some multytenancy that cosues problems,14283/119/01,low,false
31244ef44df546b98b00108058e0b1b44792db6c,Ruben van der Linde,2025-11-10,openregister,Working on multi-tenancy,14283/119/01,low,false
5c85d6b4822f025ee8cf9417bfa629b2fd0db244,Ruben van der Linde,2025-11-10,openregister,Working on multi-tenancy,14283/119/01,low,false
94cca5044fcec9832f56b95fec8bc84531bb30bb,rubenvdlinde,2025-11-09,openregister,deploy: 00b155b27f90e1fad7ae5dac3531b13438b5d2d1,14283/119/01,low,true
00b155b27f90e1fad7ae5dac3531b13438b5d2d1,Ruben van der Linde,2025-11-09,openregister,Merge pull request #758 from ConductionNL/feature/configuration,14283/120/01,low,true
04e0368e54844aea8c206508fc230186bc9bcfd3,Ruben van der Linde,2025-11-09,openregister,Merge pull request #758 from ConductionNL/feature/configuration,14283/120/01,low,true
f34a15bec3c7775e46edd4f9c12015f3fa51bd4d,Ruben van der Linde,2025-11-09,openregister,Route naar de LLM Config toegevoegd,14283/119/02,low,false
afdd1a927a78fd20dcf3ad9591a69b9ac2be46dd,Ruben van der Linde,2025-11-09,openregister,Route naar de LLM Config toegevoegd,14283/119/02,low,false
bfcb4f7973872103f4fddc386aff7eebf0321ce7,rubenvdlinde,2025-11-08,openregister,deploy: 6483c1977cf2d30bf1d4dac536422f38012a505e,14283/119/01,low,true
6483c1977cf2d30bf1d4dac536422f38012a505e,Ruben van der Linde,2025-11-09,openregister,Merge pull request #756 from ConductionNL/feature/configuration,14283/120/01,low,true
852749c8972438991ad8a32d495ab5b03eb29775,Ruben van der Linde,2025-11-09,openregister,Merge pull request #756 from ConductionNL/feature/configuration,14283/120/01,low,true
1c1dfaaf5f5b5118149ff74a2dcb91c1abad6997,Ruben van der Linde,2025-11-09,openregister,More broken links,14283/119/01,low,false
ff6fe823fcd0cc7d83f2b0cc8e8eb19e1be19d55,Ruben van der Linde,2025-11-09,openregister,More broken links,14283/119/01,low,false
a80bad7f70fc96a5d9fc2214751fbce1a39957c3,Ruben van der Linde,2025-11-09,openregister,Merge pull request #753 from ConductionNL/feature/configuration,14283/120/01,low,true
54b5a35df72002fda125caef8c18f020880b0b49,Ruben van der Linde,2025-11-09,openregister,Merge pull request #753 from ConductionNL/feature/configuration,14283/120/01,low,true
9fe8a5ebd3567691ae40abadad59d6ca54f116f5,Ruben van der Linde,2025-11-09,openregister,More broken link fixes,14283/119/01,low,false
8ae3aab5c938ce656d536580deebd4a9469cbdea,Ruben van der Linde,2025-11-09,openregister,More broken link fixes,14283/119/01,low,false
2a2741256bfcaa0792882783c2a22423383d77f7,Ruben van der Linde,2025-11-09,openregister,Fix broken documentation links,14283/119/01,low,false
fc44b5055e4e39240eed01755ce3bd1e0cfa78d2,Ruben van der Linde,2025-11-09,openregister,Fix broken documentation links,14283/119/01,low,false
2ec6f9400c4cbe0e870d9f0853c08ab8378089e2,Ruben van der Linde,2025-11-09,openregister,Merge pull request #750 from ConductionNL/feature/configuration,14283/120/01,low,true
5524e4f80182756023539ee56a4e6cfb710567b2,Ruben van der Linde,2025-11-09,openregister,Merge pull request #750 from ConductionNL/feature/configuration,14283/120/01,low,true
eef8a9473c06980a62e191992bbb8eac09dd2584,Ruben van der Linde,2025-11-09,openregister,Annother error,14283/120/02,medium,false
5d78cc646194996e8ac276bbdd021be6c592088c,Ruben van der Linde,2025-11-09,openregister,Annother error,14283/120/02,medium,false
6493ae8a90f452fd1034d5d8f451002144de2528,Ruben van der Linde,2025-11-09,openregister,tum dum,14283/119/01,low,false
06a0c1ea110063353e88a1d9d7b87f1197eb2505,Ruben van der Linde,2025-11-09,openregister,tum dum,14283/119/01,low,false
196c8e5d5232b993ec79747f83c7887625b3450d,Ruben van der Linde,2025-11-08,openregister,Merge pull request #747 from ConductionNL/feature/configuration,14283/120/01,low,true
84d043a0dde3d3c7ee173df975e3b93e9035f34e,Ruben van der Linde,2025-11-08,openregister,Merge pull request #747 from ConductionNL/feature/configuration,14283/120/01,low,true
4522bbad77c1f1ef481584a7f261c1d157009958,Ruben van der Linde,2025-11-08,openregister,Oke on to the next line of fixtures,14283/119/01,low,false
a19ac9c76e99bb9e945e646fbe3edb15b14dd52a,Ruben van der Linde,2025-11-08,openregister,Oke on to the next line of fixtures,14283/119/01,low,false
28efb46d615bebbe38704752231d7c3992090742,Ruben van der Linde,2025-11-08,openregister,Merge pull request #744 from ConductionNL/feature/configuration,14283/120/01,low,true
5ce054ad3e4b2f433715ef1d78c1f49885098ce1,Ruben van der Linde,2025-11-08,openregister,Merge pull request #744 from ConductionNL/feature/configuration,14283/120/01,low,true
ada89721fa1feed36bdbab266c9346784c1637c1,Ruben van der Linde,2025-11-08,openregister,Still found an isse,14283/119/01,low,false
d435c98720e69d151bf1a1af044792a05429eaf3,Ruben van der Linde,2025-11-08,openregister,Still found an isse,14283/119/01,low,false
238ff9b47762580b48e816eb3e30ae0d1c25a99c,Ruben van der Linde,2025-11-08,openregister,Merge pull request #741 from ConductionNL/feature/configuration,14283/120/01,low,true
3cf06d3187bcd41b45c2bc7623c90d14e92944c1,Ruben van der Linde,2025-11-08,openregister,Merge pull request #741 from ConductionNL/feature/configuration,14283/120/01,low,true
e6e509483babb7fff3f970eb8f29945c80537e53,Ruben van der Linde,2025-11-08,openregister,More schema fixes,14283/119/02,medium,false
4ee8cc34c64845411316c4c14a4bb56c49645013,Ruben van der Linde,2025-11-08,openregister,More schema fixes,14283/119/02,medium,false
f4fc23c452e4d7de61165419279384dcc24bc3b8,Ruben van der Linde,2025-11-08,openregister,Merge pull request #738 from ConductionNL/feature/configuration,14283/120/01,low,true
c919dde46b2f9f12cea0fba30fe2f77018fbe77d,Ruben van der Linde,2025-11-08,openregister,Merge pull request #738 from ConductionNL/feature/configuration,14283/120/01,low,true
abbefbadd4a30b89665b1fbe1935ae770e4459e6,Ruben van der Linde,2025-11-08,openregister,Fix it,14283/119/01,low,false
d95c4638105398ddc02bcf1a2a4ac39601be41b5,Ruben van der Linde,2025-11-08,openregister,Fix it,14283/119/01,low,false
673fe2aad9ca01424ef291b0dc2e34fd30b6163d,Ruben van der Linde,2025-11-08,openregister,Merge pull request #735 from ConductionNL/feature/configuration,14283/120/01,low,true
ed2cc845528c8c717a97f799b83d2eabc23da379,Ruben van der Linde,2025-11-08,openregister,Merge pull request #735 from ConductionNL/feature/configuration,14283/120/01,low,true
d4d18a4c7c21b74687013d336c1bae573e3949e1,Ruben van der Linde,2025-11-08,openregister,rmx fixes,14283/119/01,low,false
3934a286cb0e2c4c688f80703d2766f3658a42bc,Ruben van der Linde,2025-11-08,openregister,rmx fixes,14283/119/01,low,false
76b0a52ff9b6b281a370379a13358df5f11dedf9,Ruben van der Linde,2025-11-08,openregister,Merge pull request #732 from ConductionNL/feature/configuration,14283/120/01,low,true
5f436c8fe647eecbe70f4b033d83e9245832bf27,Ruben van der Linde,2025-11-08,openregister,Merge pull request #732 from ConductionNL/feature/configuration,14283/120/01,low,true
3369f52cb3dfaffa7c5df47b7006f8c6f4e4f995,Ruben van der Linde,2025-11-08,openregister,Let go,14283/119/01,low,false
c2ee038882c52c4fb16fea5b4bb894544241a31c,Ruben van der Linde,2025-11-08,openregister,Let go,14283/119/01,low,false
2b8a20eea073d106daddc8fc7d2d7955435efb46,Ruben van der Linde,2025-11-08,openregister,Merge pull request #729 from ConductionNL/feature/configuration,14283/120/01,low,true
d5009a658e2d023be3417c58fccc61446c5966ae,Ruben van der Linde,2025-11-08,openregister,Merge pull request #729 from ConductionNL/feature/configuration,14283/120/01,low,true
900a742ec53c25c17df2a4cf1e66d38eeef2e60a,Ruben van der Linde,2025-11-08,openregister,Merge remote-tracking branch 'origin/feature/configuration' into feature/configuration,14283/120/01,low,true
ecf1c6c1f809069cc5ed4cda0638fc217880b9f6,Ruben van der Linde,2025-11-08,openregister,Merge remote-tracking branch 'origin/feature/configuration' into feature/configuration,14283/120/01,low,true
5a243b1a683c96b47a7ea8bb94012d9aa99ca591,Ruben van der Linde,2025-11-08,openregister,Updating the docs,14283/119/01,low,false
5a1c2489b8cd339fd990f2e6eade0dc63007b7a4,Ruben van der Linde,2025-11-08,openregister,Updating the docs,14283/119/01,low,false
f15230bce7b5cca3d6f9e675288b2c73bbee8132,Wilco Louwerse,2025-11-07,openregister,Update migration to remove isDefault column from organisations table,14283/120/01,high,false
f7d1073810872b19af76998aabc8cb5925a83022,Wilco Louwerse,2025-11-07,openregister,Update migration to remove isDefault column from organisations table,14283/120/01,high,false
d2436bcaf91df8d9cd50558bef7654d45b264c42,Wilco Louwerse,2025-11-07,openregister,Merge pull request #725 from ConductionNL/feature/configuration,14283/120/01,low,true
9a313dd4996e922df03c4ff2c383cac918386af5,Wilco Louwerse,2025-11-07,openregister,Merge pull request #725 from ConductionNL/feature/configuration,14283/120/01,low,true
b337e4b6dc7f518cebb6aef85be7d9f33d2cb87f,Wilco Louwerse,2025-11-07,openregister,Merge remote-tracking branch 'origin/feature/configuration' into feature/configuration,14283/120/01,low,true
b4554c74602da96a73ec8beae4f9290580d14fd3,Wilco Louwerse,2025-11-07,openregister,Merge remote-tracking branch 'origin/feature/configuration' into feature/configuration,14283/120/01,low,true
0321b1b9964893f59c9fe8b4e534d104ddfa46c2,Wilco Louwerse,2025-11-07,openregister,"Revert ""Fix: Add missing isDefault property to Organisation entity""",14283/120/01,high,true
b989655dbafe4e9eac21129df8be6c4da7d7a773,Wilco Louwerse,2025-11-07,openregister,"Revert ""Fix: Add missing isDefault property to Organisation entity""",14283/120/01,high,true
075b16b366a42123e9ab68486ff03f4e2ec40f7c,Ruben van der Linde,2025-11-07,openregister,Merge pull request #721 from ConductionNL/feature/configuration,14283/120/01,low,true
22dd69458dff94ed79cec73cb9bd675d81cb4975,Ruben van der Linde,2025-11-07,openregister,Merge pull request #721 from ConductionNL/feature/configuration,14283/120/01,low,true
74f5ebfa467cd3d9b787d25cdcc7e935c27f84f3,Ruben van der Linde,2025-11-07,openregister,Small fix on roles,14283/119/01,low,false
0bad913a83801f836e6b81aa0671c9280d1e8370,Ruben van der Linde,2025-11-07,openregister,Small fix on roles,14283/119/01,low,false
fde1c5371a427129d3da3d1163dab1cb00c3fd57,Ruben van der Linde,2025-11-07,openregister,Merge remote-tracking branch 'origin/feature/configuration' into feature/configuration,14283/120/01,low,true
b5eedb6226d6064c67fffd346c523e9f55df0dee,Ruben van der Linde,2025-11-07,openregister,Merge remote-tracking branch 'origin/feature/configuration' into feature/configuration,14283/120/01,low,true
1c8fc46e6ae5eb01b48ff2e028d22f313287e0af,Wilco Louwerse,2025-11-07,openregister,Fix: Add missing isDefault property to Organisation entity,14283/120/01,high,false
ffd0b9798032d94b11d91497da6ae46e4103f76e,Wilco Louwerse,2025-11-07,openregister,Fix: Add missing isDefault property to Organisation entity,14283/120/01,high,false
cb3e872fbf1c70f9e88d0a6bbc04535b719fddce,Ruben van der Linde,2025-11-07,openregister,Merge pull request #718 from ConductionNL/feature/configuration,14283/120/01,low,true
3fddefd49a849ad51468056c231b80c3eb8b9cf5,Ruben van der Linde,2025-11-07,openregister,Merge pull request #718 from ConductionNL/feature/configuration,14283/120/01,low,true
af50310467bdc96fcc3c8b49b4448b2812d6a78a,Ruben van der Linde,2025-11-07,openregister,Fixing the tool,14283/119/01,low,false
e9df5333d9c2847ff21f2a282b6cdef98af031df,Ruben van der Linde,2025-11-07,openregister,Fixing the tool,14283/119/01,low,false
e867e832fa040181630f6b6dc4ad7294c12feefb,Ruben van der Linde,2025-11-07,openregister,Fixing the rag system,14283/119/01,low,false
cacd282430782872abea801fe56d6e803ed8b79e,Ruben van der Linde,2025-11-07,openregister,Fixing the rag system,14283/119/01,low,false
7fc4d69ebfe1ff4681ac740ad99e7dc89e5e3207,Ruben van der Linde,2025-11-07,openregister,Merge pull request #711 from ConductionNL/feature/configuration,14283/120/01,low,true
d3827c30473cee30492c249c1a7fc8fc662446b0,Ruben van der Linde,2025-11-07,openregister,Merge pull request #711 from ConductionNL/feature/configuration,14283/120/01,low,true
26f1046e47f956afd417ce22f6f64cedafce3b84,Ruben van der Linde,2025-11-07,openregister,Setting up tools,14283/119/01,low,false
bf7d45035cdb2dcf3df4be157df1f882793aa0a1,Ruben van der Linde,2025-11-07,openregister,Setting up tools,14283/119/01,low,false
4c73f26e94122f5a6e995203371ca686454a5308,Ruben van der Linde,2025-11-06,openregister,Getting the extraction to work,14283/119/01,low,false
f69c5f6ea8c5ded2734d4e98c3c50fee40dd12f5,Ruben van der Linde,2025-11-06,openregister,Getting the extraction to work,14283/119/01,low,false
6ea13fc04b4e74dda8f3be3449a37c822d5888fa,Ruben van der Linde,2025-11-06,openregister,Getting the vectorization to work,14283/119/01,low,false
7e321c2d45619bf5f97b93446a2ee3be2c947750,Ruben van der Linde,2025-11-06,openregister,Getting the vectorization to work,14283/119/01,low,false
deaea4216f04ba368300bde2028f9e750ecd8c55,Ruben van der Linde,2025-11-06,openregister,Still fixing das bugs,14283/119/01,low,false
0adcd1cbf80658aa7c778d33f1466ea7802e1f4b,Ruben van der Linde,2025-11-06,openregister,Still fixing das bugs,14283/119/01,low,false
7cf5ffdbdcf48e732cee57eaa356e1ff90224b05,Ruben van der Linde,2025-11-06,openregister,Lets add a feedback option,14283/119/01,low,false
cc28dc85895a7222fe8dde4571b5e581a69c49c5,Ruben van der Linde,2025-11-06,openregister,Lets add a feedback option,14283/119/01,low,false
ef3b9d51477517587f5578cef95f9431a0b4a51e,Ruben van der Linde,2025-11-06,openregister,Oke so we got our first propper responce,14283/119/01,low,false
6260ab71277cef47c8a378eebe16f83c43e6f3a0,Ruben van der Linde,2025-11-06,openregister,Oke so we got our first propper responce,14283/119/01,low,false
aef208f3ddff55537af24997b098f0e9fe38577a,Ruben van der Linde,2025-11-06,openregister,Doing our first chat,14283/119/01,low,false
90a43f56e1de4648359341922b4fb2cddbab4470,Ruben van der Linde,2025-11-06,openregister,Doing our first chat,14283/119/01,low,false
a1274d1ed66033dde96ce014a40630f569d98edd,Ruben van der Linde,2025-11-06,openregister,Still struggaling allong,14283/119/01,low,false
cedf0854fabe1cce8f1e9a4092cf0d394fccaaa2,Ruben van der Linde,2025-11-06,openregister,Still struggaling allong,14283/119/01,low,false
1338a6f3f664496b71fbf89b4e55993b64292173,Ruben van der Linde,2025-11-06,openregister,Continueing the wip on configuration,14283/120/01,low,false
888344c7f05f34c283142232d5925d18453b6c2f,Ruben van der Linde,2025-11-06,openregister,Continueing the wip on configuration,14283/120/01,low,false
c3089eabb5740ccb0fab4282353e86082c53aea1,Ruben van der Linde,2025-11-06,openregister,Fixing empty line,14283/119/01,low,false
9eba18c2d8d2f74274995645e761b508db260071,Ruben van der Linde,2025-11-06,openregister,Fixing empty line,14283/119/01,low,false
8c25d2453a9af56ce3d82c6ca8693d0c956278ee,Ruben van der Linde,2025-11-06,openregister,Fixing stuff that broke on the merge,14283/119/01,low,false
93e7fb2fadb4c26801ddab4287cd6bbeda7db7a3,Ruben van der Linde,2025-11-06,openregister,Fixing stuff that broke on the merge,14283/119/01,low,false
d3799f196de8fd1fd71560458f8e3a65fd8e657e,Ruben van der Linde,2025-11-06,openregister,Merge remote-tracking branch 'origin/development' into feature/configuration,14283/120/01,low,true
632b43c3cbb7fa8d290e24160db3bab4cf9948a9,Ruben van der Linde,2025-11-06,openregister,Merge remote-tracking branch 'origin/development' into feature/configuration,14283/120/01,low,true
14e5e66cb06b2daab00450cbacdb5a2c988478c9,Ruben van der Linde,2025-11-06,openregister,Still working a the base for configuration and chat,14283/120/01,low,false
954c76e1e6c6183ab3f32b03063d9b3e8eea795a,Ruben van der Linde,2025-11-06,openregister,Still working a the base for configuration and chat,14283/120/01,low,false
4282b70162843dc5a9212b03e39e52716848c8ef,Ruben van der Linde,2025-11-05,openregister,More WIP,14283/119/01,low,false
e8a84fac255d31706ab867e32b08b69328591340,Ruben van der Linde,2025-11-05,openregister,More WIP,14283/119/01,low,false
97fd2add0ee81c05674f703c961974cac22623b4,Ruben van der Linde,2025-11-05,openregister,Work in progress,14283/119/01,low,false
38729458380aa9a4a9b79b49937edd35b19a6ebf,Ruben van der Linde,2025-11-05,openregister,Work in progress,14283/119/01,low,false
ed0587d16b13a104a0d8485aee2bd2a30b37708b,Ruben van der Linde,2025-11-05,openregister,Configuration files,14283/120/01,low,false
88bf27ce2722d88e8261c8aa62dc1dfaaaaed485,Ruben van der Linde,2025-11-05,openregister,Configuration files,14283/120/01,low,false
d952ac7b8af6c04dc5684d02a1a3a51e51a615cc,Ruben van der Linde,2025-11-05,openregister,Lets save all of this before we dive into configuration import and export.,14283/119/02,high,false
48e0df014ce7b9dbca1ba07d71abf6c975495c27,Ruben van der Linde,2025-11-05,openregister,Lets save all of this before we dive into configuration import and export.,14283/119/02,high,false
7080d092c97a1b33dec4e016fd3af9b784d938c5,Thijn,2025-11-04,openregister,Merge pull request #709 from ConductionNL/feature/eslint-flat-config,14283/119/01,low,true
be0c954333718e1c37fb1140b24b25a21f4beb95,Thijn,2025-11-04,openregister,Merge pull request #709 from ConductionNL/feature/eslint-flat-config,14283/119/01,low,true
7e19430cc068ce0c05b27f54b60ad738ba3f8e1c,Barry Brands,2025-11-04,openregister,Merge pull request #710 from ConductionNL/fix/execute-query,14283/119/02,high,true
548d72c35f01a6d3a7c0e5393a220469661998c6,Barry Brands,2025-11-04,openregister,Merge pull request #710 from ConductionNL/fix/execute-query,14283/119/02,high,true
3d5718b9d79dc81f690bf770b2192b223a1ada5e,Barry Brands,2025-11-04,openregister,Fix executeQuery,14283/119/02,high,false
fbc5647c11964cb2e58971c1cfd906d7f51c83a8,Barry Brands,2025-11-04,openregister,Fix executeQuery,14283/119/02,high,false
86b5b90dcebb603b2acc326cd4b4afb5e3c62786,Thijn,2025-11-04,openregister,Merge pull request #708 from ConductionNL/feature/ui-controller,14283/119/01,low,true
bfdb62b3c00bee21a2a5b53e8659b155b956be7c,Thijn,2025-11-04,openregister,Merge pull request #708 from ConductionNL/feature/ui-controller,14283/119/01,low,true
6746dcc7136c296da4a1e45bd3ee7aea40802292,Thijn,2025-11-04,openregister,converted to flat config,14283/119/01,medium,false
3980641b89b777522946f6983075a6d8af9e6cb5,Thijn,2025-11-04,openregister,converted to flat config,14283/119/01,medium,false
bca83cd1cadd25a35a5443d0ec49b5b849fc007f,Thijn,2025-11-04,openregister,UI controller,14283/119/01,low,false
96bbab00d9d599ae79ad339864106044f2f55c18,Thijn,2025-11-04,openregister,UI controller,14283/119/01,low,false
4ec425b28a0e42024bbc9182b89b45acef85a7da,Ruben van der Linde,2025-11-03,openregister,finaly got fav view to work,14283/119/02,medium,false
173c9574d493d24faa76226317a9c0a99821ddc3,Ruben van der Linde,2025-11-03,openregister,finaly got fav view to work,14283/119/02,medium,false
9d5c16272fdb367b264c4a43208fb8d03d1d2d73,Ruben van der Linde,2025-11-03,openregister,Merge remote-tracking branch 'origin/development' into feature/REGISTERS-218/file-uploads,14283/119/02,medium,true
8a188eca65849d16f55345a01b277466e0f52541,Ruben van der Linde,2025-11-03,openregister,Merge remote-tracking branch 'origin/development' into feature/REGISTERS-218/file-uploads,14283/119/02,medium,true
2e65ffbc978b03ab151ae403eae045145768fb3e,Ruben van der Linde,2025-11-03,openregister,Save before adding patch support,14283/119/01,medium,false
136213e33d12322a4a5f7e2bb3e676a48488a090,Ruben van der Linde,2025-11-03,openregister,Save before adding patch support,14283/119/01,medium,false
ea2c586c0a37150245cfc20a01f08f964890c9e6,Robert Zondervan,2025-11-03,openregister,Merge pull request #705 from ConductionNL/fix/use-file-extraction-settings,14283/120/01,low,true
94bbf7946c29f9c5673a4e7157e8c55eab50ce37,Robert Zondervan,2025-11-03,openregister,Merge pull request #705 from ConductionNL/fix/use-file-extraction-settings,14283/120/01,low,true
15c0f04556fca6431d7847c69aad64abaaffb37e,Barry Brands,2025-11-03,openregister,Merge pull request #703 from ConductionNL/fix/fallback-cascaded-objects,14283/119/01,low,true
4c2c23b8fef391ca5443a8878937ccf84ccb6a7a,Barry Brands,2025-11-03,openregister,Merge pull request #703 from ConductionNL/fix/fallback-cascaded-objects,14283/119/01,low,true
1d651cc2e7107142381d581c507acd340d6ac63b,Robert Zondervan,2025-11-03,openregister,Do not extract when file extraction is turned off,14283/119/01,low,false
6840479e91b4d6f2ada8af8cdd586ee933107047,Robert Zondervan,2025-11-03,openregister,Do not extract when file extraction is turned off,14283/119/01,low,false
0c8bfa299acb739fddfd9f954ed366945c72d8ca,Ruben van der Linde,2025-11-03,openregister,Merge remote-tracking branch 'origin/feature/REGISTERS-218/file-uploads' into feature/REGISTERS-218/file-uploads,14283/119/02,medium,true
3958ba855d6a3fe77c29c414ff209cdf01509ae7,Ruben van der Linde,2025-11-03,openregister,Merge remote-tracking branch 'origin/feature/REGISTERS-218/file-uploads' into feature/REGISTERS-218/file-uploads,14283/119/02,medium,true
90d489c4fb14d5ecda3c06efbf16f07b7f302a85,Barry Brands,2025-11-03,openregister,Fix fallback for cascaded objects,14283/119/01,low,false
b0511a9e69c46f1f81f7db2ef891f0a9175b13bd,Barry Brands,2025-11-03,openregister,Fix fallback for cascaded objects,14283/119/01,low,false
ed1697945f0b9d1ab9abffbc22038e0a51c7c847,Thijn,2025-11-03,openregister,more lint fixes,14283/119/01,low,false
73e9b9f2e21171af508adef68e6261bf8ac741a9,Thijn,2025-11-03,openregister,more lint fixes,14283/119/01,low,false
b80f3244ff227bbe4758c49314cf8529e92e8d0b,Ruben van der Linde,2025-11-03,openregister,Merge remote-tracking branch 'origin/feature/REGISTERS-218/file-uploads' into feature/REGISTERS-218/file-uploads,14283/119/02,medium,true
8f3dc8f7f623ce3a6483c353d30d9fe9e3b7defa,Ruben van der Linde,2025-11-03,openregister,Merge remote-tracking branch 'origin/feature/REGISTERS-218/file-uploads' into feature/REGISTERS-218/file-uploads,14283/119/02,medium,true
31a96dd3a08a46c43a21742fed35967135182cb5,Ruben van der Linde,2025-11-03,openregister,Finishing up on the organisation modal UI,14283/120/01,high,false
cc5ca65d795b5f72c4709b7aff7c4779afa044d5,Ruben van der Linde,2025-11-03,openregister,Finishing up on the organisation modal UI,14283/120/01,high,false
c34fb78f099f2f90979adf8356f61411a29afcef,Thijn,2025-11-03,openregister,more base fixes,14283/119/01,low,false
2004631880b1e16c9e2c1b6e3b3dae75058bbac1,Thijn,2025-11-03,openregister,more base fixes,14283/119/01,low,false
c78c10f94908eb8989af9fdf27aeaeae23e1f6e2,Ruben van der Linde,2025-11-03,openregister,Lets setup proper authorization depth,14283/120/01,high,false
1e02fbd2f7540ec7713488fde9bc220ddb90ac53,Ruben van der Linde,2025-11-03,openregister,Lets setup proper authorization depth,14283/120/01,high,false
e45817cb85bae83e98e8799a7496a5a95db51455,Ruben van der Linde,2025-11-03,openregister,WIP on groups and rights,14283/120/01,high,false
31d80df19f52112077e26161860c1e47524f6a02,Ruben van der Linde,2025-11-03,openregister,WIP on groups and rights,14283/120/01,high,false
0de75552c51c8e25919071a1043df5fadb572ac2,Ruben van der Linde,2025-11-03,openregister,"WIP on organisation, applications and configurations",14283/120/01,high,false
4a0ff26d3775a1ce260cde9b24bbdb4c143df1ba,Ruben van der Linde,2025-11-03,openregister,"WIP on organisation, applications and configurations",14283/120/01,high,false
d67909cbed41edf4c26285716871352a0eac90f8,Ruben van der Linde,2025-11-02,openregister,Lets add and remove users from organisations,14283/120/01,high,false
516792d9e95d1bc57a2be24764e290fec2178d19,Ruben van der Linde,2025-11-02,openregister,Lets add and remove users from organisations,14283/120/01,high,false
51bca888a2689aecdcd0b6a614d9604eb8c28ebd,Ruben van der Linde,2025-11-02,openregister,WPI on nested schema's,14283/119/02,medium,false
e2dbe817e1154b4b565e00eedd41a7eaa5ab29e9,Ruben van der Linde,2025-11-02,openregister,WPI on nested schema's,14283/119/02,medium,false
e168bd5f000199938f033f8ac2c6488c77e70fed,Ruben van der Linde,2025-11-01,openregister,Merge remote-tracking branch 'origin/feature/REGISTERS-218/file-uploads' into feature/REGISTERS-218/file-uploads,14283/119/02,medium,true
f9a3e5ad51605855d18f2ef409c5b5393bd375c4,Ruben van der Linde,2025-11-01,openregister,Merge remote-tracking branch 'origin/feature/REGISTERS-218/file-uploads' into feature/REGISTERS-218/file-uploads,14283/119/02,medium,true
25427eddc988338204806db1776d080e088c1c99,Ruben van der Linde,2025-11-01,openregister,Cleaning up the ui on applicatie and organisatie,14283/119/01,low,false
dbec7477dbc3c0b8238c101aea40e621581d3197,Ruben van der Linde,2025-11-01,openregister,Cleaning up the ui on applicatie and organisatie,14283/119/01,low,false
8996e1f4c3517492b6880595226a63b9c889742a,Thijn,2025-10-31,openregister,Merge remote-tracking branch 'origin/feature/REGISTERS-218/file-uploads' into feature/REGISTERS-218/file-uploads,14283/119/02,medium,true
3f344b2c772650dacee445ea76a55e85e6763579,Thijn,2025-10-31,openregister,Merge remote-tracking branch 'origin/feature/REGISTERS-218/file-uploads' into feature/REGISTERS-218/file-uploads,14283/119/02,medium,true
cdd4cfb42a64dd52500f1df2dd2db07598bc6af3,Thijn,2025-10-31,openregister,preliminary fixes,14283/119/01,low,false
4c665d77a393f0e98a0390ab0d919c93d1054190,Thijn,2025-10-31,openregister,preliminary fixes,14283/119/01,low,false
f90d7241e19320e9403698f11459cc9ef762bb87,Barry Brands,2025-10-31,openregister,Merge pull request #695 from ConductionNL/feature/woo-djuma-json,14283/119/01,low,true
526ae249b908774e1a9b3b3c6eda13b3f3c13ddf,Barry Brands,2025-10-31,openregister,Merge pull request #695 from ConductionNL/feature/woo-djuma-json,14283/119/01,low,true
6088d5f70d68043686fba84ffb57e40945c6861c,Barry Brands,2025-10-31,openregister,Added woo djuma config,14283/120/01,low,false
be65df8a0fd316e8356a5be1e16d62d9b4bd4d24,Barry Brands,2025-10-31,openregister,Added woo djuma config,14283/120/01,low,false
0a026c5eb7995adc169ea7530683c32eb7894194,Wilco Louwerse,2025-10-31,openregister,Code style fixes,14283/119/01,low,false
90f293812a87eba672b98e9269af2eeef0d17689,Wilco Louwerse,2025-10-31,openregister,Code style fixes,14283/119/01,low,false
1eb8cba4c9f73bf947224eca54f5790c1dafa3da,Ruben van der Linde,2025-10-31,openregister,UI for extraction and agents,14283/119/01,low,false
a11a6481618141cf23f2bd012551f2fe4682b269,Ruben van der Linde,2025-10-31,openregister,UI for extraction and agents,14283/119/01,low,false
a4f962d5ac3c20898cd69ca8cad94e27f0ec2e24,Ruben van der Linde,2025-10-31,openregister,More work an ui for text extraction,14283/119/01,low,false
571e0fb83a8c08701be8de1a3aaee171077a3f5e,Ruben van der Linde,2025-10-31,openregister,More work an ui for text extraction,14283/119/01,low,false
b0d23b9c220d3594c2695119dbd4004fe9be3151,Ruben van der Linde,2025-10-30,openregister,More work on the setting page,14283/119/01,low,false
c7d6d962feea32e2691cda43e9a0b9fb5be981f4,Ruben van der Linde,2025-10-30,openregister,More work on the setting page,14283/119/01,low,false
f53448ae66b4589f298d13996419a962def8028a,Ruben van der Linde,2025-10-29,openregister,Alignment perfection,14283/119/01,low,false
10a1dc23be689f9ec99b6989f81a218c81301488,Ruben van der Linde,2025-10-29,openregister,Alignment perfection,14283/119/01,low,false
db01cb25ee28980c6ca9837822781e827a1c4d34,Ruben van der Linde,2025-10-29,openregister,Lets use the proper component,14283/119/01,low,false
fb6b41e1c2f76902070282886d948235f911953b,Ruben van der Linde,2025-10-29,openregister,Lets use the proper component,14283/119/01,low,false
8fd477add3200fbd38b25b0b8190598736618b09,Ruben van der Linde,2025-10-29,openregister,Styling the admin pages,14283/120/01,medium,false
cdf0b676698a9441a69042b8f1cfdb97c3cef19a,Ruben van der Linde,2025-10-29,openregister,Styling the admin pages,14283/120/01,medium,false
2a062d3804370e14e5613abc277eae485fb23911,GitHub Action,2025-10-29,openregister,Bump version to 0.2.7,14283/119/01,low,true
2bccf15039a47f051abbb3766164d203ea97c4ad,GitHub Action,2025-10-29,openregister,Bump version to 0.2.7,14283/119/01,low,true
cb7e04ef243387bd2a3b08a38bde22a330752b41,Robert Zondervan,2025-10-29,openregister,Merge pull request #689 from ConductionNL/development,14283/119/01,low,true
39f514eb4bec7b2e9cadf18ebd5c55a562d80f11,Robert Zondervan,2025-10-29,openregister,Merge pull request #689 from ConductionNL/development,14283/119/01,low,true
848d305260eb652c0c2a759280421dbd8a5c8d92,Ruben van der Linde,2025-10-28,openregister,Merge pull request #693 from ConductionNL/feature/REGISTERS-218/file-uploads,14283/119/02,medium,true
8df1d2eee36cb31f9d3f6a0799f6524a53a99ecc,Ruben van der Linde,2025-10-28,openregister,Merge pull request #693 from ConductionNL/feature/REGISTERS-218/file-uploads,14283/119/02,medium,true
10366555a9a52c9067a7902d0a010cd620be0e66,Ruben van der Linde,2025-10-28,openregister,Fix for ordering and case sensitivity,14283/119/01,low,false
cb36a5c9847c95e1c26cfaf2c5bc7b9b2cd11831,Ruben van der Linde,2025-10-28,openregister,Fix for ordering and case sensitivity,14283/119/01,low,false
55341653a4ac97d2d878de81b8837b43224e48e9,Ruben van der Linde,2025-10-27,openregister,Merge pull request #692 from ConductionNL/feature/REGISTERS-218/file-uploads,14283/119/02,medium,true
ea9d119682e924101a427dc122df97db9b4c2b21,Ruben van der Linde,2025-10-27,openregister,Merge pull request #692 from ConductionNL/feature/REGISTERS-218/file-uploads,14283/119/02,medium,true
96193b8f1c0c87f0a3c4698d18428ffcc2c8fff7,Ruben van der Linde,2025-10-27,openregister,Correctly inserting services,14283/119/01,low,false
ffc568e7e3464426a1c7bbfd6700af644b80a1c9,Ruben van der Linde,2025-10-27,openregister,Correctly inserting services,14283/119/01,low,false
203596901d37a78e568e6d54b122ba06751c7100,Ruben van der Linde,2025-10-27,openregister,Looking at why we return uuid as label instead of the name,14283/119/01,low,false
ddf2e6a492ab1f47066c2cce664007ab0805b7d9,Ruben van der Linde,2025-10-27,openregister,Looking at why we return uuid as label instead of the name,14283/119/01,low,false
5f31a949c2b09bb8f45664cc67ee35ae95665de5,Ruben van der Linde,2025-10-27,openregister,Merge remote-tracking branch 'origin/development' into feature/REGISTERS-218/file-uploads,14283/119/02,medium,true
c5282f03b4622f58b7938a788e77929785eae2a4,Ruben van der Linde,2025-10-27,openregister,Merge remote-tracking branch 'origin/development' into feature/REGISTERS-218/file-uploads,14283/119/02,medium,true
1ace9fe020b2088b4704c4bfd2634abe9532499f,Wilco Louwerse,2025-10-27,openregister,Do some code style fixes and small code quality/bug fixes,14283/119/01,low,false
d1c09039b0486702684b29ec5fa222bd917da845,Wilco Louwerse,2025-10-27,openregister,Do some code style fixes and small code quality/bug fixes,14283/119/01,low,false
ad119425e138237aa6e7acaa3c1b19c375ce952b,Remko Huisman,2025-10-27,openregister,Merge pull request #691 from ConductionNL/feature/REGISTERS-218/file-uploads,14283/119/02,medium,true
6103cb690f2fa0e9f86dc6b9f9fb3ec05226ebd5,Remko Huisman,2025-10-27,openregister,Merge pull request #691 from ConductionNL/feature/REGISTERS-218/file-uploads,14283/119/02,medium,true
39e95728acfe1dbd8c3a0201295af86af64402bc,Ruben van der Linde,2025-10-27,openregister,File txt extraction,14283/119/01,low,false
a3b5ea4f61888c0dd24791716fffe5791af21244,Ruben van der Linde,2025-10-27,openregister,File txt extraction,14283/119/01,low,false
b3564f0e261218a4a7a98209607cb7bec88eb4ea,Ruben van der Linde,2025-10-27,openregister,Fixes for background jobs,14283/120/02,high,false
fe763b48b80eaea5de3eee6cff37b96e4fc5a5f9,Ruben van der Linde,2025-10-27,openregister,Fixes for background jobs,14283/120/02,high,false
f80ea00f8dd7cb180175439d119f03e685769a43,Ruben van der Linde,2025-10-26,openregister,Merge remote-tracking branch 'origin/development' into feature/REGISTERS-218/file-uploads,14283/119/02,medium,true
622cd92892a3ba2190467966dff5e1b2c60ae679,Ruben van der Linde,2025-10-26,openregister,Merge remote-tracking branch 'origin/development' into feature/REGISTERS-218/file-uploads,14283/119/02,medium,true
ad8fec3ebdf7a45b01dfa55944e256102bf3e54f,Robert Zondervan,2025-10-24,openregister,Merge pull request #690 from ConductionNL/fix/merge-main-to-dev,14283/119/01,low,true
3adb700ad9bdd02317190d010fd88a09367d5814,Robert Zondervan,2025-10-24,openregister,Merge pull request #690 from ConductionNL/fix/merge-main-to-dev,14283/119/01,low,true
c52ee7f393403e3625ab67d31f3d518a1b8e4561,Robert Zondervan,2025-10-24,openregister,Merge branch 'main' into fix/merge-main-to-dev,14283/119/01,low,true
7666c3e5e7fd03569b36b70ca53ce7312122f73d,Robert Zondervan,2025-10-24,openregister,Merge branch 'main' into fix/merge-main-to-dev,14283/119/01,low,true
06f2188378a71f2231483f0d93d1c1a646ab75b6,Robert Zondervan,2025-10-24,openregister,Merge pull request #688 from ConductionNL/fix/empty-uuid,14283/119/01,low,true
5ebe185d8a73a3c3df91af5027577b08dd29deb4,Robert Zondervan,2025-10-24,openregister,Merge pull request #688 from ConductionNL/fix/empty-uuid,14283/119/01,low,true
332f84eb04d6d01c5c79ea842a0bfc5446343688,Robert Zondervan,2025-10-24,openregister,"If $published is set, write it in the _published query",14283/119/02,high,false
64e586a083450b3fedb0ac0465a1578e5f4bbda8,Robert Zondervan,2025-10-24,openregister,"If $published is set, write it in the _published query",14283/119/02,high,false
81e7cfc6752ae856a8850875267e04b10744a920,Robert Zondervan,2025-10-23,openregister,Merge pull request #687 from ConductionNL/fix/empty-uuid,14283/119/01,low,true
8eb94db43b7375500822915dac820960f7e44929,Robert Zondervan,2025-10-23,openregister,Merge pull request #687 from ConductionNL/fix/empty-uuid,14283/119/01,low,true
58058a309995aad4baec07fee2b706610f38e57f,Robert Zondervan,2025-10-23,openregister,Fix empty uuid condition,14283/119/01,low,false
f5e6443e4ad41fb8c10b5fadde2b261340927330,Robert Zondervan,2025-10-23,openregister,Fix empty uuid condition,14283/119/01,low,false
c2804d43b2db076df1d0db4438acf2e3142ac92b,Ruben van der Linde,2025-10-23,openregister,Merge pull request #686 from ConductionNL/feature/REGISTERS-218/file-uploads,14283/119/02,medium,true
4d4a4bbf2e00565792358ad01143d7d1a10fadb8,Ruben van der Linde,2025-10-23,openregister,Merge pull request #686 from ConductionNL/feature/REGISTERS-218/file-uploads,14283/119/02,medium,true
aff9b2008d1df524ce6fb54726da250a9a02c672,Ruben van der Linde,2025-10-23,openregister,Hotfix: Configuration entity,14283/119/01,high,false
93a74d80a5684e302cb5e59804738529671e1835,Ruben van der Linde,2025-10-23,openregister,Hotfix: Configuration entity,14283/119/01,high,false
b3438695e8acd93fc86ffcf3fc5c2cd052d5cf76,Robert Zondervan,2025-10-22,openregister,Merge pull request #685 from ConductionNL/feature/WOO-425/stabilisation-fixes,14283/119/01,low,true
57d1e89e0f80ba0a15c8a29775bcb9df01db186b,Robert Zondervan,2025-10-22,openregister,Merge pull request #685 from ConductionNL/feature/WOO-425/stabilisation-fixes,14283/119/01,low,true
6ef994d3e87801c6ff9c197429806aa7ff366f7c,Robert Zondervan,2025-10-22,openregister,Move checking if file content is unchanged,14283/119/01,low,false
0e4a5deae646bcd008d9bdab6ced8d43c2e6dc33,Robert Zondervan,2025-10-22,openregister,Move checking if file content is unchanged,14283/119/01,low,false
414374452aa1eab11c9612da13d853375bc10e81,Ruben van der Linde,2025-10-22,openregister,Merge pull request #684 from ConductionNL/feature/REGISTERS-218/file-uploads,14283/119/02,medium,true
3012108ac48a758b90b414de11823babe2caf003,Ruben van der Linde,2025-10-22,openregister,Merge pull request #684 from ConductionNL/feature/REGISTERS-218/file-uploads,14283/119/02,medium,true
e25a65c944ac75e316b45788de8cea8641814d4e,Ruben van der Linde,2025-10-22,openregister,Wrong artifact action,14283/119/01,low,false
62c85d687b9c788270932d0e5888a2a5cb9c3f9e,Ruben van der Linde,2025-10-22,openregister,Wrong artifact action,14283/119/01,low,false
217e477daaf723288f260b1edce790ccb887be0d,Ruben van der Linde,2025-10-22,openregister,Merge pull request #683 from ConductionNL/feature/REGISTERS-218/file-uploads,14283/119/02,medium,true
c110dae4be6a33644c64ea3969d77e091359eab8,Ruben van der Linde,2025-10-22,openregister,Merge pull request #683 from ConductionNL/feature/REGISTERS-218/file-uploads,14283/119/02,medium,true
d2b3cf690b372c9e1ee0cd99c2a8c14ee5907ebc,Ruben van der Linde,2025-10-22,openregister,Found the build issue,14283/119/01,low,false
214c755069ec4ad49c526656ac6dfad31a6794f7,Ruben van der Linde,2025-10-22,openregister,Found the build issue,14283/119/01,low,false
36e59aa067ec0e72ae819449b2b85c803d8dc2b6,Ruben van der Linde,2025-10-22,openregister,Create artifacts?,14283/119/01,low,false
02c90a4ca0f193142e12f1207064963cf7dcf524,Ruben van der Linde,2025-10-22,openregister,Create artifacts?,14283/119/01,low,false
859a4c218078fd3bd2d869b292999d1a96016b6a,Ruben van der Linde,2025-10-22,openregister,Merge pull request #682 from ConductionNL/feature/REGISTERS-218/file-uploads,14283/119/02,medium,true
2d3d932eb4ecaa74291e06cf40baf1b99c03165f,Ruben van der Linde,2025-10-22,openregister,Merge pull request #682 from ConductionNL/feature/REGISTERS-218/file-uploads,14283/119/02,medium,true
0069adeb85dd408ae832322a7a5393bcbb88e85c,Ruben van der Linde,2025-10-22,openregister,Query and workflow fixes,14283/119/02,high,false
c963ad5f2da50b5f5c3a3b1f2e5fbf016034e5b0,Ruben van der Linde,2025-10-22,openregister,Query and workflow fixes,14283/119/02,high,false
2f0e69d6d9f0a4e501a9a9a66ecbe4f0eaaf28fb,Thijn,2025-10-21,openregister,Merge pull request #681 from ConductionNL/feature/deep-linking,14283/119/01,low,true
e6c81a639d02ac8e83d0973816cf462949bd1129,Thijn,2025-10-21,openregister,Merge pull request #681 from ConductionNL/feature/deep-linking,14283/119/01,low,true
22a6c9dc5b375d03d839fe7ea59afb3bc07de35c,Ruben van der Linde,2025-10-21,openregister,Fixes based on open catalogi testing,14283/119/02,high,false
36370aafc37c47253a4dd2d3ba257c6d53e28b6e,Ruben van der Linde,2025-10-21,openregister,Fixes based on open catalogi testing,14283/119/02,high,false
bd3c3859a649965a1818703cc364e1310dbc1fa8,Thijn,2025-10-21,openregister,lint fix,14283/119/01,low,false
dfc5d4e1aa4ad7739ef612ff07425d42d2fcd407,Thijn,2025-10-21,openregister,lint fix,14283/119/01,low,false
342ed519ad027ebfddbf244f653156043ab61cab,Thijn,2025-10-21,openregister,Merge branch 'development' into feature/deep-linking,14283/119/01,low,true
ae0154284caac39ca0e02d358acd0c5deb034014,Thijn,2025-10-21,openregister,Merge branch 'development' into feature/deep-linking,14283/119/01,low,true
1664236ea73ec18df2020cf202af8d7811d7fef8,Thijn,2025-10-21,openregister,finished deep linking,14283/119/01,low,false
94dcbe0ede0bca9b0650d223e12bae8e2c6cb751,Thijn,2025-10-21,openregister,finished deep linking,14283/119/01,low,false
4f61ec188a04d97af73bf30b6a200814424b3329,Ruben van der Linde,2025-10-21,openregister,Merge pull request #680 from ConductionNL/feature/REGISTERS-218/file-uploads,14283/119/02,medium,true
ccd9b1107e2e5d7465665b663500bcf3c9dc0b82,Ruben van der Linde,2025-10-21,openregister,Merge pull request #680 from ConductionNL/feature/REGISTERS-218/file-uploads,14283/119/02,medium,true
3c2bb7a0ac0a314a526ec27717a111c659be29fe,Ruben van der Linde,2025-10-21,openregister,Lets add testing for the new array filters,14283/119/02,high,false
3129a37b3bd73772410d3c142d9c1de4fc724660,Ruben van der Linde,2025-10-21,openregister,Lets add testing for the new array filters,14283/119/02,high,false
f68737951627f1a7223b405e1de5ed5a5d51b560,Ruben van der Linde,2025-10-21,openregister,Finish testing and documentation on files,14283/119/01,low,false
c3f2a6d84659d1146c4260e90ea8fb961d698ed9,Ruben van der Linde,2025-10-21,openregister,Finish testing and documentation on files,14283/119/01,low,false
3668473eee91eae983e62579cddc01a0dc3df72b,Ruben van der Linde,2025-10-21,openregister,Bit more work on the test files,14283/119/01,low,false
f48c9cbee00bcc7164a24fe2ad4ddbb3f479bfc2,Ruben van der Linde,2025-10-21,openregister,Bit more work on the test files,14283/119/01,low,false
94984e418219b0ef5d1a500e7b610d0baf58607d,Ruben van der Linde,2025-10-21,openregister,Array fileter and file handling update,14283/119/01,low,false
454f89ee22b3796fe03b61929910adadfa8dd654,Ruben van der Linde,2025-10-21,openregister,Array fileter and file handling update,14283/119/01,low,false
531f57deac99b85486a62ed86c0f64751d19c2dd,Ruben van der Linde,2025-10-20,openregister,Log fixje op de loger,14283/120/02,low,false
df4525cbde0092ff0335eab393f7b18f2e162c5c,Ruben van der Linde,2025-10-20,openregister,Log fixje op de loger,14283/120/02,low,false
4f80b9f64f8f894630591d71df071c114553339a,Ruben van der Linde,2025-10-20,openregister,Merge pull request #679 from ConductionNL/feature/REGISTERS-218/file-uploads,14283/119/02,medium,true
5d0adb9252ed1ca61da780d70c685eb67b669572,Ruben van der Linde,2025-10-20,openregister,Merge pull request #679 from ConductionNL/feature/REGISTERS-218/file-uploads,14283/119/02,medium,true
ce8ef1ccf585ea5a332f044cdc5ac1c400c16872,Ruben van der Linde,2025-10-20,openregister,Lets cleanup the release a bit,14283/119/01,low,false
63e1e0bd6f6c54eb1f94fbb1f213e3103dbf48c1,Ruben van der Linde,2025-10-20,openregister,Lets cleanup the release a bit,14283/119/01,low,false
c5bf2a81a5accc939eb7431f10a044e75b6da2c4,Ruben van der Linde,2025-10-20,openregister,Fix for error ahndling on files,14283/120/02,medium,false
4d04c61f7a443c20924ad3db605c69f6b15b975c,Ruben van der Linde,2025-10-20,openregister,Fix for error ahndling on files,14283/120/02,medium,false
781345525d8b82bb627b57335da64b59582dbb91,Ruben van der Linde,2025-10-20,openregister,Merge pull request #678 from ConductionNL/feature/REGISTERS-218/file-uploads,14283/119/02,medium,true
a25cc31dbb7a156ddfdfd2c200e8d63882782400,Ruben van der Linde,2025-10-20,openregister,Merge pull request #678 from ConductionNL/feature/REGISTERS-218/file-uploads,14283/119/02,medium,true
42b594f54cc87e5331f0256a1eed9b3fdd936d8e,Ruben van der Linde,2025-10-20,openregister,Correct status codes and remove exec event abo,14283/120/02,medium,false
64a99e8ac073446c7bf8e1846b3e5a7b171d08ce,Ruben van der Linde,2025-10-20,openregister,Correct status codes and remove exec event abo,14283/120/02,medium,false
8a6fbd8df02cb1f6b300883aa2d062a26fb4a0dc,Ruben van der Linde,2025-10-19,openregister,Merge remote-tracking branch 'origin/feature/REGISTERS-218/file-uploads' into feature/REGISTERS-218/file-uploads,14283/119/02,medium,true
9f4483475e5e9cf47d6a3160702449ec23687647,Ruben van der Linde,2025-10-19,openregister,Merge remote-tracking branch 'origin/feature/REGISTERS-218/file-uploads' into feature/REGISTERS-218/file-uploads,14283/119/02,medium,true
35166fa9edbeb66a6ce703f88823729ff6242836,Ruben van der Linde,2025-10-18,openregister,Workingon the integration test,14283/119/01,low,false
d5b2917b81b567a16fed6f40e4733415f4f351e7,Ruben van der Linde,2025-10-18,openregister,Workingon the integration test,14283/119/01,low,false
9dcc28b59b825afb9c2c5018ec37080c8c5d0664,Ruben van der Linde,2025-10-18,openregister,Workingon the integration test,14283/119/01,low,false
d35cb15381e22baa79fbd2c599fb9312fa9b49ee,Ruben van der Linde,2025-10-18,openregister,Workingon the integration test,14283/119/01,low,false
0f5b82905ca224ecfbe2ad1c82e55c468d122313,Ruben van der Linde,2025-10-18,openregister,Bit of repository cleanup,14283/119/01,low,false
9f3ac2bffada95073a5409e7e7e6435551ec5ac8,Ruben van der Linde,2025-10-18,openregister,Bit of repository cleanup,14283/119/01,low,false
46bf44e937b7b5e868e8f707732960181aa3c764,Ruben van der Linde,2025-10-17,openregister,forgot to save the routes file,14283/119/02,low,false
020b762317b3d2a5b51de3554f477bf300908087,Ruben van der Linde,2025-10-17,openregister,forgot to save the routes file,14283/119/02,low,false
55bee7cf8f1bfc172bd6b71d84ff444b28bac3f4,Ruben van der Linde,2025-10-17,openregister,New file integration for objects,14283/119/01,low,false
61423d6e8fa605cd610bcde07764f4db2f536b70,Ruben van der Linde,2025-10-17,openregister,New file integration for objects,14283/119/01,low,false
9f51562bab59495a7206b7dc8b907fb0585c5bde,Ruben van der Linde,2025-10-17,openregister,Bit more work on faceting configuration,14283/119/02,high,false
37c4a3bb27423b258a2cde13819f92bcfef151f8,Thijn,2025-10-16,openregister,WIP - deep-linking + query params SPOT,14283/119/02,high,false
feaaf597465daeac1f9ba724456bd828436cd2eb,Thijn,2025-10-16,openregister,WIP - deep-linking + query params SPOT,14283/119/02,high,false
6b95f1bd6f7d3c99537e19ebc505a6b04c7d3c2e,Ruben van der Linde,2025-10-15,openregister,Merge pull request #677 from ConductionNL/feature/improve-self-metadata-handling,14283/119/01,low,true
00c9eca4308da7b9f0b8fa1157c9eb303d88db11,Ruben van der Linde,2025-10-15,openregister,Merge pull request #677 from ConductionNL/feature/improve-self-metadata-handling,14283/119/01,low,true
3918c802593a20aa1eebcdf61ce01b0ef53d0479,Ruben van der Linde,2025-10-15,openregister,Fix for large queries,14283/119/01,low,false
58ca99e63596bdf8a8473f886dc9833ed5881a38,Ruben van der Linde,2025-10-15,openregister,Fix for large queries,14283/119/01,low,false
835dd5cc7dd1d86d5516cf25ae3ef04e36a42586,Robert Zondervan,2025-10-15,openregister,Merge pull request #675 from ConductionNL/feature/WOO-425/stabilisation-fixes,14283/119/01,low,true
fd33747d1ac9b9bdbb01de264dd60399821a30c4,Robert Zondervan,2025-10-15,openregister,Merge pull request #675 from ConductionNL/feature/WOO-425/stabilisation-fixes,14283/119/01,low,true
d7bcabba360e7efe4299bd1bc1f4dde5ea02e425,Robert Zondervan,2025-10-15,openregister,Add documentation comment,14283/119/01,low,false
17745fdba9cbc63da11525e206437e39bebb766e,Robert Zondervan,2025-10-15,openregister,Add documentation comment,14283/119/01,low,false
030ec06dcae345dc70d8df8c497594980dac8265,Robert Zondervan,2025-10-15,openregister,Merge remote-tracking branch 'origin/development' into feature/WOO-425/stabilisation-fixes,14283/119/01,low,true
193394e4d082ab5eff4541021364611a0f0dbf4b,Robert Zondervan,2025-10-15,openregister,Merge remote-tracking branch 'origin/development' into feature/WOO-425/stabilisation-fixes,14283/119/01,low,true
8adcaf10b36e33a6f4f9c46c656d34c68fdb66c7,Ruben van der Linde,2025-10-15,openregister,Merge pull request #676 from ConductionNL/feature/improve-self-metadata-handling,14283/119/01,low,true
e1cab9c664995e78ee36369ccc6ad6b64b8696c9,Ruben van der Linde,2025-10-15,openregister,Merge pull request #676 from ConductionNL/feature/improve-self-metadata-handling,14283/119/01,low,true
fdd8808fcc5e072d9144302ec40fefd6eec17caa,Ruben van der Linde,2025-10-15,openregister,Fixes for solr,14283/119/02,high,false
01aaba308eb33ff238707c30594540fc88581a4c,Ruben van der Linde,2025-10-15,openregister,Fixes for solr,14283/119/02,high,false
d4e68a482f778a79cb8a02ca9c98da1e2356c737,Robert Zondervan,2025-10-15,openregister,Allow OneOf properties,14283/119/01,low,false
0ef6c2fcef6291de3f28423d8151a39feae12ed4,Robert Zondervan,2025-10-15,openregister,Allow OneOf properties,14283/119/01,low,false
a8a07ff0ada8b02eb5aa2bc822ac627a0e90fe46,Robert Zondervan,2025-10-15,openregister,Merge remote-tracking branch 'origin/development' into feature/WOO-425/stabilisation-fixes,14283/119/01,low,true
e1579d68cb4fb8b14e5e7f4767b06915526033d1,Robert Zondervan,2025-10-15,openregister,Merge remote-tracking branch 'origin/development' into feature/WOO-425/stabilisation-fixes,14283/119/01,low,true
d83f525a03adf975d455677e487ad562f9b18844,Ruben van der Linde,2025-10-14,openregister,Merge pull request #674 from ConductionNL/feature/improve-self-metadata-handling,14283/119/01,low,true
9d7ff0d385dc5a9ab4681b1fd91e619fdccd5e8b,Ruben van der Linde,2025-10-14,openregister,Merge pull request #674 from ConductionNL/feature/improve-self-metadata-handling,14283/119/01,low,true
0efe009a471b84363db7819beddf45cb623cbef0,Ruben van der Linde,2025-10-14,openregister,Lets do the facating fixes,14283/119/01,low,false
6e638df2f217f6d211923eb3cc666a9c1f4e031b,Ruben van der Linde,2025-10-14,openregister,Lets do the facating fixes,14283/119/01,low,false
f5dcaa4bf3f4f064346727417268699d63d36808,Ruben van der Linde,2025-10-14,openregister,Merge pull request #673 from ConductionNL/feature/improve-self-metadata-handling,14283/119/01,low,true
fb0c7b3c80958b2ad443b509ddc64166745554a2,Ruben van der Linde,2025-10-14,openregister,Merge pull request #673 from ConductionNL/feature/improve-self-metadata-handling,14283/119/01,low,true
ab2ca8fb25c1558021df9ccfe222d81c08410959,Ruben van der Linde,2025-10-14,openregister,Dependency managment,14283/119/01,low,false
4f24674273f4c93e856ce74898f6016f578cc439,Ruben van der Linde,2025-10-14,openregister,Dependency managment,14283/119/01,low,false
bac07bb7e7b7122e438923d3fd1efd63f4939ab6,Ruben van der Linde,2025-10-14,openregister,Oke lets fix the facatable bug for types,14283/119/01,low,false
398bfde5a98c866fe8382409600ad8a43ee0265e,Ruben van der Linde,2025-10-14,openregister,Oke lets fix the facatable bug for types,14283/119/01,low,false
f95935b1d2eaa51ff7897ac5f5e98649bec83df6,Ruben van der Linde,2025-10-14,openregister,Merge pull request #672 from ConductionNL/feature/improve-self-metadata-handling,14283/119/01,low,true
5cbdf5c7b58b50019a0375108c848fee42297f4d,Ruben van der Linde,2025-10-14,openregister,Merge pull request #672 from ConductionNL/feature/improve-self-metadata-handling,14283/119/01,low,true
08b8c722a16683599350cf400c1e062516b423a4,Ruben van der Linde,2025-10-14,openregister,Commit uncommited solr code,14283/119/02,high,false
0ef1ce3eff4c186b35da1ce24ce64072c9b9dcb8,Ruben van der Linde,2025-10-14,openregister,Commit uncommited solr code,14283/119/02,high,false
bd1c9b4c73dc428b464d0705dc322d4b9b22d0de,Ruben van der Linde,2025-10-13,openregister,Merge pull request #671 from ConductionNL/feature/improve-self-metadata-handling,14283/119/01,low,true
94964e04f3e955f1532b3d634fee1baf82e1ca00,Ruben van der Linde,2025-10-13,openregister,Merge pull request #671 from ConductionNL/feature/improve-self-metadata-handling,14283/119/01,low,true
2e93deb3887a3e1f0681f193b359f205400209da,Ruben van der Linde,2025-10-13,openregister,Oke couple of warmup fixes,14283/119/01,low,false
8f981dbe0b19c78550f329d6cd31a417a1323f79,Ruben van der Linde,2025-10-13,openregister,Oke couple of warmup fixes,14283/119/01,low,false
6907687e7fdfae512bf47bfd1a03bb2b219f0fbb,Ruben van der Linde,2025-10-13,openregister,Making the warmup specific,14283/119/01,low,false
014bba3381c00b5711d21746d2d632f82af64901,Ruben van der Linde,2025-10-13,openregister,Making the warmup specific,14283/119/01,low,false
81b3bfa5497961f92f65cfd276439e16a555aedb,Ruben van der Linde,2025-10-13,openregister,Oke bit more work on the sol fields,14283/119/01,low,false
d72f961b292612e68bdb7660429ecdb5f5a4ec96,Ruben van der Linde,2025-10-13,openregister,Oke bit more work on the sol fields,14283/119/01,low,false
ffd17a8553bac7143dbbd9b92a1ebfdae56082e6,Ruben van der Linde,2025-10-13,openregister,More work on solr and ai,14283/119/02,high,false
96279da6e94e95006c586f3aecf2c2f06e9aa28b,Ruben van der Linde,2025-10-13,openregister,More work on solr and ai,14283/119/02,high,false
85ca41f7053d29fec14d28e46cbf77da32dc8853,Robert Zondervan,2025-10-13,openregister,Stabilization fixes for WOO,14283/119/01,low,false
e797257b6aea6bba9819bf3b28b72040eb145038,Robert Zondervan,2025-10-13,openregister,Stabilization fixes for WOO,14283/119/01,low,false
51f39670231a8de39c58d89bb15d0f37226ac18f,Ruben van der Linde,2025-10-13,openregister,Testing on our new solr setup and ai tools :),14283/119/02,high,false
bca6cb3d2ba356fa5f49b0176f065ddec6b45a07,Ruben van der Linde,2025-10-13,openregister,Testing on our new solr setup and ai tools :),14283/119/02,high,false
517c69db746c40d3ea4c9656723f6bf1043052a1,Ruben van der Linde,2025-10-13,openregister,Lets move our ai integration to testing,14283/119/01,low,false
6c88ac1ec34e949fb913299d6b27883e0060a4fc,Ruben van der Linde,2025-10-13,openregister,Lets move our ai integration to testing,14283/119/01,low,false
2df4a5e01d7ff2e48c76311d6ac0740bf13f08ff,Ruben van der Linde,2025-10-13,openregister,Save of SOLR setup before implementing vector search,14283/119/02,high,false
daaeb3c460548e8d38f1616c391afeff0657ce23,Ruben van der Linde,2025-10-13,openregister,Save of SOLR setup before implementing vector search,14283/119/02,high,false
b0417b79e26711624da8a6a11a8105a160c3a3cd,Ruben van der Linde,2025-10-12,openregister,Starting the refacto on solr,14283/119/02,high,false
2ad469f304dc6d2baa3924125b22397ff8afd209,Ruben van der Linde,2025-10-12,openregister,Starting the refacto on solr,14283/119/02,high,false
56261140620b0b9c62d288aede9653e1c1949998,Ruben van der Linde,2025-10-11,openregister,Merge pull request #670 from ConductionNL/feature/improve-self-metadata-handling,14283/119/01,low,true
12a0c2cec0463ddd2832a423d01c415ffa7e6683,Ruben van der Linde,2025-10-11,openregister,Merge pull request #670 from ConductionNL/feature/improve-self-metadata-handling,14283/119/01,low,true
89e53cd8d8559534295cd5f240ca1f2cce9b86bb,Ruben van der Linde,2025-10-11,openregister,Fix publishing objects,14283/119/01,low,false
0cd7d1687e889a9d1699d32631928e3d4654e2cb,Ruben van der Linde,2025-10-11,openregister,Fix publishing objects,14283/119/01,low,false
877ed05d966efc1dfdfc831c371f06c842ace044,Robert Zondervan,2025-10-10,openregister,Merge pull request #669 from ConductionNL/feature/ZAAKREG-110/fix-uuids-as-id,14283/119/01,low,true
203ead63cfc916acbe3ced5ea6ff492a0825b9d8,Robert Zondervan,2025-10-10,openregister,Merge pull request #669 from ConductionNL/feature/ZAAKREG-110/fix-uuids-as-id,14283/119/01,low,true
4fdaa4d67116d62a95585fc0ce278c768db81808,Robert Zondervan,2025-10-10,openregister,Fix finding objects by numeric id when search is done for uuid,14283/119/02,high,false
4959c6cf1fdd5b3b0546e88392da4daf50ea956c,Robert Zondervan,2025-10-10,openregister,Fix finding objects by numeric id when search is done for uuid,14283/119/02,high,false
82e7079790db56a62bc1bac188668cf41d9897d4,Ruben van der Linde,2025-10-10,openregister,Merge pull request #668 from ConductionNL/feature/improve-self-metadata-handling,14283/119/01,low,true
67b4519f4d986ea2785733d98257dca8a06d7418,Ruben van der Linde,2025-10-10,openregister,Merge pull request #668 from ConductionNL/feature/improve-self-metadata-handling,14283/119/01,low,true
c88ee02df18826b5430f952efd75ba46e30eb7df,Ruben van der Linde,2025-10-10,openregister,Fix relations metadata not being populated in API responses,14283/119/02,low,false
cb6b3bf6c2ff0b41064dde61ed06a31b297c6048,Ruben van der Linde,2025-10-10,openregister,Fix relations metadata not being populated in API responses,14283/119/02,low,false
dfcaf173675ac7c10d605f3392faf9780964650b,Ruben van der Linde,2025-10-10,openregister,Merge pull request #667 from ConductionNL/feature/improve-self-metadata-handling,14283/119/01,low,true
b27246756d29abac17c56040b0469002f6b459de,Ruben van der Linde,2025-10-10,openregister,Merge pull request #667 from ConductionNL/feature/improve-self-metadata-handling,14283/119/01,low,true
53460ea15712288bb9b73cf862e968474fa37fd1,Ruben van der Linde,2025-10-10,openregister,Remove limit optimalisatie,14283/119/01,low,false
b705e19202426fa6875779631c67aacab1ad5264,Ruben van der Linde,2025-10-10,openregister,Remove limit optimalisatie,14283/119/01,low,false
bb0cf17b8d57e4af17805dac1e2c51ed9ada870b,Ruben van der Linde,2025-10-10,openregister,Merge pull request #666 from ConductionNL/feature/improve-self-metadata-handling,14283/119/01,low,true
572f7baa49d20a703767fdb1c95e197bd3ae798e,Ruben van der Linde,2025-10-10,openregister,Merge pull request #666 from ConductionNL/feature/improve-self-metadata-handling,14283/119/01,low,true
541c4613dfa5866dce7a7266db949e6972bea7f2,Ruben van der Linde,2025-10-10,openregister,Fixing the saving of schemas,14283/119/02,medium,false
58fd130fefb4a8815556f800aa45161fdc36610a,Ruben van der Linde,2025-10-10,openregister,Fixing the saving of schemas,14283/119/02,medium,false
0793b42c7c08ac94c4f47eb37c63ba62170a470b,Ruben van der Linde,2025-10-10,openregister,Lat view modal fix,14283/119/02,medium,false
c101a153dcab1938058d0607a980ae9528c7d6da,Ruben van der Linde,2025-10-10,openregister,Lat view modal fix,14283/119/02,medium,false
66da2cc2a445a3e2795bb61e40abff170943d502,Ruben van der Linde,2025-10-10,openregister,Hooking in the dataform,14283/119/01,low,false
c9769cef593e6a4c260bab0cedcd0a616a2f1b04,Ruben van der Linde,2025-10-10,openregister,Hooking in the dataform,14283/119/01,low,false
71d58160f5ad91e5918da654c782b6c9ab2b4548,Ruben van der Linde,2025-10-10,openregister,Bit more work on the viewform,14283/119/02,medium,false
09eb17cfc3cadecd96bc794d1aee574d05b84c0f,Ruben van der Linde,2025-10-10,openregister,Bit more work on the viewform,14283/119/02,medium,false
2d62080331fb9a69c974eaa1297311d5374eb363,Ruben van der Linde,2025-10-10,openregister,Replace edit form with view form,14283/119/02,medium,false
fccb063b6e6d4dd007cd1131e79c02a6f2e3ea32,Ruben van der Linde,2025-10-10,openregister,Replace edit form with view form,14283/119/02,medium,false
ba97e0607ce60afafe58994c8a9cbef1328afbc8,Ruben van der Linde,2025-10-08,openregister,Merge pull request #665 from ConductionNL/feature/improve-self-metadata-handling,14283/119/01,low,true
e6cf0b5f4ded005df49d89bcf6dd3060cd16f2fd,Ruben van der Linde,2025-10-08,openregister,Merge pull request #665 from ConductionNL/feature/improve-self-metadata-handling,14283/119/01,low,true
00589f96d24a8736182072d837531a51de126c62,Ruben van der Linde,2025-10-08,openregister,Lets fix an hardcoded thingy,14283/119/01,low,false
553fd03ca979d3cc9f3de35e188749029df535f3,Ruben van der Linde,2025-10-08,openregister,Lets fix an hardcoded thingy,14283/119/01,low,false
9ca6da41c4291297f476f34ab235e1268e1705d3,Ruben van der Linde,2025-10-08,openregister,Merge pull request #664 from ConductionNL/feature/improve-self-metadata-handling,14283/119/01,low,true
a1ac8c9095abba358cbf5b4197b18a315e231988,Ruben van der Linde,2025-10-08,openregister,Merge pull request #664 from ConductionNL/feature/improve-self-metadata-handling,14283/119/01,low,true
6b45e99fd6defa0a8c6c18f15643b3c97c059c88,Ruben van der Linde,2025-10-08,openregister,Fixing the value problem,14283/119/01,low,false
93c667052103cc36b3d85e88da7bf5028ea9b4c6,Ruben van der Linde,2025-10-08,openregister,Fixing the value problem,14283/119/01,low,false
83487502503a19609f09d9798364a9e8bc53c310,Ruben van der Linde,2025-10-08,openregister,Merge pull request #663 from ConductionNL/feature/improve-self-metadata-handling,14283/119/01,low,true
91c378b67fe764786399569e101302e110fed9ca,Ruben van der Linde,2025-10-08,openregister,Merge pull request #663 from ConductionNL/feature/improve-self-metadata-handling,14283/119/01,low,true
89466ca1a10a205c65fb9e1ce244bcbf20b4f11e,Ruben van der Linde,2025-10-08,openregister,Publish all schema objects,14283/119/02,medium,false
f7387decede9092f633e414d8d71c39ba1acb575,Ruben van der Linde,2025-10-08,openregister,Publish all schema objects,14283/119/02,medium,false
0f367478b9ffb6e697f8e5bbad89f64ab3b00dc8,Ruben van der Linde,2025-10-08,openregister,fixed setting the publishd value trough imports,14283/119/02,high,false
c857e7337565d3d477b91c844144d153a9209036,Ruben van der Linde,2025-10-08,openregister,fixed setting the publishd value trough imports,14283/119/02,high,false
02d993f490f0aaad56f34cd949c54aea4540f6fc,Ruben van der Linde,2025-10-08,openregister,Merge pull request #662 from ConductionNL/feature/improve-self-metadata-handling,14283/119/01,low,true
590a36f91740aee753ee8dbb47c7598470353c67,Ruben van der Linde,2025-10-08,openregister,Merge pull request #662 from ConductionNL/feature/improve-self-metadata-handling,14283/119/01,low,true
da0ec6ca1a70c844749c6da415d6f31846157f16,Ruben van der Linde,2025-10-08,openregister,fix for setting the coreect owning organisation,14283/120/01,high,false
2de47338803e72eac41e4bfc60e3bc03c9b41788,Ruben van der Linde,2025-10-08,openregister,fix for setting the coreect owning organisation,14283/120/01,high,false
919510de028f4625ec13f242fc59d8dd09779b0b,Ruben van der Linde,2025-10-08,openregister,Bulk delete and validate actions,14283/119/01,low,false
780b5996e454fb7110d6aa99150baf7582e3c510,Ruben van der Linde,2025-10-08,openregister,Bulk delete and validate actions,14283/119/01,low,false
e33651893079ffdf080af6116488c6dd2b8524bb,Ruben van der Linde,2025-10-07,openregister,Merge pull request #661 from ConductionNL/feature/improve-self-metadata-handling,14283/119/01,low,true
5287546c7f50da23bef00cff660e62a8e94e757d,Ruben van der Linde,2025-10-07,openregister,Merge pull request #661 from ConductionNL/feature/improve-self-metadata-handling,14283/119/01,low,true
cd85c79455c1a41f48e442204700294430b6b285,Ruben van der Linde,2025-10-07,openregister,Workaround for missing object data,14283/119/01,low,false
c1be54ad80b331589b3174ae5e5f9f35518d988a,Ruben van der Linde,2025-10-07,openregister,Workaround for missing object data,14283/119/01,low,false
941cc8431cb7aa8356e05112eb46dc9456a1cf02,Ruben van der Linde,2025-10-07,openregister,In between save for arrays to solr,14283/119/02,high,false
79cde8bcece0f64257b3c74b707c8721ee363634,Ruben van der Linde,2025-10-07,openregister,In between save for arrays to solr,14283/119/02,high,false
7aac794e558ad5565d1a44f85872c7d23434f8d1,Ruben van der Linde,2025-10-07,openregister,Merge pull request #660 from ConductionNL/feature/improve-self-metadata-handling,14283/119/01,low,true
ea07e37029d71f804b10e4175a70baf7343da9c5,Ruben van der Linde,2025-10-07,openregister,Merge pull request #660 from ConductionNL/feature/improve-self-metadata-handling,14283/119/01,low,true
4e9b2a2ee14a76cd6a435eae2a3c7dedf4d08cf7,Ruben van der Linde,2025-10-07,openregister,Delete scripts/test-delete-collection.sh,14283/119/01,low,false
2c8ac08ae2a4bc0393555553a0b40df5b0e7a0ec,Ruben van der Linde,2025-10-07,openregister,Delete scripts/test-delete-collection.sh,14283/119/01,low,false
8a2be11a6a2772122ae279a7771bf0c689e6b96a,Ruben van der Linde,2025-10-07,openregister,Delete scripts/test-solr-apis.sh,14283/119/02,high,false
119e621df08a27e0f220b5d050f71fb2979c3c5c,Ruben van der Linde,2025-10-07,openregister,Delete scripts/test-solr-apis.sh,14283/119/02,high,false
0d4ab05bc644109317b344385189233e420d98a9,Ruben van der Linde,2025-10-07,openregister,Delete test_api_responses.sh,14283/119/02,low,false
d17ddde5493bd81e98473540fc427e41de41ddf6,Ruben van der Linde,2025-10-07,openregister,Delete test_api_responses.sh,14283/119/02,low,false
32445d32b65f101c732a3236c4ef1306470a284a,Ruben van der Linde,2025-10-07,openregister,Delete test_api_responses.php,14283/119/02,low,false
b2476cf376171b3debd8a1d5052eda972b25250e,Ruben van der Linde,2025-10-07,openregister,Delete test_api_responses.php,14283/119/02,low,false
7e7e8a25be9ab8c2e6638abdcca4d2d5a588ca77,Ruben van der Linde,2025-10-07,openregister,Delete simple_api_test.php,14283/119/02,low,false
34c2da6e6787ae24e4a0f369c8b8d879f8b71f73,Ruben van der Linde,2025-10-07,openregister,Delete simple_api_test.php,14283/119/02,low,false
899388944e062199fce41c4926509d04cd542c89,Ruben van der Linde,2025-10-07,openregister,Delete debug_type_filtering_endpoint.php,14283/119/02,high,false
df3ef325ac9392eb3213ad28c91f59921172bb96,Ruben van der Linde,2025-10-07,openregister,Delete debug_type_filtering_endpoint.php,14283/119/02,high,false
de1566bf20aa7a89efc747dd6db948a2f4bc14a1,Ruben van der Linde,2025-10-07,openregister,Delete debug_type_filtering_test.php,14283/119/02,high,false
4afb7fef9a6658acc0c3de9bed098516dd0894dc,Ruben van der Linde,2025-10-07,openregister,Delete debug_type_filtering_test.php,14283/119/02,high,false
0837edb4c57cd90be8eef090139a09f39d86cab8,Ruben van der Linde,2025-10-07,openregister,Delete debug_type_filtering.php,14283/119/02,high,false
6f504d78cf219b7fe82191c66ac749cbfa7999c8,Ruben van der Linde,2025-10-07,openregister,Delete debug_type_filtering.php,14283/119/02,high,false
d5ac375fb299d0c67206945e59376c7a696073a5,Ruben van der Linde,2025-10-07,openregister,Delete debug_type_filtering.sh,14283/119/02,high,false
8eefa9b3555d6e7a3d70f0a4af680ec246e3d7f9,Ruben van der Linde,2025-10-07,openregister,Delete debug_type_filtering.sh,14283/119/02,high,false
edb1955529b617d1689b0cdcd31b2f5a8f11c5c3,Ruben van der Linde,2025-10-07,openregister,Merge remote-tracking branch 'origin/development' into feature/improve-self-metadata-handling,14283/119/01,low,true
4c14205dd3306ed88cec27e6a7fbaedb3acc02c1,Ruben van der Linde,2025-10-07,openregister,Merge remote-tracking branch 'origin/development' into feature/improve-self-metadata-handling,14283/119/01,low,true
7faf4a7e8ccddd40837cdca9478a5be27a8ed5b3,Ruben van der Linde,2025-10-07,openregister,Mass validation and deleting of schema objects,14283/119/02,medium,false
ed57915a5f56429c017cd21a52a0b23704351bcb,Ruben van der Linde,2025-10-07,openregister,Mass validation and deleting of schema objects,14283/119/02,medium,false
ff156f3cdc8154fbf2c6beab5fa2fa4b1dbb7a60,Robert Zondervan,2025-10-06,openregister,Merge pull request #659 from ConductionNL/fix/cascaded-updates,14283/119/01,low,true
42946e5df89f04304e14d19808f27bfbf0a83f39,Robert Zondervan,2025-10-06,openregister,Merge pull request #659 from ConductionNL/fix/cascaded-updates,14283/119/01,low,true
354d11f264ef2c475f44056093b7972377d9c683,Robert Zondervan,2025-10-06,openregister,"remove var dump, update log line",14283/120/02,low,false
79da94197930b61c4a6225c38f160765bb15f0f1,Robert Zondervan,2025-10-06,openregister,"remove var dump, update log line",14283/120/02,low,false
56765170477f79f81786d579c9d1cf0c926e6801,Robert Zondervan,2025-10-06,openregister,"If published is not set in body, set it to current value",14283/119/01,low,false
937406a0c5cf4a37405a9f95811dade5ebd6eaef,Robert Zondervan,2025-10-06,openregister,"If published is not set in body, set it to current value",14283/119/01,low,false
fa61598fd77d46448d493c7269f63b5befde31c6,Robert Zondervan,2025-10-06,openregister,Merge pull request #658 from ConductionNL/fix/cascaded-updates,14283/119/01,low,true
b918358cc1721659e27d4adda13f966c1c261c68,Robert Zondervan,2025-10-06,openregister,Merge pull request #658 from ConductionNL/fix/cascaded-updates,14283/119/01,low,true
56d7b0aa4daa0746c79e3f439c87c7ce7163ff7e,Robert Zondervan,2025-10-06,openregister,Fix cascading on updates,14283/119/01,low,false
fe26cace26ff570b56441eb40f5094bf0dfa2955,Robert Zondervan,2025-10-06,openregister,Fix cascading on updates,14283/119/01,low,false
72f22b5302181f92c72fb13b2db42d7321a1295c,Ruben van der Linde,2025-10-06,openregister,Merge pull request #657 from ConductionNL/development,14283/119/01,low,true
5350b29c043a2023c6fb8f6adff597cd6d9ef545,Ruben van der Linde,2025-10-06,openregister,Merge pull request #657 from ConductionNL/development,14283/119/01,low,true
f9d36b183c38be9f03f2992dbc466b7abbecf2b4,Ruben van der Linde,2025-10-05,openregister,test,14283/119/01,low,false
363234d4c96a4820da814a55b070492f099fd9f9,Ruben van der Linde,2025-10-05,openregister,test,14283/119/01,low,false
519cb754a622ec7f2c15fa246a8658f831562186,Ruben van der Linde,2025-10-05,openregister,Uddate,14283/119/01,low,false
f84b4923b7d0289593ec5458afb7acdcc4d7d54b,Ruben van der Linde,2025-10-05,openregister,Uddate,14283/119/01,low,false
a6ac747b7d751ab36898f5193bbdf58739431775,Ruben van der Linde,2025-10-05,openregister,Merge pull request #656 from ConductionNL/feature/improve-self-metadata-handling,14283/119/01,low,true
e596ab12db68010608dd1826f408e78a92abe937,Ruben van der Linde,2025-10-05,openregister,Merge pull request #656 from ConductionNL/feature/improve-self-metadata-handling,14283/119/01,low,true
33840644d982e56907003752ce3a0deb1b127dd9,Ruben van der Linde,2025-10-05,openregister,Remove bad error-log and var_dump ussage,14283/120/02,medium,false
7d619e0051fee087d6f03bbc98c12aa7bd4bb52e,Ruben van der Linde,2025-10-05,openregister,Remove bad error-log and var_dump ussage,14283/120/02,medium,false
675c28077b089859cdd98ae356d6b26a3affdcda,Ruben van der Linde,2025-10-05,openregister,fixes for filtering and multitenancy,14283/119/02,high,false
483854267d2afd8677d0ffd1ed2004a0e969ace6,Ruben van der Linde,2025-10-05,openregister,fixes for filtering and multitenancy,14283/119/02,high,false
fc9ad4c79ffe5f4eb85e2f953c2f494e11a46316,Ruben van der Linde,2025-10-04,openregister,Merge pull request #655 from ConductionNL/feature/improve-self-metadata-handling,14283/119/01,low,true
dbebb2cfe8a876dd055bb6dd6215e46ee057d4ee,Ruben van der Linde,2025-10-04,openregister,Merge pull request #655 from ConductionNL/feature/improve-self-metadata-handling,14283/119/01,low,true
99bb4e04805e6b95a742d1e4b82d33c48545f45c,Ruben van der Linde,2025-10-04,openregister,Lets fix the colours,14283/119/01,low,false
126ccf7f68edc6e44462005fea76cd70ab02123d,Ruben van der Linde,2025-10-04,openregister,Lets fix the colours,14283/119/01,low,false
03100a410552089fc63a55adb2ca14bc0bd0fe71,Ruben van der Linde,2025-10-04,openregister,lets also analyse exisitng properties,14283/119/01,low,false
055b8bd51dd294c457a00255e416a7dfd74a68e7,Ruben van der Linde,2025-10-04,openregister,lets also analyse exisitng properties,14283/119/01,low,false
858f0d9f79b7903bc94a2bf4a5361444adfbd10e,Ruben van der Linde,2025-10-04,openregister,Our all new object analytics feature,14283/119/01,low,false
0de5d200f3559de68be5668972776a95149620bc,Ruben van der Linde,2025-10-04,openregister,Our all new object analytics feature,14283/119/01,low,false
1420228365eec20964750fabafcb4bf8cde3b555,Ruben van der Linde,2025-10-03,openregister,Merge pull request #654 from ConductionNL/feature/improve-self-metadata-handling,14283/119/01,low,true
5fa8c426c4f254f82d5951ddb06f203fb5780baf,Ruben van der Linde,2025-10-03,openregister,Merge pull request #654 from ConductionNL/feature/improve-self-metadata-handling,14283/119/01,low,true
0b594eb3e3ca0f18bacb094cd037cdeef7a9e71a,Ruben van der Linde,2025-10-03,openregister,feat(multitenancy): add configurable published objects bypass,14283/120/01,low,false
ce385714bfd62b7a45a303b5c5de9783e6c28663,Ruben van der Linde,2025-10-03,openregister,feat(multitenancy): add configurable published objects bypass,14283/120/01,low,false
b22a4fa5498913e684e50dbae195cb74093c2a95,Robert Zondervan,2025-10-02,openregister,Merge pull request #653 from ConductionNL/feature/ZAAKREG-108/Pre-events,14283/120/02,medium,true
5546b093f46e20679a04b2ef1e350fc38b6a9262,Robert Zondervan,2025-10-02,openregister,Merge pull request #653 from ConductionNL/feature/ZAAKREG-108/Pre-events,14283/120/02,medium,true
8d0867d6823b8bfb95be1bdc510cc254c3939e87,Robert Zondervan,2025-10-02,openregister,"Add pre-create, update and delete events for objects",14283/120/02,medium,false
87125283054b24219d0f76c34b8ffedadc468de8,Robert Zondervan,2025-10-02,openregister,"Add pre-create, update and delete events for objects",14283/120/02,medium,false
b44de271433538ab61a284a6a09fdb0181305750,Robert Zondervan,2025-10-02,openregister,Merge pull request #645 from ConductionNL/feature/ZAAKREG-99/clear-currents,14283/119/01,low,true
6b4caeea708794f438e67d459c699b418d7e3e91,Robert Zondervan,2025-10-02,openregister,Merge pull request #645 from ConductionNL/feature/ZAAKREG-99/clear-currents,14283/119/01,low,true
5a2ce31dd243487981106e3dd7e7227fb3d8af94,Ruben van der Linde,2025-10-02,openregister,Merge pull request #652 from ConductionNL/feature/improve-self-metadata-handling,14283/119/01,low,true
8a6af06c163f247b6574905c535eb98b3a99d497,Ruben van der Linde,2025-10-02,openregister,Merge pull request #652 from ConductionNL/feature/improve-self-metadata-handling,14283/119/01,low,true
c805201184b15ed0d7588d78e7869196fb12fba7,Ruben van der Linde,2025-10-02,openregister,hotfix(solr): temporarily disable published and organisation filtering,14283/120/01,high,false
5e5f374ad255c410b12c6296701299f8b73e9e75,Ruben van der Linde,2025-10-02,openregister,hotfix(solr): temporarily disable published and organisation filtering,14283/120/01,high,false
e97dd4295c4cb782d672760bced8baebf40b36e0,Ruben van der Linde,2025-10-01,openregister,Merge pull request #651 from ConductionNL/feature/improve-self-metadata-handling,14283/119/01,low,true
0933329df09b55c936be8999586164eed15f5fcd,Ruben van der Linde,2025-10-01,openregister,Merge pull request #651 from ConductionNL/feature/improve-self-metadata-handling,14283/119/01,low,true
538b1d93ba1ee09020455b0eae360cc3c9060d3b,Ruben van der Linde,2025-10-01,openregister,fix(solr): resolve published date filtering and clear index issues,14283/119/02,high,false
a962b8061b59fc414975b94b1726a3235d5f718e,Ruben van der Linde,2025-10-01,openregister,fix(solr): resolve published date filtering and clear index issues,14283/119/02,high,false
b2a6d747a55d05fddebed12c1bb4ab39aaf481d5,Robert Zondervan,2025-10-01,openregister,Merge remote-tracking branch 'origin/development' into feature/ZAAKREG-99/clear-currents,14283/119/01,low,true
8a096c60d5ad5d6c023bde62097ba30397b821ec,Robert Zondervan,2025-10-01,openregister,Merge remote-tracking branch 'origin/development' into feature/ZAAKREG-99/clear-currents,14283/119/01,low,true
59f3c3795f6eb1898e6ca437575842a2ad5181e8,Ruben van der Linde,2025-10-01,openregister,Merge pull request #650 from ConductionNL/feature/improve-self-metadata-handling,14283/119/01,low,true
24417a484477c89bd214e5b805ce3a17e697dc40,Ruben van der Linde,2025-10-01,openregister,Merge pull request #650 from ConductionNL/feature/improve-self-metadata-handling,14283/119/01,low,true
d285c323d9394ba37d9315b276f82a6c98b22977,Ruben van der Linde,2025-10-01,openregister,fix: remove vue-draggable-plus dependency causing Pt_mounted error,14283/120/02,medium,false
72743b24ef1c8c38aed30b5a73fc55e2517e506a,Ruben van der Linde,2025-10-01,openregister,fix: remove vue-draggable-plus dependency causing Pt_mounted error,14283/120/02,medium,false
cb42e87321a9a0015ebaaecf845a7737c7686fb1,Ruben van der Linde,2025-10-01,openregister,Merge pull request #649 from ConductionNL/feature/improve-self-metadata-handling,14283/119/01,low,true
7b571c3e47742ff7bb6f82675a2ccff5307d3888,Ruben van der Linde,2025-10-01,openregister,Merge pull request #649 from ConductionNL/feature/improve-self-metadata-handling,14283/119/01,low,true
b2a71762caa302f3e0e2f60d3fd54577e843a725,Ruben van der Linde,2025-10-01,openregister,Merge branch 'feature/improve-self-metadata-handling' of github.com:ConductionNL/openregister into feature/improve-self-metadata-handling,14283/119/02,medium,true
35fb9f1c8cd3a284e078033ad7ec8a7831c4c1ea,Ruben van der Linde,2025-10-01,openregister,Merge branch 'feature/improve-self-metadata-handling' of github.com:ConductionNL/openregister into feature/improve-self-metadata-handling,14283/119/02,medium,true
bc17db6b3f0cd295c823e4ed5eddfe964fa35813,Ruben van der Linde,2025-10-01,openregister,Merge pull request #648 from ConductionNL/feature/improve-self-metadata-handling,14283/119/01,low,true
553d1a854c40eb4beb43000760b801349e230056,Ruben van der Linde,2025-10-01,openregister,Merge pull request #648 from ConductionNL/feature/improve-self-metadata-handling,14283/119/01,low,true
2566ba1cc12094617873043172fb2fbfa60fb80a,Ruben van der Linde,2025-10-01,openregister,fix: register VueDraggable component properly,14283/119/02,medium,false
03ef3f7db5061149a0115716709916f389e4e323,Ruben van der Linde,2025-10-01,openregister,fix: register VueDraggable component properly,14283/119/02,medium,false
655d7740f2cd06fa9e8768f7e24187fec669caa0,Ruben van der Linde,2025-10-01,openregister,fix: resolve Vue template compilation errors in FacetConfigModal,14283/119/02,high,false
5e26b5a1ad89270f34d18711142e0a4add287b9b,Ruben van der Linde,2025-10-01,openregister,fix: resolve Vue template compilation errors in FacetConfigModal,14283/119/02,high,false
2a469d0585fb835eddea3d1d75b6d229e73802da,Robert Zondervan,2025-09-30,openregister,Reset register and schema if they are cleared by an event listener,14283/119/02,medium,false
8d09e800220afe50a2fd11c6d056cc386f583f96,Robert Zondervan,2025-09-30,openregister,Reset register and schema if they are cleared by an event listener,14283/119/02,medium,false
a113577952f6e8e085060c1f653f49ce05f1bda0,Remko,2025-09-30,openregister,Removed unnecessary file,14283/119/01,low,false
649c454647f54fad22f58184a32b6b5c326fd41c,Remko,2025-09-30,openregister,Removed unnecessary file,14283/119/01,low,false
ebebe686e038819d4d9dd667efea5dab4be68d92,Ruben van der Linde,2025-09-30,openregister,fix: improve SOLR relations indexing functionality,14283/119/02,high,false
fc289594ccb716430361b594da24f3446a070253,Ruben van der Linde,2025-09-30,openregister,fix: improve SOLR relations indexing functionality,14283/119/02,high,false
7708358fa2a51921772182e6b92d6aec87d4d6c6,Ruben van der Linde,2025-09-29,openregister,fix: minor cleanup in GuzzleSolrService after searchable filtering improvements,14283/119/02,high,false
9729866146c928c62470769ff02a8bcb2823477b,Ruben van der Linde,2025-09-29,openregister,fix: minor cleanup in GuzzleSolrService after searchable filtering improvements,14283/119/02,high,false
236c0b7f4eecd1da42d26d305e1ec100e13d0c63,Ruben van der Linde,2025-09-29,openregister,Merge pull request #647 from ConductionNL/feature/improve-self-metadata-handling,14283/119/01,low,true
474f9d83b1c3acb912eeaf6069979fa70121f4e8,Ruben van der Linde,2025-09-29,openregister,Merge pull request #647 from ConductionNL/feature/improve-self-metadata-handling,14283/119/01,low,true
665548ad6be5bd4280fda9f773dc6829c84a27c5,Ruben van der Linde,2025-09-29,openregister,feat(solr): improve searchable schema filtering and warmup modal,14283/119/02,high,false
532f7dc070b8242bb11f568591b5612969ec5e63,Ruben van der Linde,2025-09-29,openregister,feat(solr): improve searchable schema filtering and warmup modal,14283/119/02,high,false
8d1b9c1a3d972e252d6dd4581460873b05db9d25,Ruben van der Linde,2025-09-29,openregister,Merge pull request #646 from ConductionNL/feature/improve-self-metadata-handling,14283/119/01,low,true
a93d9d06b6973cb3cd8a14de32811b89a3258054,Ruben van der Linde,2025-09-29,openregister,Merge pull request #646 from ConductionNL/feature/improve-self-metadata-handling,14283/119/01,low,true
9d2696a117ca4d68fc66590ff222243a0c7ea285,Ruben van der Linde,2025-09-29,openregister,docs: enhance README with improved SOLR and metadata handling features,14283/119/02,high,false
56338b93ceb79a30e80e0d4eaededac2f00eb7be,Ruben van der Linde,2025-09-29,openregister,docs: enhance README with improved SOLR and metadata handling features,14283/119/02,high,false
01ba4bcb51fd68c7094e890a6b88eaeba659cbbd,Ruben van der Linde,2025-09-29,openregister,fix: update SOLR configuration UI improvements,14283/119/02,high,false
f2cabcfd37f5ac11f5b49797aa37f6f95a73467a,Ruben van der Linde,2025-09-29,openregister,fix: update SOLR configuration UI improvements,14283/119/02,high,false
b6cd61b9076a9d5d2dba22a2ea94c4c107735131,Ruben van der Linde,2025-09-29,openregister,feat: improve self-metadata handling and SOLR configuration,14283/119/02,high,false
8e11a13231c8b52a348e7ec72184726dc6335a24,Ruben van der Linde,2025-09-29,openregister,feat: improve self-metadata handling and SOLR configuration,14283/119/02,high,false
958cf2ca7377917c5d61636482ad2a02843ead99,Robert Zondervan,2025-09-26,openregister,Add a deprecation message,14283/119/01,low,false
43942e1f20e910c55d0c2e53203f6fc9927de269,Robert Zondervan,2025-09-26,openregister,Add a deprecation message,14283/119/01,low,false
b29aa99b387094ebcd24c1608ecd4bc404029f56,Robert Zondervan,2025-09-26,openregister,Enable the possibility to clear the current schema and current register,14283/119/02,medium,false
86638d46db28ded8be4b1dd5c9bb93782c9a6dd1,Robert Zondervan,2025-09-26,openregister,Enable the possibility to clear the current schema and current register,14283/119/02,medium,false
297dd3432e4064efac1eee67788c2783d87e4961,Robert Zondervan,2025-09-26,openregister,Merge pull request #642 from ConductionNL/fix/defaultValues,14283/120/02,high,true
21d730316be0a16327ee5247bfc2dce15b9c14cc,Robert Zondervan,2025-09-26,openregister,Merge pull request #642 from ConductionNL/fix/defaultValues,14283/120/02,high,true
96693d504a6f7cc296f4d2b1a0a74fec2f80370f,Ruben van der Linde,2025-09-25,openregister,Merge pull request #644 from ConductionNL/feature/improve-self-metadata-handling,14283/119/01,low,true
c2f34e0e9ea85de2d1a5063f31544ebdd0feef3c,Ruben van der Linde,2025-09-25,openregister,Merge pull request #644 from ConductionNL/feature/improve-self-metadata-handling,14283/119/01,low,true
ae62a5e350021daacc033afa196bc85815bda250,Ruben van der Linde,2025-09-25,openregister,feat: add refresh button to dashboard header,14283/119/02,medium,false
3b62f3d0ad5dee4da924908a58af41a1292c2612,Ruben van der Linde,2025-09-25,openregister,feat: add refresh button to dashboard header,14283/119/02,medium,false
1e8324323cafe7ae05c53136fabe9b715c679def,Ruben van der Linde,2025-09-25,openregister,feat: implement comprehensive organisation modal with consistent behavior,14283/120/01,high,false
11603467a4d8046f2ae1af4210c7b5fa467f974d,Ruben van der Linde,2025-09-25,openregister,feat: implement comprehensive organisation modal with consistent behavior,14283/120/01,high,false
00677310635f8bf806602a4ecac7a08aeb45b5f1,Ruben van der Linde,2025-09-25,openregister,feat: add organisation management modal and update action menus,14283/120/01,high,false
b15b5dbd2f4479ae88a2cc2ca42392bf25663db9,Ruben van der Linde,2025-09-25,openregister,feat: add organisation management modal and update action menus,14283/120/01,high,false
04a93679a82ad8890039dc61e0f5d3ecc404e01e,Ruben van der Linde,2025-09-24,openregister,docs: add comprehensive @self metadata handling documentation,14283/119/01,low,false
bd9784c1602c726bda5f04898afd0756067e3b99,Ruben van der Linde,2025-09-24,openregister,docs: add comprehensive @self metadata handling documentation,14283/119/01,low,false
edd6649af66cb14ecbca499275c25b1d8a856d10,Ruben van der Linde,2025-09-24,openregister,fix: improve @self metadata handling for organization activation,14283/120/01,high,false
f80c503edb60177c68dc055cfde4c52848b57a31,Ruben van der Linde,2025-09-24,openregister,fix: improve @self metadata handling for organization activation,14283/120/01,high,false
70cd44912d497ce840cfa408605338c3f18120a3,Ruben van der Linde,2025-09-24,openregister,fix: improve @self metadata handling for organization activation,14283/120/01,high,false
3a9de88a877cf0566a0b8c237582aef6e5a2e313,Ruben van der Linde,2025-09-24,openregister,feat: add orphaned objects detection and cleanup functionality,14283/119/01,low,false
0d61235c9d0490eb9eef4165ca40074872217c09,Remko Huisman,2025-09-24,openregister,Merge pull request #643 from ConductionNL/hotfix-settings,14283/120/01,low,true
dffdc7d3f27e99431d07995c833e8b9399783c32,Remko Huisman,2025-09-24,openregister,Merge pull request #643 from ConductionNL/hotfix-settings,14283/120/01,low,true
d469f84d1fc72d97040f8e9403da0951c7e2771c,Remko,2025-09-24,openregister,fixed 500 on settings,14283/120/01,low,false
c40950a91a48df2bff29481edc07a57119d38dcb,Remko,2025-09-24,openregister,fixed 500 on settings,14283/120/01,low,false
f868e51229ba2be8f9e3833e3593c797c501d8f8,Robert Zondervan,2025-09-24,openregister,remove var_dump,14283/119/01,low,false
4ccf254da056bf57ba7f8efa9a90bd49ffd2ea6a,Robert Zondervan,2025-09-24,openregister,remove var_dump,14283/119/01,low,false
74c994c0fd6c380e5e9516fe07644310841599f1,Ruben van der Linde,2025-09-24,openregister,Merge pull request #641 from ConductionNL/hotfix/solr-setup-improvements,14283/119/02,high,true
7065d693a9b9f7e5969943211657fd4c8c0ef317,Ruben van der Linde,2025-09-24,openregister,Merge pull request #641 from ConductionNL/hotfix/solr-setup-improvements,14283/119/02,high,true
b4e2d26f83258c67b785246143c712d7fdb69dc5,Ruben van der Linde,2025-09-24,openregister,fix: standardize RBAC and Multitenancy settings to use 'enabled' property,14283/120/01,high,false
cf045a18f61345a02995b9e4c8e4b6bfaa246a42,Ruben van der Linde,2025-09-24,openregister,fix: standardize RBAC and Multitenancy settings to use 'enabled' property,14283/120/01,high,false
dc44b47488c2b1cba5d05ddf16cc2a652521fb1f,Robert Zondervan,2025-09-24,openregister,Fix setting default values,14283/120/02,high,false
92b2079dba403db7f3e90e21ab943ed7466289eb,Robert Zondervan,2025-09-24,openregister,Fix setting default values,14283/120/02,high,false
808374f2acc187177239d3dc7d3ae6a8b380b2ba,Ruben van der Linde,2025-09-24,openregister,fix: revert Extra Fields to compact table format,14283/119/01,low,false
8a82f6965a399d0e7d966a191411a8f1be305907,Ruben van der Linde,2025-09-24,openregister,fix: revert Extra Fields to compact table format,14283/119/01,low,false
d5039c97cbb87c7de512535afde5032ad164a36c,Ruben van der Linde,2025-09-24,openregister,Merge pull request #640 from ConductionNL/hotfix/solr-setup-improvements,14283/119/02,high,true
f4900b01adb667ab116898122dfe1c4959db22ac,Ruben van der Linde,2025-09-24,openregister,Merge pull request #640 from ConductionNL/hotfix/solr-setup-improvements,14283/119/02,high,true
005e87de79438bb07fef9dddabef9ef07c090bf6,Ruben van der Linde,2025-09-24,openregister,feat: comprehensive SOLR indexing refactoring for all objects,14283/119/02,high,false
d743f9438d190cd33a157b8efad6c6966db0d437,Ruben van der Linde,2025-09-24,openregister,feat: comprehensive SOLR indexing refactoring for all objects,14283/119/02,high,false
8c8a00d5643b44fc86e81d4173a1ac4cd8a874cc,Ruben van der Linde,2025-09-24,openregister,feat: refactor Solr indexing to index all objects with proper published field handling,14283/119/02,high,false
98f5292a121a26a12dfbf3d813facea2d63f973c,Ruben van der Linde,2025-09-24,openregister,feat: refactor Solr indexing to index all objects with proper published field handling,14283/119/02,high,false
f22ecfd6d8da2fdb7630511dea100775d457ab79,Ruben van der Linde,2025-09-24,openregister,Merge pull request #639 from ConductionNL/hotfix/solr-setup-improvements,14283/119/02,high,true
f9d4aa96329734e7c779a6c29b2f5e08283c7c2f,Ruben van der Linde,2025-09-24,openregister,Merge pull request #639 from ConductionNL/hotfix/solr-setup-improvements,14283/119/02,high,true
624cb06ce201f34ea6808394f4017377fdd92120,Ruben van der Linde,2025-09-24,openregister,feat: implement published-only SOLR indexing with enhanced dashboard stats,14283/119/02,high,false
33a1569044196ad1a5a769953645b4273057d3d9,Ruben van der Linde,2025-09-24,openregister,feat: implement published-only SOLR indexing with enhanced dashboard stats,14283/119/02,high,false
72384af524de9c64c310f41a018cb1eca1e07c3a,Ruben van der Linde,2025-09-24,openregister,Merge pull request #638 from ConductionNL/hotfix/solr-setup-improvements,14283/119/02,high,true
310d1bde209c2fcdcd72b06e9ceda6360bb98cfe,Ruben van der Linde,2025-09-24,openregister,Merge pull request #638 from ConductionNL/hotfix/solr-setup-improvements,14283/119/02,high,true
82a43b20a3a4a5cd936b43609db03658c1c42eb7,Ruben van der Linde,2025-09-24,openregister,fix: optimize SOLR DocValues and published filtering,14283/119/02,high,false
d999c74c07fbc6baa9e5c74df17245acf5151b02,Ruben van der Linde,2025-09-24,openregister,fix: optimize SOLR DocValues and published filtering,14283/119/02,high,false
ff2af7a4942cc3e8a5d201a4432cc674f57f503d,Robert Zondervan,2025-09-23,openregister,Merge pull request #637 from ConductionNL/hotfix/infinite-loop,14283/119/01,low,true
8f2832c2e96ac82b6ae74b1d6b490093ecacb5fe,Robert Zondervan,2025-09-23,openregister,Merge pull request #637 from ConductionNL/hotfix/infinite-loop,14283/119/01,low,true
8994b0a104a19bae3716109ad8452d94e093560b,Robert Zondervan,2025-09-23,openregister,Make it possible to update object owner via the @self array,14283/119/01,low,false
7ad5dd37df44c0ee703ad7bae6ed0d29eb5a51c5,Robert Zondervan,2025-09-23,openregister,Make it possible to update object owner via the @self array,14283/119/01,low,false
89b4459b1642fc803cbeee8d8d98f1af1cd3ad0e,Wilco Louwerse,2025-09-23,openregister,Some more fixes / changes for new development code,14283/119/01,low,false
44239e1e19df32bf620913a66f02143b3059ef31,Ruben van der Linde,2025-09-23,openregister,fix: remove self_object_id from SOLR document creation to prevent schema conflicts,14283/119/02,high,false
31c5496a89c6ca9ff931a07105cd2155c8b1a969,Ruben van der Linde,2025-09-23,openregister,fix: remove self_object_id from SOLR document creation to prevent schema conflicts,14283/119/02,high,false
56efd026044d7fafd4a1bdf70d59a4ac66194a66,Ruben van der Linde,2025-09-23,openregister,Merge pull request #636 from ConductionNL/hotfix/solr-setup-improvements,14283/119/02,high,true
b6350141e5d40fd677a1b556c288e73b5a3cd70f,Ruben van der Linde,2025-09-23,openregister,Merge pull request #636 from ConductionNL/hotfix/solr-setup-improvements,14283/119/02,high,true
e60c5e1f9b77f1b6b32f2cfd6592412b0670c6bf,Ruben van der Linde,2025-09-23,openregister,feat: add validateAllObjects endpoint to settings,14283/119/02,low,false
2f1d0df975f27b2a2a901e0a1d1c791ae470c64a,Ruben van der Linde,2025-09-23,openregister,feat: add validateAllObjects endpoint to settings,14283/119/02,low,false
f942a738fe1339943917bf7fd65071ba66e4ddd2,Ruben van der Linde,2025-09-23,openregister,fix: use findByUuid() instead of find() for OrganisationMapper,14283/120/01,high,false
4d9c70adf66d9ce38d35fc249bb0a11505cecb2f,Ruben van der Linde,2025-09-23,openregister,fix: use findByUuid() instead of find() for OrganisationMapper,14283/120/01,high,false
54706995fcdd012eb285b46e1be79d162c40f647,Ruben van der Linde,2025-09-23,openregister,fix: correct dependency injection and method calls for organisation integration,14283/120/01,high,false
8bb78cb97ffd47f52a9c9ea9dd7d5bf95ffad4b8,Ruben van der Linde,2025-09-23,openregister,fix: correct dependency injection and method calls for organisation integration,14283/120/01,high,false
0ffbc5bcb7dce7a07fc813cf6550fffd757bd0aa,Ruben van der Linde,2025-09-23,openregister,feat: add organisation entities to names endpoint with priority over objects,14283/120/01,high,false
08cc986a8329695b8c936d2ca0d927c4e18b8ed2,Ruben van der Linde,2025-09-23,openregister,feat: add organisation entities to names endpoint with priority over objects,14283/120/01,high,false
f90ec7fb543dd23c9d987de507cbd717ca39604a,Ruben van der Linde,2025-09-23,openregister,"fix: names endpoint now returns only UUID -> name mappings, excluding database IDs",14283/119/02,high,false
206b39d369039f895677639bc1fb0be06290a1ad,Ruben van der Linde,2025-09-23,openregister,"fix: names endpoint now returns only UUID -> name mappings, excluding database IDs",14283/119/02,high,false
484345146acbdbbe14985e20523f26b818acb6f4,Ruben van der Linde,2025-09-23,openregister,Merge pull request #634 from ConductionNL/hotfix/solr-setup-improvements,14283/119/02,high,true
49310cc0196ab0954600adc5d3fe99f2ed777fb7,Ruben van der Linde,2025-09-23,openregister,Merge pull request #634 from ConductionNL/hotfix/solr-setup-improvements,14283/119/02,high,true
b6d2266e404ca5880dc681223facfc848e3aa43e,Ruben van der Linde,2025-09-22,openregister,fix: prevent empty register/schema values from causing DoesNotExistException in findAll,14283/119/02,medium,false
6d62d410ae1eefdad80315bdc709ec36499ad666,Ruben van der Linde,2025-09-22,openregister,fix: prevent empty register/schema values from causing DoesNotExistException in findAll,14283/119/02,medium,false
23bed1f6e7f105e054c285a44bd9a3c69b46ce7e,Ruben van der Linde,2025-09-22,openregister,fix: add missing uses parameter filtering to countSearchObjects search handler path,14283/119/02,high,false
925cc43427315400ebb54cf22ac8f810206f8e4d,Ruben van der Linde,2025-09-22,openregister,fix: add missing uses parameter filtering to countSearchObjects search handler path,14283/119/02,high,false
dc1b1460b4740075ebd15a55899a9b0dd10ba8f8,Ruben van der Linde,2025-09-22,openregister,fix: add missing uses parameter to count queries in ObjectService and ObjectEntityMapper,14283/119/01,high,false
0a6f3a6480f892012d2bc98d796c98f6d7aea6d5,Ruben van der Linde,2025-09-22,openregister,fix: add missing uses parameter to count queries in ObjectService and ObjectEntityMapper,14283/119/01,high,false
1cc38a200704cf46e215f915e4bf5e3c545d12c8,Ruben van der Linde,2025-09-22,openregister,chore: remove debug output from relation search debugging,14283/119/02,high,false
bb136a2dae611a786b9410d8f152c1e87d4a4e0a,Ruben van der Linde,2025-09-22,openregister,chore: remove debug output from relation search debugging,14283/119/02,high,false
ad3fbbbdad0240acbda03f36d414d77e7660aeb9,Ruben van der Linde,2025-09-22,openregister,feat: enhance relation scanning and searchObjectsPaginated with named parameters,14283/119/02,high,false
192a9e8207ac4d15583fdd749365ca3693a47d6d,Ruben van der Linde,2025-09-22,openregister,feat: enhance relation scanning and searchObjectsPaginated with named parameters,14283/119/02,high,false
506662bc78787d2ceacf66c7341bd836b12bf4f5,Ruben van der Linde,2025-09-22,openregister,qgit status cd openregister && git status Merge remote-tracking branch 'origin/development' into hotfix/solr-setup-improvements,14283/119/02,high,false
91894f8cd5be244b5f65e7f4a6954ba90683a310,Ruben van der Linde,2025-09-22,openregister,qgit status cd openregister && git status Merge remote-tracking branch 'origin/development' into hotfix/solr-setup-improvements,14283/119/02,high,false
532021c80009a4eed30349b2b4b05573560348c6,Ruben van der Linde,2025-09-22,openregister,fix: implement SOLR domain filtering for facets and improve relations scanning,14283/119/02,high,false
db8fe90d43d4aa6659dff401b49f360b3d8405c0,Ruben van der Linde,2025-09-22,openregister,fix: implement SOLR domain filtering for facets and improve relations scanning,14283/119/02,high,false
73607d76c63c10cc942f9a6ecefdab85094106c5,Robert Zondervan,2025-09-22,openregister,Merge pull request #635 from ConductionNL/hotfix/cascading,14283/119/01,low,true
c5a112385ad3c5f0f58e24584e73aa7d670b7db4,Robert Zondervan,2025-09-22,openregister,Merge pull request #635 from ConductionNL/hotfix/cascading,14283/119/01,low,true
4e95f77eec0ab48dbf60c3dc8469dd76172b4fa6,Robert Zondervan,2025-09-22,openregister,fix cascading,14283/119/01,low,false
db8b0222f2028d80d81824b487cc4ad954addab4,Robert Zondervan,2025-09-22,openregister,fix cascading,14283/119/01,low,false
91f455992c8d5c1b18ade2a0a7c9c26cbe4cd380,Ruben van der Linde,2025-09-22,openregister,fix: correct type hints for resolver methods,14283/119/01,low,false
d1ba3a228661681025ff437405f07191973bb128,Ruben van der Linde,2025-09-22,openregister,fix: correct type hints for resolver methods,14283/119/01,low,false
c4e5d53f337b2a973c6baabbb44d9c4bb73467b8,Ruben van der Linde,2025-09-22,openregister,fix: correct type hints for Register and Schema entities in resolver methods,14283/119/02,medium,false
7b544aece63a5261503bf47cae835a643603adb7,Ruben van der Linde,2025-09-22,openregister,fix: correct type hints for Register and Schema entities in resolver methods,14283/119/02,medium,false
ab334df153bcb5632c1f8e62a59af933f518d645,Ruben van der Linde,2025-09-22,openregister,fix: properly resolve register and schema string values to integer IDs for SOLR indexing,14283/119/02,high,false
d5af7927e09a0afb2d437c6de06435e26f6207f5,Ruben van der Linde,2025-09-22,openregister,fix: properly resolve register and schema string values to integer IDs for SOLR indexing,14283/119/02,high,false
8d97acde03c3142555ab52211c97d972361b11ed,Ruben van der Linde,2025-09-22,openregister,Merge pull request #633 from ConductionNL/hotfix/solr-setup-improvements,14283/119/02,high,true
ed11dbca53a15a33f1a282265de9fcc63447fe6c,Ruben van der Linde,2025-09-22,openregister,Merge pull request #633 from ConductionNL/hotfix/solr-setup-improvements,14283/119/02,high,true
cf54343640889808ad4b8750e641e51e4e634e8d,Ruben van der Linde,2025-09-22,openregister,fix: use getTitle() for register labels instead of getName(),14283/119/02,medium,false
5732a8a754c1983f5cfc57d8113929ce61a5c740,Ruben van der Linde,2025-09-22,openregister,fix: use getTitle() for register labels instead of getName(),14283/119/02,medium,false
01b825b54c81e63ac2cdbb237eaea9ae6a67ffed,Ruben van der Linde,2025-09-22,openregister,perf: implement batch loading for facet label resolution,14283/119/02,high,false
fb9d23b27e70400310a81548c9590fb4a82cadbb,Ruben van der Linde,2025-09-22,openregister,perf: implement batch loading for facet label resolution,14283/119/02,high,false
21682869e7315295ce6e4473c59eee00bca11c81,Ruben van der Linde,2025-09-22,openregister,fix: populate facetable @self fields in _facets=extend response,14283/119/02,high,false
28c9d6c864ed0037b9245187986f3588414f03b3,Ruben van der Linde,2025-09-22,openregister,fix: populate facetable @self fields in _facets=extend response,14283/119/02,high,false
48b29ac7f66be8052086fbe0f429b30a664ad3b2,Wilco Louwerse,2025-09-22,openregister,Merge branch 'development' into feature/REGISTERS-221/unit-tests,14283/119/02,medium,true
c6d8dcd33e02eb2bc9b1e8bec9959624c05b0d15,Ruben van der Linde,2025-09-22,openregister,feat: add source property to facet fields,14283/119/02,high,false
85bf6bf2123eea09ba96788dceeb1aab3d6b597f,Ruben van der Linde,2025-09-22,openregister,feat: add source property to facet fields,14283/119/02,high,false
abfaf1b7bbd47847ab2b6616bb644980ce29db80,Ruben van der Linde,2025-09-22,openregister,fix: add missing queryParameter to @self fields in contextual facets,14283/119/02,high,false
6a24577860c3b80caeab23f0653619638ece853d,Ruben van der Linde,2025-09-22,openregister,fix: add missing queryParameter to @self fields in contextual facets,14283/119/02,high,false
f199785fdd008c0d9316b9c10ea3930f28a6c692,Ruben van der Linde,2025-09-22,openregister,fix: add queryParameter to facets and rename object_fields to fields,14283/119/02,high,false
9105cfa7fa71cc560ed0b86bf61857c6cc9a33e2,Ruben van der Linde,2025-09-22,openregister,fix: add queryParameter to facets and rename object_fields to fields,14283/119/02,high,false
40232175f4d7ca98b6a62d67d4d991e7ac4a89d1,Ruben van der Linde,2025-09-22,openregister,Merge branch 'hotfix/solr-setup-improvements' of github.com:ConductionNL/openregister into hotfix/solr-setup-improvements,14283/119/02,high,true
082081997f73bc16e761167dd8a5d6b1075bf92d,Ruben van der Linde,2025-09-22,openregister,Merge branch 'hotfix/solr-setup-improvements' of github.com:ConductionNL/openregister into hotfix/solr-setup-improvements,14283/119/02,high,true
c82666a9baebd6d1084bf523f46cf060a9c4bfdd,Ruben van der Linde,2025-09-22,openregister,fix: update remaining files for @self extension implementation,14283/119/01,low,false
f64ae9eb4c6106be058aeae17264d74b166396f3,Ruben van der Linde,2025-09-22,openregister,fix: update remaining files for @self extension implementation,14283/119/01,low,false
864c3bcb94b8395a2b2b58e337c3a0d1d3dc676d,Ruben van der Linde,2025-09-22,openregister,feat: implement unified faceting system with SOLR integration,14283/119/02,high,false
44378833fa3dc06a9f41f47b69b897391b524018,Ruben van der Linde,2025-09-22,openregister,feat: implement unified faceting system with SOLR integration,14283/119/02,high,false
2a068a53b8ab989b18399f4e08590644b609752b,Ruben van der Linde,2025-09-22,openregister,Merge pull request #632 from ConductionNL/hotfix/solr-setup-improvements,14283/119/02,high,true
2374f22b40c743831c531a6e1f67ba3eee51983e,Ruben van der Linde,2025-09-22,openregister,Merge pull request #632 from ConductionNL/hotfix/solr-setup-improvements,14283/119/02,high,true
d1acccd38cecff4e61c3ffd7cb9f1c9d2dab0552,Ruben van der Linde,2025-09-22,openregister,"Delete ter && git add . && git commit -m ""fix: add confirmation screen to SOLR setup modal",14283/119/02,high,false
7df30377f68f2e82b39c0fa7d5a5c23900f14d01,Ruben van der Linde,2025-09-22,openregister,"Delete ter && git add . && git commit -m ""fix: add confirmation screen to SOLR setup modal",14283/119/02,high,false
9996a008416c4b74e0ced2490ac0617a18e34a89,Ruben van der Linde,2025-09-22,openregister,Delete how --name-only 766e64d2,14283/119/01,low,false
a72b3e0d06d23abe4732c7ba69e0f0ab38042407,Ruben van der Linde,2025-09-22,openregister,Delete how --name-only 766e64d2,14283/119/01,low,false
5a290ec689c93879983313c7a56e0630c989dd26,Ruben van der Linde,2025-09-22,openregister,"Delete etupSolr"" {} ;",14283/119/02,high,false
46f2fa6f969d794ddf1a7801d45b04f796a750a7,Ruben van der Linde,2025-09-22,openregister,"Delete etupSolr"" {} ;",14283/119/02,high,false
d010c92066ac3cf1450399a3982e3751651fd0f4,Ruben van der Linde,2025-09-22,openregister,Delete ensures frontend can properly handle and display SOLR-related errors,14283/119/02,high,false
a6ea83ff29d8c8f5bf22665e3ad442d87d2a3039,Ruben van der Linde,2025-09-22,openregister,Delete ensures frontend can properly handle and display SOLR-related errors,14283/119/02,high,false
aa74310f8823141d8c81dfe1955ba4549af5cdc3,Ruben van der Linde,2025-09-22,openregister,Delete creen before auto-starting setup,14283/119/01,low,false
98e8f3612935d7645b9b210a8b2d9a78e240140d,Ruben van der Linde,2025-09-22,openregister,Delete creen before auto-starting setup,14283/119/01,low,false
81e1dc7777b5e790a9b96c1e7c8568b250e567ab,Ruben van der Linde,2025-09-22,openregister,Delete :,14283/119/01,low,false
472c04f80851c272f0789fd5922e88d998bf281a,Ruben van der Linde,2025-09-22,openregister,Delete :,14283/119/01,low,false
59ecbe4769e4be08b8e4be6f5f479bb3f7fe7744,Ruben van der Linde,2025-09-22,openregister,feat: add configSet configuration option for SOLR,14283/119/02,high,false
882c2ac93083aeb9e63e7228770382c5c5359d81,Ruben van der Linde,2025-09-22,openregister,feat: add configSet configuration option for SOLR,14283/119/02,high,false
cfda816856a6987afcf4a48852606b60e0c1cb43,Ruben van der Linde,2025-09-21,openregister,fix: repair malformed XML in SOLR ConfigSet schema,14283/119/02,high,false
c0800bdd1d77abbf0eb090090e8c5ff769c8781d,Ruben van der Linde,2025-09-21,openregister,fix: repair malformed XML in SOLR ConfigSet schema,14283/119/02,high,false
e11d4cbf43462d6a6f4e45dadd3f456c00b209c1,Ruben van der Linde,2025-09-21,openregister,fix: correctly identify core creation failures vs propagation delays,14283/119/01,low,false
f5c7a5f8546d9c0b48325dc51f01ba378bd9e123,Ruben van der Linde,2025-09-21,openregister,fix: correctly identify core creation failures vs propagation delays,14283/119/01,low,false
766e64d29d032520222e4d272f11a89ca35d45fe,Ruben van der Linde,2025-09-21,openregister,feat: reduce retry time and enhance setup loading explanation,14283/120/02,high,false
9166f02b02e3ab21117018edf5b164247d09c42d,Ruben van der Linde,2025-09-21,openregister,feat: reduce retry time and enhance setup loading explanation,14283/120/02,high,false
4120a70f13e4150001e3e6dc548194d0724abd6d,Ruben van der Linde,2025-09-21,openregister,fix: optimize configSet propagation timing for better success rates,14283/120/01,low,false
d62af21597a421d4b6e64d303f6f72e6a5266e1e,Ruben van der Linde,2025-09-21,openregister,fix: optimize configSet propagation timing for better success rates,14283/120/01,low,false
bf9b109ce0c5a4685dd82515b0ced4c74d37d53c,Ruben van der Linde,2025-09-21,openregister,fix: ensure setup modal always shows step-by-step progress,14283/119/01,low,false
e6d9f7af787406b8e2e7abc334d8e86b4ae95ed2,Ruben van der Linde,2025-09-21,openregister,fix: ensure setup modal always shows step-by-step progress,14283/119/01,low,false
d7b513e276539f6406db543a3f729017cd4d0eaa,Ruben van der Linde,2025-09-21,openregister,feat: add retry reporting and configSet propagation forcing,14283/120/02,high,false
5cda15f3511246c119f597559e866f2a3c59d7bc,Ruben van der Linde,2025-09-21,openregister,feat: add retry reporting and configSet propagation forcing,14283/120/02,high,false
cff265e68bfbd21ea2d402f3be730b49511a283a,Ruben van der Linde,2025-09-21,openregister,feat: enhance configSet propagation error handling and user experience,14283/120/01,medium,false
24e23e62d969fe4df35e77c08745569df77ef5ba,Ruben van der Linde,2025-09-21,openregister,feat: enhance configSet propagation error handling and user experience,14283/120/01,medium,false
c38f71b0377b512cc019c234ccb5e3fc49213f35,Ruben van der Linde,2025-09-21,openregister,refactor: replace polling with smart retry logic for configSet propagation,14283/120/02,high,false
eedc5974a38fee8697857d03a1667d84531102a7,Ruben van der Linde,2025-09-21,openregister,refactor: replace polling with smart retry logic for configSet propagation,14283/120/02,high,false
d15e33032d83e5d422b7c7dd5188272c7915b07b,Ruben van der Linde,2025-09-21,openregister,feat: implement core-first approach for SOLR setup,14283/119/02,high,false
b1e183f9212fd636360c204880a7d79e5f8bf210,Ruben van der Linde,2025-09-21,openregister,feat: implement core-first approach for SOLR setup,14283/119/02,high,false
5dc227f8b2161c4dcec2f570b27dfb82f39f50cb,Ruben van der Linde,2025-09-21,openregister,feat: enhance SOLR collection creation error reporting and add core fallback,14283/119/02,high,false
f4f7e2a420993b0131ad679da63a3621e6c77f98,Ruben van der Linde,2025-09-21,openregister,feat: enhance SOLR collection creation error reporting and add core fallback,14283/119/02,high,false
450ff0281d0db195ae139801f5261ddc535053e6,Ruben van der Linde,2025-09-21,openregister,feat: consolidate SOLR buttons into single row and clean up UI,14283/119/02,high,false
0e070e4fd56a5b2931857a87005e382e19a51bd0,Ruben van der Linde,2025-09-21,openregister,feat: consolidate SOLR buttons into single row and clean up UI,14283/119/02,high,false
893f3b23eca0ade429d30e119911c1ccd852f637,Ruben van der Linde,2025-09-21,openregister,fix: resolve object count loading in warmup modal after SOLR sections merge,14283/119/02,high,false
ae91e7569b7fcc9eb2296f46b9d8033f580655ef,Ruben van der Linde,2025-09-21,openregister,fix: resolve object count loading in warmup modal after SOLR sections merge,14283/119/02,high,false
670e94e68307fedab39c07032cff6d9f3453aea5,Ruben van der Linde,2025-09-21,openregister,Merge pull request #631 from ConductionNL/hotfix/solr-setup-improvements,14283/119/02,high,true
f37093bca69f3cce563d89ff376402c160bd2ba4,Ruben van der Linde,2025-09-21,openregister,Merge pull request #631 from ConductionNL/hotfix/solr-setup-improvements,14283/119/02,high,true
28a93dc81537ffa86308b5fef8482f1da9422670,Ruben van der Linde,2025-09-21,openregister,feat: add SOLR collection delete functionality with comprehensive safety measures,14283/119/02,high,false
c78fc97878309beaa3a4141f44a64b62adfa415a,Ruben van der Linde,2025-09-21,openregister,feat: add SOLR collection delete functionality with comprehensive safety measures,14283/119/02,high,false
caa7534cb8ed26dff9e150bf4d6a7bfe173322bb,Ruben van der Linde,2025-09-21,openregister,hotfix: fix PHP errors in SOLR field processing,14283/119/02,high,false
7cbde336abb055c832b21da132903217265bd8fe,Ruben van der Linde,2025-09-21,openregister,hotfix: fix PHP errors in SOLR field processing,14283/119/02,high,false
019c0ae421c69cdb4e1b2b3c32669a7dcbe94e3c,Ruben van der Linde,2025-09-21,openregister,Merge pull request #630 from ConductionNL/hotfix/solr-setup-improvements,14283/119/02,high,true
c9a96eba8fcd6eb38f32fdf09c094ecd25518e67,Ruben van der Linde,2025-09-21,openregister,Merge pull request #630 from ConductionNL/hotfix/solr-setup-improvements,14283/119/02,high,true
e2cb5d50b58c8fac2aefddbb7fc333c536e5d953,Ruben van der Linde,2025-09-21,openregister,hotfix: use object entity serialization instead of object data,14283/119/01,high,false
22f997ecbd00fa8adfc96b232be40123f2f88960,Ruben van der Linde,2025-09-21,openregister,hotfix: use object entity serialization instead of object data,14283/119/01,high,false
135886dce5be68d74333ebb15fed859384e50516,Ruben van der Linde,2025-09-21,openregister,hotfix: fix object data serialization in SOLR document creation,14283/119/02,high,false
3f37a87c5ce9ac483e21f6257501616835ab4bb4,Ruben van der Linde,2025-09-21,openregister,hotfix: fix object data serialization in SOLR document creation,14283/119/02,high,false
f728b3638624adddb0b3807ffdf0c7b5409ca7e3,Ruben van der Linde,2025-09-21,openregister,Merge pull request #629 from ConductionNL/hotfix/solr-setup-improvements,14283/119/02,high,true
274ddd331934f95c3a7bc53d8952d4fdfcf58337,Ruben van der Linde,2025-09-21,openregister,Merge pull request #629 from ConductionNL/hotfix/solr-setup-improvements,14283/119/02,high,true
39e5dce4454feca675f8c8b4a56a02654faa28d3,Ruben van der Linde,2025-09-21,openregister,hotfix: improve SOLR object reconstruction for more predictable results,14283/119/02,high,false
63ee3b2508ae1ac59082094750bec1871ac0c843,Ruben van der Linde,2025-09-21,openregister,hotfix: improve SOLR object reconstruction for more predictable results,14283/119/02,high,false
0a3dd6ebded61de1dc9d4ff1be6544165e4fa473,Ruben van der Linde,2025-09-20,openregister,Merge pull request #628 from ConductionNL/hotfix/solr-setup-improvements,14283/119/02,high,true
800a3b657a94fa36942641c97af2e67cc357341a,Ruben van der Linde,2025-09-20,openregister,Merge pull request #628 from ConductionNL/hotfix/solr-setup-improvements,14283/119/02,high,true
27e74c94b1ee0187a8c4225592ae1ba251990be0,Ruben van der Linde,2025-09-20,openregister,"feat(solr): comprehensive SOLR enhancements - cache clearing, database faceting, and index inspection",14283/119/02,high,false
ad836d0a271891cceb8363c9220f158fae4ea07c,Ruben van der Linde,2025-09-20,openregister,"feat(solr): comprehensive SOLR enhancements - cache clearing, database faceting, and index inspection",14283/119/02,high,false
d3da0841606b1ae2e23a8405bc3450937f990a41,Wilco Louwerse,2025-09-20,openregister,Added documentation for complex unit test files,14283/119/01,low,false
fe8a89a084f00cf3bb2f6bc43de7d402907162aa,Wilco Louwerse,2025-09-19,openregister,"small fixes, more complex tests and started adding documentation",14283/119/01,low,false
e5e772affb0ca9bc1f6ccb737ea226cda3d8592f,Barry Brands,2025-09-19,openregister,Merge pull request #627 from ConductionNL/fix/filter-sub-objects,14283/119/02,high,true
cdc247042c48ba38ac49341c47b981dd6b94cb86,Barry Brands,2025-09-19,openregister,Merge pull request #627 from ConductionNL/fix/filter-sub-objects,14283/119/02,high,true
c52dd3ac1783bb39b00d76d2620ba8c6ed1fe190,Barry Brands,2025-09-19,openregister,Make a difference between returning empty array and null,14283/119/01,low,false
cf13d2cb7f6d38b69134bb3226633e63fe924d90,Barry Brands,2025-09-19,openregister,Make a difference between returning empty array and null,14283/119/01,low,false
4ed3edede8058cfadd09aa9492d16299b18fa593,Barry Brands,2025-09-19,openregister,Merge pull request #626 from ConductionNL/fix/filter-sub-objects,14283/119/02,high,true
e8db97b773c378da29bf62bb738db07a94a9cf74,Barry Brands,2025-09-19,openregister,Merge pull request #626 from ConductionNL/fix/filter-sub-objects,14283/119/02,high,true
f7a7d6b22fcf6311900de5f13bae75e6ec2df564,Barry Brands,2025-09-19,openregister,Return empty if filtered on sub objects but no result found,14283/119/02,high,false
e656f16617f28a29f138a9fdc327aaba8beb8d0f,Barry Brands,2025-09-19,openregister,Return empty if filtered on sub objects but no result found,14283/119/02,high,false
47b56f48f370148dae2099714641d8d0d1666c53,Wilco Louwerse,2025-09-19,openregister,Fix mocking for ImportServiceTest,14283/119/02,high,false
b610a817b84dfaff300b1263207501a2a52c37a7,Wilco Louwerse,2025-09-19,openregister,Improved unit test coverage and quality + changes for new code from dev,14283/119/01,low,false
2b19c18db2aa554411740be9d36e3e925668ffa6,Ruben van der Linde,2025-09-19,openregister,Merge pull request #625 from ConductionNL/hotfix/solr-setup-improvements,14283/119/02,high,true
4b1aad048a16b2bc96c804cbd4b28bce307d66de,Ruben van der Linde,2025-09-19,openregister,Merge pull request #625 from ConductionNL/hotfix/solr-setup-improvements,14283/119/02,high,true
479f967d38f929db246b0e007fee15347e11b07c,Ruben van der Linde,2025-09-19,openregister,feat(solr): comprehensive SOLR improvements with memory tracking and large field handling,14283/119/02,high,false
c860ccba9c1abdd52dadf8c0c1f1c451bc1c8220,Ruben van der Linde,2025-09-19,openregister,feat(solr): comprehensive SOLR improvements with memory tracking and large field handling,14283/119/02,high,false
2c4002538d40eb48c293f0a98bb3bf0ea4f8606d,Ruben van der Linde,2025-09-19,openregister,Merge pull request #624 from ConductionNL/hotfix/solr-setup-improvements,14283/119/02,high,true
9bc688c77600e16b7c603ad915d5d90bde9c0b83,Ruben van der Linde,2025-09-19,openregister,Merge pull request #624 from ConductionNL/hotfix/solr-setup-improvements,14283/119/02,high,true
c04c0c477958d442712fd0c71816df79c9829268,Ruben van der Linde,2025-09-19,openregister,fix(solr): resolve memory exhaustion and field conflicts in warmup process,14283/119/02,high,false
b3fab3605858f7d32bef280af0e4038c3b5e3cba,Ruben van der Linde,2025-09-19,openregister,fix(solr): resolve memory exhaustion and field conflicts in warmup process,14283/119/02,high,false
08bfcc90dc4151881f75785d6ec01b665f17f482,Barry Brands,2025-09-19,openregister,Merge pull request #622 from ConductionNL/fix/save-uuid-relations,14283/119/01,low,true
fc6eb294400d5e292970dae86fc68652d688a1ad,Barry Brands,2025-09-19,openregister,Merge pull request #622 from ConductionNL/fix/save-uuid-relations,14283/119/01,low,true
6664929e0e5139c5219cba879085c312bfb35d6d,Ruben van der Linde,2025-09-19,openregister,Merge pull request #623 from ConductionNL/hotfix/solr-setup-improvements,14283/119/02,high,true
f908e19165bffdf82fbfb919e5c9af3a1a96b2cc,Ruben van der Linde,2025-09-19,openregister,Merge pull request #623 from ConductionNL/hotfix/solr-setup-improvements,14283/119/02,high,true
36837efe2b001a782b9f5a37ef38bd15f8f82313,Ruben van der Linde,2025-09-19,openregister,fix: resolve SOLR indexing and database source faceting issues,14283/119/02,high,false
e91b202ced8d99e762d9ae7bff6e7f5b11737f7c,Ruben van der Linde,2025-09-19,openregister,fix: resolve SOLR indexing and database source faceting issues,14283/119/02,high,false
99a8c1aaa1bc0c59221fd77bdb6c8072f45f064a,Barry Brands,2025-09-19,openregister,code styling,14283/119/01,low,false
b950eaa651bd604a085816c68a4585cff3b70075,Barry Brands,2025-09-19,openregister,code styling,14283/119/01,low,false
7bcee58ba4be1e38fec4dae4e5798745a3b93d36,Barry Brands,2025-09-19,openregister,Save array uuid relations working with inversedBy,14283/119/01,low,false
d113bb45d50847f17d776bea50a1a0110879b5df,Barry Brands,2025-09-19,openregister,Save array uuid relations working with inversedBy,14283/119/01,low,false
8556e4d44ef64603c7add2242f926e7e5fe0f1b2,Ruben van der Linde,2025-09-19,openregister,Merge pull request #621 from ConductionNL/hotfix/solr-setup-improvements,14283/119/02,high,true
86081c937c36004b85df40170025b17c644820cb,Ruben van der Linde,2025-09-19,openregister,Merge pull request #621 from ConductionNL/hotfix/solr-setup-improvements,14283/119/02,high,true
37be037504f7703dcd1ecbcba3b8ebf761904cc8,Ruben van der Linde,2025-09-19,openregister,fix: resolve SOLR field mismatch detection and fix functionality,14283/119/02,high,false
fc5560e190d5c51488f83308343f9ce353f5236c,Ruben van der Linde,2025-09-19,openregister,fix: resolve SOLR field mismatch detection and fix functionality,14283/119/02,high,false
1e9e166f70f8f79d96ec4c6e951b540e67caed17,Ruben van der Linde,2025-09-19,openregister,Merge pull request #620 from ConductionNL/hotfix/solr-setup-improvements,14283/119/02,high,true
75a305ab8c6a49c92eb77422269ded5e141340e7,Ruben van der Linde,2025-09-19,openregister,Merge pull request #620 from ConductionNL/hotfix/solr-setup-improvements,14283/119/02,high,true
cb8f9d3f885e1f500c26032273a57efc13857c32,Ruben van der Linde,2025-09-19,openregister,feat: add schema vs SOLR field comparison table in field inspection modal,14283/119/02,high,false
2533b149b9a1c47dd086d09594e61e5e0943395f,Ruben van der Linde,2025-09-19,openregister,feat: add schema vs SOLR field comparison table in field inspection modal,14283/119/02,high,false
d90a44a432460f76d43f4a9441ae533c63b5243a,Ruben van der Linde,2025-09-19,openregister,feat: add AI/ML fields to SOLR schema for future semantic search,14283/119/02,high,false
c45637397b666169a2fc345b47b7b00515805077,Ruben van der Linde,2025-09-19,openregister,feat: add AI/ML fields to SOLR schema for future semantic search,14283/119/02,high,false
1bfdb27c6d67b3605aec937ab7e64b9a09cdb801,Ruben van der Linde,2025-09-19,openregister,docs: update RESERVED_FIELDS with complete SOLR system fields,14283/119/02,high,false
232e20edce162ab7483e176d47c73690e1295c67,Ruben van der Linde,2025-09-19,openregister,docs: update RESERVED_FIELDS with complete SOLR system fields,14283/119/02,high,false
242cee10de812e79ab84068647be79ab804a7888,Ruben van der Linde,2025-09-19,openregister,fix: ensure _text_ field is created during SOLR schema setup,14283/119/02,high,false
3d4852c87b4634266b45b040c1b26248551ddc29,Ruben van der Linde,2025-09-19,openregister,fix: ensure _text_ field is created during SOLR schema setup,14283/119/02,high,false
ed8392ebe07b0cf1a2799f5d00222c76f7cba216,Ruben van der Linde,2025-09-19,openregister,perf: add intelligent docValues configuration for SOLR fields,14283/119/02,high,false
4eef994f9c7d5d94190e5733796000feeaabfaa9,Ruben van der Linde,2025-09-19,openregister,perf: add intelligent docValues configuration for SOLR fields,14283/119/02,high,false
c72127659bbdf7c4fc612461a374efcc104b8beb,Ruben van der Linde,2025-09-19,openregister,perf: optimize JSON storage fields in SOLR schema,14283/119/02,high,false
c5651635cdaf42cec1edddf3c339ce8e12ba4648,Ruben van der Linde,2025-09-19,openregister,perf: optimize JSON storage fields in SOLR schema,14283/119/02,high,false
2cecb8a2ccf0d8f6aa1183c5c2c8dee807a613d4,Ruben van der Linde,2025-09-19,openregister,fix: convert Guzzle Stream to string before json_decode,14283/119/01,medium,false
80340ecfd1182766ca042686b0870836b507b172,Ruben van der Linde,2025-09-19,openregister,fix: convert Guzzle Stream to string before json_decode,14283/119/01,medium,false
d353cd5b883f125eeca0f684a4c875436ae2c240,Ruben van der Linde,2025-09-19,openregister,Merge pull request #619 from ConductionNL/hotfix/solr-setup-improvements,14283/119/02,high,true
460b14f4cc03d15a1a8e8313a9f970c8ae01db5e,Ruben van der Linde,2025-09-19,openregister,Merge pull request #619 from ConductionNL/hotfix/solr-setup-improvements,14283/119/02,high,true
ed29d6a46a9b61ca53961df5248d1414232ee20e,Ruben van der Linde,2025-09-19,openregister,fix: resolve SOLR object reconstruction and field configuration issues,14283/119/02,high,false
712deb13d922b06687c0fb5c9342e05c726bffa2,Ruben van der Linde,2025-09-19,openregister,fix: resolve SOLR object reconstruction and field configuration issues,14283/119/02,high,false
21e71c40108262082fb17cea4b38c5b0cb21dff1,Wilco Louwerse,2025-09-19,openregister,Add / update unit tests with new changes from Development branch,14283/119/01,low,false
a5e73b8cf1103c7c86dffcb297b192a8e60186ce,Wilco Louwerse,2025-09-18,openregister,Merge branch 'development' into feature/REGISTERS-221/unit-tests,14283/119/02,medium,true
beefcaa64682c26080b8cc2a4e191f85ee1eb892,Wilco Louwerse,2025-09-18,openregister,Some finishing touches for unit test (improved coverage and quality),14283/119/01,low,false
e993d20af86a7bb2eaa00dd71a7e165475125bd7,Ruben van der Linde,2025-09-18,openregister,Merge pull request #618 from ConductionNL/hotfix/solr-setup-improvements,14283/119/02,high,true
2d58b63f54e57d346510e11ead8aa1dff8122088,Ruben van der Linde,2025-09-18,openregister,Merge pull request #618 from ConductionNL/hotfix/solr-setup-improvements,14283/119/02,high,true
c36fe0e72cf5f18e8184f26aa962f8fb6ed061c7,Ruben van der Linde,2025-09-18,openregister,fix: correct SOLR configuration validation in isSolrConfigured method,14283/119/02,high,false
7c7c73cb21141c2f6bff3b9683a32a48a66cbe74,Ruben van der Linde,2025-09-18,openregister,fix: correct SOLR configuration validation in isSolrConfigured method,14283/119/02,high,false
f0bea1156349393ab5ab3527881dc2c32f41de09,Ruben van der Linde,2025-09-18,openregister,feat: add comprehensive AI functionality to OpenRegister,14283/119/02,medium,false
3794e93d9b582f5a5f63aba88259fb4efa6f8048,Ruben van der Linde,2025-09-18,openregister,feat: add AI functionality with LLPhant integration,14283/119/01,low,false
4e3457caebb3f2f03bdb553b10040fd940a56cd9,Ruben van der Linde,2025-09-18,openregister,Merge pull request #616 from ConductionNL/hotfix/solr-setup-improvements,14283/119/02,high,true
d3934308e8f957bf308980fec69732efdfa99eba,Ruben van der Linde,2025-09-18,openregister,Merge pull request #616 from ConductionNL/hotfix/solr-setup-improvements,14283/119/02,high,true
86962e65630739ba5c7dc8648531076ca38af4a0,Ruben van der Linde,2025-09-18,openregister,Delete openregister/.gitignore,14283/119/02,medium,false
1c8a681c0cddfdb2616ae5ff050ddb99140c1ab9,Ruben van der Linde,2025-09-18,openregister,Delete openregister/.gitignore,14283/119/02,medium,false
85e33f6a6181310208966a8e974cb4bc66229fcd,Ruben van der Linde,2025-09-18,openregister,fix: clean up SOLR source selection and add test file exclusions,14283/119/02,high,false
a1bedaa1e9ce45c5ca3d2cba337a67bceca6e86e,Ruben van der Linde,2025-09-18,openregister,fix: clean up SOLR source selection and add test file exclusions,14283/119/02,high,false
62ba4dd28534c7dcc75ff6a5ff3be387fb6c146c,Barry Brands,2025-09-18,openregister,Merge pull request #594 from ConductionNL/fix/import-configuration,14283/119/02,high,true
4e7a3ecc4abee73f20482ae30fab07162d757bec,Barry Brands,2025-09-18,openregister,Merge pull request #594 from ConductionNL/fix/import-configuration,14283/119/02,high,true
df04df173740de9720cdc82824c1041b204f193d,Ruben van der Linde,2025-09-18,openregister,debug: add comprehensive SOLR query debugging for pagination issues,14283/119/02,high,false
27f8e4a85f0530f7195d5bc447bc7a722b13da86,Ruben van der Linde,2025-09-18,openregister,debug: add comprehensive SOLR query debugging for pagination issues,14283/119/02,high,false
7f47cd3cd7ccdb2ee3737a595fe09baaba0c98b4,Ruben van der Linde,2025-09-18,openregister,docs: update SOLR documentation with current field weighting strategy,14283/119/02,high,false
95c6576e2193ca3c7e4e50fdb22599184939d5d9,Ruben van der Linde,2025-09-18,openregister,docs: update SOLR documentation with current field weighting strategy,14283/119/02,high,false
0191febea3dec22c5c4071ea647eef751acd8246,Ruben van der Linde,2025-09-18,openregister,update: add self_description to weighted search with 5x weight,14283/119/02,high,false
74abd36ded4c5f69c9f3bbd0b2b026ed4bf7c73a,Ruben van der Linde,2025-09-18,openregister,update: add self_description to weighted search with 5x weight,14283/119/02,high,false
f859decc3f4a604d30c539360edcac97df495c77,Ruben van der Linde,2025-09-18,openregister,"refactor: simplify weighted search to only use self_name, self_summary, and _text_",14283/119/02,high,false
85210a12845592d70db5816252940c3e95bd1480,Ruben van der Linde,2025-09-18,openregister,"refactor: simplify weighted search to only use self_name, self_summary, and _text_",14283/119/02,high,false
0b8c53bb4b41d03c6709a9ba2491e5774930d4fd,Ruben van der Linde,2025-09-18,openregister,fix: remove undefined 'beschrijving' field from SOLR search query,14283/119/02,high,false
f1d844dddf2003387c52fc402d90bd7c187ce9eb,Ruben van der Linde,2025-09-18,openregister,fix: remove undefined 'beschrijving' field from SOLR search query,14283/119/02,high,false
afd59f964ab908834c8cacfbab0de13f0ec1223c,Ruben van der Linde,2025-09-18,openregister,debug: add var_dump debugging to trace SOLR query building and 400 errors,14283/119/02,high,false
9f00899ad615ed589c308e33e25a38c7609b2ab8,Ruben van der Linde,2025-09-18,openregister,debug: add var_dump debugging to trace SOLR query building and 400 errors,14283/119/02,high,false
cf5af72caaeef18077472d28b8e4371be4f9f098,Ruben van der Linde,2025-09-18,openregister,fix: improve SOLR source selection logic and ensure proper _source attribution,14283/119/02,high,false
a109b5fb285e0c81f846ce0d8ddc7c494f8ba4c8,Ruben van der Linde,2025-09-18,openregister,fix: improve SOLR source selection logic and ensure proper _source attribution,14283/119/02,high,false
1914a96649a2f5ccd36080b8f7efb60bbe395716,Ruben van der Linde,2025-09-18,openregister,refactor: simplify SOLR source selection and improve error handling,14283/119/02,high,false
4a04b1b124c451939a8271a4f54ef44286779e43,Ruben van der Linde,2025-09-18,openregister,refactor: simplify SOLR source selection and improve error handling,14283/119/02,high,false
aa0cac8ef460ccb91950f5b7ea25d48300ac4a12,Ruben van der Linde,2025-09-18,openregister,Merge pull request #615 from ConductionNL/hotfix/solr-setup-improvements,14283/119/02,high,true
8aedf25e633c1efb56c813a02dc17a79e4f567d4,Ruben van der Linde,2025-09-18,openregister,Merge pull request #615 from ConductionNL/hotfix/solr-setup-improvements,14283/119/02,high,true
1f7afb58deac7019b2dc15070a9d01c67fe9aef4,Ruben van der Linde,2025-09-18,openregister,hotfix: improve SOLR facet handling for @self metadata,14283/119/02,high,false
1c74b39e76baa6b249e6511af945dd4b5e6be598,Ruben van der Linde,2025-09-18,openregister,hotfix: improve SOLR facet handling for @self metadata,14283/119/02,high,false
1c449da736142386b029d47f937de6b709e98a06,Ruben van der Linde,2025-09-17,openregister,fix: correct SOLR weighted search query syntax,14283/119/02,high,false
f5ac74c7be3a9711b278f43d51c4d66bc2f734cb,Ruben van der Linde,2025-09-17,openregister,fix: correct SOLR weighted search query syntax,14283/119/02,high,false
f020d1558fe16f2657d49ea57f1322d1cc048c31,Ruben van der Linde,2025-09-17,openregister,debug: add detailed SOLR query logging,14283/119/02,high,false
658aba961c9231f77ad5c7a54f8e38aa5c95c3c4,Ruben van der Linde,2025-09-17,openregister,debug: add detailed SOLR query logging,14283/119/02,high,false
603e1349ae24e66e8c68a72cfca0b885ab73148b,Ruben van der Linde,2025-09-17,openregister,debug: add detailed logging to SOLR availability checks,14283/119/02,high,false
63de08a4ab06d3e3e10fdcff2c9558d53f51021c,Ruben van der Linde,2025-09-17,openregister,debug: add detailed logging to SOLR availability checks,14283/119/02,high,false
fe130d127bd5b07eb74d68ab8cb1a8d27ce8d0b0,Ruben van der Linde,2025-09-17,openregister,feat: add forceRefresh parameter to SOLR isAvailable() method,14283/119/02,high,false
9cc7d3b72cb7751fe70050e4ceee41044e406b05,Ruben van der Linde,2025-09-17,openregister,feat: add forceRefresh parameter to SOLR isAvailable() method,14283/119/02,high,false
d9a069a01190f9c888609abb4711cde1e9f86a6e,Ruben van der Linde,2025-09-17,openregister,feat: implement cached SOLR availability checks with 1-hour TTL,14283/119/02,high,false
9732cacde159457f38ce15a62061e5d366dacde2,Ruben van der Linde,2025-09-17,openregister,feat: implement cached SOLR availability checks with 1-hour TTL,14283/119/02,high,false
6f7478a49adfa76717caed3d2f61465f11c87e7d,Ruben van der Linde,2025-09-17,openregister,fix: use simple connectivity test for SOLR availability checks,14283/119/02,high,false
5642016e68ea0262c215f3c1489e8411cf55ff0a,Ruben van der Linde,2025-09-17,openregister,fix: use simple connectivity test for SOLR availability checks,14283/119/02,high,false
66e633db01aa4d504bbf0ccb5c2e90fb0d7e7919,Ruben van der Linde,2025-09-17,openregister,fix: improve SOLR source selection and facet handling,14283/119/02,high,false
36600989eae5638734458fcb894dec7284852de6,Ruben van der Linde,2025-09-17,openregister,fix: improve SOLR source selection and facet handling,14283/119/02,high,false
268b155522e6d502fe987c1b5737b57e2ff65d35,Ruben van der Linde,2025-09-17,openregister,feat: add data source selector and enhanced search UI,14283/119/02,high,false
ca61684ab7c058dc9d4d57c5689f8c7a801ea7af,Ruben van der Linde,2025-09-17,openregister,feat: add data source selector and enhanced search UI,14283/119/02,high,false
5ef97e14364813e934c4d9ac3ba6883306f5f1cd,Ruben van der Linde,2025-09-17,openregister,Delete : add comprehensive SOLR Dashboard documentation,14283/119/02,high,false
0205ebf3a5fe0c43ec846dd59d25764015c95627,Ruben van der Linde,2025-09-17,openregister,Delete : add comprehensive SOLR Dashboard documentation,14283/119/02,high,false
58b4b9154fb6c6802e5dbfda8eef1f05c9247cb0,Ruben van der Linde,2025-09-17,openregister,Merge pull request #614 from ConductionNL/hotfix/solr-setup-improvements,14283/119/02,high,true
21e4f5534b73bb27caf2afa041e86fdd5704a247,Ruben van der Linde,2025-09-17,openregister,Merge pull request #614 from ConductionNL/hotfix/solr-setup-improvements,14283/119/02,high,true
115bb219dba8e4c1fc48af16763fe8c6d57725a6,Ruben van der Linde,2025-09-17,openregister,fix: resolve SOLR search filtering issue with register and schema parameters,14283/119/02,high,false
e93e6c6d8e15e4f231d400edcc585ac92f631d4f,Ruben van der Linde,2025-09-17,openregister,fix: resolve SOLR search filtering issue with register and schema parameters,14283/119/02,high,false
82d51961532d8576cd79afdf19d350751eb47e22,Ruben van der Linde,2025-09-17,openregister,Merge pull request #613 from ConductionNL/hotfix/solr-setup-improvements,14283/119/02,high,true
9423e0d645462706321edb30533be2ad44d1b2b9,Ruben van der Linde,2025-09-17,openregister,Merge pull request #613 from ConductionNL/hotfix/solr-setup-improvements,14283/119/02,high,true
d706695a89457ce13c0858abd054d85becdc5fb3,Ruben van der Linde,2025-09-17,openregister,fix: standardize SOLR response format to match database response structure,14283/119/02,high,false
720efc5609a39aff8c4b224ec0d5d0f3563c721a,Ruben van der Linde,2025-09-17,openregister,fix: standardize SOLR response format to match database response structure,14283/119/02,high,false
2961807b928d0201780a1934d810d69e35d05acb,Ruben van der Linde,2025-09-17,openregister,Merge pull request #612 from ConductionNL/hotfix/solr-setup-improvements,14283/119/02,high,true
f6af2988fc2589e8c00d92c3fb14a2f4a0228bc0,Ruben van der Linde,2025-09-17,openregister,Merge pull request #612 from ConductionNL/hotfix/solr-setup-improvements,14283/119/02,high,true
13c2c9a1db5da9662b7942ab5949bbb49dbe1c20,Ruben van der Linde,2025-09-17,openregister,fix: implement SOLR search methods to resolve 'SOLR search disabled' error,14283/119/02,high,false
9da4fdaae76c9b776710298fa3b2287746e28a3d,Ruben van der Linde,2025-09-17,openregister,fix: implement SOLR search methods to resolve 'SOLR search disabled' error,14283/119/02,high,false
a343d40f240455076ddc6fe7b5a3855d5cc0ed0d,Ruben van der Linde,2025-09-17,openregister,Merge pull request #611 from ConductionNL/hotfix/solr-setup-improvements,14283/119/02,high,true
d8ac5cd6ab6b62f15537d5af7c0d375e4dbe8bdb,Ruben van der Linde,2025-09-17,openregister,Merge pull request #611 from ConductionNL/hotfix/solr-setup-improvements,14283/119/02,high,true
aaac9d6c70336244dd0a8c06e6fdc913f16911bc,Ruben van der Linde,2025-09-17,openregister,fix: improve SOLR setup for SolrCloud mode with accurate infrastructure reporting,14283/119/02,high,false
42e17c427a6d21c99c2a41117ba40a4e86ec37c5,Ruben van der Linde,2025-09-17,openregister,fix: improve SOLR setup for SolrCloud mode with accurate infrastructure reporting,14283/119/02,high,false
6dd56cd410f30c5d827385a0299f1293d7c6d187,Ruben van der Linde,2025-09-17,openregister,feat: improve SOLR setup infrastructure tracking and idempotency,14283/119/02,high,false
e95bd61cb0422499319797db38141acf87e40a0a,Ruben van der Linde,2025-09-17,openregister,feat: improve SOLR setup infrastructure tracking and idempotency,14283/119/02,high,false
052a4d4ddb5a8dd3e0e78b91969e0655a7e32c3a,Ruben van der Linde,2025-09-17,openregister,hotfix: fix null logger reference in SettingsController setupSolr method,14283/119/02,high,false
2e6f668d3c049708baf862f93bd4ec193dba8229,Ruben van der Linde,2025-09-17,openregister,hotfix: fix null logger reference in SettingsController setupSolr method,14283/119/02,high,false
dff1f36dafa35c09b760a84f5d0b14d4a04f8df0,Ruben van der Linde,2025-09-17,openregister,Merge pull request #610 from ConductionNL/hotfix/solr-setup-improvements,14283/119/02,high,true
603987d28e1782c76d4eeeacb8c9549022b65dba,Ruben van der Linde,2025-09-17,openregister,Merge pull request #610 from ConductionNL/hotfix/solr-setup-improvements,14283/119/02,high,true
62b72e929cde98488717ce14b602e5c3b85e1d47,Ruben van der Linde,2025-09-17,openregister,fix: standardize SOLR collection availability checking and frontend display,14283/119/02,high,false
2d88bcffa729a3c48ab09c25ce0f41056eedf686,Ruben van der Linde,2025-09-17,openregister,fix: standardize SOLR collection availability checking and frontend display,14283/119/02,high,false
787e709399d843f8354b077abab9f5837f2965bb,Ruben van der Linde,2025-09-17,openregister,Merge pull request #609 from ConductionNL/hotfix/solr-setup-improvements,14283/119/02,high,true
201fef413d1d08c94856a410eca60eb443cde537,Ruben van der Linde,2025-09-17,openregister,Merge pull request #609 from ConductionNL/hotfix/solr-setup-improvements,14283/119/02,high,true
5c6cdbd67f08fb773d184f49005bafdd943c596e,Ruben van der Linde,2025-09-17,openregister,fix: resolve merge conflicts in GuzzleSolrService.php,14283/119/02,high,false
6b46f551478eb5c9a1dbe35ba606c65b1ae3cb3b,Ruben van der Linde,2025-09-17,openregister,fix: resolve merge conflicts in GuzzleSolrService.php,14283/119/02,high,false
f96d80d925ca8d9f86031e607013b06a21d3e09e,Ruben van der Linde,2025-09-17,openregister,Delete test_result.json,14283/119/01,low,false
f7f1d0d508d3930e2cc8b8b33c31a4c810b63998,Ruben van der Linde,2025-09-17,openregister,Delete test_result.json,14283/119/01,low,false
f8b3198e4656e429a887a33b7d92dca2f9172623,Ruben van der Linde,2025-09-17,openregister,Delete tatus,14283/119/01,low,false
bf8d1c5279e177f932c8e4a641f54a8441812d4e,Ruben van der Linde,2025-09-17,openregister,Delete tatus,14283/119/01,low,false
4dd45b678ac3eced73fafd951ce6fc4802efc0ab,Ruben van der Linde,2025-09-17,openregister,Merge pull request #608 from ConductionNL/hotfix/solr-setup-improvements,14283/119/02,high,true
4d2d440d372ebb2e13b41e2bce3654db8081ac8b,Ruben van der Linde,2025-09-17,openregister,Merge pull request #608 from ConductionNL/hotfix/solr-setup-improvements,14283/119/02,high,true
074a5590761d8fed9031ea8a098a031cb21e1a2f,Ruben van der Linde,2025-09-17,openregister,uMerge branch 'hotfix/solr-setup-improvements' of github.com:ConductionNL/openregister into hotfix/solr-setup-improvements,14283/119/02,high,false
56ad7dd9d8fe7b774ee0eeb007648cba68011468,Ruben van der Linde,2025-09-17,openregister,uMerge branch 'hotfix/solr-setup-improvements' of github.com:ConductionNL/openregister into hotfix/solr-setup-improvements,14283/119/02,high,false
5eab8e630e0a4dcce2ea07a9bad29ecc0de8b932,Ruben van der Linde,2025-09-17,openregister,feat: implement complete SOLR modal functionality with proper state management,14283/119/02,high,false
44f1d80ba9d3d8557ca8c2f27b2d188b3f563769,Ruben van der Linde,2025-09-17,openregister,feat: implement complete SOLR modal functionality with proper state management,14283/119/02,high,false
deadad8b0c3b8756678b2811608cae11936f1389,Ruben van der Linde,2025-09-17,openregister,fix: resolve clearSolrIndex method dependency injection issues,14283/119/02,high,false
2797f6ad8a99e63c3d794f692a77733b419d5a6a,Ruben van der Linde,2025-09-17,openregister,fix: resolve clearSolrIndex method dependency injection issues,14283/119/02,high,false
949134de69c55f123b3182bdc935c4575686f716,Ruben van der Linde,2025-09-17,openregister,feat: completely rebuild SolrDashboard.vue from scratch to fix persistent corruption issues,14283/119/02,high,false
acf10892801684a3dd0bff292cbd8241a0dbae16,Ruben van der Linde,2025-09-17,openregister,feat: completely rebuild SolrDashboard.vue from scratch to fix persistent corruption issues,14283/119/02,high,false
625a053f02243b6556c60b85591deda3a15bbcab,Ruben van der Linde,2025-09-17,openregister,debug: add comprehensive logging to performanceClass computed property to debug solrStats undefined error,14283/119/02,high,false
92cdb6b09fbcab684e5485109d9157002a3cea32,Ruben van der Linde,2025-09-17,openregister,debug: add comprehensive logging to performanceClass computed property to debug solrStats undefined error,14283/119/02,high,false
068da99edbdcb82a2308af126a47d92dd305d64e,Ruben van der Linde,2025-09-17,openregister,fix: add comprehensive null checks for all performance properties to prevent Vue render errors,14283/120/02,medium,false
dca08f64bec18d4cdebb05291180b9fbb9d19c69,Ruben van der Linde,2025-09-17,openregister,fix: add comprehensive null checks for all performance properties to prevent Vue render errors,14283/120/02,medium,false
adebe4040cb1ead8138ae21092d20a687e8d6071,Ruben van der Linde,2025-09-17,openregister,"fix: add missing null checks for tenant_id and endpoint_url, add debug logging for SOLR dashboard",14283/119/02,high,false
069cc91c25b70c2e0b525a6f763feff73bc553e1,Ruben van der Linde,2025-09-17,openregister,"fix: add missing null checks for tenant_id and endpoint_url, add debug logging for SOLR dashboard",14283/119/02,high,false
488d2c8bd372f79bfc4a3080c76a75e38b86aecc,Ruben van der Linde,2025-09-17,openregister,fix: add comprehensive null checks to prevent Vue render errors for all solrStats properties,14283/119/02,high,false
21c2b824cb81a2276921838244874a31dbd7c14e,Ruben van der Linde,2025-09-17,openregister,fix: add comprehensive null checks to prevent Vue render errors for all solrStats properties,14283/119/02,high,false
1f5f34e692fadfbfd77fb96e9036188617f660d1,Ruben van der Linde,2025-09-17,openregister,fix: resolve duplicate axios import causing build error,14283/119/02,high,false
b82f84ee022c7f17037ae56a24cc7fe85b947bc4,Ruben van der Linde,2025-09-17,openregister,fix: resolve duplicate axios import causing build error,14283/119/02,high,false
fb3a06a102dac4b24aafe6e1166531b32d1cb8f6,Ruben van der Linde,2025-09-17,openregister,fix: add null checks to prevent Vue render errors and fix API imports for SOLR dashboard,14283/119/02,high,false
352957ac44cb2a1b0e733c2be88611d25875c91d,Ruben van der Linde,2025-09-17,openregister,fix: add null checks to prevent Vue render errors and fix API imports for SOLR dashboard,14283/119/02,high,false
16ad6a2d56102896adca0e78a6528e8aa7dbe704,Ruben van der Linde,2025-09-17,openregister,fix: add explicit loading and error states for SOLR dashboard visibility debugging,14283/119/02,high,false
df0541642d546d9ae7e1dbf19a8434af25bbc22a,Ruben van der Linde,2025-09-17,openregister,fix: add explicit loading and error states for SOLR dashboard visibility debugging,14283/119/02,high,false
71a99ccb59b0ff3ec6914b28794ad076c208c008,Ruben van der Linde,2025-09-17,openregister,fix: add missing axios/generateUrl imports and relax v-if condition for SOLR dashboard visibility,14283/119/02,high,false
91de6379680a5a1da3f60874364d5e2fd1c2b44f,Ruben van der Linde,2025-09-17,openregister,fix: add missing axios/generateUrl imports and relax v-if condition for SOLR dashboard visibility,14283/119/02,high,false
fc7477777de18f5d0016eadbdfdf45e6eae9c505,Ruben van der Linde,2025-09-17,openregister,fix: resolve Vue render errors in SolrDashboard - add null checks and fix API call,14283/119/02,high,false
ef638497ec98ff67189819004c2085faca41d7d3,Ruben van der Linde,2025-09-17,openregister,fix: resolve Vue render errors in SolrDashboard - add null checks and fix API call,14283/119/02,high,false
0b4ee115ac3d41d36fa65097c8dc92e19f4c9cde,Ruben van der Linde,2025-09-17,openregister,fix: resolve clear index issues - fix boolean prop validation and add missing backend route/method,14283/119/02,high,false
5ed6e78f2a4ea99d8fe90ed48e1b57e55132322a,Ruben van der Linde,2025-09-17,openregister,fix: resolve clear index issues - fix boolean prop validation and add missing backend route/method,14283/119/02,high,false
d3da789ce74d250147ab9dc1929d1741c52c4651,Ruben van der Linde,2025-09-17,openregister,fix: add debug logging and proper data transformation in loadSolrStats,14283/119/02,high,false
be6a679b29de51cd92c7630baa0f370e0f8e7ecf,Ruben van der Linde,2025-09-17,openregister,fix: add debug logging and proper data transformation in loadSolrStats,14283/119/02,high,false
b01606c4968d11e4784d2188d3255ceea99d10ca,Ruben van der Linde,2025-09-17,openregister,debug: add console logging to loadSolrStats method,14283/119/02,high,false
bc7e2014d6a3455fe2bd33e95c421bd17f3a44c1,Ruben van der Linde,2025-09-17,openregister,debug: add console logging to loadSolrStats method,14283/119/02,high,false
ac05d02cc393f84bf87a076e14671c17d781644b,Ruben van der Linde,2025-09-17,openregister,fix: restore proper v-if condition to prevent template rendering before data transformation,14283/119/02,high,false
64ae4b77d82f63f691797e826195da2851482dda,Ruben van der Linde,2025-09-17,openregister,fix: restore proper v-if condition to prevent template rendering before data transformation,14283/119/02,high,false
fca3ad22e1cc56aab37f15798dd7065b5b399db3,Ruben van der Linde,2025-09-17,openregister,fix: use generateUrl for SOLR dashboard API call like other components,14283/119/02,high,false
acdb849e484caa2d543b9600ea2ccee77a4ce2f5,Ruben van der Linde,2025-09-17,openregister,fix: use generateUrl for SOLR dashboard API call like other components,14283/119/02,high,false
89a85afe9609183bc5a5445793114d6f8960ee50,Ruben van der Linde,2025-09-17,openregister,debug: simplify v-if condition to test API call,14283/119/02,low,false
07e0f3d01e46bf802902fbdd16bd9201b9a742f5,Ruben van der Linde,2025-09-17,openregister,debug: simplify v-if condition to test API call,14283/119/02,low,false
2ebbb56cb0bd2922371f2951cf3747fdc288caef,Ruben van der Linde,2025-09-17,openregister,fix: prevent SolrDashboard template rendering until solrStats is properly initialized,14283/119/02,high,false
9b32fbf49678a54e7fe701d43b81a31f2677d91b,Ruben van der Linde,2025-09-17,openregister,fix: prevent SolrDashboard template rendering until solrStats is properly initialized,14283/119/02,high,false
a1e14883db4e196d6520c444457314bee5eb33f6,Ruben van der Linde,2025-09-17,openregister,fix: add null checks to critical template references in SolrDashboard.vue,14283/119/02,high,false
f3eab8478153a94501880155951eac5af07ce4d9,Ruben van der Linde,2025-09-17,openregister,fix: add null checks to critical template references in SolrDashboard.vue,14283/119/02,high,false
92ce374ce4abe64bd647ab218d183ff06ce51799,Ruben van der Linde,2025-09-17,openregister,fix: add null checks to computed properties in SolrDashboard.vue,14283/119/02,high,false
8a43b1088b8885f04a0653feee1415f36f7d3de2,Ruben van der Linde,2025-09-17,openregister,fix: add null checks to computed properties in SolrDashboard.vue,14283/119/02,high,false
92d501272bb60f4beaf5215c57abe9c90f9f77fb,Ruben van der Linde,2025-09-17,openregister,fix: remove duplicate axios import in SolrDashboard.vue,14283/119/02,high,false
e9591b4e148972f142352d968e4d5ddbfb940219,Ruben van der Linde,2025-09-17,openregister,fix: remove duplicate axios import in SolrDashboard.vue,14283/119/02,high,false
c2dc6f8521fbfe20b3bf7fcbd25487ce07055bdd,Ruben van der Linde,2025-09-17,openregister,fix: minimal SolrDashboard.vue fix - add axios import and fix HTTP call,14283/119/02,high,false
af63e3e0cf1648228669a21550d3a8c445a8ece7,Ruben van der Linde,2025-09-17,openregister,fix: minimal SolrDashboard.vue fix - add axios import and fix HTTP call,14283/119/02,high,false
e9302b6e40c460130c93ed03a656a684b097bd66,Ruben van der Linde,2025-09-17,openregister,fix: add null checks to template references in SolrDashboard.vue,14283/119/02,high,false
961bde4631c3972fff7a1c443a8e7d3d6f199df5,Ruben van der Linde,2025-09-17,openregister,fix: add null checks to template references in SolrDashboard.vue,14283/119/02,high,false
cc4ed328b68acdff140c56b255c7e2f3fe375e4d,Ruben van der Linde,2025-09-17,openregister,fix: restore SolrDashboard.vue with minimal fixes for axios and null checks,14283/119/02,high,false
4ea89200c3755a619ee09cf0e601d199c4c15a69,Ruben van der Linde,2025-09-17,openregister,fix: restore SolrDashboard.vue with minimal fixes for axios and null checks,14283/119/02,high,false
25666953190a392f769c4f42c08451088ef564de,Ruben van der Linde,2025-09-17,openregister,fix: add null checks to computed properties and ensure solrStats structure is preserved on error,14283/119/02,high,false
2a65a7c29c5c815b28ee718de9066e0543aa72d5,Ruben van der Linde,2025-09-17,openregister,fix: add null checks to computed properties and ensure solrStats structure is preserved on error,14283/119/02,high,false
7334dfcd1aa75f9c35d34fd671830e229e84d8b8,Ruben van der Linde,2025-09-17,openregister,fix: add axios import and fix HTTP client in SolrDashboard.vue,14283/119/02,high,false
259f4824f2ac8356eb0d5c6cb632f431d86ddd25,Ruben van der Linde,2025-09-17,openregister,fix: add axios import and fix HTTP client in SolrDashboard.vue,14283/119/02,high,false
03b0975f35550ba648cd46e75482d6932337d4e4,Ruben van der Linde,2025-09-17,openregister,fix: restore SolrDashboard.vue and add data transformation for frontend compatibility,14283/119/02,high,false
5e69fdae9301c4a46851836816cbf72bb3b93a98,Ruben van der Linde,2025-09-17,openregister,fix: restore SolrDashboard.vue and add data transformation for frontend compatibility,14283/119/02,high,false
28ad5bf16ef48fc590d0658b5826e01cb28998da,Ruben van der Linde,2025-09-16,openregister,fix: transform SOLR dashboard API response to match frontend expectations,14283/119/02,high,false
08d87e6b6145bab9cc455d44a5903ad6947ff6b9,Ruben van der Linde,2025-09-16,openregister,fix: transform SOLR dashboard API response to match frontend expectations,14283/119/02,high,false
078355e3ba75352281fb04160e414566c46c9610,Ruben van der Linde,2025-09-16,openregister,fix: correct modal import path in SolrDashboard,14283/119/02,high,false
4ee934cb3a7775fc5db4a29e7ee02697c4f0c68d,Ruben van der Linde,2025-09-16,openregister,fix: correct modal import path in SolrDashboard,14283/119/02,high,false
06c8a222e659071e153ab36623baedc34052d1ba,Ruben van der Linde,2025-09-16,openregister,chore: remove accidental temp file,14283/119/01,low,false
a911c437e831c99d76fe82ae2ead4d35ae3ad407,Ruben van der Linde,2025-09-16,openregister,chore: remove accidental temp file,14283/119/01,low,false
750c6e079ad05cd3af83915f8b325399460b90b0,Ruben van der Linde,2025-09-16,openregister,fix: restore clean SolrDashboard.vue and fix build errors,14283/119/02,high,false
d7420dab60503b007c53d499ab0303780c138fdc,Ruben van der Linde,2025-09-16,openregister,fix: restore clean SolrDashboard.vue and fix build errors,14283/119/02,high,false
ad1186a64b9a9d447965010fc0f3072b31600215,Ruben van der Linde,2025-09-16,openregister,fix: resolve remaining build errors in modal components,14283/120/02,medium,false
aee4d6b37fee30eb5e184c530326048952ffcd47,Ruben van der Linde,2025-09-16,openregister,fix: resolve remaining build errors in modal components,14283/120/02,medium,false
ee1c34e430089fc441cf7bb1f22d5d7fecb35ff9,Ruben van der Linde,2025-09-16,openregister,fix: resolve SolrDashboard build error by cleaning up corrupted file,14283/119/02,high,false
aa57202392cbe429e53b8f2f8dd5f7f5dd033832,Ruben van der Linde,2025-09-16,openregister,fix: resolve SolrDashboard build error by cleaning up corrupted file,14283/119/02,high,false
f51111f59d7c04e2d48e1e8e57fefa1c1e8441d9,Ruben van der Linde,2025-09-16,openregister,feat: integrate SolrWarmupModal component into SolrDashboard,14283/119/02,high,false
ad1b96e6f8e041bfc21531b278c968c8c0baf23f,Ruben van der Linde,2025-09-16,openregister,feat: integrate SolrWarmupModal component into SolrDashboard,14283/119/02,high,false
f2d1f980eab4230fa653a4da81a4359db02e291b,Ruben van der Linde,2025-09-16,openregister,feat: add remaining SOLR modal components,14283/119/02,high,false
b843a8528a93de528826c6b9f68251dc711a5e60,Ruben van der Linde,2025-09-16,openregister,feat: add remaining SOLR modal components,14283/119/02,high,false
af94ffbd2045f7b3efc08bfffc67de56cf9be15c,Ruben van der Linde,2025-09-16,openregister,feat: extract settings modals into dedicated components,14283/120/01,low,false
52ec917d2d0d46d4b985f2d110f68fa7ca217ae0,Ruben van der Linde,2025-09-16,openregister,feat: extract settings modals into dedicated components,14283/120/01,low,false
2efad8f3cb9e6733deca472e0b17614480f376c5,Ruben van der Linde,2025-09-16,openregister,feat: complete SOLR setup with pre-configured system fields,14283/119/02,high,false
6941dcec6a6f1b3e91ff30085b909cb7d25fd323,Ruben van der Linde,2025-09-16,openregister,feat: complete SOLR setup with pre-configured system fields,14283/119/02,high,false
e047130028a2b95eb04c4b9a5d6e1e0e72710b82,Ruben van der Linde,2025-09-16,openregister,docs: comprehensive SOLR setup and configuration guide,14283/119/02,high,false
10efac65735acf237ffb90e24bbd169e02f04049,Ruben van der Linde,2025-09-16,openregister,docs: comprehensive SOLR setup and configuration guide,14283/119/02,high,false
96e379360c1ebd7dea7c9d8b9e1d93ff68bbc45b,Ruben van der Linde,2025-09-16,openregister,feat: include self_* system fields in base configSet schema,14283/119/02,medium,false
ba6c27abb3222234724a96b8ac31e386c9424b4f,Ruben van der Linde,2025-09-16,openregister,feat: include self_* system fields in base configSet schema,14283/119/02,medium,false
91a3ef44fb98b26d67558a47e7df28d15ffc3b0b,Ruben van der Linde,2025-09-16,openregister,feat: implement configSet upload via ZIP file to bypass SolrCloud authentication,14283/119/02,high,false
b38ffaf8262cd0798cdade1444183c125bb2cfe1,Ruben van der Linde,2025-09-16,openregister,feat: implement configSet upload via ZIP file to bypass SolrCloud authentication,14283/119/02,high,false
5c8a39e26f84e5b735253f70e678d6211b03a935,Ruben van der Linde,2025-09-16,openregister,feat: add default SOLR authentication and improve SolrCloud support,14283/119/02,high,false
c18500d69d23d29b4aad5f0f345072a00fd29860,Ruben van der Linde,2025-09-16,openregister,feat: add default SOLR authentication and improve SolrCloud support,14283/119/02,high,false
975c8668a5d251fcd313cea4f85fbd411015ed38,Ruben van der Linde,2025-09-16,openregister,fix: improve error details capture for SolrCloud debugging,14283/119/02,high,false
566bc21ca33cd0dffb716a7539966c25530a016f,Ruben van der Linde,2025-09-16,openregister,fix: improve error details capture for SolrCloud debugging,14283/119/02,high,false
79910cd9f7a6ad1d13b8b908905d891728711286,Ruben van der Linde,2025-09-16,openregister,refactor: remove duplicate tenant ID logic from SettingsService - Replace all calls to SettingsService::generateTenantId() with GuzzleSolrService::getTenantId() - Remove duplicate generateTenantId() method from SettingsService - Make GuzzleSolrService the single source of truth for tenant ID logic,14283/119/02,high,false
e8c2c0b77156754299072ceffe5a6039d67d0f13,Ruben van der Linde,2025-09-16,openregister,refactor: remove duplicate tenant ID logic from SettingsService - Replace all calls to SettingsService::generateTenantId() with GuzzleSolrService::getTenantId() - Remove duplicate generateTenantId() method from SettingsService - Make GuzzleSolrService the single source of truth for tenant ID logic,14283/119/02,high,false
eaa6d340da868545d971a28bfb17f81f1a4c8811,Ruben van der Linde,2025-09-16,openregister,fix: add missing getTenantId public method and remove duplicate definition,14283/119/01,low,false
aab3026a8a62bae3b9a2e98fff95fb0a0dff7446,Ruben van der Linde,2025-09-16,openregister,fix: add missing getTenantId public method and remove duplicate definition,14283/119/01,low,false
2b5f8210aea6a083b80d3c1d95b52a1c13ac33ab,Ruben van der Linde,2025-09-16,openregister,feat: enhance SOLR setup error reporting with detailed Guzzle response information,14283/119/02,high,false
dd9cf27947abf6ca01e68da63d121d4ddc709910,Ruben van der Linde,2025-09-16,openregister,feat: enhance SOLR setup error reporting with detailed Guzzle response information,14283/119/02,high,false
1fcd472d49e33721b250663fe92d8d08ac4e13c7,Ruben van der Linde,2025-09-16,openregister,fix: add public getTenantId method and make getTenantSpecificCollectionName public,14283/119/01,low,false
a3e17378527bb9223ebe3ce278b44ca04a5195a9,Ruben van der Linde,2025-09-16,openregister,fix: add public getTenantId method and make getTenantSpecificCollectionName public,14283/119/01,low,false
a3413f3966d1845652147dca2794fc56e72bdc75,Ruben van der Linde,2025-09-16,openregister,fix: make buildSolrBaseUrl method public to resolve SolrSetup access error,14283/119/02,high,false
2a5cee9851b47bbbbaab4de3d724c87c5ede210d,Ruben van der Linde,2025-09-16,openregister,fix: make buildSolrBaseUrl method public to resolve SolrSetup access error,14283/119/02,high,false
1157e2a04cf27c39ecf301f6c91d52da4d95f7dc,Ruben van der Linde,2025-09-16,openregister,Merge pull request #607 from ConductionNL/hotfix/solr-setup-improvements,14283/119/02,high,true
975321947a67f86503e233b8bb336a952a4e2c1b,Ruben van der Linde,2025-09-16,openregister,Merge pull request #607 from ConductionNL/hotfix/solr-setup-improvements,14283/119/02,high,true
dbe484f12e6fd4de5524ea9fb668506913a7a57c,Ruben van der Linde,2025-09-16,openregister,Merge branch 'development' into hotfix/solr-setup-improvements,14283/119/02,high,true
02311f5532b9a42cc0784b8268cfc437201d05ec,Ruben van der Linde,2025-09-16,openregister,Merge branch 'development' into hotfix/solr-setup-improvements,14283/119/02,high,true
8dc39737ec9e00adeef858ec76bdbc2a4f545233,Ruben van der Linde,2025-09-16,openregister,docs: update changelog with SOLR setup improvements,14283/119/02,high,false
b3c9dc7f0eb6bc04d7ba58342138849ab3724f8f,Ruben van der Linde,2025-09-16,openregister,docs: update changelog with SOLR setup improvements,14283/119/02,high,false
2b313344886a01cdc3a4c206002cb36e3bf415c0,Ruben van der Linde,2025-09-16,openregister,feat: enhance SOLR setup dialog with rich error reporting and progress tracking,14283/119/02,high,false
2e3aa07533fdded983c03dd5284fcaec074c3337,Ruben van der Linde,2025-09-16,openregister,feat: enhance SOLR setup dialog with rich error reporting and progress tracking,14283/119/02,high,false
89b6b27a3ed906f28363d306deec4a5907c326cd,Ruben van der Linde,2025-09-16,openregister,fix: ensure SOLR setup uses tenant-specific configSets and collections,14283/119/02,high,false
bad3a778abf98031bafb76069844e1a8f27f70f9,Ruben van der Linde,2025-09-16,openregister,fix: ensure SOLR setup uses tenant-specific configSets and collections,14283/119/02,high,false
68dd11416d32be503ac7da1cccb2012673650419,Ruben van der Linde,2025-09-16,openregister,Merge pull request #606 from ConductionNL/feature/solr-testing-enhancements,14283/119/02,high,true
75b3fa4ea28f4758a968d28130297e738e3e9154,Ruben van der Linde,2025-09-16,openregister,Merge pull request #606 from ConductionNL/feature/solr-testing-enhancements,14283/119/02,high,true
aef9277ff96b6ca6191d719f725ac441149015be,Ruben van der Linde,2025-09-16,openregister,fix: ensure SOLR setup uses tenant-specific collections consistently,14283/119/02,high,false
7230277e5ecf9cee3dfd2750e985eb6f6cac3fe3,Ruben van der Linde,2025-09-16,openregister,fix: ensure SOLR setup uses tenant-specific collections consistently,14283/119/02,high,false
c4c2b63b2ccc5a0c4c22fe63b8c73e520d01923d,Remko Huisman,2025-09-16,openregister,Merge pull request #605 from ConductionNL/fix-organisation,14283/120/01,high,true
cc57aed247104c72020d11d5e9f19a85abc39954,Remko Huisman,2025-09-16,openregister,Merge pull request #605 from ConductionNL/fix-organisation,14283/120/01,high,true
799fa110190991e1588f87d10ca0262f9fc728ed,Remko,2025-09-16,openregister,Fixed organisationModals,14283/120/01,high,false
da45c1a6828add9d64a682c220f90ad175ad67d1,Remko,2025-09-16,openregister,Fixed organisationModals,14283/120/01,high,false
dd2d599d4cb36a2a4e5a3da3bf4c0d3154219469,Wilco Louwerse,2025-09-16,openregister,Fix function in SettingsService,14283/120/01,low,false
f332bb721cc17f8dc6b6e454e745fb31da018a73,Ruben van der Linde,2025-09-16,openregister,Merge pull request #604 from ConductionNL/feature/solr-testing-enhancements,14283/119/02,high,true
e87cdb5a264bd40b36682471c327c6ec375e8cb6,Ruben van der Linde,2025-09-16,openregister,Merge pull request #604 from ConductionNL/feature/solr-testing-enhancements,14283/119/02,high,true
59d9856a939d50393ba9f47d9398c46e283ca88d,Wilco Louwerse,2025-09-16,openregister,Some final fixes to make sure all existing Unit tests pass,14283/119/01,low,false
7430da626d9288b16df64477e945e6c67b3ee314,Ruben van der Linde,2025-09-16,openregister,refactor: improve SOLR testing structure and prevent unusual file commits,14283/119/02,high,false
d664155adf4d14f9ef86aa66519e60ee57b0588e,Ruben van der Linde,2025-09-16,openregister,refactor: improve SOLR testing structure and prevent unusual file commits,14283/119/02,high,false
3e6f89993cc11b896353c59ef7b8051a378d76ba,Ruben van der Linde,2025-09-16,openregister,chore: remove mistakenly created files with unusual extensions,14283/119/01,low,false
d1612ce22de1abee72d7e843e32b1e609201d6fa,Ruben van der Linde,2025-09-16,openregister,chore: remove mistakenly created files with unusual extensions,14283/119/01,low,false
b8a1a210f5a857d2c8f7eaa7f3cad8104892b67a,Ruben van der Linde,2025-09-16,openregister,fix(solr): Fix tenant collection naming and display in SOLR test modal,14283/119/02,high,false
8fe8179e8dbdaa2e60086c73460447d692437f97,Ruben van der Linde,2025-09-16,openregister,fix(solr): Fix tenant collection naming and display in SOLR test modal,14283/119/02,high,false
183587d6922dd849e58279db3bda880265163f67,Ruben van der Linde,2025-09-16,openregister,Merge pull request #602 from ConductionNL/feature/solr-testing-enhancements,14283/119/02,high,true
6345ed43af57bea0be35248ce91a0224237f5ddb,Ruben van der Linde,2025-09-16,openregister,Merge pull request #602 from ConductionNL/feature/solr-testing-enhancements,14283/119/02,high,true
52fc31d9050dd3b149efdb992377c53838e78b38,Ruben van der Linde,2025-09-16,openregister,feat(solr): Return actual HTTP error details in SOLR setup API responses,14283/119/02,high,false
608e7969a896f114941d52226011b1b7d4db1b3c,Ruben van der Linde,2025-09-16,openregister,feat(solr): Return actual HTTP error details in SOLR setup API responses,14283/119/02,high,false
b73193733700bf92756fd77b11ba9c819879f77b,Ruben van der Linde,2025-09-16,openregister,feat(solr): Add enhanced debugging to SolrSetup for HTTP request failures,14283/119/02,high,false
8d09f445f819fa4dd78f30535f9ce2a415907a4b,Ruben van der Linde,2025-09-16,openregister,feat(solr): Add enhanced debugging to SolrSetup for HTTP request failures,14283/119/02,high,false
914fce9371f6ce1e617410ebbf74fef143ddedde,Ruben van der Linde,2025-09-16,openregister,Merge pull request #601 from ConductionNL/feature/solr-testing-enhancements,14283/119/02,high,true
966203b80071876f49977189c7369115ab0344d9,Ruben van der Linde,2025-09-16,openregister,Merge pull request #601 from ConductionNL/feature/solr-testing-enhancements,14283/119/02,high,true
9b04ef2640acab6343760cb1ba4594c82ecab712,Ruben van der Linde,2025-09-16,openregister,refactor(solr): Centralize authentication in GuzzleSolrService,14283/119/02,high,false
28156c041ea42e1717e09cbc57af82f19d50249d,Ruben van der Linde,2025-09-16,openregister,refactor(solr): Centralize authentication in GuzzleSolrService,14283/119/02,high,false
c4b2906b184fb0a5dfb1bdb5a9d635a8a7a5ee30,Ruben van der Linde,2025-09-16,openregister,feat(solr): Add HTTP Basic Authentication support for SOLR setup and service,14283/119/02,high,false
dceb7630865599d5d4e8c9cec38053cdaf5f76bf,Ruben van der Linde,2025-09-16,openregister,feat(solr): Add HTTP Basic Authentication support for SOLR setup and service,14283/119/02,high,false
d74c8b1d692c99d922589398041ca9d22cc56146,Ruben van der Linde,2025-09-16,openregister,fix(autoload): Move SemVerFormat to correct namespace location for PSR-4 compliance,14283/119/01,high,false
8b90df1a7411f90e6eda7b4f70f0864f159d39cc,Ruben van der Linde,2025-09-16,openregister,fix(autoload): Move SemVerFormat to correct namespace location for PSR-4 compliance,14283/119/01,high,false
a3cd5402765c3d6045e33207fd11f3d71f7ba46f,Ruben van der Linde,2025-09-16,openregister,fix(solr): Replace file_get_contents with GuzzleHttp Client in SolrSetup for Kubernetes compatibility,14283/119/02,high,false
4a8a358453613bf036f136e34842b8e01a841ba7,Ruben van der Linde,2025-09-16,openregister,fix(solr): Replace file_get_contents with GuzzleHttp Client in SolrSetup for Kubernetes compatibility,14283/119/02,high,false
22e1d0203a90ae0252e9d34ca0ebc5f6d428a84d,Ruben van der Linde,2025-09-15,openregister,Merge pull request #600 from ConductionNL/feature/solr-testing-enhancements,14283/119/02,high,true
904236828ee08fecbd9e32beadef1b2a26909eb5,Ruben van der Linde,2025-09-15,openregister,Merge pull request #600 from ConductionNL/feature/solr-testing-enhancements,14283/119/02,high,true
7b4f2d7642741cd70949697e07dd1d974a53b5e7,Ruben van der Linde,2025-09-15,openregister,test(solr): Add comprehensive background job test script,14283/120/02,high,false
1e051fa8f0daca8bd49cfd501631476e0f79a617,Ruben van der Linde,2025-09-15,openregister,test(solr): Add comprehensive background job test script,14283/120/02,high,false
04a8a999e0e9e61eb998e37f94ba2490e1441975,Ruben van der Linde,2025-09-15,openregister,feat(solr): Add SOLR warmup background jobs for post-import and nightly optimization,14283/120/02,high,false
73130dc0dfc3a6c1c8618eed08c1abe8131b7771,Ruben van der Linde,2025-09-15,openregister,feat(solr): Add SOLR warmup background jobs for post-import and nightly optimization,14283/120/02,high,false
337ca4a4567a57deaa466a1e9e7421bfd60f13e9,Ruben van der Linde,2025-09-15,openregister,Merge pull request #599 from ConductionNL/feature/solr-testing-enhancements,14283/119/02,high,true
f7e5832ce91b01938871a1f1937c59a2388efb34,Ruben van der Linde,2025-09-15,openregister,Merge pull request #599 from ConductionNL/feature/solr-testing-enhancements,14283/119/02,high,true
a9d41d2e796f624384177ab647cdf63e24508aa8,Ruben van der Linde,2025-09-15,openregister,test: Add comprehensive SettingsService unit tests,14283/120/01,low,false
08bbb680c57d2cd06dbebf36ff76410105735155,Ruben van der Linde,2025-09-15,openregister,test: Add comprehensive SettingsService unit tests,14283/120/01,low,false
199506bdc3eb27a787833d37c718c8f8c262f07d,Ruben van der Linde,2025-09-15,openregister,refactor(solr): Phase 3 - Clean architecture and remove duplicate URL building,14283/119/02,high,false
a387276d3151fe7049c6f141001dabe4657d29b9,Ruben van der Linde,2025-09-15,openregister,refactor(solr): Phase 3 - Clean architecture and remove duplicate URL building,14283/119/02,high,false
f022286e92c034513940adec7cdcb3edfb8dcbdb,Ruben van der Linde,2025-09-15,openregister,refactor(solr): Phase 2 - Move unique SOLR logic to GuzzleSolrService,14283/119/02,high,false
02649d9d664a5611b03e13d3bf07cefeb8d2a6dc,Ruben van der Linde,2025-09-15,openregister,refactor(solr): Phase 2 - Move unique SOLR logic to GuzzleSolrService,14283/119/02,high,false
1bfd62791b51ca4dfe2f0955167b68ae805cf4f5,Ruben van der Linde,2025-09-15,openregister,Merge pull request #598 from ConductionNL/feature/solr-testing-enhancements,14283/119/02,high,true
566dd4806f5fccd33048b6e9ba0f93ebde2a922b,Ruben van der Linde,2025-09-15,openregister,Merge pull request #598 from ConductionNL/feature/solr-testing-enhancements,14283/119/02,high,true
3b053569371a3b045fa9a5c9b27ce56b634e61a1,Ruben van der Linde,2025-09-15,openregister,test(solr): add comprehensive unit tests for error reporting and URL building edge cases,14283/119/02,high,false
ef27d1ffa79e80188424e2c96f8c696cdce2a8c1,Ruben van der Linde,2025-09-15,openregister,test(solr): add comprehensive unit tests for error reporting and URL building edge cases,14283/119/02,high,false
3654caeee6b422e073fc31291bfa94864b62054a,Ruben van der Linde,2025-09-15,openregister,fix(solr): enhance SOLR setup error reporting and fix remaining port issues,14283/119/02,high,false
629685ad7a97fd205db6d683a3918c908430a877,Ruben van der Linde,2025-09-15,openregister,fix(solr): enhance SOLR setup error reporting and fix remaining port issues,14283/119/02,high,false
65ba9b9cd679d37e01a2f002dd5c8c74357cedda,Ruben van der Linde,2025-09-15,openregister,Merge pull request #597 from ConductionNL/feature/solr-testing-enhancements,14283/119/02,high,true
9e9ee1178861da94885d1445dabd4fbf765b6f81,Ruben van der Linde,2025-09-15,openregister,Merge pull request #597 from ConductionNL/feature/solr-testing-enhancements,14283/119/02,high,true
c3701c709da86ef4b30b867900e8dbf3712f59c9,Ruben van der Linde,2025-09-15,openregister,feat(testing): expand unit tests to cover ALL 25+ SettingsController endpoints,14283/119/02,low,false
b53b233e028daf572f6c228a7594270c041145d8,Ruben van der Linde,2025-09-15,openregister,feat(testing): expand unit tests to cover ALL 25+ SettingsController endpoints,14283/119/02,low,false
33dfd42a33810ffd2ac5ba42d90df694402cacf6,Ruben van der Linde,2025-09-15,openregister,feat(testing): add comprehensive unit tests to prevent json_decode Stream bugs,14283/120/02,medium,false
03bac727eefdedbe9417587e3eafeb66b6dcf4b2,Ruben van der Linde,2025-09-15,openregister,feat(testing): add comprehensive unit tests to prevent json_decode Stream bugs,14283/120/02,medium,false
1db30f2b21db48a67e20c921e49db0f6ce1f23fc,Ruben van der Linde,2025-09-15,openregister,fix(solr): cast Guzzle response body to string for json_decode,14283/119/02,high,false
8bf8c1954e8efb8d4f69ae2e740062cf49c5f8af,Ruben van der Linde,2025-09-15,openregister,fix(solr): cast Guzzle response body to string for json_decode,14283/119/02,high,false
49bd0e9b4db57d63195a1296d8eced80cddd2e8d,Ruben van der Linde,2025-09-15,openregister,Merge pull request #596 from ConductionNL/feature/solr-testing-enhancements,14283/119/02,high,true
e372480a7d9f58eeab9db7be1de7ff730d46cbee,Ruben van der Linde,2025-09-15,openregister,Merge pull request #596 from ConductionNL/feature/solr-testing-enhancements,14283/119/02,high,true
4fb9fc3a4be22128d7752b275e5e39267a59061b,Wilco Louwerse,2025-09-15,openregister,w.i.p. on making sure all existing Unit tests pass,14283/119/01,low,false
4d900743182f397191c4a052215c5ea09c0c2ece,Ruben van der Linde,2025-09-15,openregister,docs(solr): add TODO for future Nextcloud HTTP client usage,14283/119/02,high,false
57843f2eadea888a626357b5dbfdb7c7ec9e6870,Ruben van der Linde,2025-09-15,openregister,docs(solr): add TODO for future Nextcloud HTTP client usage,14283/119/02,high,false
4fbcd675687a74ee6b2c53dde99eaaa7ee9b1ea7,Ruben van der Linde,2025-09-15,openregister,fix(solr): use direct Guzzle client to bypass Nextcloud restrictions,14283/119/02,high,false
8195aaaf46ff28a311141186c26ede4e7ec42584,Ruben van der Linde,2025-09-15,openregister,fix(solr): use direct Guzzle client to bypass Nextcloud restrictions,14283/119/02,high,false
aaece0a58c912145e41a5c163f03307ce71c587a,Ruben van der Linde,2025-09-15,openregister,fix(solr): allow local network access for HTTP client,14283/119/02,high,false
1343bc3a65e3d38a29426ae57c15c912012ec2b3,Ruben van der Linde,2025-09-15,openregister,fix(solr): allow local network access for HTTP client,14283/119/02,high,false
4d9674ade9d9cdcfd599d452397261887d96d549,Ruben van der Linde,2025-09-15,openregister,fix: resolve undefined variable $smartBypass error,14283/120/02,medium,false
723457147c4d2071664126d20deba54aa8fc50da,Ruben van der Linde,2025-09-15,openregister,fix: resolve undefined variable $smartBypass error,14283/120/02,medium,false
ceabc277422648fbf98546a169e95723d334529a,Ruben van der Linde,2025-09-15,openregister,Merge pull request #595 from ConductionNL/feature/solr-testing-enhancements,14283/119/02,high,true
71333e1906df50ae71251db223b51a3d9f30271d,Ruben van der Linde,2025-09-15,openregister,Merge pull request #595 from ConductionNL/feature/solr-testing-enhancements,14283/119/02,high,true
d03423cc7c554aab32019035b6ee23bdd1bc924c,Ruben van der Linde,2025-09-15,openregister,feat(solr): centralize SOLR operations and enhance error messages,14283/119/02,high,false
3c3242e297a9714fc0cd93bdcfdda9728d2a4cd1,Ruben van der Linde,2025-09-15,openregister,feat(solr): centralize SOLR operations and enhance error messages,14283/119/02,high,false
3034aed021b2ec902600e089bb90592c3892cd8c,Ruben van der Linde,2025-09-15,openregister,feat(solr): enhance GuzzleSolrService with comprehensive testing methods,14283/119/02,high,false
1d33fb330f65ae7e8c55f8196f665df5751d5a41,Ruben van der Linde,2025-09-15,openregister,feat(solr): enhance GuzzleSolrService with comprehensive testing methods,14283/119/02,high,false
7f13793ebc336635fb284db9f180fcf8758dc506,Ruben van der Linde,2025-09-15,openregister,fix(solr): exclude port from URL when port is 0,14283/119/02,high,false
1e56976ef491fd9344b0eb5b658c237889726569,Ruben van der Linde,2025-09-15,openregister,fix(solr): exclude port from URL when port is 0,14283/119/02,high,false
7b5523a311167f5659a453e80a620f5674fc4778,Barry Brands,2025-09-15,openregister,Added the Client Register config,14283/119/02,medium,false
d9e25d21fe8a1a7aa4179b610945ec9fe0c7568b,Barry Brands,2025-09-15,openregister,Added the Client Register config,14283/119/02,medium,false
aa76a67ac73b01fb54a4bdacaa8ca12a8a2c9f28,Barry Brands,2025-09-15,openregister,Removed searchService in ConfigurationsController,14283/119/02,high,false
7b866761e98276c4a9052c0be8ce686adfac111a,Barry Brands,2025-09-15,openregister,Removed searchService in ConfigurationsController,14283/119/02,high,false
ae96ceccae6671a2f06b66364ae19663e1cde5da,Ruben van der Linde,2025-09-15,openregister,Merge pull request #593 from ConductionNL/feature/solr-testing-enhancements,14283/119/02,high,true
8776873984545677d85ef9397e47b926618eb2d7,Ruben van der Linde,2025-09-15,openregister,Merge pull request #593 from ConductionNL/feature/solr-testing-enhancements,14283/119/02,high,true
1df6eba291c409a16be1e9e596f1d19f142d6386,Ruben van der Linde,2025-09-15,openregister,fix(solr): remove orphaned code in searchObjects method causing syntax error,14283/119/02,high,false
041524d55ade30709941f48ed028bedbc27c1f84,Ruben van der Linde,2025-09-15,openregister,fix(solr): remove orphaned code in searchObjects method causing syntax error,14283/119/02,high,false
77ef5739dbbae65e3d58fab25c64141670a7f50e,Ruben van der Linde,2025-09-15,openregister,fix(solr): resolve critical PHP syntax error and complete Kubernetes service support,14283/119/02,high,false
df08d9e81fa73844cb494081b522eb481d2985ba,Ruben van der Linde,2025-09-15,openregister,fix(solr): resolve critical PHP syntax error and complete Kubernetes service support,14283/119/02,high,false
7f4845c5c594f1e974b32c9fe421ebf7d7e0e7f4,Ruben van der Linde,2025-09-15,openregister,Merge pull request #592 from ConductionNL/feature/solr-testing-enhancements,14283/119/02,high,true
880f6e1395d1026ca169ff29d978313508ada236,Ruben van der Linde,2025-09-15,openregister,Merge pull request #592 from ConductionNL/feature/solr-testing-enhancements,14283/119/02,high,true
ca3f531708193225690076ae18c43f4a162cb549,Ruben van der Linde,2025-09-15,openregister,fix(solr): update SolrSchemaService to handle Kubernetes service names,14283/119/02,high,false
85e0697503749981ebe02214d4e7a311bc3674b8,Ruben van der Linde,2025-09-15,openregister,fix(solr): update SolrSchemaService to handle Kubernetes service names,14283/119/02,high,false
ebaaa86b2d4a36b924c4595cab34578d1182b140,Ruben van der Linde,2025-09-15,openregister,fix(solr): remove automatic port defaulting for proper Kubernetes service support,14283/119/02,high,false
622d68f5b443064ad8982fe17a8c1cf5f3c59274,Ruben van der Linde,2025-09-15,openregister,fix(solr): remove automatic port defaulting for proper Kubernetes service support,14283/119/02,high,false
05648d9220543b3efe4e6f15b6047c627d3d8128,Ruben van der Linde,2025-09-15,openregister,fix(solr): handle Kubernetes service names properly in URL construction,14283/119/02,high,false
49ba3d3f41810472aab8b37f745a5b7b353a3227,Ruben van der Linde,2025-09-15,openregister,fix(solr): handle Kubernetes service names properly in URL construction,14283/119/02,high,false
cc038dbcb799febe642e2759215e7a4b6bc43341,Ruben van der Linde,2025-09-15,openregister,feat(solr): merge SOLR testing enhancements from development,14283/119/02,high,false
efd045b88b3d3099e3424b59ee3adf86973bd892,Ruben van der Linde,2025-09-15,openregister,feat(solr): merge SOLR testing enhancements from development,14283/119/02,high,false
8767751cb00a50ebea0b6131bdee9b0b17c7ffb3,Ruben van der Linde,2025-09-14,openregister,feat(changelog): add changelog-ci configuration for automated release notes,14283/120/01,low,false
95bcba7cc63087aa882c2e9af1aa460215fc951e,Ruben van der Linde,2025-09-14,openregister,feat(changelog): add changelog-ci configuration for automated release notes,14283/120/01,low,false
84df94d2eba0fe4ceff6a70db897580c3a04e3c1,Ruben van der Linde,2025-09-15,openregister,feat: Remove authentication requirements from names endpoints,14283/119/02,low,false
b4168c28376d20a27cf5aa8d97529136f112a48e,Ruben van der Linde,2025-09-15,openregister,feat: Remove authentication requirements from names endpoints,14283/119/02,low,false
5b8335b9801b422bb1f08285b36efadccb85f446,Ruben van der Linde,2025-09-15,openregister,fix(solr): improve basic SOLR connectivity test with multiple endpoint fallback,14283/119/02,high,false
7bb3a471d8cba9a28166a19eaf330d98c79fc974,Ruben van der Linde,2025-09-15,openregister,fix(solr): improve basic SOLR connectivity test with multiple endpoint fallback,14283/119/02,high,false
071deddb517fa0acaab5a2f2ffd2b09b69cc50c1,Ruben van der Linde,2025-09-15,openregister,feat(solr): enhance SOLR testing with separated connectivity and query tests,14283/119/02,high,false
6d241f11f4ee2daea2e8cfb8401222c8de71c7d6,Ruben van der Linde,2025-09-15,openregister,feat(solr): enhance SOLR testing with separated connectivity and query tests,14283/119/02,high,false
450b43aebc7ff0c1a33a93a9b9494d8142ffdb5c,Ruben van der Linde,2025-09-14,openregister,feat(changelog): add changelog-ci configuration for automated release notes,14283/120/01,low,false
aca6b5e1e7b5e6fffc97bbaa9714216e088d3ff4,Ruben van der Linde,2025-09-14,openregister,feat(changelog): add changelog-ci configuration for automated release notes,14283/120/01,low,false
948c476d54b74af128038b4a01b25335edb034fe,Ruben van der Linde,2025-09-14,openregister,Merge pull request #590 from ConductionNL/hotfix/solr-dashboard-loading-fix,14283/119/02,high,true
14ccceee8348944904a067cdb40c291d16b1b8f1,Ruben van der Linde,2025-09-14,openregister,Merge pull request #590 from ConductionNL/hotfix/solr-dashboard-loading-fix,14283/119/02,high,true
d2bfed0ec6006d625e0f1dd472e619abe59ba4b0,Ruben van der Linde,2025-09-14,openregister,Transform SOLR Setup dialog with rich data visualization,14283/119/02,high,false
c81be6f23cdf0e745e5941e1903ef644024e179d,Ruben van der Linde,2025-09-14,openregister,Transform SOLR Setup dialog with rich data visualization,14283/119/02,high,false
5bb74e12a1ff16e9a9072a4e6aa2c83109f6bcb0,Ruben van der Linde,2025-09-14,openregister,Enhance SOLR test dialog with professional design and rich data display,14283/119/02,high,false
ebc2a8f311e1907d5b72403b30ee2c40c6f3e4c2,Ruben van der Linde,2025-09-14,openregister,Enhance SOLR test dialog with professional design and rich data display,14283/119/02,high,false
97f6e88bf260ea82868740a6a13936507da55690,Ruben van der Linde,2025-09-14,openregister,Fix SOLR connection status display logic,14283/119/02,high,false
74294ede1f613ab58c378f9cd512cf217e97b370,Ruben van der Linde,2025-09-14,openregister,Fix SOLR connection status display logic,14283/119/02,high,false
882fff1eed5cbb6c452081d52e0f3a383cb7b44e,Ruben van der Linde,2025-09-14,openregister,feat: Refactor OpenRegister settings to modular architecture with Pinia store,14283/119/01,medium,false
dd1c59965085fe7116b1cc3b2f47be38c8771fe6,Ruben van der Linde,2025-09-14,openregister,feat: Refactor OpenRegister settings to modular architecture with Pinia store,14283/119/01,medium,false
01b6bbc4e4797ae01fd473a1a6b1b9c1b6b93edb,Ruben van der Linde,2025-09-14,openregister,Merge pull request #589 from ConductionNL/hotfix/solr-dashboard-loading-fix,14283/119/02,high,true
8788598168c8b5a3145bb35ac9e5d013bb427adf,Ruben van der Linde,2025-09-14,openregister,Merge pull request #589 from ConductionNL/hotfix/solr-dashboard-loading-fix,14283/119/02,high,true
4085b91ef3447b1729f96e0b7941e1d9a4ae82f2,Ruben van der Linde,2025-09-14,openregister,hotfix: Fix SOLR dashboard infinite loading when SOLR is unavailable,14283/119/02,high,false
86ca0887d95c288afd618be592abee606ba5bdf1,Ruben van der Linde,2025-09-14,openregister,hotfix: Fix SOLR dashboard infinite loading when SOLR is unavailable,14283/119/02,high,false
ee4aaaa3be2961118bfa42cd12df323e34a63414,Ruben van der Linde,2025-09-14,openregister,Merge pull request #588 from ConductionNL/feature/solr,14283/119/02,high,true
bcb4e9529ac2c9cebcd24e79bfd1942081cf08a6,Ruben van der Linde,2025-09-14,openregister,Merge pull request #588 from ConductionNL/feature/solr,14283/119/02,high,true
7979aa28d4f058e67ad1bdf9a9489c4e421d5964,Ruben van der Linde,2025-09-14,openregister,Still running fixes on SOLR,14283/119/02,high,false
03718ff7c7547063a26de6a1f8dd20869d702762,Ruben van der Linde,2025-09-14,openregister,Still running fixes on SOLR,14283/119/02,high,false
2609a00b4f84d88e1491439e1f5af9b2b6ad0bbb,Ruben van der Linde,2025-09-13,openregister,Further work on making solr maintanable,14283/119/02,high,false
694e72e5c83f0d697c2df3d96248fb462a579fc6,Ruben van der Linde,2025-09-13,openregister,Further work on making solr maintanable,14283/119/02,high,false
97160e4823ab35380eb3ee94a59701806248c611,Wilco Louwerse,2025-09-12,openregister,Added unit tests for all Controllers,14283/119/01,low,false
47a546a351f185642600879ceef06c6516f3d3dc,Ruben van der Linde,2025-09-12,openregister,Last (hot) fixes,14283/119/01,low,false
fbc79377bd3030d55719d012d99889220f9dea2b,Ruben van der Linde,2025-09-12,openregister,Last (hot) fixes,14283/119/01,low,false
e52e9ff389410643a1199671148c70f73807f318,Ruben van der Linde,2025-09-12,openregister,Merge pull request #587 from ConductionNL/feature/solr,14283/119/02,high,true
bc0b1554759892040b680ab228545853cb109446,Ruben van der Linde,2025-09-12,openregister,Merge pull request #587 from ConductionNL/feature/solr,14283/119/02,high,true
e4ff500956c45bda90d010d1dd28282b57a58a39,Ruben van der Linde,2025-09-12,openregister,Merge remote-tracking branch 'origin/feature/solr' into feature/solr,14283/119/02,high,true
5ef862fa7861d75637f21c1f507b1e73780a5901,Ruben van der Linde,2025-09-12,openregister,Merge remote-tracking branch 'origin/feature/solr' into feature/solr,14283/119/02,high,true
12fa2ab61ab42a693022108c0fa4adcb116e3a47,Ruben van der Linde,2025-09-12,openregister,Clearing up the solr documents,14283/119/02,high,false
1b245033d97f2d931746f036ac78ba7271bbb2f4,Ruben van der Linde,2025-09-12,openregister,Clearing up the solr documents,14283/119/02,high,false
d5e3da531e13b32f9ce427cefe362d1f89bf7d78,Ruben van der Linde,2025-09-12,openregister,fixing the dubble index,14283/119/02,high,false
2e63bfb2f5101abd91e6ace9e0d2dff374d28694,Ruben van der Linde,2025-09-12,openregister,fixing the dubble index,14283/119/02,high,false
e7129ff19587264faf9e42e263cbd0981807357f,Ruben van der Linde,2025-09-11,openregister,Testing bulk import and clearing up the cash,14283/119/02,high,false
19cccbf7c9574ccbbf8f3ee172e53f90dac2b89d,Ruben van der Linde,2025-09-11,openregister,Testing bulk import and clearing up the cash,14283/119/02,high,false
1d0defacb4bc3cb124161387694f6645a22ba6a1,Wilco Louwerse,2025-09-11,openregister,Make sure all unit tests pass,14283/119/01,low,false
94005ea25d19b4af3a3eda8fbf2d5ace486f2437,Robert Zondervan,2025-09-11,openregister,Remove Nextcloud 29 from composer,14283/119/01,high,false
83505eb3ee635b0a8bd1ef3cad494b5d04bca640,Robert Zondervan,2025-09-11,openregister,Remove Nextcloud 29 from composer,14283/119/01,high,false
86c51b65ae7260a23fda61672c2e9437640813d4,Ruben van der Linde,2025-09-11,openregister,Frotnend fixes,14283/119/01,low,false
4311417c5de73149062c3f95b3fdb0b876898d68,Ruben van der Linde,2025-09-11,openregister,Frotnend fixes,14283/119/01,low,false
827fc88aab9cf142e02158f9050c1e654e20ae33,Ruben van der Linde,2025-09-11,openregister,Testing the bulk indexing,14283/119/02,high,false
d12e6b3e6e700720feccde6828ecd6caca69df09,Ruben van der Linde,2025-09-11,openregister,Testing the bulk indexing,14283/119/02,high,false
28e83c732bc69c9fabeedce4bf668be2ad1900b5,Ruben van der Linde,2025-09-11,openregister,Setting up the correct wiiring,14283/119/01,low,false
5f4b8ecc03479c34aaa151bd77f0e5afee7991ad,Ruben van der Linde,2025-09-11,openregister,Setting up the correct wiiring,14283/119/01,low,false
063f5e70e0cb3c24a0e563cb987dea23f52bd6c9,Ruben van der Linde,2025-09-11,openregister,implementing solr search,14283/119/02,high,false
6008a84fa2bd0816e562f353532c0d5c40a6798d,Ruben van der Linde,2025-09-11,openregister,implementing solr search,14283/119/02,high,false
516e94f51282a5d84a038a6005652ca81808dca4,Ruben van der Linde,2025-09-11,openregister,First succefull test on solr,14283/119/02,high,false
1302c214837a58c08a38d448e49ac0b7ed3ad38c,Ruben van der Linde,2025-09-11,openregister,First succefull test on solr,14283/119/02,high,false
6a48855668afd9788822ec08c3f075284267ff79,Ruben van der Linde,2025-09-10,openregister,Fixing the migrations,14283/119/01,high,false
ffe54c8c52f03aba9d973bac7a5a347b0944ef83,Ruben van der Linde,2025-09-10,openregister,Fixing the migrations,14283/119/01,high,false
c3f89631ed568f07867f89a2fcacd47cd40d8c4f,Ruben van der Linde,2025-09-10,openregister,Solr and bug fixes on updated,14283/119/02,high,false
bfd171caaca33c88b555ba9e0b1898f13386e4ee,Ruben van der Linde,2025-09-10,openregister,Solr and bug fixes on updated,14283/119/02,high,false
cd16f79ff9fca59eeaed1df7fd799db3e149aae9,Ruben van der Linde,2025-09-10,openregister,Solr WIP,14283/119/02,high,false
ed452bcef6657eaf043c738071632ad676262a68,Ruben van der Linde,2025-09-10,openregister,Solr WIP,14283/119/02,high,false
149180a39a9b1ef6d3df6996d7178e9838d32371,Ruben van der Linde,2025-09-10,openregister,Further work on the solr index,14283/119/02,high,false
7019c0a088a797c3b42e3c4bdd8341e050bacb76,Ruben van der Linde,2025-09-10,openregister,Further work on the solr index,14283/119/02,high,false
fd1e01a8954ffc74c2dedc9eae3212de63bd9d7c,Ruben van der Linde,2025-09-10,openregister,Merge pull request #586 from ConductionNL/feature/solr,14283/119/02,high,true
17267863d9fc19479d985e4af787c2435b72d766,Ruben van der Linde,2025-09-10,openregister,Merge pull request #586 from ConductionNL/feature/solr,14283/119/02,high,true
45f847855156b0d77f48dd8aa61393c8ad900d9c,Ruben van der Linde,2025-09-10,openregister,Merge remote-tracking branch 'origin/development' into feature/solr,14283/119/02,high,true
0454b095f492d4288f30051476ea7cd9cda8ad51,Ruben van der Linde,2025-09-10,openregister,Merge remote-tracking branch 'origin/development' into feature/solr,14283/119/02,high,true
4a9854a15ab4279733791453a6a668725872f075,Ruben van der Linde,2025-09-10,openregister,Buffing out solr and the migrations,14283/119/02,high,false
37918fdb5f415bc2eda6ca25ce03d2e418c5df57,Ruben van der Linde,2025-09-10,openregister,Buffing out solr and the migrations,14283/119/02,high,false
a3e6de09b805c19c0fd0748ef1c4446b625d4508,Ruben van der Linde,2025-09-09,openregister,Lets setup solr,14283/119/02,high,false
87fd50892014a5c7b2302946a8ecafbcd7160db8,Ruben van der Linde,2025-09-09,openregister,Lets setup solr,14283/119/02,high,false
0b65fa435c9c4aa53a3bc8ffe789ee2de2f546bd,Wilco Louwerse,2025-09-09,openregister,Added tests for a few more services + fixes,14283/119/01,low,false
882bca8d596b4aaa93e66fe6afbdc49650537ddf,Wilco Louwerse,2025-09-09,openregister,Added test coverage for all services,14283/119/01,low,false
147a49f4c89f1faa5f697c013f49035db99f577f,Robert Zondervan,2025-09-09,openregister,Most recent versions of ZGW,14283/119/01,low,false
f18c78160f442df46b4fd99545fdd406334bbb13,Robert Zondervan,2025-09-09,openregister,Merge pull request #585 from ConductionNL/hotfix/limits,14283/119/01,low,true
30dd9a93eeb596b657826d1cf3d70dcf010866ac,Robert Zondervan,2025-09-09,openregister,Merge pull request #585 from ConductionNL/hotfix/limits,14283/119/01,low,true
3086a19a53a53f30a49a51c7255118a92a79477a,Robert Zondervan,2025-09-09,openregister,Softwarecatalog hotfix: allow requesting up to 500 objects,14283/119/02,high,false
17dbe07bc908697533025e6be26749892d34d5da,Robert Zondervan,2025-09-09,openregister,Softwarecatalog hotfix: allow requesting up to 500 objects,14283/119/02,high,false
56444b7969d7fb58d946cfa71af1c6bac9da5245,Ruben van der Linde,2025-09-09,openregister,Verder werken op de name import,14283/119/02,high,false
d57f1a7043df4a4617bdcf38a0856890a843421b,Ruben van der Linde,2025-09-09,openregister,Verder werken op de name import,14283/119/02,high,false
4ea75496b950d070e34a164f405d4069e55cccea,Ruben van der Linde,2025-09-08,openregister,OPtimizing the bulk import by running them in the database,14283/119/02,high,false
0d77b3b14ba5678043f67ad2c95169be5c39ecc8,Ruben van der Linde,2025-09-08,openregister,OPtimizing the bulk import by running them in the database,14283/119/02,high,false
a28f0c81ab81ecf8eeb6e08a06643ea80ae6ab17,Ruben van der Linde,2025-09-08,openregister,Still wokring on double object,14283/119/01,low,false
bf60d80c6b0cf39eccfd40767f15e40abd79c312,Ruben van der Linde,2025-09-08,openregister,Still wokring on double object,14283/119/01,low,false
38de22111d36a3b1cf27e060c00a13c64f2e2742,Ruben van der Linde,2025-09-08,openregister,Merge pull request #584 from ConductionNL/feature/migrating-objects,14283/119/01,low,true
4714e764b2bac3e86f67c4e9fa67ce910ea9d362,Ruben van der Linde,2025-09-08,openregister,Merge pull request #584 from ConductionNL/feature/migrating-objects,14283/119/01,low,true
4f5c7a34b634fb50363380ea33ce9fa3a0d160c1,Ruben van der Linde,2025-09-08,openregister,Set proper data format,14283/119/01,low,false
ea08ac9d98eebf8f4fa16ed01ad08b7f39611e36,Ruben van der Linde,2025-09-08,openregister,Set proper data format,14283/119/01,low,false
e3c6518cb8736a750a7c2a1d234c70379ec253ab,Ruben van der Linde,2025-09-08,openregister,Lets allow objects to be autopublished if the schema requires it,14283/119/02,medium,false
c2d31f787555d9e3581634b621e1780bc5455d2e,Ruben van der Linde,2025-09-08,openregister,Lets allow objects to be autopublished if the schema requires it,14283/119/02,medium,false
d4c19fe2d0deb24fcbbbc23d41841409e7a1e3a4,Ruben van der Linde,2025-09-08,openregister,Merge pull request #583 from ConductionNL/feature/migrating-objects,14283/119/01,low,true
7202484e196e493d948ba741343f8607e6df4fa3,Ruben van der Linde,2025-09-08,openregister,Merge pull request #583 from ConductionNL/feature/migrating-objects,14283/119/01,low,true
b3546967be5b09527fc0b87a6d128f55baa4f9ab,Ruben van der Linde,2025-09-08,openregister,Autopublish objects,14283/119/01,low,false
a113ca0aeffd0cdca3e207ce164f233dfac46c9c,Ruben van der Linde,2025-09-08,openregister,Autopublish objects,14283/119/01,low,false
d7c09e2b50a4a69681f9436107a7562d6bafe119,Ruben van der Linde,2025-09-08,openregister,Merge pull request #582 from ConductionNL/feature/migrating-objects,14283/119/01,low,true
da6e1c6be5f8e1187065580108e6512d13224bb3,Ruben van der Linde,2025-09-08,openregister,Merge pull request #582 from ConductionNL/feature/migrating-objects,14283/119/01,low,true
a3f6aa945cc856785e8f587becc272c1e8cf1067,Ruben van der Linde,2025-09-08,openregister,Setting up names service,14283/119/01,low,false
5cc2c1f22eca318b794ed9b30b71921166b1a4f2,Ruben van der Linde,2025-09-08,openregister,Setting up names service,14283/119/01,low,false
9a8f8592667d2844ad3f33c7573cd4952fd2970a,Ruben van der Linde,2025-09-07,openregister,Merge pull request #581 from ConductionNL/feature/migrating-objects,14283/119/01,low,true
1f79e1e335797cc1a2c40f3f40b162f42e1e6237,Ruben van der Linde,2025-09-07,openregister,Merge pull request #581 from ConductionNL/feature/migrating-objects,14283/119/01,low,true
8ad6a72e17da9272f1a5c717f6893466b5d8fa2e,Ruben van der Linde,2025-09-07,openregister,Migration and service hotvix,14283/119/01,high,false
a34ad38809de4a2387aae20f13284a0bf9f55ccc,Ruben van der Linde,2025-09-07,openregister,Migration and service hotvix,14283/119/01,high,false
f02ae0c0e14c2528e886fe536cb99d0b1339425f,Ruben van der Linde,2025-09-07,openregister,Merge pull request #580 from ConductionNL/feature/migrating-objects,14283/119/01,low,true
b7d0075803ee78853adda6022cc1bc42e2e6d635,Ruben van der Linde,2025-09-07,openregister,Merge pull request #580 from ConductionNL/feature/migrating-objects,14283/119/01,low,true
bf819abc6fc762f8066f0061285619f25d6c041f,Ruben van der Linde,2025-09-07,openregister,Fixing the imports,14283/119/02,high,false
f3a67cfa0365e7a0df57dacb77972c6ad09fa7b8,Ruben van der Linde,2025-09-07,openregister,Fixing the imports,14283/119/02,high,false
ec711d76b1025978827a9afbf28847e79017e3bd,Wilco Louwerse,2025-09-05,openregister,put back SearchController tests,14283/119/02,high,false
3706012f2353c22c78f4582c8bae0f8ede181fa5,Wilco Louwerse,2025-09-05,openregister,Removed all skipped tests & fixed some tests that got changed a lot,14283/119/01,low,false
bc1393ec15af0963f6890b3fae176099778148b2,Wilco Louwerse,2025-09-05,openregister,Make sure all existing unit tests work,14283/119/01,low,false
902f092c35f3e07cc58901079dcb6fa54ff02ae4,Ruben van der Linde,2025-09-04,openregister,Merge pull request #579 from ConductionNL/feature/migrating-objects,14283/119/01,low,true
89726439352ac10b88f337953d633766cf9b80d0,Ruben van der Linde,2025-09-04,openregister,Merge pull request #579 from ConductionNL/feature/migrating-objects,14283/119/01,low,true
78a3cdeac34ca1799f580cb53963f422b180e6e7,Ruben van der Linde,2025-09-04,openregister,Hotfix: Cashin,14283/119/01,low,false
3103a3fd516ac4f470fd27d0d2ec136df503e4b9,Ruben van der Linde,2025-09-04,openregister,Hotfix: Cashin,14283/119/01,low,false
6390f1e3e9c4756f94d3a525acd11bbd5f754cbd,Wilco Louwerse,2025-09-04,openregister,w.i.p. fixing existing unit tests (Some changes need review/revert),14283/119/02,medium,false
d3e6d11e4de3a8d3171bdfc4c31b984765f80123,Ruben van der Linde,2025-09-04,openregister,Hotfix: RBAC,14283/120/01,high,false
822a3d681457ff8ca96fc7bb4ee1029ca4a95897,Ruben van der Linde,2025-09-04,openregister,Hotfix: RBAC,14283/120/01,high,false
d887258412e8c331e8e29460feb61ef66dbc017a,Ruben van der Linde,2025-09-04,openregister,Merge pull request #578 from ConductionNL/feature/migrating-objects,14283/119/01,low,true
f096064831e2a741f9664b1abb9b5bc791c65f19,Ruben van der Linde,2025-09-04,openregister,Merge pull request #578 from ConductionNL/feature/migrating-objects,14283/119/01,low,true
02b6f33dfe602231f4a840e9f506b3fa95cccc74,Ruben van der Linde,2025-09-04,openregister,Fix for deleting object,14283/119/01,low,false
e59868b2ff5b39de0af68699875f92937e89d7d6,Ruben van der Linde,2025-09-04,openregister,Fix for deleting object,14283/119/01,low,false
4d9392d7f7bf89c70de2ab9b40a2e7a2402bbe82,Ruben van der Linde,2025-09-04,openregister,Merge pull request #577 from ConductionNL/feature/migrating-objects,14283/119/01,low,true
dfd0e7bf8c3802ab81f45f40abebf021a2b222ed,Ruben van der Linde,2025-09-04,openregister,Merge pull request #577 from ConductionNL/feature/migrating-objects,14283/119/01,low,true
97aefb014ec6c3453a06a6382a99237ad290fa3d,Ruben van der Linde,2025-09-04,openregister,Making the migration setup save,14283/119/01,high,false
f7ec470091f69d19d3f7dface58250d840c80652,Ruben van der Linde,2025-09-04,openregister,Making the migration setup save,14283/119/01,high,false
8e3ce2fb4511790821bcb2810f4e95cdc6015927,Ruben van der Linde,2025-09-04,openregister,Merge pull request #576 from ConductionNL/feature/migrating-objects,14283/119/01,low,true
a680b3192d1f8247df2f50621ae2eb5715baf829,Ruben van der Linde,2025-09-04,openregister,Merge pull request #576 from ConductionNL/feature/migrating-objects,14283/119/01,low,true
dc7d335fbcd3177e866000f494957e0617992cc4,Ruben van der Linde,2025-09-04,openregister,Speed optimalization,14283/119/01,low,false
3c809e42d7a13bb22ef861f38e12fbb56660c58d,Ruben van der Linde,2025-09-04,openregister,Speed optimalization,14283/119/01,low,false
e6fa7b3c1f49fe901b537e673cccec5adc367495,Ruben van der Linde,2025-09-04,openregister,Merge pull request #575 from ConductionNL/feature/migrating-objects,14283/119/01,low,true
dbe9a446cc5f179e76f7eb0eb8bee897a74098c0,Ruben van der Linde,2025-09-04,openregister,Merge pull request #575 from ConductionNL/feature/migrating-objects,14283/119/01,low,true
1ea1056e8c60f4948ba6dc10ea8295cb4de810d2,Ruben van der Linde,2025-09-04,openregister,Annother perfomance hotfix,14283/119/01,low,false
22ed0126c7749c824de2daab969abcb3be0ee31d,Ruben van der Linde,2025-09-04,openregister,Annother perfomance hotfix,14283/119/01,low,false
66e7ed4acc2a533e1c1e3158013f2f12d61813c9,Ruben van der Linde,2025-09-04,openregister,Merge pull request #574 from ConductionNL/feature/migrating-objects,14283/119/01,low,true
533c98ad14975a0cf7152095ecbc4d71630e794b,Ruben van der Linde,2025-09-04,openregister,Merge pull request #574 from ConductionNL/feature/migrating-objects,14283/119/01,low,true
3976d9b4654768d5bc98ae3aa5660fa21d000f02,Ruben van der Linde,2025-09-04,openregister,linting fix,14283/119/01,low,false
a6b8330a09d0777a92a9664620458f588892ebb6,Ruben van der Linde,2025-09-04,openregister,linting fix,14283/119/01,low,false
17d28146e359d3051ceeba7c5b805977f27c98e2,Ruben van der Linde,2025-09-04,openregister,Perfomance optimalisatie,14283/119/01,low,false
7a67a5789017fb485fd612c0ce4682ca298c408f,Ruben van der Linde,2025-09-04,openregister,Perfomance optimalisatie,14283/119/01,low,false
5060896cc1aa2ecebc3b06d9aa7c96e62bd649bc,Ruben van der Linde,2025-09-04,openregister,Merge pull request #573 from ConductionNL/feature/migrating-objects,14283/119/01,low,true
90ce59a4872e95d737d03ebc95f3542529a02a3f,Ruben van der Linde,2025-09-04,openregister,Merge pull request #573 from ConductionNL/feature/migrating-objects,14283/119/01,low,true
28126a57c01513fcd74a81a5d97ec727406b13c9,Ruben van der Linde,2025-09-04,openregister,Authentication and invalidation,14283/120/01,high,false
1239741b4ef9cb105ced33b7775cc47924d7c9ed,Ruben van der Linde,2025-09-04,openregister,Authentication and invalidation,14283/120/01,high,false
fe0bba0552d9df6fad90d8f9ba4bc7d642521cd6,Ruben van der Linde,2025-09-03,openregister,Merge pull request #572 from ConductionNL/feature/migrating-objects,14283/119/01,low,true
4770d5e9c4be0fd7a30354d555ed3a41cc8063ec,Ruben van der Linde,2025-09-03,openregister,Merge pull request #572 from ConductionNL/feature/migrating-objects,14283/119/01,low,true
319080593d4709dd04b68df9c0da92ea39a7c841,Ruben van der Linde,2025-09-03,openregister,Small fixes on caching,14283/119/01,low,false
159c52ac796ed37a21484be94b6e56e02ee52c19,Ruben van der Linde,2025-09-03,openregister,Small fixes on caching,14283/119/01,low,false
6df1b46ffc99fca7fcfad35331c46b1ee88e0492,Wilco Louwerse,2025-09-02,openregister,Start fixing existing unit tests first,14283/119/01,low,false
d68d71d94fe6418dbe6dc408a480c793c21b5189,Ruben van der Linde,2025-09-02,openregister,Merge pull request #571 from ConductionNL/feature/migrating-objects,14283/119/01,low,true
0c90955576ebf03307cc1e483fff3f8db09eec3f,Ruben van der Linde,2025-09-02,openregister,Merge pull request #571 from ConductionNL/feature/migrating-objects,14283/119/01,low,true
f5a9e053737c3f80077bf6dd408422e3b314e71e,Ruben van der Linde,2025-09-02,openregister,Fixing some bugs,14283/119/01,low,false
796c13ca27f6272c2103e7f3c46ad400143c1959,Ruben van der Linde,2025-09-02,openregister,Fixing some bugs,14283/119/01,low,false
3f87f2d6ee6606f8ffc4a2ceda9831191389e229,Ruben van der Linde,2025-09-02,openregister,Merge pull request #570 from ConductionNL/feature/migrating-objects,14283/119/01,low,true
954c4b708a2986c32daf6631c19a00a03bef8494,Ruben van der Linde,2025-09-02,openregister,Merge pull request #570 from ConductionNL/feature/migrating-objects,14283/119/01,low,true
4fd32303d48b5507a6c7b35e42a9fa2a84071810,Ruben van der Linde,2025-09-02,openregister,Lets add some fallbacks,14283/119/01,low,false
c4d2bce8f31fff1f81f7168c7a215c70f4acbda8,Ruben van der Linde,2025-09-02,openregister,Lets add some fallbacks,14283/119/01,low,false
fb32ab9481c271edc0f2987e77f1a0375e338376,Ruben van der Linde,2025-09-02,openregister,Fixing some code errors,14283/120/02,medium,false
7b6837d16cc7ea69874891435db5ce7c6adaab9b,Ruben van der Linde,2025-09-02,openregister,Fixing some code errors,14283/120/02,medium,false
ff56adc3f364b49e7a05da958fcd02996eb2e1b7,Ruben van der Linde,2025-09-02,openregister,Merge pull request #569 from ConductionNL/feature/migrating-objects,14283/119/01,low,true
4acf1795be6ad2f940aaf5010fed2cb481e960b7,Ruben van der Linde,2025-09-02,openregister,Merge pull request #569 from ConductionNL/feature/migrating-objects,14283/119/01,low,true
5e1d2213e8bca3fe4938995ffc98a2500ffe5f94,Ruben van der Linde,2025-09-02,openregister,Fixing the migration,14283/119/01,high,false
7b42eea1b10e1aa54191bfa3dad202071a93f687,Ruben van der Linde,2025-09-02,openregister,Fixing the migration,14283/119/01,high,false
ed2e7c6d9ed9dc9f9d1479eb05701782995e9c15,Ruben van der Linde,2025-09-02,openregister,Merge pull request #568 from ConductionNL/feature/migrating-objects,14283/119/01,low,true
9092c75005d66e46f32c5b71a391f66d678b89e4,Ruben van der Linde,2025-09-02,openregister,Merge pull request #568 from ConductionNL/feature/migrating-objects,14283/119/01,low,true
82a7d0fde9af5277501c20b0c31945903ab47978,Ruben van der Linde,2025-09-02,openregister,Lets NOT do json search,14283/119/02,high,false
0a3309d04c84b37dc197cdb7fa2652dc67de614b,Ruben van der Linde,2025-09-02,openregister,Lets NOT do json search,14283/119/02,high,false
9212a1dff21a846f6e7a1bc58d6c225f166163fa,Ruben van der Linde,2025-09-02,openregister,Merge pull request #567 from ConductionNL/feature/migrating-objects,14283/119/01,low,true
2ea1002474bde47f773181ef3f52770294b6d646,Ruben van der Linde,2025-09-02,openregister,Merge pull request #567 from ConductionNL/feature/migrating-objects,14283/119/01,low,true
1367ae3378217c80ea7fbe33a8ee8bca5b4da8cd,Ruben van der Linde,2025-09-02,openregister,Speed improvements for swc,14283/119/01,low,false
4266cf51d80a5c6002af288d5cc1fd1177ae2da0,Ruben van der Linde,2025-09-02,openregister,Speed improvements for swc,14283/119/01,low,false
a9a7656c7e7d8c7b9386627a8a5ba8572609e2ba,Ruben van der Linde,2025-09-02,openregister,WIB,14283/119/01,low,false
6638d2fe566ba0dbef869d1ac930af41d40608ee,Ruben van der Linde,2025-09-02,openregister,WIB,14283/119/01,low,false
7b81104c2d7f79f2538488209ccec7def980c212,Ruben van der Linde,2025-09-02,openregister,Merge pull request #566 from ConductionNL/feature/migrating-objects,14283/119/01,low,true
d3bde25ac41ce9e004f82a34fe82ce36ad148566,Ruben van der Linde,2025-09-02,openregister,Merge pull request #566 from ConductionNL/feature/migrating-objects,14283/119/01,low,true
aaa07b261a55fb4395d00b17ed5a047b7d1d4d6c,Ruben van der Linde,2025-09-02,openregister,Remove the dub listener,14283/119/01,low,false
1ea37dec35530deb209c14e7ad2075312744f109,Ruben van der Linde,2025-09-02,openregister,Remove the dub listener,14283/119/01,low,false
dfa25b6609521afc6fd359acf2aa676a5cbda918,Ruben van der Linde,2025-09-01,openregister,Merge pull request #565 from ConductionNL/feature/migrating-objects,14283/119/01,low,true
09f8c8c817f27c90af746d957e12ad8e3be63038,Ruben van der Linde,2025-09-01,openregister,Merge pull request #565 from ConductionNL/feature/migrating-objects,14283/119/01,low,true
60e52d10a3373f122bfa6ddc0dd4d4efe536c8ad,Ruben van der Linde,2025-09-01,openregister,Hotfix: migration,14283/119/01,high,false
d0e81b4ef826bc50ffc197d903bcae6b3f3aab45,Ruben van der Linde,2025-09-01,openregister,Hotfix: migration,14283/119/01,high,false
3c312dc38511946e85d830bd8dc3dcad16ac379f,Ruben van der Linde,2025-09-01,openregister,Merge pull request #564 from ConductionNL/feature/migrating-objects,14283/119/01,low,true
2832b73cb66eedc2f74dc411904d54baf01fb8f0,Ruben van der Linde,2025-09-01,openregister,Merge pull request #564 from ConductionNL/feature/migrating-objects,14283/119/01,low,true
922a5ecac61b339e2f6ca3af07222d2eedaf382c,Ruben van der Linde,2025-09-01,openregister,Migrate objects between registers and schemas,14283/119/02,medium,false
4b1559f7149ea6ee2efac21125f45f89d7abcdaa,Ruben van der Linde,2025-09-01,openregister,Migrate objects between registers and schemas,14283/119/02,medium,false
a28ef3b2d8683c8d46dc2ecfe4736c754346e1f7,Ruben van der Linde,2025-09-01,openregister,Performance save,14283/119/01,low,false
4c20e7ff870172bfae886fa289b6d958041e5295,Ruben van der Linde,2025-09-01,openregister,Removed unesessery logger,14283/119/01,low,false
f2cdf78281d89b374b7511c8254310fa23fc874c,Ruben van der Linde,2025-09-01,openregister,Small performance fixed,14283/119/01,low,false
583e5b962b5d928859ff61953d151679c962a475,Ruben van der Linde,2025-09-01,openregister,Small performance fixed,14283/119/01,low,false
ea191520ee1d5c60952492de955138bf69ced3f3,Ruben van der Linde,2025-09-01,openregister,Merge pull request #563 from ConductionNL/hotfix/settingspage,14283/120/01,low,true
a322e59458f411f1798399b481eccaa0320b529b,Ruben van der Linde,2025-09-01,openregister,Merge pull request #563 from ConductionNL/hotfix/settingspage,14283/120/01,low,true
26e0ee2ecfdc24461023da7028ae6cc1521825e9,Ruben van der Linde,2025-09-01,openregister,Several fixes to the import services,14283/119/02,high,false
919b7f27f6e907c32d43fe6a226f425f9cd1528d,Ruben van der Linde,2025-09-01,openregister,Several fixes to the import services,14283/119/02,high,false
ef64aaa33441abcfdd1062084ffd4b488993f0be,Ruben van der Linde,2025-08-29,openregister,Fixing the bulk import,14283/119/02,high,false
76b87febe04d9c5087d22f62311d67564be169f2,Ruben van der Linde,2025-08-29,openregister,Fixing the bulk import,14283/119/02,high,false
c639dab38bc7022115d78193fbc5f189ce8f4971,Ruben van der Linde,2025-08-29,openregister,Hotfix: metadata in object when bulk importing,14283/119/02,high,false
bed2db65fc6f6d3f9b1081345a96a24a4e2dc40f,Ruben van der Linde,2025-08-29,openregister,Hotfix: metadata in object when bulk importing,14283/119/02,high,false
c4d58e9e8533efa31c0f91f24da3f3af51e307e5,Ruben van der Linde,2025-08-28,openregister,Hotfix on migration,14283/119/01,high,false
84e72f8b26a40f859c64e559a1cf7da35e25572c,Ruben van der Linde,2025-08-28,openregister,Hotfix on migration,14283/119/01,high,false
1177679a4ffe7537ad7b5537b4e1d8cfdaff8e2f,Ruben van der Linde,2025-08-28,openregister,Bulk save optimalization,14283/119/01,low,false
f2bf1090bd3101ed6fcf19541de8ec16eb2cb169,Ruben van der Linde,2025-08-28,openregister,Bulk save optimalization,14283/119/01,low,false
c4bef4897b102e8f06fc818db7366f1e0125ceb6,Ruben van der Linde,2025-08-28,openregister,Facitiing fixes,14283/119/01,low,false
4f10e74e6d4cd0b4df1b458ad735d05f80e62e92,Ruben van der Linde,2025-08-28,openregister,Facitiing fixes,14283/119/01,low,false
03e109c6542b024d936d7c2694dcec28dc26f0c8,Ruben van der Linde,2025-08-28,openregister,Merge pull request #558 from ConductionNL/hotfix/settingspage,14283/120/01,low,true
8a1fb7a2eae7b0226754de63a059f72914b8a43d,Ruben van der Linde,2025-08-28,openregister,Merge pull request #558 from ConductionNL/hotfix/settingspage,14283/120/01,low,true
c8dbb023a703ff5299b8f6ca5cbae0b2dcb24d15,Ruben van der Linde,2025-08-28,openregister,Lets remove all the error logs,14283/120/02,medium,false
1039a324a764cf0ba118224d8a772b22a3e618ff,Ruben van der Linde,2025-08-28,openregister,Lets remove all the error logs,14283/120/02,medium,false
e48557318231b27a46f882811f34fdd539a96393,Ruben van der Linde,2025-08-28,openregister,Merge pull request #557 from ConductionNL/hotfix/settingspage,14283/120/01,low,true
dc45bb9fb198565219435cc1f438172eaa9c2a4d,Ruben van der Linde,2025-08-28,openregister,Merge pull request #557 from ConductionNL/hotfix/settingspage,14283/120/01,low,true
8f7c5b807278e8e9e55d951a252caedff1f5959b,Ruben van der Linde,2025-08-28,openregister,Manny small fixes,14283/119/01,low,false
d178cc0d8e5d2cfe694e7f207fc35b8a7a099644,Ruben van der Linde,2025-08-28,openregister,Manny small fixes,14283/119/01,low,false
05af4f55705cbfef2e59c98522cdacd82e817694,Ruben van der Linde,2025-08-26,openregister,Merge pull request #556 from ConductionNL/hotfix/settingspage,14283/120/01,low,true
66fef5f7bca845267415082b4d992cbe60dd89ce,Ruben van der Linde,2025-08-26,openregister,Merge pull request #556 from ConductionNL/hotfix/settingspage,14283/120/01,low,true
18103a2b659884a5eb9f7bd6439cfceff4c3b5e9,Ruben van der Linde,2025-08-26,openregister,Fix unset and field bugs,14283/119/01,low,false
39ef09618b3e8ddfe6f30d688deb252634f9995a,Ruben van der Linde,2025-08-26,openregister,Fix unset and field bugs,14283/119/01,low,false
ec7b2084907098bfe5e601ad37209b79d1806b4d,Ruben van der Linde,2025-08-26,openregister,Merge pull request #555 from ConductionNL/hotfix/settingspage,14283/120/01,low,true
e2a9ccf0c3151fda7dfa72162e99cdccaa1ea98a,Ruben van der Linde,2025-08-26,openregister,Merge pull request #555 from ConductionNL/hotfix/settingspage,14283/120/01,low,true
7024adf0f5dc3bddc2bc6177ecc9f64f42c4ac2e,Ruben van der Linde,2025-08-26,openregister,Undo field filtering,14283/119/02,high,false
c68c60535f45ac86b299cd6a6bff98bfcdb21fc6,Ruben van der Linde,2025-08-26,openregister,Undo field filtering,14283/119/02,high,false
1a971870acccf9bc4c9d0c135dae55f985927748,Ruben van der Linde,2025-08-25,openregister,Merge pull request #554 from ConductionNL/hotfix/settingspage,14283/120/01,low,true
287f9ffbe6b31ec1406a028278cf96c155da64d9,Ruben van der Linde,2025-08-25,openregister,Merge pull request #554 from ConductionNL/hotfix/settingspage,14283/120/01,low,true
4dbfcc4092ab6ae1a7e4f434ec83c89b2a9b429f,Ruben van der Linde,2025-08-25,openregister,Third performance update,14283/119/01,low,false
881b621a3d01df0fcde18abc2fb8c4cf6dcc3c98,Ruben van der Linde,2025-08-25,openregister,Third performance update,14283/119/01,low,false
d443a7f36756ad60de07d1abe3c17a2e170d8483,Ruben van der Linde,2025-08-25,openregister,Second performance update,14283/119/01,low,false
b53b01b1d86687a3cc14f551f72c02ed5b86e084,Ruben van der Linde,2025-08-25,openregister,Second performance update,14283/119/01,low,false
8b6136e8ae0a2e07f56ec382b68b112cefd5279e,Ruben van der Linde,2025-08-25,openregister,First performance optimalization,14283/119/01,low,false
ca205259d0ad5a72528b920ff1301d9f7716d25f,Ruben van der Linde,2025-08-25,openregister,First performance optimalization,14283/119/01,low,false
da283053e7e6a737552a902bae89b62d77d54f3b,Ruben van der Linde,2025-08-25,openregister,Merge pull request #553 from ConductionNL/hotfix/settingspage,14283/120/01,low,true
c907d2e553d8a5935ceb36809a501e24f944631e,Ruben van der Linde,2025-08-25,openregister,Merge pull request #553 from ConductionNL/hotfix/settingspage,14283/120/01,low,true
8ebf8b5722734f4b45a5264283914e5f4e20224b,Ruben van der Linde,2025-08-25,openregister,Implementing heart beat meganism,14283/119/01,low,false
2d037dcc2d1c4c36adf4a7bf66c14910eb4ba95c,Ruben van der Linde,2025-08-25,openregister,Implementing heart beat meganism,14283/119/01,low,false
dc5a79c346050df775046a504660b82735b70062,Ruben van der Linde,2025-08-25,openregister,Merge pull request #552 from ConductionNL/hotfix/settingspage,14283/120/01,low,true
917be6bd6f9af1fb957e570cb4a3c6dcd3069e0f,Ruben van der Linde,2025-08-25,openregister,Merge pull request #552 from ConductionNL/hotfix/settingspage,14283/120/01,low,true
42c32084f79702b20b538cc843da52d5406ba832,Ruben van der Linde,2025-08-25,openregister,error_log en vardump uit code gehaald,14283/120/02,medium,false
03ca418908f09e214a965a90546dd8b4f3c8d120,Ruben van der Linde,2025-08-25,openregister,error_log en vardump uit code gehaald,14283/120/02,medium,false
9dcb5301b835a70b57879c76bdbed5af55062824,Ruben van der Linde,2025-08-25,openregister,Merge pull request #551 from ConductionNL/hotfix/settingspage,14283/120/01,low,true
7bc554c701fda4466b23cf9f8fed5a420e6fc86a,Ruben van der Linde,2025-08-25,openregister,Merge pull request #551 from ConductionNL/hotfix/settingspage,14283/120/01,low,true
5a88ca725b949448d569de96712f137c2ed658ac,Ruben van der Linde,2025-08-25,openregister,Fix for large dataset handling,14283/119/01,low,false
4a518b6964dc08c190b4e99f87e0d263e7bd6622,Ruben van der Linde,2025-08-25,openregister,Fix for large dataset handling,14283/119/01,low,false
bd8b8416c14499abfca7cefba5aaff5179a0496a,Ruben van der Linde,2025-08-25,openregister,Merge pull request #550 from ConductionNL/hotfix/settingspage,14283/120/01,low,true
efd35c0750c12105d3e862bdd20d55d88c684890,Ruben van der Linde,2025-08-25,openregister,Merge pull request #550 from ConductionNL/hotfix/settingspage,14283/120/01,low,true
e1b1df78c5ba18b4084367530ab6fcc86af89109,Ruben van der Linde,2025-08-25,openregister,Hotfixes on Import service,14283/119/02,high,false
3666fe89f863cd2d26b0e9abac3bf1cb13612cac,Ruben van der Linde,2025-08-25,openregister,Hotfixes on Import service,14283/119/02,high,false
eb475a73075a6fe78af4912ee3f67c6b40999fae,Ruben van der Linde,2025-08-25,openregister,Fixed closing x,14283/119/01,low,false
5eadc028eb1949ef90f71681c53374e517f84dd7,Ruben van der Linde,2025-08-25,openregister,Fixed closing x,14283/119/01,low,false
fc02a83314e1fb01372ab9d517b4324322b35140,Ruben van der Linde,2025-08-25,openregister,Hotfix on cashcclear,14283/119/01,low,false
ae20f37ea37a384933d525b6eaed73bbe115c0ca,Ruben van der Linde,2025-08-25,openregister,Hotfix on cashcclear,14283/119/01,low,false
5dd32ffc10ab81c987ba9a2ca4e8d49621b45c0f,Ruben van der Linde,2025-08-24,openregister,Merge pull request #549 from ConductionNL/hotfix/settingspage,14283/120/01,low,true
3d0b9f5186a1319651071c4e54a5420ab2b12fb8,Ruben van der Linde,2025-08-24,openregister,Merge pull request #549 from ConductionNL/hotfix/settingspage,14283/120/01,low,true
a1fb145a7b249c68e8843a0eba1f6bcd84d4f5cb,Ruben van der Linde,2025-08-24,openregister,Hotfix false field unique error,14283/120/02,medium,false
709c37f6fc00ffe7864ac1df94ca264ce8ede48c,Ruben van der Linde,2025-08-24,openregister,Hotfix false field unique error,14283/120/02,medium,false
a73a422f419f6537ec643a32262e9cb3e7214295,Ruben van der Linde,2025-08-24,openregister,Code cleanup afhter optimalization,14283/119/01,low,false
0641388d0fddc5c2ca9790ea1191ea3733dc141f,Ruben van der Linde,2025-08-24,openregister,Code cleanup afhter optimalization,14283/119/01,low,false
3d9f70a182624eb0ef626627a4590964c95cf31e,Ruben van der Linde,2025-08-24,openregister,Merge pull request #548 from ConductionNL/hotfix/settingspage,14283/120/01,low,true
acc048276b448d42f7c64ada7a27de8a230e3d1e,Ruben van der Linde,2025-08-24,openregister,Merge pull request #548 from ConductionNL/hotfix/settingspage,14283/120/01,low,true
7def6b1ee7050e1a37d1372716937381a8d37c08,Ruben van der Linde,2025-08-24,openregister,Performance hotfix,14283/119/01,low,false
7a969905d0ccc28ceacb1b780344ccbc83acea01,Ruben van der Linde,2025-08-24,openregister,Performance hotfix,14283/119/01,low,false
5c77cad048c7e8f02a14a300f14d873ebbde6a25,Ruben van der Linde,2025-08-24,openregister,Working on the metadata mappings,14283/119/02,high,false
d040d06b13f8b2adddfc8f5f0eaa788edf9c7db6,Ruben van der Linde,2025-08-24,openregister,Working on the metadata mappings,14283/119/02,high,false
bd63b64e757184630c56f81a39471dbfefba8f08,Ruben van der Linde,2025-08-22,openregister,Merge remote-tracking branch 'origin/development' into hotfix/settingspage,14283/120/01,low,true
4eda970427bc714997bd09ca53482d023eaa2c22,Ruben van der Linde,2025-08-22,openregister,Merge remote-tracking branch 'origin/development' into hotfix/settingspage,14283/120/01,low,true
80f0cf98b648c34474c638d02edf556c9f0be2ac,Robert Zondervan,2025-08-22,openregister,Merge pull request #547 from ConductionNL/feature/ZAAKREG-88/check-unique,14283/119/01,low,true
ab9c42e4309fd5c25d9b62804b0d948afe7e737a,Robert Zondervan,2025-08-22,openregister,Merge pull request #547 from ConductionNL/feature/ZAAKREG-88/check-unique,14283/119/01,low,true
c873e00929a1b00be723f3a18eb0042766bcb712,Robert Zondervan,2025-08-22,openregister,Merge remote-tracking branch 'origin/feature/ZAAKREG-88/check-unique' into feature/ZAAKREG-88/check-unique,14283/119/01,low,true
fc4c7bdf7d7ec80383bc5e186c07a9fc3bea6b8c,Robert Zondervan,2025-08-22,openregister,Merge remote-tracking branch 'origin/feature/ZAAKREG-88/check-unique' into feature/ZAAKREG-88/check-unique,14283/119/01,low,true
d692a2f31d41432c7d619b8ee76b540669a2bf26,Robert Zondervan,2025-08-22,openregister,Small formatting fix,14283/119/01,low,false
9cf2d246a9fbaabe796efd0f33400a27aa61b94e,Robert Zondervan,2025-08-22,openregister,Small formatting fix,14283/119/01,low,false
14e1eb83fd50323759607483e2b313ff1cb26ea2,Alex,2025-08-22,openregister,Merge pull request #546 from ConductionNL/hotfix/masspublish-objects,14283/119/01,low,true
7b9428cace94f644a719300d29ac93fc3b5672cb,Alex,2025-08-22,openregister,Merge pull request #546 from ConductionNL/hotfix/masspublish-objects,14283/119/01,low,true
68e75e7c8ee4aec6c044ae65632ed177b5c222d3,Alex Rekachynskyi,2025-08-22,openregister,lint fix,14283/119/01,low,false
253c8a7a89389fd77896f787b132995845799d7f,Alex Rekachynskyi,2025-08-22,openregister,lint fix,14283/119/01,low,false
57c9f282cef457ef0934259ed0c17432d89e14d9,Alex Rekachynskyi,2025-08-22,openregister,Checks self to find Id,14283/119/01,low,false
8369318e6963acc539fc13a858efbe6f13db3e3e,Alex Rekachynskyi,2025-08-22,openregister,Checks self to find Id,14283/119/01,low,false
5de8989d3bd4ebc1fae3d43f2ce92f990b502d61,Robert Zondervan,2025-08-22,openregister,Merge pull request #542 from ConductionNL/feature/ZAAKREG-88/check-unique,14283/119/01,low,true
b8e44e6b599792e59cb638c186c06c6835bec5fa,Robert Zondervan,2025-08-22,openregister,Merge pull request #542 from ConductionNL/feature/ZAAKREG-88/check-unique,14283/119/01,low,true
bfb03ef91d35b40e0226f7525920c855741fa49b,Robert Zondervan,2025-08-22,openregister,Merge branch 'development' into feature/ZAAKREG-88/check-unique,14283/119/01,low,true
524549f1de3fb40a8464ffbacdb574cda57d1f32,Robert Zondervan,2025-08-22,openregister,Merge branch 'development' into feature/ZAAKREG-88/check-unique,14283/119/01,low,true
56fb90cd66ded76443f46a3c7dd2a11505b0a46b,Ruben van der Linde,2025-08-22,openregister,Merge pull request #545 from ConductionNL/hotfix/settingspage,14283/120/01,low,true
8f6541b1dd8bf778536394074c067c62a9b5bb37,Ruben van der Linde,2025-08-22,openregister,Merge pull request #545 from ConductionNL/hotfix/settingspage,14283/120/01,low,true
4848b88ef4789fa4c0eb20ca3f96c1468ac2a267,Ruben van der Linde,2025-08-22,openregister,All of the import fixes,14283/119/02,high,false
0be3e6989713095a592b5c349d803dce2b9ef745,Ruben van der Linde,2025-08-22,openregister,All of the import fixes,14283/119/02,high,false
5c997f2a0cd010c535f1f34b423ec2342994f637,Ruben van der Linde,2025-08-21,openregister,Merge pull request #544 from ConductionNL/hotfix/settingspage,14283/120/01,low,true
55d4e4d633e7959335e31ef36b23e856afe16783,Ruben van der Linde,2025-08-21,openregister,Merge pull request #544 from ConductionNL/hotfix/settingspage,14283/120/01,low,true
57b7054a40f1e96fd0099b6f4b4a5d34f325ab2c,Ruben van der Linde,2025-08-21,openregister,Hotfix: Import,14283/119/02,high,false
8790461167ef4c0d0678f176b0eb4a68d391b815,Ruben van der Linde,2025-08-21,openregister,Hotfix: Import,14283/119/02,high,false
22464daf41dd4f23aa32efee892c83d8e0092e3b,Ruben van der Linde,2025-08-21,openregister,Merge pull request #543 from ConductionNL/hotfix/settingspage,14283/120/01,low,true
c89dd43e5840a57c33f9504fc723dbee623c0050,Ruben van der Linde,2025-08-21,openregister,Merge pull request #543 from ConductionNL/hotfix/settingspage,14283/120/01,low,true
a5c9d893ede5eb271f0b75630f4485a7f68bb14f,Ruben van der Linde,2025-08-21,openregister,Hotfix for configuration,14283/120/01,low,false
8e7338e51b3e82fce7a96a47a94292630681ec40,Ruben van der Linde,2025-08-21,openregister,Hotfix for configuration,14283/120/01,low,false
7a1539dc918782437b1c25cc20ce5b8884421450,Ruben van der Linde,2025-08-21,openregister,Merge pull request #541 from ConductionNL/hotfix/settingspage,14283/120/01,low,true
85925620612d6657c90691bf0dfd72906826d178,Ruben van der Linde,2025-08-21,openregister,Merge pull request #541 from ConductionNL/hotfix/settingspage,14283/120/01,low,true
d569e4f8a5ceccfbfb0c5f1d6a7eee97d2118f86,Ruben van der Linde,2025-08-21,openregister,Merge remote-tracking branch 'origin/development' into hotfix/settingspage,14283/120/01,low,true
15a41280b3b1e06a0d4e39315cd61973f323ba1b,Ruben van der Linde,2025-08-21,openregister,Merge remote-tracking branch 'origin/development' into hotfix/settingspage,14283/120/01,low,true
1fb40424bf3c298eb80b5f725c0538ac9073f041,Robert Zondervan,2025-08-21,openregister,Add checking unique fields,14283/119/01,low,false
7a03a73fbdab331b048214d42f237a473a2d63e9,Robert Zondervan,2025-08-21,openregister,Add checking unique fields,14283/119/01,low,false
8ed71bc194dfc28cf3bb31e2a5e144e2f39463a6,Ruben van der Linde,2025-08-21,openregister,Adding summery to objects,14283/119/01,low,false
d9e96af99a5dedcbbd066935887bc5f9ebdf90a8,Ruben van der Linde,2025-08-21,openregister,Adding summery to objects,14283/119/01,low,false
6d3e6a7d1ad2590ea7f26a2ccc570efd7d8cbedf,Alex,2025-08-21,openregister,Merge pull request #540 from ConductionNL/feature/REGISTERS-219/updated-formats,14283/119/02,medium,true
7fc8af58607e03d69f5f14fcc1cd3004bbdf8cb0,Alex,2025-08-21,openregister,Merge pull request #540 from ConductionNL/feature/REGISTERS-219/updated-formats,14283/119/02,medium,true
300ffc434d131dedad28f8010362b73e53bb1da5,Alex Rekachynskyi,2025-08-20,openregister,properties updated,14283/119/01,low,false
4540f17cb2161c8778c60f24b2be5e76c850a77b,Alex Rekachynskyi,2025-08-20,openregister,properties updated,14283/119/01,low,false
62994694fcac478ee1fa4b5c28f459ad09bd7de5,Robert Zondervan,2025-08-20,openregister,Merge pull request #539 from ConductionNL/fix/cron-orgs,14283/120/02,high,true
86455f3221e0a0b467909390a83dd027f6bfbe9d,Robert Zondervan,2025-08-20,openregister,Merge pull request #539 from ConductionNL/fix/cron-orgs,14283/120/02,high,true
37c12cd7092f57df47382e2289d69ad378e26e1f,Robert Zondervan,2025-08-20,openregister,Fix creating organisations from cronjobs,14283/120/01,high,false
ca1d8ae847bd8bb318b92cef896789592aa0b584,Robert Zondervan,2025-08-20,openregister,Fix creating organisations from cronjobs,14283/120/01,high,false
4b91dc81e89c669bb7d92e9fc366360d61a56431,Ruben van der Linde,2025-08-19,openregister,Merge pull request #538 from ConductionNL/hotfix/settingspage,14283/120/01,low,true
3afafee930c3e6fe023d5d68668db3940ac07062,Ruben van der Linde,2025-08-19,openregister,Merge pull request #538 from ConductionNL/hotfix/settingspage,14283/120/01,low,true
a659859cd3ff6011072f66593cd08033de12b432,Ruben van der Linde,2025-08-19,openregister,Lets speedup the import,14283/119/02,high,false
53cf29dd74195f2feb93787a398a66889e127739,Ruben van der Linde,2025-08-19,openregister,Lets speedup the import,14283/119/02,high,false
b8290327d4d5b185a9178cda1f8f8ddda4665afd,Remko Huisman,2025-08-19,openregister,Merge pull request #537 from ConductionNL/feature/table-header-default-option-on-property,14283/120/02,high,true
4844d9174650a956885ef02d21ec4dc70fe226b6,Remko Huisman,2025-08-19,openregister,Merge pull request #537 from ConductionNL/feature/table-header-default-option-on-property,14283/120/02,high,true
2978d7282fd57b8be8ae65840df69892b6a9084f,Remko Huisman,2025-08-19,openregister,Update src/modals/schema/EditSchema.vue,14283/119/02,medium,false
3552bca8be0c110b6226ac058e722ad2d0bf1cf9,Remko Huisman,2025-08-19,openregister,Update src/modals/schema/EditSchema.vue,14283/119/02,medium,false
428a9c17db52b33c289f38ff3138aaa9c50d3fe9,Remko,2025-08-19,openregister,Merge branch 'lint' into feature/table-header-default-option-on-property,14283/120/02,high,true
7fb25ab87fbf21528e138cc90f187072f1de8cc7,Remko,2025-08-19,openregister,Merge branch 'lint' into feature/table-header-default-option-on-property,14283/120/02,high,true
80233af71d0d71a360f484d5b8af9a91f23c89c5,Remko,2025-08-19,openregister,Fixed lint,14283/119/01,low,false
3a4f374b27cff1e4ecef434a9b9e6037cb9e56a0,Remko,2025-08-19,openregister,Fixed lint,14283/119/01,low,false
bd5e3e1df4002ea47f0bea506a7d538d59067685,Remko,2025-08-19,openregister,Fixed table header default checkbox,14283/120/02,high,false
976477f62f95991c32c086c08a15fec31e9f1955,Remko,2025-08-19,openregister,Fixed table header default checkbox,14283/120/02,high,false
da2eeaa5b5403aee27a9be4f7c4028b9e7758ed4,Ruben van der Linde,2025-08-18,openregister,Merge pull request #536 from ConductionNL/hotfix/settingspage,14283/120/01,low,true
fdacdc42c680b27663a4b076b518dcfe16e537a3,Ruben van der Linde,2025-08-18,openregister,Merge pull request #536 from ConductionNL/hotfix/settingspage,14283/120/01,low,true
21f28f553bf44a08e2393cc4c570834d7fff5e59,Ruben van der Linde,2025-08-18,openregister,Add security and table settings to properties,14283/120/01,high,false
cf7f9d5d79ff7c691e1d46a91b5648bf4b904500,Ruben van der Linde,2025-08-18,openregister,Add security and table settings to properties,14283/120/01,high,false
11d8cf527d68b34d84e226147b5b6e5364eac954,Robert Zondervan,2025-08-18,openregister,Merge pull request #535 from ConductionNL/hotfix/set-proper-uuid,14283/119/01,low,true
48e81e2ad3281641dac30c0a2c94269684d6ef41,Robert Zondervan,2025-08-18,openregister,Merge pull request #535 from ConductionNL/hotfix/set-proper-uuid,14283/119/01,low,true
768db8cb15fe7a0d5eb291de176080333b41ed4d,Robert Zondervan,2025-08-18,openregister,Set the proper uuid in root objects,14283/119/01,low,false
a760289d1860cc03d3d1fb440d315b94afe8ce36,Robert Zondervan,2025-08-18,openregister,Set the proper uuid in root objects,14283/119/01,low,false
a25a7d2ca18cbaa7b81543528fedb4771b37c106,Ruben van der Linde,2025-08-17,openregister,Merge pull request #534 from ConductionNL/hotfix/settingspage,14283/120/01,low,true
84ab207672207026de2af9870e9d3ef3c1ba4146,Ruben van der Linde,2025-08-17,openregister,Merge pull request #534 from ConductionNL/hotfix/settingspage,14283/120/01,low,true
2f500f1d90329e1d690290c3e49d23f5b7401814,Ruben van der Linde,2025-08-17,openregister,Trying to fix audit trails and setting schema and register properly,14283/119/02,medium,false
aa7fdf08389112086406f409b97ef4bac103c940,Ruben van der Linde,2025-08-17,openregister,Trying to fix audit trails and setting schema and register properly,14283/119/02,medium,false
426a6ff17e8a1ead462c711d9ba9d9f9fc6670d4,Ruben van der Linde,2025-08-17,openregister,Better not found errors for missing registers and schemas,14283/119/02,medium,false
0ae669e2b8968a73555fe1dee5ad30a9e818e317,Ruben van der Linde,2025-08-17,openregister,Better not found errors for missing registers and schemas,14283/119/02,medium,false
7500a93701bbd8904f19ffccbfa1a179ba147ad5,Robert Zondervan,2025-08-15,openregister,Merge pull request #533 from ConductionNL/hotfix/settingspage,14283/120/01,low,true
faeaebf201febd9f5a4d00fa145477d55ebdd771,Robert Zondervan,2025-08-15,openregister,Merge pull request #533 from ConductionNL/hotfix/settingspage,14283/120/01,low,true
2cd4c1215d4e920c7f59726d946e1627fa4af7f6,Ruben van der Linde,2025-08-15,openregister,Fixes for opencatalogi import,14283/119/02,high,false
448c663ae66e9db7f91041df608ed98678691dcd,Ruben van der Linde,2025-08-15,openregister,Fixes for opencatalogi import,14283/119/02,high,false
fa17479c039c1b6a99e47059767dc43ab87b8ac6,Robert Zondervan,2025-08-14,openregister,Merge pull request #532 from ConductionNL/hotfix/settingspage,14283/120/01,low,true
06c87893c77d604f723ac7c32308365c99f51462,Robert Zondervan,2025-08-14,openregister,Merge pull request #532 from ConductionNL/hotfix/settingspage,14283/120/01,low,true
972a6016cd97290da6de0a2f228b8cfc9f0005d4,Ruben van der Linde,2025-08-14,openregister,Slug add,14283/119/01,low,false
e6214e2f549aa331c6287faa74f9b245d1b67f77,Ruben van der Linde,2025-08-14,openregister,Slug add,14283/119/01,low,false
f4a998024defeeafd3047c5d733ecd31a38fe1a9,Robert Zondervan,2025-08-14,openregister,fix readme typos,14283/119/01,low,false
fe88f2019ffaa2697946af76edb7fc723d4d3f04,GitHub Action,2025-08-14,openregister,Bump version to 0.2.6,14283/119/01,low,true
080e61eed42068a025d21114b2307c235c1f0d62,GitHub Action,2025-08-14,openregister,Bump version to 0.2.6,14283/119/01,low,true
65eae71fef43e042ccffb6e917ab89e4a0e6613a,Robert Zondervan,2025-08-14,openregister,Merge pull request #530 from ConductionNL/hotfix/default-org,14283/120/02,high,true
ed9ec4864e9b49f6709f18143b2b84e76fdab3c4,Robert Zondervan,2025-08-14,openregister,Merge pull request #530 from ConductionNL/hotfix/default-org,14283/120/02,high,true
809e52af15eacc6defb62d855e706b03652bcd2b,Ruben van der Linde,2025-08-13,openregister,Merge pull request #529 from ConductionNL/hotfix/settingspage,14283/120/01,low,true
2b47fc90d5912c35e5b81bd2197627d80cc6c166,Ruben van der Linde,2025-08-13,openregister,Merge pull request #529 from ConductionNL/hotfix/settingspage,14283/120/01,low,true
07f87baab6438c121ee302d8fb790f71e4ac3337,Ruben van der Linde,2025-08-13,openregister,Fixing routes and performance,14283/119/02,low,false
1f1cc3ad971ba8307f13ab463a14c388c5be2d6c,Ruben van der Linde,2025-08-13,openregister,Fixing routes and performance,14283/119/02,low,false
c120dc3b348d3acd37d577762dcb9d04a63674f3,Robert Zondervan,2025-08-13,openregister,Merge pull request #528 from ConductionNL/hotfix/setActive,14283/119/01,low,true
7ea2ab6ec9829c5a4170bb3a49a15bc174c0a36c,Robert Zondervan,2025-08-13,openregister,Merge pull request #528 from ConductionNL/hotfix/setActive,14283/119/01,low,true
b2fc83d990cd7ce983aef29a4bfdde640863dff5,Robert Zondervan,2025-08-13,openregister,use the correct way to set the 'active' property on organization,14283/120/01,high,false
1fe8e41af7dec70d860fa509134c1ed2f071fb6b,Robert Zondervan,2025-08-13,openregister,use the correct way to set the 'active' property on organization,14283/120/01,high,false
b7a904211e9a004045f0c6321dcbc492e7b17150,Ruben van der Linde,2025-08-13,openregister,Merge pull request #527 from ConductionNL/hotfix/settingspage,14283/120/01,low,true
4e5c302b59a8273617cfa4fd4e7764fa412a350d,Ruben van der Linde,2025-08-13,openregister,Merge pull request #527 from ConductionNL/hotfix/settingspage,14283/120/01,low,true
840a8fdb02563126dc5f34d4d0e0f452ab3e1570,Ruben van der Linde,2025-08-13,openregister,Lets write down what we have tested,14283/119/01,low,false
663ddb0c5a6cc6d8056916ba59c00dba00130aae,Ruben van der Linde,2025-08-13,openregister,Lets write down what we have tested,14283/119/01,low,false
fcd1a4ad12dbae79eeb1a20497da92192fb21b60,Ruben van der Linde,2025-08-13,openregister,Fixing and testing the OAS files,14283/119/02,low,false
46c4dcacf49eb472bab46882d232d39a599cb698,Ruben van der Linde,2025-08-13,openregister,Fixing and testing the OAS files,14283/119/02,low,false
43fd2db69f00d4942f5bbccd498512ea92a9af89,Ruben van der Linde,2025-08-13,openregister,Adding the settingspage,14283/120/01,low,false
1e39edc8d56525b86bf8b9c0af2b19a2f3bfa167,Ruben van der Linde,2025-08-13,openregister,Adding the settingspage,14283/120/01,low,false
46cde4ae5306978ab377c679299cda831d185f9f,Ruben van der Linde,2025-08-11,openregister,Merge pull request #525 from ConductionNL/hotfix/bulkcreation,14283/119/01,low,true
b249a87dcec049f46301426331b9a10ae537d12c,Ruben van der Linde,2025-08-11,openregister,Merge pull request #525 from ConductionNL/hotfix/bulkcreation,14283/119/01,low,true
d2392f9d66c07678c5b6d37167b1147edc592245,Ruben van der Linde,2025-08-11,openregister,Merge remote-tracking branch 'origin/development' into hotfix/bulkcreation,14283/119/01,low,true
cfe53ecc3991a11c57d23e05f17ba806022b884f,Ruben van der Linde,2025-08-11,openregister,Merge remote-tracking branch 'origin/development' into hotfix/bulkcreation,14283/119/01,low,true
b99789c43244739f372483eb328ffe533e8c47fd,Ruben van der Linde,2025-08-11,openregister,Fixes on the bulk save,14283/119/01,low,false
1f90e88416279432aca291ae0dec34ec57ad3445,Ruben van der Linde,2025-08-11,openregister,Fixes on the bulk save,14283/119/01,low,false
0b2f8c092d73970aa14e7139ce0957863824aa5d,Ruben van der Linde,2025-08-10,openregister,Fixing the bulks,14283/119/01,low,false
42c735afdc86212fa004975c0b384648f15eee0e,Ruben van der Linde,2025-08-10,openregister,Fixing the bulks,14283/119/01,low,false
3f0e8b0e97644dae48dd0f919a06838b4a187d8e,Ruben van der Linde,2025-08-10,openregister,Configuraiton fixes,14283/120/01,low,false
0daf393c82174b3e04c6e39014769427baae9074,Ruben van der Linde,2025-08-10,openregister,Configuraiton fixes,14283/120/01,low,false
859c9cc3d58cc832270a234388b86c287f275160,Robert Zondervan,2025-08-08,openregister,Merge pull request #526 from ConductionNL/hotfix/default-org,14283/120/02,high,true
402f5a575a57cc26645f5194609849341a42796d,Robert Zondervan,2025-08-08,openregister,Merge pull request #526 from ConductionNL/hotfix/default-org,14283/120/02,high,true
a5fb7eb8740afb412d5386c0e5aa3d89fae375a9,Robert Zondervan,2025-08-08,openregister,Set correct uuid,14283/119/01,low,false
95095a53657b307368ace12d0ca4dcc91e28c944,Robert Zondervan,2025-08-08,openregister,Set correct uuid,14283/119/01,low,false
aff082e54dca7c120f1e355bd067f27c0fa52758,Ruben van der Linde,2025-08-08,openregister,VNG Schema updates,14283/119/02,medium,false
70900cdb4f11e566a6c987c31273b213102ae784,Ruben van der Linde,2025-08-08,openregister,VNG Schema updates,14283/119/02,medium,false
f86ad93a6494c5a7b232fc76d58cd869e11ecbaf,Ruben van der Linde,2025-08-07,openregister,Documenting the bulk actions,14283/119/01,low,false
80359c8c1974db05de362b5bac3e94af6a787db5,Ruben van der Linde,2025-08-07,openregister,Documenting the bulk actions,14283/119/01,low,false
6e6766c607022ff2d52c57d23bfc87895a720c3d,Ruben van der Linde,2025-08-07,openregister,Lets add bulk endpoints,14283/119/02,low,false
a0f082ac1c34d386f5dfd893476401a869966b2d,Ruben van der Linde,2025-08-07,openregister,Lets add bulk endpoints,14283/119/02,low,false
8bafcbcd1f0e6c793e0d4eeba7a80c095f589683,Ruben van der Linde,2025-08-07,openregister,More testing on bulk actions,14283/119/01,low,false
1e25eef27af8816f1e81ae0dac3b2169e310d625,Ruben van der Linde,2025-08-07,openregister,More testing on bulk actions,14283/119/01,low,false
26e50a2ce00833f065ad03a7a5e4ea536e5cfd03,Ruben van der Linde,2025-08-07,openregister,Final fixes for correctly setting the uuids,14283/119/01,low,false
3113080428138339b64526748f09c11b5f17c50a,Ruben van der Linde,2025-08-07,openregister,Final fixes for correctly setting the uuids,14283/119/01,low,false
bfc00bb74379227daae001e3372531c3bc532b27,Ruben van der Linde,2025-08-06,openregister,Code for bul creation,14283/119/01,low,false
7d1d231bc5967287ed64dd7c3da42da78fdac55c,Ruben van der Linde,2025-08-06,openregister,Code for bul creation,14283/119/01,low,false
fb0b76e9c848af79892ef170a4f33e50d017278e,Ruben van der Linde,2025-08-06,openregister,Merge remote-tracking branch 'origin/development' into hotfix/schema-deletion,14283/119/02,medium,true
e876d11df7f2cc8c9c303500da9dadc921d78644,Ruben van der Linde,2025-08-06,openregister,Merge remote-tracking branch 'origin/development' into hotfix/schema-deletion,14283/119/02,medium,true
65f453388f7d68cee00fb4e9ce9e7ab33a58b516,GitHub Action,2025-08-06,openregister,Bump version to 0.2.5,14283/119/01,low,true
199e00153f981d7d721afb22a86ff96be116df82,GitHub Action,2025-08-06,openregister,Bump version to 0.2.5,14283/119/01,low,true
7f56a45a046d33e14b4f35ddf512561881836fd6,Robert Zondervan,2025-08-06,openregister,Merge pull request #523 from ConductionNL/development,14283/119/01,low,true
1ecea1abc73f99eec1a0b87578e3adb88427e13d,Robert Zondervan,2025-08-06,openregister,Merge pull request #523 from ConductionNL/development,14283/119/01,low,true
13448f3e105e5745250968c905bd74ae6b27fb82,Robert Zondervan,2025-08-05,openregister,Merge pull request #524 from ConductionNL/hotfix/default-org,14283/120/02,high,true
78ab78489287172e78ddc7eee9fc3c20a58d7438,Robert Zondervan,2025-08-05,openregister,Merge pull request #524 from ConductionNL/hotfix/default-org,14283/120/02,high,true
4e7ad1f45112aab5e7fc51252a5f8a89b67c0ae4,Robert Zondervan,2025-08-05,openregister,Ensure an object always has an org,14283/119/01,low,false
c0eff1cb7c29b0fba52841c3c90c55696121899a,Robert Zondervan,2025-08-05,openregister,Ensure an object always has an org,14283/119/01,low,false
b1650cd23fd22db2486476ae08e53b2763029c26,Ruben van der Linde,2025-08-03,openregister,Find related schema's,14283/119/02,medium,false
85283b780a6d1a78018acb86da82361a86c11a01,Ruben van der Linde,2025-08-03,openregister,Find related schema's,14283/119/02,medium,false
03810dc968428bbfd5c6ad5028a68b75e39fe82a,Ruben van der Linde,2025-08-03,openregister,Merge branch 'development' into hotfix/schema-deletion,14283/119/02,medium,true
267b83772728fbe68cd10f368a4c79c508b60250,Ruben van der Linde,2025-08-03,openregister,Merge branch 'development' into hotfix/schema-deletion,14283/119/02,medium,true
64a1cd3e078f61e4daf34598bb5d221f857b511d,Robert Zondervan,2025-07-31,openregister,Merge pull request #522 from ConductionNL/feature/WOO-389/fix-published-objects,14283/119/01,low,true
43414d2eb6d7013f37da5f5176226505c410b22b,Robert Zondervan,2025-07-31,openregister,Merge pull request #522 from ConductionNL/feature/WOO-389/fix-published-objects,14283/119/01,low,true
eb007ce144d77653e61dbe7529438dbfd07536a4,Robert Zondervan,2025-07-31,openregister,remove organizationmapper from application.php,14283/120/01,high,false
94f4a9345f3c4fc73d7ad462adb7b4ed04a2ce3a,Robert Zondervan,2025-07-31,openregister,remove organizationmapper from application.php,14283/120/01,high,false
16eaee5e65c1a3f6db010c36f519f7b92138ef6a,Robert Zondervan,2025-07-31,openregister,Use psr logger,14283/119/01,low,false
783389a06de50144cdf9722470a2d50d513ebb36,Robert Zondervan,2025-07-31,openregister,Use psr logger,14283/119/01,low,false
28036f0cf5ecf3f915aa56ef4f3d2e1376034522,Robert Zondervan,2025-07-31,openregister,Fix accessing published objects,14283/119/01,low,false
b8ba2b288be23676f2ff4e5d5ee75802f1d2fc79,Robert Zondervan,2025-07-31,openregister,Fix accessing published objects,14283/119/01,low,false
56587f26989d3a60da24a8359f652ba603ee5abc,Barry Brands,2025-07-30,openregister,Merge pull request #521 from ConductionNL/fix/add-file-arguments,14283/119/01,low,true
e7a96478e9eb9449e00f64cf9c91cad5b2ef6861,Barry Brands,2025-07-30,openregister,Merge pull request #521 from ConductionNL/fix/add-file-arguments,14283/119/01,low,true
b704508e243747a00f73ae2f9795b2b5462e6ca5,Barry Brands,2025-07-30,openregister,Fix some arguments,14283/119/01,low,false
df8d597a272321b8e08fd4c26e85952be29e8d57,Barry Brands,2025-07-30,openregister,Fix some arguments,14283/119/01,low,false
3f4a05e6597db532ce9a6b5610a0beb6fb6d72a6,Mark West,2025-07-30,openregister,Update README.md,14283/119/01,low,false
b0d785a838c269322104036984dac6f1e07d6530,Mark West,2025-07-30,openregister,Update README.md,14283/119/01,low,false
fdc2425025f0bc5a698ca0675fbdc96d4d6003b8,Robert Zondervan,2025-07-30,openregister,Merge pull request #519 from ConductionNL/hotfix/schema-deletion,14283/119/02,medium,true
23e01b8e503f693895114a6bf031014ce9e50c02,Robert Zondervan,2025-07-30,openregister,Merge pull request #519 from ConductionNL/hotfix/schema-deletion,14283/119/02,medium,true
0f550fd53320f0da5521bbbedc693c2b76f81bbb,Ruben van der Linde,2025-07-30,openregister,whoopsie,14283/119/01,low,false
bf2a09128dc2fa19b6aa3c214805c3ec719a1f35,Ruben van der Linde,2025-07-30,openregister,whoopsie,14283/119/01,low,false
5e36d0da70a9998dace5614224a664d9b92812bd,Ruben van der Linde,2025-07-30,openregister,Merge branch 'development' into hotfix/schema-deletion,14283/119/02,medium,true
74521288d00262a97bd9498d1e97d07f5beeee33,Ruben van der Linde,2025-07-30,openregister,Merge branch 'development' into hotfix/schema-deletion,14283/119/02,medium,true
4298255c9ba9d2fcf4d82020cbfc0a70e0831119,Ruben van der Linde,2025-07-30,openregister,Merge remote-tracking branch 'origin/development' into development,14283/119/01,low,true
900c7e33ffe9a66ea3541b834c054ec9009fb49f,Ruben van der Linde,2025-07-30,openregister,Merge remote-tracking branch 'origin/development' into development,14283/119/01,low,true
c747097d9dbee189adb5e79b71fe1c5d013c0830,Robert Zondervan,2025-07-30,openregister,Merge pull request #518 from ConductionNL/feature/REGISTERS-216/prevent-writing-unchanged-fiels,14283/119/02,medium,true
c626655caa47903d6fd700cf65975c7690db9f69,Robert Zondervan,2025-07-30,openregister,Merge pull request #518 from ConductionNL/feature/REGISTERS-216/prevent-writing-unchanged-fiels,14283/119/02,medium,true
10d79f62be4cfb3a48c9c5234fef33e52e4a42a5,Robert Zondervan,2025-07-30,openregister,Add data files to gitignore,14283/119/01,low,false
2eec930807be97ac72cffb8a23e54f3cf6636525,Robert Zondervan,2025-07-30,openregister,Prevent writing unchanged files,14283/120/02,medium,false
22fd9736c70b37bcccffe13783dd69b7a63a4091,Ruben van der Linde,2025-07-30,openregister,Merge pull request #515 from ConductionNL/feature/REGISTERS-218/files-in-properties,14283/119/02,medium,true
f3a7e44db1ab3d81aed290ca77885ced8f28d0d2,Ruben van der Linde,2025-07-30,openregister,Merge pull request #515 from ConductionNL/feature/REGISTERS-218/files-in-properties,14283/119/02,medium,true
5b60811a81f5054d1e310fda1907a95a6db74fb2,Ruben van der Linde,2025-07-30,openregister,Remove test data,14283/119/01,low,false
c6148da1525f97c22af8f1121e14a2ea0333ccac,Ruben van der Linde,2025-07-30,openregister,Hotfix: Disable RBAC en Multitenancy checks for admins,14283/120/01,high,false
a14cd8b47e78ad0cfc58061a8adc361d2834617e,Ruben van der Linde,2025-07-30,openregister,Hotfix: Disable RBAC en Multitenancy checks for admins,14283/120/01,high,false
37c898a12d5a6572bed5e495adcc530382718bb1,Ruben van der Linde,2025-07-30,openregister,Hotfix on seeing all the data as admin,14283/120/01,medium,false
703580b4fb9bf771dff1141c6a0a5c1118951ddc,Ruben van der Linde,2025-07-29,openregister,Merge pull request #514 from ConductionNL/feature/REGISTERS-218/files-in-properties,14283/119/02,medium,true
ae3187c7eca70dda7c5bd60f189728a8b9c9fa0c,Ruben van der Linde,2025-07-29,openregister,Validation hotfix,14283/119/01,low,false
6962873b490ca8017448c95b889729bb50211eae,Robert Zondervan,2025-07-29,openregister,Merge pull request #513 from ConductionNL/feature/REGISTERS-218/files-in-properties,14283/119/02,medium,true
e0a5f355a2eee51af0536af67c8ca27616bf43d2,Ruben van der Linde,2025-07-29,openregister,Add metadata suport to import and export,14283/119/02,high,false
b2b491475231d34f7b30632fc295678aa88f72c9,Ruben van der Linde,2025-07-29,openregister,Merge pull request #511 from ConductionNL/feature/REGISTERS-218/files-in-properties,14283/119/02,medium,true
d0985d6250da2c1dc378022c37cb46b34b7ad572,Ruben van der Linde,2025-07-29,openregister,Lint fix,14283/119/01,low,false
367fd44f29cb19ec1713d98eb49c6a3f042440df,Ruben van der Linde,2025-07-29,openregister,Lets optimize the importing of config by keeping ap en version in cashe,14283/119/02,high,false
ad65dff56924ad6520b84bb932e9959390ea05d3,Barry Brands,2025-07-28,openregister,Merge pull request #512 from ConductionNL/fix/remove-named-arguments-array-merge,14283/119/01,low,true
b694d8a5ab8b5b5869a7105d2fc421faa5a1c65f,Barry Brands,2025-07-28,openregister,Dont name arguments with array_merge,14283/119/01,low,false
495460595a33f0775b31d38e0943900e4068fe8d,Ruben van der Linde,2025-07-28,openregister,That was an easy test..,14283/119/01,low,false
c992db8fd53d46c09a83e36f56a65d1057ece9f2,Ruben van der Linde,2025-07-28,openregister,Lets finish file properties,14283/119/01,low,false
c523773ed76067fc72b832fa3386918d9b733599,Ruben van der Linde,2025-07-28,openregister,Merge pull request #510 from ConductionNL/feature/VSC-370/multitenancy,14283/119/01,low,true
6f124cace1441a2739589eee519ed7baa22f028b,Ruben van der Linde,2025-07-28,openregister,Merge remote-tracking branch 'origin/development' into feature/VSC-370/multitenancy,14283/119/01,low,true
d02c0a008598dfa4377ec08a19e8e96c7131422d,Robert Zondervan,2025-07-28,openregister,Merge pull request #509 from ConductionNL/feature/ZAAKREG-71/filtering,14283/119/02,high,true
61603df34e74508d75623e31deb312a56338166d,Ruben van der Linde,2025-07-28,openregister,Fixes multitenancy,14283/119/01,low,false
27f0915feb259cac828e537c86461aac78e82536,Ruben van der Linde,2025-07-25,openregister,"Hotfix from hell, so be it",14283/119/01,low,false
c7f08e1d8caeab1fe0091cb80b0f2fb1515a3273,Robert Zondervan,2025-07-25,openregister,Fix schema imports for refs on slug,14283/119/02,high,false
493e35c9dfc7b54b3fa48d31d47609a1cce7e127,Robert Zondervan,2025-07-25,openregister,Merge remote-tracking branch 'origin/development' into feature/ZAAKREG-71/filtering,14283/119/02,high,true
fa5fe1b67d4f006d7627eb0643297e1d101a1ffc,Ruben van der Linde,2025-07-25,openregister,Merge pull request #507 from ConductionNL/feature/VSC-370/multitenancy,14283/119/01,low,true
1e2851fdceef983ca7d60886f2a6442bf3cac884,Ruben van der Linde,2025-07-25,openregister,RBAC Testing,14283/120/01,high,false
ef4befb6c1fdf469ebceb3ba0329daf33ee4dbf9,Robert Zondervan,2025-07-24,openregister,"Last fixes to ZGW filters, add rewrite function for query parameters",14283/119/02,high,false
d84c3417261a6e5661096b67f67cf99e603c8322,Ruben van der Linde,2025-07-24,openregister,Add active to organisation,14283/120/01,high,false
1409a261a8535e0b6637dcae47790797bf82a366,Robert Zondervan,2025-07-24,openregister,Add docblock and also apply filter in count,14283/119/02,high,false
61ed828747ec9fbc6ab2627305b0431a22ede5ae,Ruben van der Linde,2025-07-24,openregister,Fixing bad uuid logic on organisations,14283/120/01,high,false
824ab930c63a5ba3c1f62620f76bc2f9230389a3,Robert Zondervan,2025-07-23,openregister,Filter in objects linked via inversedBy,14283/119/02,high,false
f74b74522110346094f5bc452f4355ddd88f0ddc,Ruben van der Linde,2025-07-23,openregister,Merge pull request #506 from ConductionNL/feature/VSC-370/multitenancy,14283/119/01,low,true
60f9fa643f23a28025f21f408355fddc5f082280,Ruben van der Linde,2025-07-23,openregister,moving the docss to a prooper location,14283/119/01,low,false
8d7e2cca2bdfad9cc09b54bac1874a4c561064b7,Ruben van der Linde,2025-07-23,openregister,Proper status code on deleting objects,14283/120/02,low,false
6f373a07e18fbb88d054f62535d9b55cf3b7de7b,Ruben van der Linde,2025-07-23,openregister,Merge pull request #505 from ConductionNL/feature/VSC-370/multitenancy,14283/119/01,low,true
d516c5a29208833a83636fe9c7df0ab352b93dc0,Ruben van der Linde,2025-07-23,openregister,LEt fix the deleted page,14283/119/01,low,false
9ae8fcb9f93092f4b57fa436df39c493341a033b,Ruben van der Linde,2025-07-23,openregister,Merge pull request #504 from ConductionNL/feature/VSC-370/multitenancy,14283/119/01,low,true
ec344badee0d5ace72991a0408d59d84f9f41874,Ruben van der Linde,2025-07-23,openregister,Hotfix: Folder deletion,14283/119/01,low,false
4289a6c600a02d4a16260a6bc1f0acb769940bb3,Ruben van der Linde,2025-07-23,openregister,Merge pull request #503 from ConductionNL/feature/VSC-370/multitenancy,14283/119/01,low,true
10deed12595544c9d771d6eabe64cd72356c5971,Ruben van der Linde,2025-07-23,openregister,Hotfix: Migration,14283/119/01,high,false
8f2f968637df8194cb86c19c5b1ffd521f01feb2,Ruben van der Linde,2025-07-23,openregister,Hotfix: migration,14283/119/01,high,false
d28ff542fddfbf7bc3d27963aee1fd5d569f82c1,Ruben van der Linde,2025-07-23,openregister,Merge pull request #502 from ConductionNL/feature/VSC-370/multitenancy,14283/119/01,low,true
cf317781fac24c0d4e41ed51d8f7fcd3c9f00527,Ruben van der Linde,2025-07-23,openregister,Better logic for default object,14283/120/02,high,false
08312f3cfe8bc71a0cff41205dd178e2f241b0fa,Ruben van der Linde,2025-07-23,openregister,Lets prepare for organisations from external objects,14283/120/01,high,false
3f14ef498c86a3e18862ce27bb9871a061521d15,Ruben van der Linde,2025-07-23,openregister,Merge pull request #501 from ConductionNL/feature/VSC-370/multitenancy,14283/119/01,low,true
e5c56e6ba29e52b3622f7dbbee7f60b434b21494,Ruben van der Linde,2025-07-23,openregister,Okey this solves teh absic filtering shizle,14283/119/02,high,false
9c456c87041188a48b981e79965cb2ba1ecb77b0,Ruben van der Linde,2025-07-22,openregister,Fix for double delete,14283/119/01,low,false
e6ae0093609c422ceed087545b4e2d766f406c16,Robert Zondervan,2025-07-22,openregister,Merge pull request #500 from ConductionNL/feature/ZAAKREG-73/errors,14283/120/02,medium,true
00f8bd1a4953866531f25a3e1e32b6e85621cdf4,Ruben van der Linde,2025-07-22,openregister,Use object schema for right check on delete and read,14283/119/02,medium,false
e17981d701748e54737a21a60497d13a68d8115b,Ruben van der Linde,2025-07-22,openregister,Testing with open catalogi,14283/119/02,high,false
f7a0e0bb5e05cf0e50fb0af50e312762f0fa3cab,Robert Zondervan,2025-07-22,openregister,Cast errors in ZGW format.,14283/120/02,medium,false
d63bd3f32a4212a4afeca0c5ead05cb4cb095d0f,Ruben van der Linde,2025-07-22,openregister,Merge remote-tracking branch 'origin/development' into feature/VSC-370/multitenancy,14283/119/01,low,true
20ad5256017944172fbb11d103e1a759097d690b,Ruben van der Linde,2025-07-22,openregister,Merge pull request #499 from ConductionNL/feature/VSC-369/rollen-en-rechten,14283/119/01,low,true
3e57675267f0d98947979e636a5375645bd3549b,Ruben van der Linde,2025-07-22,openregister,Lets start testing,14283/119/01,low,false
1519ecbbdae057caa7ef1342db36c75c5ec3c4d9,Ruben van der Linde,2025-07-21,openregister,Adding basic multitenancy,14283/119/01,low,false
8cb649ada7b043dd236f8b9d0c999fb76d6493f5,Ruben van der Linde,2025-07-21,openregister,Add testing,14283/119/01,low,false
376db2bda85490a27f08e28c258b11a572033351,Ruben van der Linde,2025-07-21,openregister,Merge pull request #498 from ConductionNL/feature/ZAAKREG-70/more-default-values,14283/120/02,high,true
0ba22f604aa994abc4f686d6a211753b08bfac9f,Ruben van der Linde,2025-07-21,openregister,Lets ad basic RBAC to Open Register,14283/120/01,high,false
0123dbd41f618bfffadb49b03dbe9083785ec8b7,Ruben van der Linde,2025-07-21,openregister,Fixed the linting,14283/119/01,low,false
81039114aa88c0e1162c479e153c777f7bc572f2,Ruben van der Linde,2025-07-21,openregister,Array default values and falsy behavior,14283/120/02,high,false
d70bc41d85a03f8f29d4c7b84ff8ecc8d4cc2c5a,Ruben van der Linde,2025-07-21,openregister,Better error handling and api paterns,14283/120/02,medium,false
e56d51da20a4e40c31246413a5adfdf24a740db0,GitHub Action,2025-07-18,openregister,Bump version to 0.2.4,14283/119/01,low,true
ab03b258c03c19be50cb4c17497b366f0ba89769,GitHub Action,2025-07-18,openregister,Bump version to 0.2.4,14283/119/01,low,true
41e9943af6c1be23c22e491db3d2f9de6e02ce52,Robert Zondervan,2025-07-18,openregister,Merge pull request #497 from ConductionNL/development,14283/119/01,low,true
65f2c5f851561a7dc9c7cf85502dc92e888a2fd8,Robert Zondervan,2025-07-18,openregister,Merge pull request #497 from ConductionNL/development,14283/119/01,low,true
6dbcc1a5b46c97c06e3f3bbc5b1512dd2365334d,Robert Zondervan,2025-07-18,openregister,Merge pull request #496 from ConductionNL/hotfix/schemas,14283/119/02,medium,true
df5af332e2bd161d7089ffd85c67662608ba4177,Robert Zondervan,2025-07-18,openregister,Merge pull request #496 from ConductionNL/hotfix/schemas,14283/119/02,medium,true
39b846ec8a01de58d661e05869b61417590a65f5,Robert Zondervan,2025-07-18,openregister,Fix adding schemas to register,14283/119/02,medium,false
7888224ee71bb2c9faf16e8e6fc189dcd48cd184,Robert Zondervan,2025-07-18,openregister,Fix adding schemas to register,14283/119/02,medium,false
17c7b9d569acc492144117f679a7d529cebbd1ce,GitHub Action,2025-07-17,openregister,Bump version to 0.2.3,14283/119/01,low,true
69aad033d2a61702d9318345a82d6704a4972886,GitHub Action,2025-07-17,openregister,Bump version to 0.2.3,14283/119/01,low,true
c2f13468c66b8042865cb5ed63c0188317260228,Ruben van der Linde,2025-07-17,openregister,Merge pull request #490 from ConductionNL/development,14283/119/01,low,true
85f5f56e2032a3cab602534a6da31b926b0124ff,Ruben van der Linde,2025-07-17,openregister,Merge pull request #490 from ConductionNL/development,14283/119/01,low,true
45815ad1af7119a5cdf0ac36b7b54956a715daeb,Ruben van der Linde,2025-07-17,openregister,Merge pull request #495 from ConductionNL/hotfix/empty-values-on-file-relations,14283/119/01,low,true
53bdd66b011c02d981668e4c183d5e5088e65f45,Ruben van der Linde,2025-07-17,openregister,Merge pull request #495 from ConductionNL/hotfix/empty-values-on-file-relations,14283/119/01,low,true
4b44c59f5066527f915654d543fd22a5db982f48,Ruben van der Linde,2025-07-17,openregister,Hotfix | OAS and Hard Validation,14283/119/02,low,false
bcfa4abb1a5df3087eb7e4a93356e2ef9b442efb,Ruben van der Linde,2025-07-17,openregister,Hotfix | OAS and Hard Validation,14283/119/02,low,false
870680ff420e1cd104e42137e4fb01fdf0e8c333,Ruben van der Linde,2025-07-17,openregister,Merge pull request #494 from ConductionNL/hotfix/empty-values-on-file-relations,14283/119/01,low,true
c97c0be0b9cb422ef785d7c1b68577b2cb768d64,Ruben van der Linde,2025-07-17,openregister,Merge pull request #494 from ConductionNL/hotfix/empty-values-on-file-relations,14283/119/01,low,true
5d148c67c98d72f63ec9fcf4e095889df6dc68cd,Ruben van der Linde,2025-07-17,openregister,Hotfix | Corefix on nesting related schema,14283/119/02,medium,false
3039e4bf5f68bc89588d17feec00143faab533e2,Ruben van der Linde,2025-07-17,openregister,Hotfix | Corefix on nesting related schema,14283/119/02,medium,false
af128b702559408a1a036f3e8b37e3b2ce992846,Ruben van der Linde,2025-07-17,openregister,Merge pull request #493 from ConductionNL/hotfix/empty-values-on-file-relations,14283/119/01,low,true
5c6c6273b3b7185bc9363c8672ee8523edab9713,Ruben van der Linde,2025-07-17,openregister,Merge pull request #493 from ConductionNL/hotfix/empty-values-on-file-relations,14283/119/01,low,true
f596b6c05223baf858694bf20b32c32a282f8452,Ruben van der Linde,2025-07-17,openregister,Hotfix on editschema error and on linting,14283/119/02,medium,false
2c4245ebed46f4c11bbdd74809abf61bb62288b6,Ruben van der Linde,2025-07-17,openregister,Hotfix on editschema error and on linting,14283/119/02,medium,false
b9a23d4384bb2bb791d10dba556f427d5545e2da,Ruben van der Linde,2025-07-16,openregister,Merge pull request #492 from ConductionNL/hotfix/empty-values-on-file-relations,14283/119/01,low,true
2fd257f5a10f0969cfd783a08cbd8d0e0cbde8bb,Ruben van der Linde,2025-07-16,openregister,Merge pull request #492 from ConductionNL/hotfix/empty-values-on-file-relations,14283/119/01,low,true
b5b99daa06f29635f023e13a4cf72ac233ec3be6,Ruben van der Linde,2025-07-16,openregister,Merge pull request #491 from ConductionNL/feature/WOO-378/search-insight,14283/119/02,high,true
f6890c2afa3beaa31fe509581690b4e50f2ea1c9,Ruben van der Linde,2025-07-16,openregister,Merge pull request #491 from ConductionNL/feature/WOO-378/search-insight,14283/119/02,high,true
47901bc149e0e77380431f63345e548a9dbc9708,Ruben van der Linde,2025-07-16,openregister,Merge branch 'feature/WOO-378/search-insight' into hotfix/empty-values-on-file-relations,14283/119/02,high,true
1a8509e32f7bcb4edac5873e94df438bbe70172d,Ruben van der Linde,2025-07-16,openregister,Merge branch 'feature/WOO-378/search-insight' into hotfix/empty-values-on-file-relations,14283/119/02,high,true
3710683073baeec57ed0e182b60852900c8120e1,Ruben van der Linde,2025-07-16,openregister,Changes at the request of @robert,14283/119/01,low,false
b24c2e8a2453fa2f27e60cdaf3948e11e6d48be3,Ruben van der Linde,2025-07-16,openregister,Changes at the request of @robert,14283/119/01,low,false
8db66ad21d0927c3b5a0a06cf37889f1a9d978fc,Ruben van der Linde,2025-07-16,openregister,Bit of cleanup and style fixes,14283/119/01,low,false
708551df2b61c03530a3c49d84f4776837611588,Ruben van der Linde,2025-07-16,openregister,Bit of cleanup and style fixes,14283/119/01,low,false
24adc8111b6bfc7caa8b2b90a7dfd2ec93f6a664,Ruben van der Linde,2025-07-16,openregister,Works,14283/119/01,low,false
c8694bcd02cb6420244de281c5a47a54da30c818,Ruben van der Linde,2025-07-16,openregister,Works,14283/119/01,low,false
01fccfa7653128b2ebd4ed4d54c1f357566561d8,Ruben van der Linde,2025-07-15,openregister,Fixes for object relations,14283/119/01,low,false
1a4fa2e9e4b1c8dc4ff4c9a0339877bfc8db32ac,Ruben van der Linde,2025-07-15,openregister,Fixes for object relations,14283/119/01,low,false
f2c4f91ac7d98c8f13ebc188fcea70444f9ccc4f,Ruben van der Linde,2025-07-14,openregister,Continue working on cacadingObjects,14283/119/01,low,false
4f24ab5f2cd7173696b91a7523008ada30b824c8,Ruben van der Linde,2025-07-14,openregister,Continue working on cacadingObjects,14283/119/01,low,false
a97c6cd8871d1dcaabbb69763fa0fdfa71e41d8b,Ruben van der Linde,2025-07-14,openregister,Fixing the not found error on open register,14283/119/02,medium,false
8a834866159cb1cff1db6720c83232937ded7c76,Ruben van der Linde,2025-07-14,openregister,Fixing the not found error on open register,14283/119/02,medium,false
394517994c99c7cbcbd1bf45192d8ab703693c62,Ruben van der Linde,2025-07-14,openregister,Working on a fix for our not found error on updatin objects,14283/120/02,medium,false
51399d3d6100b81776eb56216b094ff4d5263184,Ruben van der Linde,2025-07-14,openregister,Working on a fix for our not found error on updatin objects,14283/120/02,medium,false
7cb4cfe8e6c191580dbac0bc8508886fe9185f01,Ruben van der Linde,2025-07-13,openregister,Faceting  fixes,14283/119/02,high,false
85edf24e82bf9b1179f81de857ac33a1f1a2129c,Ruben van der Linde,2025-07-13,openregister,Faceting  fixes,14283/119/02,high,false
a3973292ed3104e49fe19e73dae900302cda6649,Ruben van der Linde,2025-07-13,openregister,Lets add facets to the searchbar,14283/119/02,high,false
e9ed83fcfd1109c7b53d76953318d12b70615a53,Ruben van der Linde,2025-07-13,openregister,Lets add facets to the searchbar,14283/119/02,high,false
817e574bea51afba3ef6906a0029968ed0009523,Ruben van der Linde,2025-07-13,openregister,Searchtrailing and general search improvements,14283/119/02,high,false
33cd1f2f7cb79f2ba143f061403cf6b7d22689d4,Ruben van der Linde,2025-07-13,openregister,Searchtrailing and general search improvements,14283/119/02,high,false
4eea37b68540d7f7715448ce60f717d431feccb5,Ruben van der Linde,2025-07-13,openregister,Lets go search trails,14283/119/02,high,false
b1f80044273b63432240e9ae99e0c570ac6dc591,Ruben van der Linde,2025-07-13,openregister,Lets go search trails,14283/119/02,high,false
5175b0f8d56b9e8054598f5e6c6b8741953154ae,Ruben van der Linde,2025-07-12,openregister,Starting work on search trailing,14283/119/02,high,false
76114cb4a5f3b0dd890f13b09c9b47d4edcc29db,Ruben van der Linde,2025-07-12,openregister,Starting work on search trailing,14283/119/02,high,false
57d8d15004c57a1a08694aff8687e143e3bb6d7a,Barry Brands,2025-07-11,openregister,Merge pull request #489 from ConductionNL/fix/registerId-error-logging,14283/119/02,medium,true
61ba8d2b3a99a850825c9d04252ef52efe86329c,Barry Brands,2025-07-11,openregister,Merge pull request #489 from ConductionNL/fix/registerId-error-logging,14283/119/02,medium,true
5a5fd066c3a84b194121037e0b0d35afec67e50e,Barry Brands,2025-07-11,openregister,Improve error throwing for finding register,14283/119/02,medium,false
094419f517057959ccd713c302ec7e84183e5e29,Barry Brands,2025-07-11,openregister,Improve error throwing for finding register,14283/119/02,medium,false
c77f79e117930eb7e38b86f5ce2ca4649b38106d,Barry Brands,2025-07-11,openregister,Merge pull request #488 from ConductionNL/fix/trigger-version-update,14283/119/01,low,true
c9fee62d80e6d2836552d19a0086438ed998c97e,Barry Brands,2025-07-11,openregister,Merge pull request #488 from ConductionNL/fix/trigger-version-update,14283/119/01,low,true
561657664984a7cbd98fbdeeb6def8046254847b,Barry Brands,2025-07-11,openregister,whitespace to trigger update,14283/119/01,low,false
d1bad9f38c68d87dc99cd2ba5882a48e0226e55c,Barry Brands,2025-07-11,openregister,whitespace to trigger update,14283/119/01,low,false
ce2505082651bb98c64425d0afa621b92240973d,Barry Brands,2025-07-11,openregister,Merge pull request #487 from ConductionNL/fix/correct-file-named-argument,14283/119/01,low,true
f14dbc2d1a6c54e4b2ef17cb38e12b67a8c4f9e9,Barry Brands,2025-07-11,openregister,Merge pull request #487 from ConductionNL/fix/correct-file-named-argument,14283/119/01,low,true
13be516bf4a8e1046dc6f9d3008b66491ea7e681,Barry Brands,2025-07-11,openregister,Fix named argument,14283/119/01,low,false
e093a6aee2397dd64fefa993436a0ce2b5281687,Barry Brands,2025-07-11,openregister,Fix named argument,14283/119/01,low,false
87c773e3526a6184dd40af4506da051eed553ffc,Ruben van der Linde,2025-07-11,openregister,Merge pull request #486 from ConductionNL/feature/facet-example,14283/119/02,high,true
270f8678b0dd46fab4b6846a290e6243f8a4adcd,Ruben van der Linde,2025-07-11,openregister,Merge pull request #486 from ConductionNL/feature/facet-example,14283/119/02,high,true
24347f520c30b2ce2ac17aece0a1f9ecdab626c5,Ruben van der Linde,2025-07-11,openregister,Better support for ids,14283/119/01,medium,false
0d84d9c856555f15063b991c9ab00b6f2b5afc9d,Ruben van der Linde,2025-07-11,openregister,Better support for ids,14283/119/01,medium,false
30b804c283deeeae1a78aa0e826397160350a876,Barry Brands,2025-07-11,openregister,Merge pull request #485 from ConductionNL/fix/folderProperty-error,14283/120/02,medium,true
9088a465f0ad530977d577f3b0456de2b5f0cfdc,Barry Brands,2025-07-11,openregister,Merge pull request #485 from ConductionNL/fix/folderProperty-error,14283/120/02,medium,true
ca3d64050aa40fe75974984af664004ce9b3a832,Barry Brands,2025-07-11,openregister,initialize $folderProperty,14283/119/01,low,false
b3e8ec09897c3019eddd4306e16ab647b6d5b069,Barry Brands,2025-07-11,openregister,initialize $folderProperty,14283/119/01,low,false
dfeb78779d21d584a2b26fd7cb83807ae4421379,Remko Huisman,2025-07-11,openregister,Merge pull request #484 from ConductionNL/lint-fixes,14283/119/01,low,true
49a6e9ba3a7fc571713f7157b9ab967c505399fa,Remko Huisman,2025-07-11,openregister,Merge pull request #484 from ConductionNL/lint-fixes,14283/119/01,low,true
65b5d74216b59850e9aab973f839ba7fd388bc2f,Remko,2025-07-11,openregister,changed log to info,14283/120/02,low,false
0d0053c9953a3aef2d1e8b7e9abdac321a13352c,Remko,2025-07-11,openregister,changed log to info,14283/120/02,low,false
7807a4f498404c8d5a48f5a864eaea5067b9f65c,Ruben van der Linde,2025-07-11,openregister,Merge remote-tracking branch 'origin/lint-fixes' into feature/facet-example,14283/119/02,high,true
a0de10dc77401e77e95434f037ae4a15bd482aac,Ruben van der Linde,2025-07-11,openregister,Merge remote-tracking branch 'origin/lint-fixes' into feature/facet-example,14283/119/02,high,true
14272aca24e76e0f7e25aec4ef06a8d16d60d83b,Remko,2025-07-11,openregister,Lint fixes,14283/119/01,low,false
d284806f65163e96fb5e4f1fd1c02fd40e6c5f73,Remko,2025-07-11,openregister,Lint fixes,14283/119/01,low,false
54b89450538ac34c29ef5981dbd1dde8496db4f0,Ruben van der Linde,2025-07-11,openregister,Merge pull request #483 from ConductionNL/feature/facet-example,14283/119/02,high,true
8be3dcbd62fafb47ff69bede6b24962a8f1f09d1,Ruben van der Linde,2025-07-11,openregister,Merge pull request #483 from ConductionNL/feature/facet-example,14283/119/02,high,true
547ee33bb0af0a5f0979fc707ef12d2ab541a536,Ruben van der Linde,2025-07-11,openregister,Hotfis path to id's,14283/119/01,low,false
e0ddedd8338666e4216914435e8e9ae09f37208b,Ruben van der Linde,2025-07-11,openregister,Hotfis path to id's,14283/119/01,low,false
4ba48f9a51c203bccb79e2ad24e69c5cec68f5ff,Barry Brands,2025-07-11,openregister,Merge pull request #482 from ConductionNL/fix/registerId-as-last-argument,14283/119/02,medium,true
5e869c4c5001f5e34c8083469be90280b2179f19,Barry Brands,2025-07-11,openregister,Merge pull request #482 from ConductionNL/fix/registerId-as-last-argument,14283/119/02,medium,true
51297bdfaf6e85c360f33e8e2dca83cbc5d6f142,Ruben van der Linde,2025-07-11,openregister,Merge remote-tracking branch 'origin/fix/registerId-as-last-argument' into feature/facet-example,14283/119/02,high,true
81db9f0d0ab4b716d2107cd6b85455c49188166e,Ruben van der Linde,2025-07-11,openregister,Merge remote-tracking branch 'origin/fix/registerId-as-last-argument' into feature/facet-example,14283/119/02,high,true
88a541d09ea0ec5a23b4994311b16d8ea3954e92,Barry Brands,2025-07-11,openregister,Place regiserId as last argument and use named arguments for ->addFile,14283/119/01,low,false
ef9764cd619c46b4306559e0e27e34d902b520ed,Barry Brands,2025-07-11,openregister,Place regiserId as last argument and use named arguments for ->addFile,14283/119/01,low,false
79179f9fde07c12755c6d39ee9df7c7b355d463c,Ruben van der Linde,2025-07-11,openregister,Merge remote-tracking branch 'origin/development' into feature/facet-example,14283/119/02,high,true
1f2d941078a0fc986a68269cfdb442d61125e53b,Ruben van der Linde,2025-07-11,openregister,Merge remote-tracking branch 'origin/development' into feature/facet-example,14283/119/02,high,true
b13008354da99d5e28f0f7739dc47baab1cffce1,Remko Huisman,2025-07-11,openregister,Merge pull request #439 from ConductionNL/feature/REGISTERS-215/show-propeties-stays-after-edit,14283/119/02,medium,true
6651cb6b0e4cf41367448b4be01c8d49f4a0f54d,Remko Huisman,2025-07-11,openregister,Merge pull request #439 from ConductionNL/feature/REGISTERS-215/show-propeties-stays-after-edit,14283/119/02,medium,true
30b3da4998c85a97a3e4cc2c9bf1fc83f77c19ae,Barry Brands,2025-07-11,openregister,Merge pull request #475 from ConductionNL/feature/woo-elastic-config,14283/119/02,high,true
897bf368fc14b26f191e2e7a568b3ce24b2b2d4c,Barry Brands,2025-07-11,openregister,Merge pull request #475 from ConductionNL/feature/woo-elastic-config,14283/119/02,high,true
66323035ef8ba5ae605714417bb6c90953a84517,Ruben van der Linde,2025-07-11,openregister,Merge pull request #451 from ConductionNL/MWest2020-update-waardelijstschema,14283/119/02,medium,true
bdeadfb5763095f4d517d3bd7ccf1a111c9cfcfd,Ruben van der Linde,2025-07-11,openregister,Merge pull request #451 from ConductionNL/MWest2020-update-waardelijstschema,14283/119/02,medium,true
e893f4d2963b37624b93ce22c1b153209421a4ad,Ruben van der Linde,2025-07-11,openregister,Merge pull request #481 from ConductionNL/feature/facet-example,14283/119/02,high,true
28956e893bd4854e693f2459931c08fbc52d4b79,Ruben van der Linde,2025-07-11,openregister,Merge pull request #481 from ConductionNL/feature/facet-example,14283/119/02,high,true
9f9c88c6a69b97ded7c214e8fbfab9cd042accd7,Ruben van der Linde,2025-07-11,openregister,Getting file on id,14283/119/01,low,false
3a9cdd35b956c24902e2106b051df945ed18dd57,Ruben van der Linde,2025-07-11,openregister,Getting file on id,14283/119/01,low,false
c60c8a67ecf921d329194d978a216eb0e6c3ee73,Ruben van der Linde,2025-07-11,openregister,Merge pull request #480 from ConductionNL/feature/facet-example,14283/119/02,high,true
c4ed52f4d8ccd05af7edb20a4753034e390f7ac6,Ruben van der Linde,2025-07-11,openregister,Merge pull request #480 from ConductionNL/feature/facet-example,14283/119/02,high,true
7c721b077ff12f2b35eff85c6aa85cbb64eebaa5,Ruben van der Linde,2025-07-11,openregister,Lets show the file owner,14283/119/01,low,false
06e5f1530b37d770213b4f6f8963e7af9569a89f,Ruben van der Linde,2025-07-11,openregister,Lets show the file owner,14283/119/01,low,false
dc7d89be727f15455b14814538d5b2e2a3fc3ca3,Barry Brands,2025-07-10,openregister,Merge pull request #478 from ConductionNL/fix/save-file-without-object,14283/119/01,low,true
589a655902cb67c4b6bbd580f8b2f9c4519f5295,Barry Brands,2025-07-10,openregister,Merge pull request #478 from ConductionNL/fix/save-file-without-object,14283/119/01,low,true
e67e38e0849b3ec262000b9b15e5d25984ff40f6,Barry Brands,2025-07-10,openregister,readded a commented try,14283/119/01,low,false
2b62add673753d25d6c3709fe9c7c87e09ed2c95,Barry Brands,2025-07-10,openregister,readded a commented try,14283/119/01,low,false
a9266b5c8e9565d813498271219c49fd35304508,Ruben van der Linde,2025-07-10,openregister,Merge pull request #479 from ConductionNL/feature/facet-example,14283/119/02,high,true
3527e936dee210cf272fe17ce2a222ad468397b7,Ruben van der Linde,2025-07-10,openregister,Merge pull request #479 from ConductionNL/feature/facet-example,14283/119/02,high,true
f7bf6bbffbb1f5ddf6f21e3ab67d357a2bbbd89d,Ruben van der Linde,2025-07-10,openregister,Hotfix for delete action,14283/119/01,low,false
9f696826c9d3e2fbd22df862add291be7aa549bb,Ruben van der Linde,2025-07-10,openregister,Hotfix for delete action,14283/119/01,low,false
5cc74b8d7e3337c795e6656ebe516378272fadfe,Barry Brands,2025-07-10,openregister,Pass registerId when given and fix saving file with object id,14283/119/02,medium,false
3debb59dea9fed216f0e2366da9ea01c5eb7c95c,Barry Brands,2025-07-10,openregister,Pass registerId when given and fix saving file with object id,14283/119/02,medium,false
2597cdd89438a01a836840a4b48d29732a26a5a4,Ruben van der Linde,2025-07-10,openregister,Merge pull request #477 from ConductionNL/feature/facet-example,14283/119/02,high,true
036e793e6cdce61899f202dfabe9e7b11f9ac7fe,Ruben van der Linde,2025-07-10,openregister,Merge pull request #477 from ConductionNL/feature/facet-example,14283/119/02,high,true
44d6dfc168db074a9a09df3cd48008478bfcedfb,Ruben van der Linde,2025-07-10,openregister,Better import screen,14283/119/02,high,false
71a7ce183cdf0a013a211d92af5e4c8ac7559273,Ruben van der Linde,2025-07-10,openregister,Better import screen,14283/119/02,high,false
a3d60f46728bc53e0d80a1d3d52ffa2ae2b1c4d5,Ruben van der Linde,2025-07-09,openregister,Better return values on import,14283/119/02,high,false
8da8049b673608cfb86e82f6ae2a8255d013732d,Ruben van der Linde,2025-07-09,openregister,Better return values on import,14283/119/02,high,false
f05126ea1ae84f18b0e27467930e8c3e9b67c81b,Ruben van der Linde,2025-07-08,openregister,Merge pull request #476 from ConductionNL/feature/facet-example,14283/119/02,high,true
6942582665231ba58137fe09ba6dabab57226e13,Ruben van der Linde,2025-07-08,openregister,Merge pull request #476 from ConductionNL/feature/facet-example,14283/119/02,high,true
9ea4a726f0eb996f6b2abc5e99aa541577773b5f,Ruben van der Linde,2025-07-08,openregister,Merge remote-tracking branch 'origin/development' into feature/facet-example,14283/119/02,high,true
c95eb094b7a05fc4df3ca2df8e4d5b6404eff15d,Ruben van der Linde,2025-07-08,openregister,Merge remote-tracking branch 'origin/development' into feature/facet-example,14283/119/02,high,true
47e0c684d7613e2ce9c1e551f689f9c914217b0a,Ruben van der Linde,2025-07-08,openregister,Work on import and file pagination,14283/119/02,high,false
97222e9fc7a1a7aabd3364a04558a373b06e907b,Ruben van der Linde,2025-07-08,openregister,Work on import and file pagination,14283/119/02,high,false
0d8a166c33bbf92216f53d897ec3485be8f35497,Barry Brands,2025-07-07,openregister,Added woo elastic config,14283/119/02,high,false
360f91feed64174801ecbda1273998d212843c42,Barry Brands,2025-07-07,openregister,Added woo elastic config,14283/119/02,high,false
785aae0837760081bdf61e25b7128c3520a7078b,Ruben van der Linde,2025-07-03,openregister,Merge pull request #474 from ConductionNL/feature/facet-example,14283/119/02,high,true
14d189b44747699057542c4fe7458d6cfbd09bf8,Ruben van der Linde,2025-07-03,openregister,Merge pull request #474 from ConductionNL/feature/facet-example,14283/119/02,high,true
74b7f10754360779c762db68d9349d01484a3f18,Ruben van der Linde,2025-07-03,openregister,Hotfix for array facating,14283/119/01,low,false
b220d69c4bf719bb354a44c4742cb0b0ff5bf547,Ruben van der Linde,2025-07-03,openregister,Hotfix for array facating,14283/119/01,low,false
7285f069583b94626cc4a31b1181872d1018cf00,Ruben van der Linde,2025-07-03,openregister,Hotfix enums adjustable trough backend ui,14283/119/01,low,false
88cc7ef52ab25194fe103c67f31dbd25aed4a422,Ruben van der Linde,2025-07-03,openregister,Hotfix enums adjustable trough backend ui,14283/119/01,low,false
64f07459de8e7b3392a4f810ab1665caf1b40a4b,Robert Zondervan,2025-07-03,openregister,Merge pull request #473 from ConductionNL/feature/connector-349/decode-on-update,14283/119/01,low,true
1ecbd486d70668f6021e48518cb88189a1172a79,Robert Zondervan,2025-07-03,openregister,Merge pull request #473 from ConductionNL/feature/connector-349/decode-on-update,14283/119/01,low,true
6a2be6a0c5dd1f424d10e6385f405d1c63164520,Robert Zondervan,2025-07-03,openregister,Fix base64 encoding when updating files,14283/119/01,low,false
b1c3565c2e5d5285c161e7005c70bb7e3ac19524,Robert Zondervan,2025-07-03,openregister,Fix base64 encoding when updating files,14283/119/01,low,false
7a5efcd581c3b56dc268ce77d7514fd6ca0e92fa,Ruben van der Linde,2025-07-03,openregister,Merge pull request #472 from ConductionNL/feature/facet-example,14283/119/02,high,true
ac7ee37d684e33f7d67b99a6e017d45fd3f0efe4,Ruben van der Linde,2025-07-03,openregister,Merge pull request #472 from ConductionNL/feature/facet-example,14283/119/02,high,true
a1b83a06ae93cb828694719b16c4e3f70bd0051f,Ruben van der Linde,2025-07-03,openregister,Remove owner and uuid from faceting,14283/119/02,high,false
600f5cf2bed953e8b1d7d6a6f33ee3829d4036ce,Ruben van der Linde,2025-07-03,openregister,Remove owner and uuid from faceting,14283/119/02,high,false
017e02b1d71bc16f7169ba52f9bb3eccc70daa79,Ruben van der Linde,2025-07-03,openregister,Merge pull request #471 from ConductionNL/feature/facet-example,14283/119/02,high,true
2747d9397e4ee11cee74d9bdeb8932901e53b5c5,Ruben van der Linde,2025-07-03,openregister,Merge pull request #471 from ConductionNL/feature/facet-example,14283/119/02,high,true
a5a4fdbb0650a3fedee46e6319668c55bdbcec89,Ruben van der Linde,2025-07-03,openregister,Facetabel refactor to schema,14283/119/02,high,false
10698ef1635a1a3851dff4037382e42a459dbc40,Ruben van der Linde,2025-07-03,openregister,Facetabel refactor to schema,14283/119/02,high,false
27da637f4bda6421849b87ca3fdfcfde865481d0,Barry Brands,2025-07-02,openregister,Dont throw event when creating object folder,14283/120/02,medium,false
e34993a50d4fb4949011c478c854746866c41c79,Ruben van der Linde,2025-07-02,openregister,Merge pull request #470 from ConductionNL/feature/facet-example,14283/119/02,high,true
a868c3cd27c5109f7ee53f17de89219a73c6f46a,Ruben van der Linde,2025-07-02,openregister,Merge pull request #470 from ConductionNL/feature/facet-example,14283/119/02,high,true
ea572a90b6b615e9e6021181b7eec609977d52be,Ruben van der Linde,2025-07-02,openregister,Fixd ghost required properties,14283/119/01,low,false
bffa707b1007be8ce941a9c5228ba4fceab17caa,Ruben van der Linde,2025-07-02,openregister,Fixd ghost required properties,14283/119/01,low,false
1de6035065596cba220306dd06ff3cdfb8c59627,Ruben van der Linde,2025-07-02,openregister,Send back meaningfull error messages,14283/120/02,medium,false
aa60288d25e4baabd72c820a7bd1598c25a641b9,Ruben van der Linde,2025-07-02,openregister,Send back meaningfull error messages,14283/120/02,medium,false
252461f6a8ab6cfa67f2aa1148d64df3ddac7f27,Ruben van der Linde,2025-07-01,openregister,Merge pull request #469 from ConductionNL/feature/facet-example,14283/119/02,high,true
0f2edea70c5654f082d8a22bd5b605556295fd43,Ruben van der Linde,2025-07-01,openregister,Merge pull request #469 from ConductionNL/feature/facet-example,14283/119/02,high,true
bce38d7d97f54623dae97035fb8ff07390ae442e,Ruben van der Linde,2025-07-01,openregister,Add textarea and markdown support,14283/119/01,medium,false
21dfde8c4d9dfaa3b50811e33f2aba23dec56584,Ruben van der Linde,2025-07-01,openregister,Add textarea and markdown support,14283/119/01,medium,false
d905b32c1a1ee06b31c92a9ba24b18da142ffcbe,Ruben van der Linde,2025-06-30,openregister,Case insenititvity,14283/119/01,low,false
4ad00602d4f18df2cd5c35591dd5bbb8b55fc1d2,Ruben van der Linde,2025-06-30,openregister,Case insenititvity,14283/119/01,low,false
663455c5754851fcbb2f051ccdfa51e1346fb3d4,Ruben van der Linde,2025-06-30,openregister,Merge remote-tracking branch 'origin/development' into feature/facet-example,14283/119/02,high,true
a88a0d26423ae327d45ba3eab4bb8c55433cd6b5,Ruben van der Linde,2025-06-30,openregister,Merge remote-tracking branch 'origin/development' into feature/facet-example,14283/119/02,high,true
68b7e3d454310c9f335a5ccc72f994eeacfc9c1f,Ruben van der Linde,2025-06-30,openregister,Merge pull request #468 from ConductionNL/hotfix/publicatoindate-on-update,14283/119/01,low,true
d53b71502567a967b6fc68cbc2edb102b3724369,Ruben van der Linde,2025-06-30,openregister,Merge pull request #468 from ConductionNL/hotfix/publicatoindate-on-update,14283/119/01,low,true
ee47c2c159598933ef1c4d910de3d506c404d79b,Ruben van der Linde,2025-06-30,openregister,Fix for published date on update,14283/119/01,low,false
eb67d332a7161548bf3e59181ae1719542acb5a5,Ruben van der Linde,2025-06-30,openregister,Fix for published date on update,14283/119/01,low,false
948edb54cf9f2633264adeb47a5d397ab65fba23,Ruben van der Linde,2025-06-30,openregister,Lets update the build,14283/119/01,low,false
afc2209a061c10c8ef171d177898a0dce7886a31,Ruben van der Linde,2025-06-30,openregister,Better gtnore,14283/119/01,low,false
3196f1db0c69d38d6e279a85ac9c6425f0bd6c84,Ruben van der Linde,2025-06-30,openregister,Lets try to fix the documentation,14283/119/01,low,false
321027e1e4c57d565b24bb8e20cb6b92e42b5b3a,Ruben van der Linde,2025-06-30,openregister,Merge pull request #462 from ConductionNL/feature/facet-example,14283/119/02,high,true
6d13e480ce8188b8436fe0a9952d6e15c43f4abd,Ruben van der Linde,2025-06-30,openregister,Merge pull request #461 from ConductionNL/feature/facet-example,14283/119/02,high,true
efd87d98ea32cc6357b748eb5faa4596ba540c27,Ruben van der Linde,2025-06-30,openregister,Merge pull request #461 from ConductionNL/feature/facet-example,14283/119/02,high,true
d2399f9a865ab38d812f47af037fc9e236cb1ab0,Ruben van der Linde,2025-06-30,openregister,Small doc fixes,14283/119/01,low,false
c76ed052240288dce0859826619d6dbd4f387cbe,Ruben van der Linde,2025-06-30,openregister,Small doc fixes,14283/119/01,low,false
5e8e9d213acba721edc5d80dea5a4464799fc551,Ruben van der Linde,2025-06-30,openregister,Hot fix date searching,14283/119/02,high,false
5ca63fbdf096e8f78398987c1f8c3d5c0acb4526,Ruben van der Linde,2025-06-30,openregister,Hot fix date searching,14283/119/02,high,false
7eacf9822635325a010c19c055324311f6c5950a,Ruben van der Linde,2025-06-29,openregister,Merge pull request #460 from ConductionNL/feature/facet-example,14283/119/02,high,true
dc0c3d300875135da56ae1137da2bf1b3b02b9fc,Ruben van der Linde,2025-06-29,openregister,Merge pull request #460 from ConductionNL/feature/facet-example,14283/119/02,high,true
9c4eedd00152d670cd7a411574b54a15a875b0e9,Ruben van der Linde,2025-06-29,openregister,Refactor publisheing and depublishing files,14283/119/01,medium,false
62fd024f936a293699cdfc7360f83fa03260de33,Ruben van der Linde,2025-06-29,openregister,Refactor publisheing and depublishing files,14283/119/01,medium,false
c42ca12a206b4325d0b9dbd7bd37d284f25956da,Ruben van der Linde,2025-06-27,openregister,Merge pull request #459 from ConductionNL/feature/facet-example,14283/119/02,high,true
ad14f870e1de70bc20cf50d882adf1c70e94d9fd,Ruben van der Linde,2025-06-27,openregister,Merge pull request #459 from ConductionNL/feature/facet-example,14283/119/02,high,true
ec50a1d419a1fe399daf7f78430114aca9f3ae96,Ruben van der Linde,2025-06-27,openregister,Lets get these object titles to work,14283/119/01,low,false
86af67fe21b01a3c731634c0379a3318366772fb,Ruben van der Linde,2025-06-27,openregister,Lets get these object titles to work,14283/119/01,low,false
634f6f59d3d1936cf2fb4ab362035dd5a9b4a926,Ruben van der Linde,2025-06-27,openregister,Forms upgrades and facetable config,14283/119/02,high,false
1860feee8982989f3f44ce34efd4d7d6948e3b1a,Ruben van der Linde,2025-06-27,openregister,Forms upgrades and facetable config,14283/119/02,high,false
50358d65c174ac75c50788688beb941429184660,Ruben van der Linde,2025-06-26,openregister,Merge pull request #458 from ConductionNL/feature/facet-example,14283/119/02,high,true
373cbecd9080cb495507d5c854f905f1a14021b8,Ruben van der Linde,2025-06-26,openregister,Merge pull request #458 from ConductionNL/feature/facet-example,14283/119/02,high,true
ad6dd4c1a7492e444a2281e9872edbf386bc7374,Ruben van der Linde,2025-06-26,openregister,Hotfix for getting objects based on slugs,14283/119/01,low,false
46659dc7cb65e5ef12ba9e6af075a0cbe3c0e677,Ruben van der Linde,2025-06-26,openregister,Hotfix for getting objects based on slugs,14283/119/01,low,false
86ebfba72a8d7aa81351947b930fd203a12976d2,Ruben van der Linde,2025-06-26,openregister,Merge pull request #457 from ConductionNL/feature/facet-example,14283/119/02,high,true
c08ef23b736eef4abbf3e8f74f850e2a6fd9e266,Ruben van der Linde,2025-06-26,openregister,Merge pull request #457 from ConductionNL/feature/facet-example,14283/119/02,high,true
33ef97562ee9603e395d2e3b58d9ceef06d416ca,Ruben van der Linde,2025-06-26,openregister,Facet example form for tables,14283/119/02,high,false
047b96483db6a2385e051a170858f0b0fdc24208,Ruben van der Linde,2025-06-26,openregister,Facet example form for tables,14283/119/02,high,false
da97e6786a2a640399a541f06833c8eab50b46a6,Ruben van der Linde,2025-06-26,openregister,First draft facet component,14283/119/02,high,false
bdc81eae1856c7ddd47c78a6e23bb76766e027fa,Ruben van der Linde,2025-06-26,openregister,First draft facet component,14283/119/02,high,false
493084ade5197d562f108b2e8a9b7fc8214b00f2,Ruben van der Linde,2025-06-26,openregister,Merge pull request #456 from ConductionNL/hotfix/source-colum,14283/119/01,low,true
c44d626cfe42ec02a3d3e979154b6773854e2067,Ruben van der Linde,2025-06-26,openregister,Merge pull request #456 from ConductionNL/hotfix/source-colum,14283/119/01,low,true
1bb5c9196ec12017ae6c9ea825bc6600b2607cce,Ruben van der Linde,2025-06-26,openregister,Name fix,14283/119/01,low,false
0ddc9671441a024953fbf86101ff2a03d712dd23,Ruben van der Linde,2025-06-26,openregister,Name fix,14283/119/01,low,false
6736a2150431a282dd4c02631b556be90cb09cc5,Ruben van der Linde,2025-06-26,openregister,This should fix the error some env's are throwing on the source colum,14283/120/02,medium,false
d4f80b157a1c763565216d9c7e9e99b377d9ce39,Ruben van der Linde,2025-06-26,openregister,This should fix the error some env's are throwing on the source colum,14283/120/02,medium,false
6789789c2f56bbcd64beec462ae26ab759d21e57,Ruben van der Linde,2025-06-26,openregister,Add some event dispatching,14283/120/02,medium,false
9bfb0cf00c16176ee4c3158c63c6c3b8d542663f,Ruben van der Linde,2025-06-26,openregister,Add some event dispatching,14283/120/02,medium,false
0d817a302d430b9a2e377344f1b2828f40c76e9a,Remko Huisman,2025-06-24,openregister,Merge pull request #455 from ConductionNL/feature/merging-objects,14283/119/01,low,true
ab52bd58780ee80fb427b50e80c6fb20bef8919d,Remko Huisman,2025-06-24,openregister,Merge pull request #455 from ConductionNL/feature/merging-objects,14283/119/01,low,true
07a31ff2cb18ba74b52e1c3dbe5dea51707add6f,Ruben van der Linde,2025-06-24,openregister,Hotfix patching,14283/119/01,low,false
1f475cbf0ea103f3aaa09afc3af3e8c3e5a141e0,Ruben van der Linde,2025-06-24,openregister,Hotfix patching,14283/119/01,low,false
a64fef0072bec1160e3fa00429531e723a1ff5a8,Barry Brands,2025-06-24,openregister,Merge pull request #454 from ConductionNL/fix/delete-files-from-object,14283/119/01,low,true
5f734e082d6298f4237aa2b0c3246eae7b2d4f0f,Barry Brands,2025-06-24,openregister,Merge pull request #454 from ConductionNL/fix/delete-files-from-object,14283/119/01,low,true
31fe82e2aaa4f69aec39e7a987b0748ad64041bc,Barry Brands,2025-06-24,openregister,Check if there is a slug before trying to pass it down,14283/119/01,low,false
9127408b2dac0b4d663ff294bc4a9ab5c898120e,Barry Brands,2025-06-24,openregister,Check if there is a slug before trying to pass it down,14283/119/01,low,false
81d298af4836cfffe88f7a421cd9f94bb6448e74,Barry Brands,2025-06-24,openregister,Fix for deleting files when deleting a object,14283/119/01,low,false
d3fa2c4769488650eddc3beafbed775c8d95ea2e,Barry Brands,2025-06-24,openregister,Fix for deleting files when deleting a object,14283/119/01,low,false
ca21224efe55b52e3265ea7a613b222cdbaa43a2,Ruben van der Linde,2025-06-24,openregister,Merge pull request #453 from ConductionNL/feature/merging-objects,14283/119/01,low,true
9094ba31a649d011132e3938f6cc3e3a11fb8610,Ruben van der Linde,2025-06-24,openregister,Merge pull request #453 from ConductionNL/feature/merging-objects,14283/119/01,low,true
f85bf54b04e92068b289bbd888be25c6016975ff,Ruben van der Linde,2025-06-24,openregister,Schema hotfix,14283/119/02,medium,false
3d58d52819beb37e8a7df7f8b678758420ccfb85,Ruben van der Linde,2025-06-24,openregister,Schema hotfix,14283/119/02,medium,false
186b2e00239481e9fe531fec342b3cce58893169,Ruben van der Linde,2025-06-24,openregister,Merge pull request #452 from ConductionNL/feature/merging-objects,14283/119/01,low,true
beca021fabb6e4ccffd3b5aad9e5056f1c415491,Ruben van der Linde,2025-06-24,openregister,Merge pull request #452 from ConductionNL/feature/merging-objects,14283/119/01,low,true
318da55bfda9622d6311207890fe9bac1a10704c,Ruben van der Linde,2025-06-23,openregister,WIP on merge modal,14283/119/01,low,false
55a2ad9d5f0ad2d537da0cd2bebc54a6350920d1,Ruben van der Linde,2025-06-23,openregister,WIP on merge modal,14283/119/01,low,false
e1ab3fbb839ec88b899b53b72ce259512a697427,Ruben van der Linde,2025-06-23,openregister,Merge pull request #450 from ConductionNL/feature/merging-objects,14283/119/01,low,true
5c2b9a9a4a0d2c30f00bf88c2602e0a4fb8aa471,Ruben van der Linde,2025-06-23,openregister,Inkorten bestandsnaam,14283/119/01,low,false
9288cafb4a07e8a8164253d4ba44dc109569ebc1,Ruben van der Linde,2025-06-23,openregister,Inkorten bestandsnaam,14283/119/01,low,false
28cfbb5a4b54a9c693001c71e5c196e5e506b9b9,Ruben van der Linde,2025-06-23,openregister,trying to fix the ceckbox styling,14283/119/01,low,false
68b2fa79d7a05818516a4661948d5a5940e3b54b,Ruben van der Linde,2025-06-23,openregister,trying to fix the ceckbox styling,14283/119/01,low,false
3e79c49d949e4c0580ad571cd5ebb5a9af73547a,Ruben van der Linde,2025-06-23,openregister,Remove and prohibit vardump's,14283/119/01,low,false
ce64e0f70375545ba0f0b7326c8d6877c4aaf0d6,Ruben van der Linde,2025-06-23,openregister,Remove and prohibit vardump's,14283/119/01,low,false
cdf434786c8ec1b7e9d96eace0a5c6c424787d1d,Ruben van der Linde,2025-06-23,openregister,Fixin the pointles errors,14283/120/02,medium,false
f7670935fa636092f7fcf7fda96fe2d9508774c3,Ruben van der Linde,2025-06-23,openregister,Fixin the pointles errors,14283/120/02,medium,false
91de2ac87646100f1136c213e0de680a8a4835be,Mark West,2025-06-23,openregister,Update woo_register.json,14283/119/02,medium,false
0683a2fcf7d775f4ce5647756ae647605c9da12b,Mark West,2025-06-23,openregister,Update woo_register.json,14283/119/02,medium,false
1b73e9c558366ed99a2c436041ba86681e6ff0d9,Ruben van der Linde,2025-06-23,openregister,Debuging the migration (better api calls),14283/119/01,high,false
012410c3acf9fb8e61384cf10f5a1acdc4925f98,Ruben van der Linde,2025-06-23,openregister,Debuging the migration (better api calls),14283/119/01,high,false
44121293fc87bae4989c4f7d969287d6c13a2b67,Ruben van der Linde,2025-06-23,openregister,Style Consolidation,14283/119/01,low,false
2c0642ee74b31ca7f9c54edddde7a9781953deb0,Ruben van der Linde,2025-06-23,openregister,Style Consolidation,14283/119/01,low,false
a17f769c7da3b22de4da23a7f5ccead3bb9dc2df,Ruben van der Linde,2025-06-23,openregister,Lets finish the edit schema modal,14283/119/02,medium,false
f7685262268d2b0f6bf9972ebf7a383c6c190b5f,Ruben van der Linde,2025-06-23,openregister,Lets finish the edit schema modal,14283/119/02,medium,false
e44a2b306d68f3b1f5c0d6322202739ffe62f393,Ruben van der Linde,2025-06-22,openregister,Updating to object for readabillity and perpering rights implementation,14283/120/01,high,false
3f874d691cc662538d6568fe40876ef3df949576,Ruben van der Linde,2025-06-22,openregister,Updating to object for readabillity and perpering rights implementation,14283/120/01,high,false
b07e76d3ccb78c3a97a39640c035877e4d287f32,Ruben van der Linde,2025-06-22,openregister,Lets call it purging,14283/119/01,low,false
5d83463c16abff848b47f9cf0a6549cd33d0cca8,Ruben van der Linde,2025-06-22,openregister,Lets call it purging,14283/119/01,low,false
b7366364801e6f7bcb8724678f6d432986d97b54,Ruben van der Linde,2025-06-22,openregister,Fixed the purge modal,14283/119/01,low,false
9b9a5cf7a301c7cdbe46616cd4d87a025f46d5d2,Ruben van der Linde,2025-06-22,openregister,Fixed the purge modal,14283/119/01,low,false
6770a62e162c4a2b54114bfc658dfcd6f68fcba3,Ruben van der Linde,2025-06-22,openregister,Lets bring down the amount of modals,14283/119/01,low,false
cd96210903c2cbb4d37d218b024bead0aa81cc7b,Ruben van der Linde,2025-06-22,openregister,Lets bring down the amount of modals,14283/119/01,low,false
5823b34ec1d160643a7c6bc5424fe2b99e3183f5,Ruben van der Linde,2025-06-21,openregister,Get the models styles in one line (delete multiple needs a code refactor do),14283/119/01,medium,false
cf354d20211aeda07cc9a037d74484ab78bc79bc,Ruben van der Linde,2025-06-21,openregister,Get the models styles in one line (delete multiple needs a code refactor do),14283/119/01,medium,false
478df2af8c342c68a64c1ba2758a883b016d7ee2,Ruben van der Linde,2025-06-21,openregister,Working on the user friendlyness,14283/120/01,medium,false
bc8fdd1fbe2fb4d5f53030786ef0a71327f0a8db,Ruben van der Linde,2025-06-21,openregister,Working on the user friendlyness,14283/120/01,medium,false
dae31694ba7ad865b54baf7e192a4614d748d10d,Ruben van der Linde,2025-06-21,openregister,Update the migration modal,14283/119/01,high,false
9856abdb57911052953bb3e2c0cce664ef5b0075,Ruben van der Linde,2025-06-21,openregister,Update the migration modal,14283/119/01,high,false
4d55eec92a61deddabd9ba9bb79dd4858552865c,Ruben van der Linde,2025-06-21,openregister,Lets add migrations to the mix,14283/119/01,high,false
ce1c124452132801b2e04f9d4b505570c9fc9819,Ruben van der Linde,2025-06-21,openregister,Lets add migrations to the mix,14283/119/01,high,false
a899d0e3a3a26f49888d8e4836dcd8563a584b47,Ruben van der Linde,2025-06-21,openregister,More graphical details,14283/119/01,low,false
55104a7a8d9e4c18d04cc91cce49bb0c431808fa,Ruben van der Linde,2025-06-21,openregister,More graphical details,14283/119/01,low,false
2fcb6a4573aa84d3cdaf9e22acc2bfdba61a28b8,Ruben van der Linde,2025-06-21,openregister,Bit of cleanup on the merge modal,14283/119/01,low,false
6fe8ca903c89cb0eb2fad9fb86e539d96f7d98dc,Ruben van der Linde,2025-06-21,openregister,Bit of cleanup on the merge modal,14283/119/01,low,false
609a68f370b1445ce625ce7a249be05c001090b4,Ruben van der Linde,2025-06-21,openregister,Lets setup the basic modals and routes for merging,14283/119/02,low,false
4e27eb7c587b1b5662f7f1e137cc12c4634b505a,Ruben van der Linde,2025-06-21,openregister,Lets setup the basic modals and routes for merging,14283/119/02,low,false
19ad154f13b9a49eb53c81cb6f76e934d10f8ec7,Ruben van der Linde,2025-06-21,openregister,Facet documentation,14283/119/02,high,false
95e2f435a6545be5fcb99bbda5123790588695c3,Ruben van der Linde,2025-06-21,openregister,Facet documentation,14283/119/02,high,false
fe6083e0133ae3cc728519252256a7374eb9a051,Remko Huisman,2025-06-20,openregister,Merge pull request #449 from ConductionNL/main,14283/119/01,low,true
7dab864397f2a3753ea934692cd9451cad2f90f8,Remko Huisman,2025-06-20,openregister,Merge pull request #449 from ConductionNL/main,14283/119/01,low,true
ab1315848c9ce06d7617d4d181d22e5ab21c990d,github-actions[bot],2025-06-20,openregister,[Changelog CI] Add Changelog for Version 0.2.2,14283/120/02,low,true
a0180f37381c70d01ec1fc40bd0d3651caf0148d,GitHub Action,2025-06-20,openregister,Bump version to 0.2.2,14283/119/01,low,true
049007f9b07b36d2da747b2e4703356c873534ce,GitHub Action,2025-06-20,openregister,Bump version to 0.2.2,14283/119/01,low,true
d759f2552107ee7f68b40caa35f9a1c4a876f535,Remko,2025-06-20,openregister,up version,14283/119/01,low,false
90b3109cab42c55d0cb1b74e750de1a09521f6e5,Remko,2025-06-20,openregister,up version,14283/119/01,low,false
f5465715042ce8e8f66fbef07ac67f66834fc967,Remko,2025-06-20,openregister,Update release workflow,14283/119/01,low,false
113e03ee7a6846d06d5241c153c5fc85682277da,Remko,2025-06-20,openregister,Update release workflow,14283/119/01,low,false
c1f763e6397d3719d4f339466c59d6483c2ee64b,Remko Huisman,2025-06-20,openregister,Merge pull request #447 from ConductionNL/up-version,14283/119/01,low,true
61e144cf971a1a8dce5d46fe32df37060c461bbb,Remko Huisman,2025-06-20,openregister,Merge pull request #447 from ConductionNL/up-version,14283/119/01,low,true
3a5e9a3a6ee51ba6f3fb3d8530de08224144be5e,Remko,2025-06-20,openregister,Upped version to 0.2 and update release workflow,14283/119/01,low,false
bfbdadeabe72ebf2edb4a4ef9bf7f06d26f23893,Remko,2025-06-20,openregister,Upped version to 0.2 and update release workflow,14283/119/01,low,false
7617fed8102380b28913d1cc50bfc39403e9e167,github-actions[bot],2025-06-20,openregister,[Changelog CI] Add Changelog for Version 0.1.80,14283/120/02,low,true
9b8daddf460e86f3293ded825c89dc95f7928106,GitHub Action,2025-06-20,openregister,Bump version to 0.1.80,14283/119/01,low,true
cf0f475fafb26af724e28b4dcbb44d6d2d32ca43,GitHub Action,2025-06-20,openregister,Bump version to 0.1.80,14283/119/01,low,true
1a564287a2f69a9d6959ae5ac9ce542c8e60bb3c,Ruben van der Linde,2025-06-20,openregister,Merge pull request #445 from ConductionNL/development,14283/119/01,low,true
09d4994098df5903ab33ca4f5bfa9263abb26338,Ruben van der Linde,2025-06-20,openregister,Merge pull request #445 from ConductionNL/development,14283/119/01,low,true
22eaa3382a969885daba29269a50b1603950b6c6,Ruben van der Linde,2025-06-20,openregister,Merge pull request #444 from ConductionNL/hotfix/file-storage,14283/119/01,low,true
6737631465e275340e67feecbcd6d26019bd0b6e,Ruben van der Linde,2025-06-20,openregister,Merge pull request #444 from ConductionNL/hotfix/file-storage,14283/119/01,low,true
8c5f72dc0c891d8d7a314467224cb2a971db7977,Ruben van der Linde,2025-06-20,openregister,Dealing with both file paths and id's,14283/119/01,low,false
85e2282a525f8655597068b38798f8c450486b3a,Ruben van der Linde,2025-06-20,openregister,Dealing with both file paths and id's,14283/119/01,low,false
e2088263aa3889dc007a59b39abd357af8adbaf4,Ruben van der Linde,2025-06-20,openregister,Merge pull request #443 from ConductionNL/hotfix/file-storage,14283/119/01,low,true
045102bb4df864d9e9bf65970cb53ace93477cff,Ruben van der Linde,2025-06-20,openregister,Merge pull request #443 from ConductionNL/hotfix/file-storage,14283/119/01,low,true
b273a4b4adc55c051ace9079098b90029f4460e4,Ruben van der Linde,2025-06-20,openregister,Refactoring the file rights handling,14283/120/01,high,false
a3b962d60391843bd2952d3a98090de110fac413,Ruben van der Linde,2025-06-20,openregister,Refactoring the file rights handling,14283/120/01,high,false
7e8ac42cf88854b35fb71db341cc759bb8c2558e,Robert Zondervan,2025-06-20,openregister,Merge pull request #442 from ConductionNL/fix/self-values,14283/119/01,low,true
53f5b642b65cf25b2afa1f8ed96c3d5dbe147771,Robert Zondervan,2025-06-20,openregister,Merge pull request #442 from ConductionNL/fix/self-values,14283/119/01,low,true
5357007d66ec703adcecacb220552369010a63ad,Ruben van der Linde,2025-06-20,openregister,More wrapper :(,14283/119/01,low,false
a5e9656ea6e8d1316ba33caf859263c3e69306da,Ruben van der Linde,2025-06-20,openregister,More wrapper :(,14283/119/01,low,false
01c9c4ef376e3c988384c535ea173eb965860b3e,Robert Zondervan,2025-06-19,openregister,Put the @self value in a separate variable before unsetting @self,14283/119/01,low,false
ff776aaee573e6538d5fe68ea4ed653375b3a417,Robert Zondervan,2025-06-19,openregister,Put the @self value in a separate variable before unsetting @self,14283/119/01,low,false
bf6aa35cc7866994a56a546249f4a3a54698ee7e,Ruben van der Linde,2025-06-19,openregister,Merge pull request #440 from ConductionNL/hotfix/object-search-and-agregation,14283/119/02,high,true
49e2598bf322578ba11c4d0f9ffd2e98cd4eae4c,Ruben van der Linde,2025-06-19,openregister,Merge pull request #440 from ConductionNL/hotfix/object-search-and-agregation,14283/119/02,high,true
ac3875452fc06f421b1d11c5a6861539051b73ab,Remko,2025-06-19,openregister,Merge remote-tracking branch 'origin/development' into hotfix/object-search-and-agregation,14283/119/02,high,true
d923e70cd6df49fcac0f635189ae9f9f93b8fad5,Remko,2025-06-19,openregister,Merge remote-tracking branch 'origin/development' into hotfix/object-search-and-agregation,14283/119/02,high,true
df85f45ebde097d58d9ada3c8e3b9754efcde2aa,Remko Huisman,2025-06-19,openregister,Merge pull request #441 from ConductionNL/main,14283/119/01,low,true
b52d64a452d95c4ec35d3228329ad17e22261cff,Remko Huisman,2025-06-19,openregister,Merge pull request #441 from ConductionNL/main,14283/119/01,low,true
44062ea721f8b38cbf67d1f00a3ee7e5df7951a8,Ruben van der Linde,2025-06-19,openregister,Merge remote-tracking branch 'origin/development' into backup/development,14283/119/01,low,true
29022bebc52d049ba44690d19eb71ca3acfdca60,Ruben van der Linde,2025-06-19,openregister,Merge remote-tracking branch 'origin/development' into hotfix/object-search-and-agregation,14283/119/02,high,true
da81e2020b3f8736d119905f109b715ac48d0292,Ruben van der Linde,2025-06-19,openregister,Merge remote-tracking branch 'origin/development' into hotfix/object-search-and-agregation,14283/119/02,high,true
621c60d12d6369a0df4dde42260cc9388d9a18cd,Alex Rekachynskyi,2025-06-19,openregister,Show properties stays the same after editing properties,14283/119/01,low,false
24632ea2dce548b970e406630ee6eb6be4a8df1a,Alex Rekachynskyi,2025-06-19,openregister,Show properties stays the same after editing properties,14283/119/01,low,false
e24ab26ba402a68c88f16acd6a2889e0c7ac8c5b,Ruben van der Linde,2025-06-19,openregister,LEts park this WIP for now DO NOT MERGE,14283/119/01,low,false
d7036a28f42540c6171c4c49e0959e982c1bcf6e,Barry Brands,2025-06-18,openregister,Merge pull request #438 from ConductionNL/feature/extend-all-recursive,14283/119/01,low,true
676c5da85e549d282b4d2ddd0337ab8a5706cded,Barry Brands,2025-06-18,openregister,Merge pull request #438 from ConductionNL/feature/extend-all-recursive,14283/119/01,low,true
613471c83f1310c01e36bebda1d2d6b5f5f0c81b,Barry Brands,2025-06-18,openregister,Build extend all array at later moment for inversedProperties,14283/119/01,low,false
27fa2546ae6f69f48183a0970e6961a8ad4abf85,Barry Brands,2025-06-18,openregister,Build extend all array at later moment for inversedProperties,14283/119/01,low,false
90e84ab30fb6b7fdaf6dd4fb4778d4110eaf97cb,Ruben van der Linde,2025-06-18,openregister,Merge remote-tracking branch 'origin/development' into hotfix/object-search-and-agregation,14283/119/02,high,true
f1ac7d4d2cb4da9863f8d5b08b73c7826d22ccee,Ruben van der Linde,2025-06-18,openregister,Merge remote-tracking branch 'origin/development' into hotfix/object-search-and-agregation,14283/119/02,high,true
206c523b331435f8038b3b4614e8f69b8a45232b,Barry Brands,2025-06-17,openregister,Merge remote-tracking branch 'origin/development' into feature/extend-all-recursive,14283/119/01,low,true
1f66b38be6ed8b06cdf71ec3d9c1d0a62d65af1d,Barry Brands,2025-06-17,openregister,Merge remote-tracking branch 'origin/development' into feature/extend-all-recursive,14283/119/01,low,true
203fb5418ab4720c760c7f1a157fcd0fc4e1528e,Barry Brands,2025-06-17,openregister,Add extend all recursively functionality,14283/119/01,low,false
93ee18d087ebbbe79008f1d3c459541622ec3581,Barry Brands,2025-06-17,openregister,Add extend all recursively functionality,14283/119/01,low,false
cc268f0a795b8958e18b95063d7cc4cbc846b3d1,Barry Brands,2025-06-17,openregister,re enable objectService->renderEntity,14283/119/01,high,false
5d95ac0c9b8621dc6d9e851c22118d8122a342f2,Barry Brands,2025-06-17,openregister,re enable objectService->renderEntity,14283/119/01,high,false
f310b34c49b1495d44bd5e246c8710acfb36f3fb,Barry Brands,2025-06-17,openregister,remove dump,14283/119/01,low,false
969d2df953b62ace2f9dd2184a9bbd93a9d4922f,Barry Brands,2025-06-17,openregister,remove dump,14283/119/01,low,false
bca6162cf73f76cddb3129af330ed80e4926e95d,Remko Huisman,2025-06-17,openregister,Merge pull request #437 from ConductionNL/hotfix-version,14283/119/01,low,true
590347b2b634daf9c0cc77c94c36acb29f9f41da,Remko Huisman,2025-06-17,openregister,Merge pull request #437 from ConductionNL/hotfix-version,14283/119/01,low,true
2c93b729e5b1cb09fdf89b5c5313f0b9cf1f3968,Remko,2025-06-17,openregister,fix,14283/119/01,low,false
7a0302147d0291aef47a431c45bc84822427c107,Remko,2025-06-17,openregister,fix,14283/119/01,low,false
a82cfde184fd3ccfa6eff72dd2216b16dbbdb452,Remko Huisman,2025-06-17,openregister,Merge pull request #435 from ConductionNL/remko48-patch-1,14283/119/01,low,true
9fa9553673acdeb3dec0a1a5112d3b49a098504f,Remko Huisman,2025-06-17,openregister,Merge pull request #435 from ConductionNL/remko48-patch-1,14283/119/01,low,true
da92256c627ced8c71a96c8ffd2a0abf1eb39541,Remko Huisman,2025-06-17,openregister,Update info.xml,14283/119/01,high,false
6eeb7d8f2137bf30e3e0d84a73e6ceab89f8a20d,Remko Huisman,2025-06-17,openregister,Update info.xml,14283/119/01,high,false
d00b8574dbf645600f5b5044a20dc696806d6d05,Remko Huisman,2025-06-17,openregister,Merge pull request #434 from ConductionNL/hotfix-version,14283/119/01,low,true
99bc04345d2a2cb673dc63e1aef5ff083f4866a4,Remko Huisman,2025-06-17,openregister,Merge pull request #434 from ConductionNL/hotfix-version,14283/119/01,low,true
253a28b263bc134770bf523a7c52c6feb74613a3,Remko,2025-06-17,openregister,hotfix,14283/119/01,low,false
837aa3b36972a13be7a28f199b4588f83bdc7cfb,Remko,2025-06-17,openregister,hotfix,14283/119/01,low,false
fc1b761c8702f0025e6ef2a5d44cb62ff3c13142,Ruben van der Linde,2025-06-15,openregister,Async thall the faceted stuf,14283/120/02,high,false
96a500d068d0beaecce9aaa540336705e86f6cd0,Ruben van der Linde,2025-06-15,openregister,Async thall the faceted stuf,14283/120/02,high,false
8d616b060f9120eeb6c5aa13c761ba957e62eb63,Ruben van der Linde,2025-06-15,openregister,Lets do some final tweaks and add facetable to give the ui an idea where to look,14283/119/02,high,false
b2ad69ce85b923954e071f2e90184de0570f5c91,Ruben van der Linde,2025-06-15,openregister,Lets do some final tweaks and add facetable to give the ui an idea where to look,14283/119/02,high,false
54fa58db977310c89d5015cd9a4d3c2b7538e270,Ruben van der Linde,2025-06-15,openregister,Use results instead of doc_count,14283/119/01,low,false
0f64cc17857513eec79738b395874a4a0772edc8,Ruben van der Linde,2025-06-15,openregister,Use results instead of doc_count,14283/119/01,low,false
7234047baf91f03ef69991c519f2e25d4de12fa4,Ruben van der Linde,2025-06-15,openregister,First draft of facets,14283/119/02,high,false
76208a12e83b0308338637051355e6a3c7122b96,Ruben van der Linde,2025-06-15,openregister,First draft of facets,14283/119/02,high,false
44f16f039b7ad2b85773fffc8fb4e61c8af3a0ef,Ruben van der Linde,2025-06-15,openregister,Remove the count function,14283/119/01,low,false
02b31d8c8f7c44a39c45bbf53a3ac8b3d3d41eb9,Ruben van der Linde,2025-06-15,openregister,Remove the count function,14283/119/01,low,false
e556c768d813a7faae030724f5ec96e19b869a23,Ruben van der Linde,2025-06-15,openregister,Lets add enxt and previeus page,14283/119/01,low,false
48cbe7808f0f31a7bdc3517f8dfb9b362127c765,Ruben van der Linde,2025-06-15,openregister,Lets add enxt and previeus page,14283/119/01,low,false
ffdc367b60ec2023892ea7cc72facbfa48db4483,Ruben van der Linde,2025-06-15,openregister,Add paginated search,14283/119/02,high,false
968dec357cfd48fcf2b6be40744c09da87124a6f,Ruben van der Linde,2025-06-15,openregister,Add paginated search,14283/119/02,high,false
5d55a1b76523d9fb5e975addecf2812a99ccc84d,Ruben van der Linde,2025-06-14,openregister,First draft of the new search objects function,14283/119/02,high,false
0ad7d85c2c26a1cc366ef68debb5dfb70d3766cc,Ruben van der Linde,2025-06-14,openregister,First draft of the new search objects function,14283/119/02,high,false
85fb7990a2125e8b7b6f1c7a9a0d1b2a10591805,Ruben van der Linde,2025-06-14,openregister,fix the mass delete modal,14283/119/01,low,false
0b699860608ff51586b2b649ce03255c5bbb2e80,Ruben van der Linde,2025-06-14,openregister,fix the mass delete modal,14283/119/01,low,false
d3d7466700ff6ca2f3547f0e707da39b6529cf24,Ruben van der Linde,2025-06-14,openregister,Merge remote-tracking branch 'origin/development' into hotfix/zuiddrecht,14283/119/01,low,true
52aa11125192264bfcab6538c7bace59f93ccc3a,Ruben van der Linde,2025-06-14,openregister,Merge remote-tracking branch 'origin/development' into hotfix/zuiddrecht,14283/119/01,low,true
37c6243dbaafbf9e9ed3307c6d6b7ace5660182a,Ruben van der Linde,2025-06-14,openregister,Lets grap files directly from the database,14283/119/01,low,false
dfb8626842bc1fa840cf5abef1abcb748bda20d2,Ruben van der Linde,2025-06-14,openregister,Lets grap files directly from the database,14283/119/01,low,false
bf6ef7815078f9a36a508e230b6b5927cc7b0ad7,Barry Brands,2025-06-13,openregister,Merge pull request #433 from ConductionNL/fix/double-cascade,14283/119/01,low,true
08c121375ee5fe2f9f31fd6af946740678fb0762,Barry Brands,2025-06-13,openregister,Merge pull request #433 from ConductionNL/fix/double-cascade,14283/119/01,low,true
cc1b1de05aa86b5c876e0eb4d29b8493406c4e27,Barry Brands,2025-06-13,openregister,looser comparison,14283/119/01,low,false
6ec775a7d1bcdea1b9587324001ec58cae48fa24,Barry Brands,2025-06-13,openregister,looser comparison,14283/119/01,low,false
319952916a6cbd779c8a583cde6c7d883037da44,Barry Brands,2025-06-13,openregister,double cascade save removed,14283/119/01,low,false
10e31b6072e2de00a4919302f0eac3d3a79315b1,Barry Brands,2025-06-13,openregister,double cascade save removed,14283/119/01,low,false
5030bb6438e3701c45c85484e6889cd35b1975ef,Ruben van der Linde,2025-06-12,openregister,Add zipdownloads,14283/119/01,low,false
b7677d74caf8f53f9106f0e992d5280467207857,Ruben van der Linde,2025-06-12,openregister,Add zipdownloads,14283/119/01,low,false
845431d88dab22b8ef2f62770563958630ab1bb9,Robert Zondervan,2025-06-12,openregister,Store Json Logic for ZTC Business rules 003 to 008,14283/119/01,low,false
241d69bc457465be9e59d053ad858104a2350e7a,Ruben van der Linde,2025-06-12,openregister,Accept slugs on put requests,14283/119/01,low,false
2b3f2512c0774b3efafb2d5e7c76192021c0294e,Ruben van der Linde,2025-06-12,openregister,Accept slugs on put requests,14283/119/01,low,false
d716d0ba6774dcbb18397d89dcaffc5165b1b027,Ruben van der Linde,2025-06-12,openregister,"feat(FileService): Add comprehensive file filtering system with _hasLabels, _noLabels, labels, extension/s, minSize/maxSize, title/search filters, exclude object: labels from API, proper pagination after filtering",14283/119/02,high,false
8a1b6b869534d6c668138437553e6eb76e020e98,Ruben van der Linde,2025-06-12,openregister,"feat(FileService): Add comprehensive file filtering system with _hasLabels, _noLabels, labels, extension/s, minSize/maxSize, title/search filters, exclude object: labels from API, proper pagination after filtering",14283/119/02,high,false
93f730910bb9f74b4b428ceb825d464a82dc4430,Ruben van der Linde,2025-06-12,openregister,Operationaliseren edit object modal,14283/119/01,low,false
f4d9fc8eaae73ec85efdd1223f248586418695d5,Ruben van der Linde,2025-06-12,openregister,Operationaliseren edit object modal,14283/119/01,low,false
e7e2647e4ed30b7355488dff4128727fddd92533,Ruben van der Linde,2025-06-12,openregister,Finished all the file actions,14283/119/01,low,false
84521593c075a0a7ce08447b96993ffb8b7c6c12,Ruben van der Linde,2025-06-12,openregister,Finished all the file actions,14283/119/01,low,false
4e69581154ae77187640796fa9732e33636aca57,Ruben van der Linde,2025-06-12,openregister,Merge remote-tracking branch 'origin/development' into hotfix/zuiddrecht,14283/119/01,low,true
002dca1bd2d8e0472d287fc8b39845c1d61eb2cd,Ruben van der Linde,2025-06-12,openregister,Merge remote-tracking branch 'origin/development' into hotfix/zuiddrecht,14283/119/01,low,true
f4562a7fc9507df2ec4868f0a1273e7e664debb1,Robert Zondervan,2025-06-12,openregister,Merge pull request #432 from ConductionNL/fix/getPath,14283/119/01,low,true
57db035d2b5400abbd7d41255e2d6dad81f5bdd2,Robert Zondervan,2025-06-12,openregister,Merge pull request #432 from ConductionNL/fix/getPath,14283/119/01,low,true
89863706467c9ecfe55aed555b6c15edd116f001,Robert Zondervan,2025-06-12,openregister,Fix getting paths from share,14283/119/01,low,false
392ff5d3983556d486ab19195df49e63af8ba9aa,Robert Zondervan,2025-06-12,openregister,Fix getting paths from share,14283/119/01,low,false
b15e578345d2e5b0213762efa3c423481ca8e5ed,Ruben van der Linde,2025-06-12,openregister,File interactions from the object modal,14283/119/01,low,false
51a2dc493282b30b2919967971e9ab49fa1e6d48,Ruben van der Linde,2025-06-12,openregister,File interactions from the object modal,14283/119/01,low,false
0d6efdc9f34d8bc8561b2e1f1d1eb60c7ba28c94,Remko Huisman,2025-06-12,openregister,Merge pull request #431 from ConductionNL/feature/file-tags,14283/119/01,low,true
fc91c08b47f1483c0b9b1b8a1eb3492987b200d0,Remko Huisman,2025-06-12,openregister,Merge pull request #431 from ConductionNL/feature/file-tags,14283/119/01,low,true
bd214ffac92b38d8490c0b1bc1cf723e34f02847,Remko,2025-06-12,openregister,Added requested changes missing comparison,14283/119/01,low,false
d92841780a16c4321ce4f48a48c7fe3d68f26101,Remko,2025-06-12,openregister,Added requested changes missing comparison,14283/119/01,low,false
9ff296fd62768c319df816e1d5e01f33aee2634e,Barry Brands,2025-06-12,openregister,Merge pull request #427 from ConductionNL/feature/GW-1852/DRC-test-results,14283/119/01,low,true
de98edda14848a746e4dbb4af2f334acc88bf767,Barry Brands,2025-06-12,openregister,Merge pull request #427 from ConductionNL/feature/GW-1852/DRC-test-results,14283/119/01,low,true
9f3c8fc37819585681e4e8fcfd39ba8d0472aced,Remko,2025-06-12,openregister,added requested changes of variable === false,14283/119/01,low,false
45117f1f912cf42e76e25a37f1196e1b5991b663,Remko,2025-06-12,openregister,added requested changes of variable === false,14283/119/01,low,false
f3fa2d82d5e460259f37e62a89a87ef797dd05f6,Barry Brands,2025-06-12,openregister,Merge remote-tracking branch 'origin/feature/GW-1852/DRC-test-results' into feature/GW-1852/DRC-test-results,14283/119/01,low,true
81df4f00406d0416943e0a8418b0cb3ed7ddb744,Barry Brands,2025-06-12,openregister,Merge remote-tracking branch 'origin/feature/GW-1852/DRC-test-results' into feature/GW-1852/DRC-test-results,14283/119/01,low,true
723b3c026cdddbbefadc6363f21f92cb57126549,Barry Brands,2025-06-12,openregister,Map register from property config when import/export,14283/119/02,high,false
0397d289c3c546038d318b39a96abb5583c298bd,Barry Brands,2025-06-12,openregister,Map register from property config when import/export,14283/119/02,high,false
70337a30120e0610c5f696fd0c5cf37a81430e2d,Barry Brands,2025-06-12,openregister,Get register from config,14283/119/02,medium,false
a0bc05b5a6e2012b1278a926e3820d74168fd842,Barry Brands,2025-06-12,openregister,Get register from config,14283/119/02,medium,false
f15d1c438ade411d4246666242146089c29fde63,Ruben van der Linde,2025-06-12,openregister,Fix file tag updates,14283/119/01,low,false
e97a34e9866078adb0ec931689c47982d730e481,Ruben van der Linde,2025-06-12,openregister,Fix file tag updates,14283/119/01,low,false
28a99fa72d832e9ad2985dd083cff46b7687b797,Ruben van der Linde,2025-06-12,openregister,Fix for putting objects,14283/119/01,low,false
9ddb48b985406b7cbe15f5e7e11762d46042a141,Ruben van der Linde,2025-06-12,openregister,Fix for putting objects,14283/119/01,low,false
2f8f2ec27dd2a61773f5e914337de2486c3557b1,Ruben van der Linde,2025-06-12,openregister,Fix the last file bugs,14283/119/01,low,false
d0afd4c9936e1916beafd4ba246c127399e21bec,Ruben van der Linde,2025-06-12,openregister,Fix the last file bugs,14283/119/01,low,false
b2fbc0de5ac1840f5dfba2585597bf604127aa9e,Ruben van der Linde,2025-06-12,openregister,Fix file tag updates,14283/119/01,low,false
e9406f16b4630196a1fd7a5b28bddbf2c6b38ebf,Ruben van der Linde,2025-06-12,openregister,Fix file tag updates,14283/119/01,low,false
401e296d7eb50dca941a5a7ae25897b5807c4138,Ruben van der Linde,2025-06-12,openregister,Fix for putting objects,14283/119/01,low,false
d9f9db12a703c6e4d2f82ccccf6da5f747e8ec81,Ruben van der Linde,2025-06-12,openregister,Fix for putting objects,14283/119/01,low,false
f9863df72b3e0d56e161885826a9547499b54a76,Ruben van der Linde,2025-06-12,openregister,Fix the last file bugs,14283/119/01,low,false
d4e3dc10517c526d1f5d776105be81f03727beae,Ruben van der Linde,2025-06-12,openregister,Fix the last file bugs,14283/119/01,low,false
74ea8bc56de4e300c5e1d0b228068dffbd851acf,Ruben van der Linde,2025-06-12,openregister,Merge remote-tracking branch 'origin/development' into hotfix/zuiddrecht,14283/119/01,low,true
4573f118cc7e520380f25714d7b7f9cd93791b49,Ruben van der Linde,2025-06-12,openregister,Merge remote-tracking branch 'origin/development' into hotfix/zuiddrecht,14283/119/01,low,true
b64ab018369765d368e201e2cafece778e3a11cd,Robert Zondervan,2025-06-11,openregister,Add missing docblocks,14283/119/01,low,false
7951d1d43f0b2e2428c2cd5397ec5e784cf1261c,Robert Zondervan,2025-06-11,openregister,Add missing docblocks,14283/119/01,low,false
7c88d52bc25fcd106f47b0ee8aa6f51206db884c,Barry Brands,2025-06-11,openregister,docblocks,14283/119/01,low,false
0a1fb50a30e5292711977acdccbe7c254f0fc499,Barry Brands,2025-06-11,openregister,docblocks,14283/119/01,low,false
4829ce89eb704f9dc6861269ec0307d8395387a9,Robert Zondervan,2025-06-11,openregister,Merge pull request #430 from ConductionNL/feature/ZAAKREG-67/accept-slug,14283/119/01,low,true
508ab127fd5fb50cc9148221a7e95af29be95145,Robert Zondervan,2025-06-11,openregister,Merge pull request #430 from ConductionNL/feature/ZAAKREG-67/accept-slug,14283/119/01,low,true
8ecfc7e522cc368b6e5c10926133e2a0d39254b9,Robert Zondervan,2025-06-11,openregister,Let the validateObject function accept slugs for schema,14283/119/02,medium,false
1f0c9c6eb3f39041087bde8d4a7466478397bd74,Robert Zondervan,2025-06-11,openregister,Let the validateObject function accept slugs for schema,14283/119/02,medium,false
2c00ca4cbdce8106dda217d1578770604ea6280b,Barry Brands,2025-06-10,openregister,get schema if just id,14283/119/02,medium,false
22d44bdc5fb9e3a451ef7625fa930567e48200fe,Barry Brands,2025-06-10,openregister,get schema if just id,14283/119/02,medium,false
ebeed7081c2a7b93d0d5eb6b26675657c59999de,Alex Rekachynskyi,2025-06-10,openregister,Schemas amount fix,14283/119/02,medium,false
52a2293917f28cf49bf5b340726c59619cc0629f,Robert Zondervan,2025-06-10,openregister,Merge remote-tracking branch 'origin/feature/GW-1852/DRC-test-results' into feature/GW-1852/DRC-test-results,14283/119/01,low,true
9ebd7e4a5ed2d194721620f487686a33bfbf2ea9,Robert Zondervan,2025-06-10,openregister,Merge remote-tracking branch 'origin/feature/GW-1852/DRC-test-results' into feature/GW-1852/DRC-test-results,14283/119/01,low,true
34461c3d89bf326518e45c3eef17ac729bfb0b48,Robert Zondervan,2025-06-10,openregister,Enable writing files for non-existent objects,14283/119/01,low,false
5b0cb85c3ea2098712573d24d89ff74b281d9580,Robert Zondervan,2025-06-10,openregister,Enable writing files for non-existent objects,14283/119/01,low,false
92847720cbf0fe0fd86756312b6e39b2847aa5d4,Robert Zondervan,2025-06-10,openregister,Merge remote-tracking branch 'origin/development' into feature/GW-1852/DRC-test-results,14283/119/01,low,true
6e02c9f76831f585d4770a3b287c4524d956e75f,Robert Zondervan,2025-06-10,openregister,Merge remote-tracking branch 'origin/development' into feature/GW-1852/DRC-test-results,14283/119/01,low,true
2a8a41b46d484186c68ecd42b683a7726d44246a,Ruben van der Linde,2025-06-10,openregister,Started adding screenshots for documentation,14283/119/01,low,false
6828425f3484728b6215f14204a5df8a74d9dd40,Ruben van der Linde,2025-06-10,openregister,Started adding screenshots for documentation,14283/119/01,low,false
8e039757c7d14b50ddd2dbd1a023e9197fd28435,Ruben van der Linde,2025-06-08,openregister,Small bit of maintanance on the sidebars,14283/119/01,low,false
ab84697fbc4548a939fcde84084111e481c43a57,Ruben van der Linde,2025-06-08,openregister,Small bit of maintanance on the sidebars,14283/119/01,low,false
b8f737df0cdc067aea721a70a133b964c48ebf06,Ruben van der Linde,2025-06-08,openregister,finishing of a consistent ui experience,14283/119/01,low,false
d9b456b3d05bb9f879faa51f452fb4df312778da,Ruben van der Linde,2025-06-08,openregister,finishing of a consistent ui experience,14283/119/01,low,false
9136c07c26fe17a46cf40d9428eb6193c82147f0,Ruben van der Linde,2025-06-08,openregister,First round of comming to a generic ui,14283/119/01,low,false
a30df64e6edaad75fc152ae6f26c882c168bca09,Ruben van der Linde,2025-06-08,openregister,First round of comming to a generic ui,14283/119/01,low,false
9c774bb8868d49e128d89989e054792ca134fc87,Ruben van der Linde,2025-06-08,openregister,Bug fixing on deleted and auditrtrail pages,14283/120/01,medium,false
074678a68c43b4c5f6c382065e5cff867ce40502,Ruben van der Linde,2025-06-08,openregister,Bug fixing on deleted and auditrtrail pages,14283/120/01,medium,false
620d3446164e7239c42635b50fbc188ee2b9828d,Ruben van der Linde,2025-06-07,openregister,Fixin the audit trail page,14283/120/01,medium,false
c902caa80b6f07e9850b3174421b3147b1318592,Ruben van der Linde,2025-06-07,openregister,Fixin the audit trail page,14283/120/01,medium,false
1987a2242a1e4ba5ac9710a3489148efa0a33e8d,Ruben van der Linde,2025-06-07,openregister,First pagination fixes,14283/119/01,low,false
68b5b93eadd4be985637a9f3f20e2315909bd44b,Ruben van der Linde,2025-06-07,openregister,First pagination fixes,14283/119/01,low,false
d0d6541e999a1cb52a3e499262ee496d30f57ee8,Ruben van der Linde,2025-06-07,openregister,Move the CSS to main,14283/119/01,low,false
e3bf5aa24c996824efa97b69f6dd382bb6bc7396,Ruben van der Linde,2025-06-07,openregister,Move the CSS to main,14283/119/01,low,false
4afa2669c913b3218715b9d484fd981080e35328,Ruben van der Linde,2025-06-07,openregister,Cleaning up the bar,14283/119/01,low,false
7943914847a946f3115e8a361de14063fe711092,Ruben van der Linde,2025-06-07,openregister,Cleaning up the bar,14283/119/01,low,false
a80a7e248fdda0e12dfe00b31e786448762d0cc6,Ruben van der Linde,2025-06-07,openregister,Better loading icon,14283/119/01,low,false
8edb287f46222927623cf44f39eca2fdf3103ac0,Ruben van der Linde,2025-06-07,openregister,Better loading icon,14283/119/01,low,false
9afe885ce4ca4bace0f3c1c8043b33ad1376e2d6,Ruben van der Linde,2025-06-07,openregister,Lets prepare for the cleaning of audit trails,14283/120/01,medium,false
b5973a1ed0c50acdbaf64b8a85236da4445a13e2,Ruben van der Linde,2025-06-07,openregister,Lets prepare for the cleaning of audit trails,14283/120/01,medium,false
19191dc99f9f978e763ae40c3678149c00fd3bb9,Ruben van der Linde,2025-06-07,openregister,Merge remote-tracking branch 'origin/development' into hotfix/zuiddrecht,14283/119/01,low,true
baab9b55e1485b828d78700107b5538b58fec419,Ruben van der Linde,2025-06-07,openregister,Merge remote-tracking branch 'origin/development' into hotfix/zuiddrecht,14283/119/01,low,true
b52790791257243f1709519831cc719f222e34be,Barry Brands,2025-06-06,openregister,Merge remote-tracking branch 'origin/development' into feature/GW-1852/DRC-test-results,14283/119/01,low,true
f3f8efa9261921e7d95ebc1c35dd60bd6abb2fe8,Barry Brands,2025-06-06,openregister,Merge remote-tracking branch 'origin/development' into feature/GW-1852/DRC-test-results,14283/119/01,low,true
3060ed35ae077e7a150a19d15000b7d3db7bd2bc,Barry Brands,2025-06-06,openregister,Find register by schema when saving,14283/119/02,medium,false
c4344fe1df9165459d5a6220ac4f8bb90e52d278,Barry Brands,2025-06-06,openregister,Find register by schema when saving,14283/119/02,medium,false
772949fdb9288363e1f28d38a88ef40c239a8480,Matthias Oliveiro,2025-06-06,openregister,Merge pull request #417 from ConductionNL/matthiasoliveiro-patch-2,14283/119/01,low,true
b10906215aa0cddf443f971a04285f5a856a79f5,Matthias Oliveiro,2025-06-06,openregister,Merge pull request #417 from ConductionNL/matthiasoliveiro-patch-2,14283/119/01,low,true
46f56e2f6b55aa906308a91cbf43614582f2f787,Alex,2025-06-06,openregister,Merge pull request #426 from ConductionNL/feature/REGISTERS-213/close-after-click,14283/119/02,medium,true
c9a9b95419130e538faf870ab83806370ef2daf2,Alex,2025-06-06,openregister,Merge pull request #426 from ConductionNL/feature/REGISTERS-213/close-after-click,14283/119/02,medium,true
4163d94b525f78c6d0f4a21284e69d18260f8179,Remko Huisman,2025-06-06,openregister,Merge pull request #312 from ConductionNL/lost-features,14283/119/01,low,true
dbd04e42ba1fae6538eff15dd50d36dd4ae1d2b6,Remko Huisman,2025-06-06,openregister,Merge pull request #312 from ConductionNL/lost-features,14283/119/01,low,true
6ca4da3115e4d1933af6ba41c5932a7209d93b0a,Remko,2025-06-06,openregister,renaming,14283/119/01,low,false
390188a674f8217ad223dced1723ef58eca605af,Remko,2025-06-06,openregister,renaming,14283/119/01,low,false
e9e4366e87b64a313b5e0a756ce5bfc12536db85,Remko,2025-06-06,openregister,Merge remote-tracking branch 'origin/development' into lost-features,14283/119/01,low,true
876d054a1eb64069346550bbf3b1ff7b7ccca296,Remko,2025-06-06,openregister,Merge remote-tracking branch 'origin/development' into lost-features,14283/119/01,low,true
8a56534ffa73be08deaacc4ed8375c1974358032,Remko Huisman,2025-06-06,openregister,Merge pull request #355 from ConductionNL/feature/REGISTERS-137/original-code-style,14283/119/02,medium,true
2f8248db9258e64ea222710f5e2d64115135ddd4,Remko Huisman,2025-06-06,openregister,Merge pull request #355 from ConductionNL/feature/REGISTERS-137/original-code-style,14283/119/02,medium,true
fe91aabc48aa3d17999cc60f21168e585080c2ff,Remko,2025-06-06,openregister,cleanup,14283/119/01,low,false
1c0c7ffef9e21b3d6b45dc456ad05943250520dc,Remko,2025-06-06,openregister,cleanup,14283/119/01,low,false
5fecf5fe1823fa80fd5df0cfaaae3da6a0bb2387,Remko,2025-06-06,openregister,Merge remote-tracking branch 'origin/development' into feature/REGISTERS-137/original-code-style,14283/119/02,medium,true
01c2b845e44b3c96f91d9139e3fbb4a91255b541,Remko,2025-06-06,openregister,Merge remote-tracking branch 'origin/development' into feature/REGISTERS-137/original-code-style,14283/119/02,medium,true
68229d65bea0135ffe0b5d48ae2cfa6f2d62218e,Alex Rekachynskyi,2025-06-06,openregister,Added property close-after-click to every NcActionButton,14283/119/01,low,false
4bba6d6ff6d77b0eb29fb3257749bfcf6ed1f1c3,Alex Rekachynskyi,2025-06-06,openregister,Added property close-after-click to every NcActionButton,14283/119/01,low,false
3e0d5802dae85b884e825749b43b32216d539c89,Remko Huisman,2025-06-06,openregister,Merge pull request #368 from ConductionNL/feature/REGISTERS-148/sidebar-has-action-menu,14283/119/02,medium,true
cd61ae28c8e2040b9ee494281ad726a746954687,Remko Huisman,2025-06-06,openregister,Merge pull request #368 from ConductionNL/feature/REGISTERS-148/sidebar-has-action-menu,14283/119/02,medium,true
0bd571c6ba9fa99567e24ee9f2bc0889853a5003,Remko,2025-06-06,openregister,cleanup,14283/119/01,low,false
c68d2ff8e64f77c20577e21a98225c9e6cc38614,Remko,2025-06-06,openregister,cleanup,14283/119/01,low,false
0ccc8c45c1368a335c93c787a580847737dc9c00,Remko,2025-06-06,openregister,Merge remote-tracking branch 'origin/development' into feature/REGISTERS-148/sidebar-has-action-menu,14283/119/02,medium,true
25ab601bd0440a465c0731035d6de26fa9c09704,Remko,2025-06-06,openregister,Merge remote-tracking branch 'origin/development' into feature/REGISTERS-148/sidebar-has-action-menu,14283/119/02,medium,true
dd09e0c6681f9b3d2ea054a4e5c8896a8ca713fe,Remko Huisman,2025-06-06,openregister,Merge pull request #370 from ConductionNL/feature/REGISTERS-149/pagination-improvement,14283/119/02,medium,true
3cf0b1459f89197535f8580e0148b29831e88565,Remko Huisman,2025-06-06,openregister,Merge pull request #370 from ConductionNL/feature/REGISTERS-149/pagination-improvement,14283/119/02,medium,true
2c2032395e7c416dac7d1448143014dd199635a9,Remko Huisman,2025-06-06,openregister,Merge pull request #374 from ConductionNL/feature/REGISTERS-150/edit-modal-in-viewobject,14283/119/02,medium,true
e2c649a8385d156712224cb8fe61e084f6ebc78f,Remko Huisman,2025-06-06,openregister,Merge pull request #374 from ConductionNL/feature/REGISTERS-150/edit-modal-in-viewobject,14283/119/02,medium,true
fb9b98e0ac2003c1c1da90a3f6d9e7f22695705c,Remko,2025-06-06,openregister,Merge remote-tracking branch 'origin/development' into feature/REGISTERS-150/edit-modal-in-viewobject,14283/119/02,medium,true
93eddcab22e77f9c2266001813b7129a26b360ec,Remko,2025-06-06,openregister,Merge remote-tracking branch 'origin/development' into feature/REGISTERS-150/edit-modal-in-viewobject,14283/119/02,medium,true
15f7198cbd87f994af4bf8b61c48b2720d91b69a,Remko,2025-06-06,openregister,Form now updates json data,14283/119/01,low,false
45a9acc85c8180d2d64265d68c05b81ff1c6fda3,Remko,2025-06-06,openregister,Form now updates json data,14283/119/01,low,false
97a52da6262f923fe0f492e8566f22d736d0915b,Robert Zondervan,2025-06-06,openregister,"Also, it must be true, instead of false",14283/119/01,low,false
0e0cae9e4060afbe5e7eb08a619eae06668bca97,Robert Zondervan,2025-06-06,openregister,"Also, it must be true, instead of false",14283/119/01,low,false
8ce1b3dfdb8e073b857c047aad63589a41a09629,Robert Zondervan,2025-06-06,openregister,Also override ref,14283/119/01,low,false
3b833aed044de6264e4c929887c3347f72aa4855,Robert Zondervan,2025-06-06,openregister,Also override ref,14283/119/01,low,false
bd469ed792617532c2feb5e6a908f894554bafe5,Robert Zondervan,2025-06-06,openregister,Propertywide overrides items,14283/119/01,low,false
b6a7ced977e1d61994f747428a2dbc721d8ccbbb,Robert Zondervan,2025-06-06,openregister,Propertywide overrides items,14283/119/01,low,false
aea070b62d8220b8084a7629333a913f83c87c49,Alex,2025-06-06,openregister,Merge pull request #423 from ConductionNL/feature/REGISTERS-210/properties-reorder,14283/119/02,medium,true
d7136ac73b563a704a5919b6d9b5076005d45f6d,Alex,2025-06-06,openregister,Merge pull request #423 from ConductionNL/feature/REGISTERS-210/properties-reorder,14283/119/02,medium,true
31d8d1047e3b2e1b75b3dc49ea248ef93cdddd2e,Remko,2025-06-06,openregister,Fixed linting,14283/119/01,low,false
1834322e724eaa4d34bdc22058cb547ae0ff6587,Remko,2025-06-06,openregister,Fixed linting,14283/119/01,low,false
a5a0c6a3d14db301beaa0e3c712155f5e092ada6,Barry Brands,2025-06-06,openregister,continue if $data[$property] empty,14283/119/01,low,false
f06261989271bcc464d133e65682ecb62d639647,Barry Brands,2025-06-06,openregister,continue if $data[$property] empty,14283/119/01,low,false
a8681c6803985965e10e8113fc65ae4e22056dbb,Barry Brands,2025-06-06,openregister,check if data property isset,14283/119/01,low,false
3e7591cc57b6ce71c15a10409c74155e0a73b7e5,Barry Brands,2025-06-06,openregister,check if data property isset,14283/119/01,low,false
994235f1dad87ffac7b6d9359ba823ac983bcbf3,Robert Zondervan,2025-06-06,openregister,First sketch object cascading,14283/119/01,low,false
5eba7bddcd58f9cc5d234b725cacf3e15fccc5dd,Robert Zondervan,2025-06-06,openregister,First sketch object cascading,14283/119/01,low,false
9cf55cab07134a723e3dba6cd94f2ef40c9b660a,Ruben van der Linde,2025-06-04,openregister,Merge pull request #425 from ConductionNL/hotfix/zuiddrecht,14283/119/01,low,true
60f42bbf4c706ab9fd0f89a6b89d87112beac054,Ruben van der Linde,2025-06-04,openregister,Merge pull request #425 from ConductionNL/hotfix/zuiddrecht,14283/119/01,low,true
a0e9279ce11845a55b08bbd505db1d9876677f0b,Ruben van der Linde,2025-06-04,openregister,Pale a depracticed,14283/119/01,low,false
67637f5cab42925d86358353efb8c3296e8f7fb6,Ruben van der Linde,2025-06-04,openregister,Pale a depracticed,14283/119/01,low,false
cba2ca8918595250f2b9ef4afff07c8b81e2524d,Ruben van der Linde,2025-06-04,openregister,Get better user switching,14283/120/01,medium,false
6b8b51416f3179fb77af309103fe0b78ccc9db64,Ruben van der Linde,2025-06-04,openregister,Get better user switching,14283/120/01,medium,false
9bf32ece414c9f74ebebb9c9315786f8883ff83b,Ruben van der Linde,2025-06-04,openregister,Small order fix,14283/119/01,low,false
13b5b94782eaf6785b35b3e491e5c4d05361c713,Ruben van der Linde,2025-06-04,openregister,Small order fix,14283/119/01,low,false
3024e40bb029df5c7e3378c82955af1bf16d3661,Robert Zondervan,2025-06-03,openregister,Merge pull request #424 from ConductionNL/feature/GW-1852/DRC-test-results,14283/119/01,low,true
849b014aad9c5e098b1a17360126790a928d9b74,Robert Zondervan,2025-06-03,openregister,Merge pull request #424 from ConductionNL/feature/GW-1852/DRC-test-results,14283/119/01,low,true
55d6723522494de7e88bd3818e58d8616267ccf7,Ruben van der Linde,2025-06-03,openregister,Lets introduce an more easy save function,14283/119/01,low,false
a7eaad27b252050bf3060b74839922a79b3e387e,Ruben van der Linde,2025-06-03,openregister,Lets introduce an more easy save function,14283/119/01,low,false
1365baf6d277162d11d01d345a4351501f9daf15,Alex Rekachynskyi,2025-06-03,openregister,the properties are correctly sorted,14283/119/01,low,false
edcebcc3fa07481203b38c528d326cfe50865428,Alex Rekachynskyi,2025-06-03,openregister,the properties are correctly sorted,14283/119/01,low,false
a3b87a390c797d20423d60d5c12ee1e68c32397e,Alex,2025-06-03,openregister,Merge pull request #422 from ConductionNL/feature/REGISTERS-210/refresh-function,14283/119/02,medium,true
353da502b796df52468d053e1252257e5d58e43a,Alex,2025-06-03,openregister,Merge pull request #422 from ConductionNL/feature/REGISTERS-210/refresh-function,14283/119/02,medium,true
691ed7d749a5936e97105da03c02de5079fa5bd4,Alex Rekachynskyi,2025-06-03,openregister,refresh list and spacing fix,14283/119/01,low,false
f8becb855382801f0284d0c207396ab83ee3db16,Alex Rekachynskyi,2025-06-03,openregister,refresh list and spacing fix,14283/119/01,low,false
d6e4d5866dfb1be981b4cdfc29e447fbc6e938f3,Robert Zondervan,2025-06-03,openregister,Correctly extend urls and objects,14283/119/01,low,false
acbf1f5001085d2ce467c6da271d89108ff4d9b3,Robert Zondervan,2025-06-03,openregister,Correctly extend urls and objects,14283/119/01,low,false
ae7c207f61115a098f55590b679da121524549eb,Ruben van der Linde,2025-06-02,openregister,Merge branch 'hotfix/zuiddrecht' into development,14283/119/01,low,true
10b5602817b9310e9e7d38efc2b749ab22e7b80c,Ruben van der Linde,2025-06-02,openregister,Merge branch 'hotfix/zuiddrecht' into development,14283/119/01,low,true
92f1c71811247442389fc3519213675dd4d7c90c,Ruben van der Linde,2025-06-02,openregister,Fix for publication dates,14283/119/01,low,false
adae9f4babe383de55cb312e35baae7b259defe6,Ruben van der Linde,2025-06-02,openregister,Fix for publication dates,14283/119/01,low,false
068e050ec9d843f3e945c862bfea3cd6d234f556,Ruben van der Linde,2025-06-02,openregister,Merge branch 'development' into hotfix/zuiddrecht,14283/119/01,low,true
c082d850481c41ecca9aa6ea65c4528d719e3570,Ruben van der Linde,2025-06-02,openregister,Merge branch 'development' into hotfix/zuiddrecht,14283/119/01,low,true
62f22f361321b5f8fd35803bb27cbfaadb9acf36,Ruben van der Linde,2025-06-02,openregister,lLets see if the publiations are published,14283/119/01,low,false
a833229cdd8d86fe47fc56725aa63671b19cd2aa,Ruben van der Linde,2025-06-02,openregister,lLets see if the publiations are published,14283/119/01,low,false
2c4b0cefc174e122e6af7f1f58e1c852a7f2261f,Ruben van der Linde,2025-06-02,openregister,Merge branch 'hotfix/zuiddrecht' into development,14283/119/01,low,true
22adf944a402e7bc0691738f030a980d5e74ed1c,Ruben van der Linde,2025-06-02,openregister,Merge branch 'hotfix/zuiddrecht' into development,14283/119/01,low,true
75ad3d3e84f65fe072bfaba10a846ecfb2eb7a27,Ruben van der Linde,2025-06-02,openregister,Lets ad a dialog confirmation for deleting items,14283/120/02,low,false
a07ff0dab6c16f4c0c3055f08e132c28c96319cb,Ruben van der Linde,2025-06-02,openregister,Lets ad a dialog confirmation for deleting items,14283/120/02,low,false
94ec57e9f2f736f27aa226f261fcde861e3027d1,Ruben van der Linde,2025-06-02,openregister,Merge branch 'hotfix/zuiddrecht' into development,14283/119/01,low,true
7ade00e29ff61c56596465c45414f721f677a1e7,Ruben van der Linde,2025-06-02,openregister,Merge branch 'hotfix/zuiddrecht' into development,14283/119/01,low,true
4f6ea700dbf471210472b11af4a3c8f7e9f40c4d,Ruben van der Linde,2025-06-02,openregister,Merge remote-tracking branch 'origin/development' into hotfix/zuiddrecht,14283/119/01,low,true
6a48b2fb64137bda0ecd4ac9d4318a0631c0370d,Ruben van der Linde,2025-06-02,openregister,Merge remote-tracking branch 'origin/development' into hotfix/zuiddrecht,14283/119/01,low,true
ca4cd7b0c929fde4a70a97fb90c9b2fdd436358e,Ruben van der Linde,2025-06-02,openregister,Merge remote-tracking branch 'origin/development' into backup/development,14283/119/01,low,true
0c799248dd7178750dee3f5a98e345145797ae0d,Ruben van der Linde,2025-06-02,openregister,Lets delete from the trashcan,14283/119/01,low,false
253b432606d8ae1a92fda3efb5adec9675ed1037,Ruben van der Linde,2025-06-02,openregister,Lets delete from the trashcan,14283/119/01,low,false
41249276cbbeb9a8ce549c160f6668d163bd8708,Ruben van der Linde,2025-06-01,openregister,Getting most of the audit trail stuff up and running,14283/120/01,medium,false
2bca685c1e39edeb322395b2046cb22e14c11d2e,Ruben van der Linde,2025-06-01,openregister,Getting most of the audit trail stuff up and running,14283/120/01,medium,false
0b3e4b005728f72df92c0bca4f33b55ce9c21356,Ruben van der Linde,2025-06-01,openregister,Good progress on the logs table,14283/119/01,low,false
59d0b4d8a0092a95b78ce883baf380d22064e471,Ruben van der Linde,2025-06-01,openregister,Good progress on the logs table,14283/119/01,low,false
ace89f3442ccf1eceacf93e3739d0ff97b82c76c,Ruben van der Linde,2025-05-31,openregister,Making the sidebars work (in progress),14283/119/01,low,false
298bbe8d334640e3fb2d8667ebff160f325918fb,Ruben van der Linde,2025-05-31,openregister,Making the sidebars work (in progress),14283/119/01,low,false
36ef3ac052c28ff2c0d739ef15fe7102c48ea884,Robert Zondervan,2025-05-30,openregister,Add lock to response body of locking endpoint,14283/120/02,high,false
add1950b089e5ed396823e14f7e6b4e8e6ac67c8,Robert Zondervan,2025-05-30,openregister,Add lock to response body of locking endpoint,14283/120/02,high,false
9674df8e25efcb9231a593020d1b8980b8faff57,Robert Zondervan,2025-05-30,openregister,Fixes on ZRC and DRC,14283/119/01,low,false
e1a7e25bb853bd160ce00e64302e9aa7a96e7d4e,Robert Zondervan,2025-05-30,openregister,Fixes on ZRC and DRC,14283/119/01,low,false
71c419efe097ca47c0d24120aa79e98cbc52d18a,Robert Zondervan,2025-05-30,openregister,Merge pull request #420 from ConductionNL/feature/GW-1852/DRC-test-results,14283/119/01,low,true
c9c9509c5739bb6fbda0b97d2edb06d9308472f5,Robert Zondervan,2025-05-30,openregister,Merge pull request #420 from ConductionNL/feature/GW-1852/DRC-test-results,14283/119/01,low,true
f35f9e7a880d30db8770fdf8e216860af1921baf,Robert Zondervan,2025-05-30,openregister,fix enums,14283/119/01,low,false
678896a01af55114a39c822fe8b4044c0a904415,Robert Zondervan,2025-05-30,openregister,fix enums,14283/119/01,low,false
b26b8b2ac93efd0334d4cbce3e53776c04d4aa48,Ruben van der Linde,2025-05-29,openregister,Dropping NC chip,14283/119/01,low,false
8d649f40e0cb6f4fd0527600fc25b5b109e23890,Ruben van der Linde,2025-05-29,openregister,Dropping NC chip,14283/119/01,low,false
4d6d193e8c1eddacbdd5ecc7b4d383761f25650f,Ruben van der Linde,2025-05-29,openregister,Fix for double controller,14283/119/01,low,false
1f864718d0d8d43391ecc06307a28f4a50974eb7,Ruben van der Linde,2025-05-29,openregister,Fix for double controller,14283/119/01,low,false
db6e652e39113972d8f498969c1c9baefc4e0f80,Ruben van der Linde,2025-05-29,openregister,Lets make the log page work,14283/120/02,low,false
c986020d1143e8e3c0f7fd77c8f889066549d363,Ruben van der Linde,2025-05-29,openregister,Lets make the log page work,14283/120/02,low,false
5604d62c961769a19568e7bd8ad135bb9669c979,Ruben van der Linde,2025-05-28,openregister,First draft of delete and logs menu items,14283/119/01,low,false
0ec9472e30fe3316accdf8e97c5b88d47dae5735,Ruben van der Linde,2025-05-28,openregister,First draft of delete and logs menu items,14283/119/01,low,false
03a803a6a5c126a260c8bd5dd9f48bccd4a6a64c,Ruben van der Linde,2025-05-28,openregister,Merge remote-tracking branch 'origin/development' into hotfix/zuiddrecht,14283/119/01,low,true
926b314097a3e2ea4a5f30631b9a06c2ad4349dd,Ruben van der Linde,2025-05-28,openregister,Merge remote-tracking branch 'origin/development' into hotfix/zuiddrecht,14283/119/01,low,true
c244beb649381a771072acdd6ab2baa20f373b1d,Robert Zondervan,2025-05-28,openregister,fix catalogus url,14283/119/02,high,false
3cc8c49bfd159ef9548bb559f88e9a9fdcaa4ad9,Robert Zondervan,2025-05-28,openregister,fix catalogus url,14283/119/02,high,false
3ae05c7faa776e991a8f8c562a9377d0bbe2d689,Robert Zondervan,2025-05-28,openregister,DRC updates,14283/119/01,low,false
6afbaf7bb9d1dd7507757547bc72be25af8fc385,Robert Zondervan,2025-05-28,openregister,DRC updates,14283/119/01,low,false
1a5d5ab5c02fadbc4631694dd764e2265d2ed029,Ruben van der Linde,2025-05-28,openregister,Merge pull request #419 from ConductionNL/hotfix/zuiddrecht,14283/119/01,low,true
9779918cc971e75901566f8de4504d8d44981198,Ruben van der Linde,2025-05-28,openregister,Merge pull request #419 from ConductionNL/hotfix/zuiddrecht,14283/119/01,low,true
8f652b719fce6e2f44a4459fddcec907fdfb3a55,Robert Zondervan,2025-05-28,openregister,Merge pull request #418 from ConductionNL/feature/GW-1852/DRC-test-results,14283/119/01,low,true
01a5da4d1eaebf29146cacdf7078ad3e97bda253,Robert Zondervan,2025-05-28,openregister,Merge pull request #418 from ConductionNL/feature/GW-1852/DRC-test-results,14283/119/01,low,true
bfbf48b59670456e40641c1361a36910fb21e606,Ruben van der Linde,2025-05-28,openregister,Lets make sure we include the current  when creating the group,14283/120/01,medium,false
253e04bcc1b9887abdaaaeb862366baf9c6026d6,Ruben van der Linde,2025-05-28,openregister,Lets make sure we include the current  when creating the group,14283/120/01,medium,false
97c3d280187d71a6b9900a335a10fb22596952a1,Robert Zondervan,2025-05-28,openregister,Fix setting defaults on PUT,14283/120/02,high,false
23ce5d7de55a5ce8265c55acd13f703f47939505,Robert Zondervan,2025-05-28,openregister,Fix setting defaults on PUT,14283/120/02,high,false
129853bbd0323f8f462c9487f77aff502c118c7d,Matthias Oliveiro,2025-05-27,openregister,Update catalogi_2025-05-27_105540.json,14283/119/02,high,false
9d687c21a9927a0e894631f4bcc28643b3be6b7d,Matthias Oliveiro,2025-05-27,openregister,Update catalogi_2025-05-27_105540.json,14283/119/02,high,false
9a7ebd3f43da0d27a12225a8959c15b574ee584f,Robert Zondervan,2025-05-27,openregister,Merge pull request #416 from ConductionNL/feature/GW-1852/DRC-test-results,14283/119/01,low,true
87a7684d95de0fff1ffd908f2e14e551eb482fe2,Robert Zondervan,2025-05-27,openregister,Merge pull request #416 from ConductionNL/feature/GW-1852/DRC-test-results,14283/119/01,low,true
eb6ed6153cf7f07c8014035d00bc9391d7da7998,Robert Zondervan,2025-05-27,openregister,revert version number,14283/119/01,low,true
fd95b41be2585306de9cc236bf7f891db8793baf,Robert Zondervan,2025-05-27,openregister,revert version number,14283/119/01,low,true
7ea950bc64f1884c52cf25a493a696b2011afbd9,Robert Zondervan,2025-05-27,openregister,Fixes on extending and default values,14283/120/02,high,false
8dc16d4a2e7f343d7cb2adc88a39e4fe29796d65,Robert Zondervan,2025-05-27,openregister,Fixes on extending and default values,14283/120/02,high,false
14a673ceb9968ee1ff59124d47841879d461f8c5,Thijn,2025-05-27,openregister,used schema to make form,14283/119/02,medium,false
889cc0acea91ad5a96730cb1dcd0f64af2e04409,Thijn,2025-05-27,openregister,used schema to make form,14283/119/02,medium,false
0f032645f5647a953e756e8564be05b08d98d789,Thijn,2025-05-27,openregister,fix lint errors,14283/120/02,medium,false
469945572b16dd0cef551d87b85f010589b7630a,Thijn,2025-05-27,openregister,fix lint errors,14283/120/02,medium,false
14868c6947fa404d83939daa5c0aabe1e12d92f5,Thijn,2025-05-27,openregister,Merge branch 'development' into feature/REGISTERS-150/edit-modal-in-viewobject,14283/119/02,medium,true
00f2d5b2df19a1aeeb275a272efcf2399b010835,Thijn,2025-05-27,openregister,Merge branch 'development' into feature/REGISTERS-150/edit-modal-in-viewobject,14283/119/02,medium,true
53fd12a3320929ad0b3f957de43a6606710dabbf,Alex,2025-05-27,openregister,Merge pull request #371 from ConductionNL/feature/REGISTERS-157/checkboxes-for-files,14283/119/02,medium,true
98d9b797800ecb9522fe960e2513e5435ea17be1,Alex,2025-05-27,openregister,Merge pull request #371 from ConductionNL/feature/REGISTERS-157/checkboxes-for-files,14283/119/02,medium,true
fa64a2e1828711ecfd70da91d6a4bd5fb2d3a866,Thijn,2025-05-27,openregister,fixed actions always being disabled,14283/119/01,low,false
8c689bf87fb5075947e95bb4d259a4eac24c0b06,Thijn,2025-05-27,openregister,fixed actions always being disabled,14283/119/01,low,false
8b2b7b7f6b8da2c26f400f28dbf009f6197456c9,Alex,2025-05-27,openregister,Merge pull request #410 from ConductionNL/feature/REGISTERS-207/save-button,14283/119/02,medium,true
ab64190d1f9c87392e89a7be7683992e9fd7e74b,Alex,2025-05-27,openregister,Merge pull request #410 from ConductionNL/feature/REGISTERS-207/save-button,14283/119/02,medium,true
44dd500fa85c3dad14ca5e1613e01ed121f1cdf9,Thijn,2025-05-27,openregister,Merge branch 'development' into feature/REGISTERS-157/checkboxes-for-files,14283/119/02,medium,true
9e8b5140aea45c485958d59ee6bf5fdea304d6b4,Thijn,2025-05-27,openregister,Merge branch 'development' into feature/REGISTERS-157/checkboxes-for-files,14283/119/02,medium,true
af38e2ddaae6c0da2fd6c4e3ad095d882dd438c1,Robert Zondervan,2025-05-27,openregister,Corrected rules,14283/119/01,low,false
f587c54ce3ea22598f2170eb4e652dab01c733c9,Robert Zondervan,2025-05-27,openregister,Corrected rules,14283/119/01,low,false
ff37634aa0980dc220eb67b5618af761de1f95c7,Robert Zondervan,2025-05-27,openregister,Export with mapping,14283/119/02,high,false
45f765a3026fd0b96cce19d851bf0e5b38005847,Robert Zondervan,2025-05-27,openregister,Export with mapping,14283/119/02,high,false
56286558c3bdf8c2a83375b61303c9ebb03e0f02,Robert Zondervan,2025-05-27,openregister,Updates from data,14283/119/01,low,false
12bc0d400a12a278926d43a8a2bb93811a759eee,Robert Zondervan,2025-05-27,openregister,Updates from data,14283/119/01,low,false
54bf0cb02d57699fa951692f6fc8a748a12a3285,Ruben van der Linde,2025-05-27,openregister,Merge pull request #415 from ConductionNL/hotfix/zuiddrecht,14283/119/01,low,true
f91dc8b23ccac9c23b633f5fe6b6a2ca0129ff2f,Ruben van der Linde,2025-05-27,openregister,Merge pull request #415 from ConductionNL/hotfix/zuiddrecht,14283/119/01,low,true
3848deb06bfe152876824a2e76bd06088065027d,Robert Zondervan,2025-05-27,openregister,Merge remote-tracking branch 'origin/development' into feature/GW-1852/DRC-test-results,14283/119/01,low,true
63d1f70b97775ed8bc08297475206e6a86426e10,Robert Zondervan,2025-05-27,openregister,Merge remote-tracking branch 'origin/development' into feature/GW-1852/DRC-test-results,14283/119/01,low,true
ed664e97eb80ceedf778cd6883ea6bf4ab502536,Robert Zondervan,2025-05-27,openregister,Merge pull request #414 from ConductionNL/matthiasoliveiro-patch-1,14283/119/01,low,true
e07ec8927475eb38d6015c5dbcf291e065048a87,Robert Zondervan,2025-05-27,openregister,Merge pull request #414 from ConductionNL/matthiasoliveiro-patch-1,14283/119/01,low,true
2001be44bee5367fa8f2ffab8198b04fc3a7cf20,Matthias Oliveiro,2025-05-27,openregister,Update catalogi_2025-05-16_143851.json,14283/119/02,high,false
5db83a82f9520733ed5ceddf7c4377e713fe887f,Matthias Oliveiro,2025-05-27,openregister,Update catalogi_2025-05-16_143851.json,14283/119/02,high,false
9becc005561ca901347bc857ae32943b064abe0a,Ruben van der Linde,2025-05-27,openregister,Suporting baseencoded files,14283/119/01,low,false
6ee3d72b02df2a8dc606ff51c53ddc225275719d,Ruben van der Linde,2025-05-27,openregister,Suporting baseencoded files,14283/119/01,low,false
bd938ba7247951b79713c08ce60f5718a233cddf,Ruben van der Linde,2025-05-26,openregister,Introdue special search _published that shows only published objects,14283/119/02,high,false
f59ecc1b4fb99b629c82e1676a94623039b15b70,Ruben van der Linde,2025-05-26,openregister,Introdue special search _published that shows only published objects,14283/119/02,high,false
a499b92b34dc3970bff68cd3ae5ae4f5c55e6dd1,Ruben van der Linde,2025-05-26,openregister,Allow setting published and depublised trough the @self,14283/119/01,low,false
5eb09f8924f8d91a678ab7cc71793a2e4ca9ecc6,Ruben van der Linde,2025-05-26,openregister,Allow setting published and depublised trough the @self,14283/119/01,low,false
27ad8a8f62296c5c5aad8805056c45be5c856452,Ruben van der Linde,2025-05-26,openregister,Merge branch 'feature/zaakreg-58/zaakregisters' into hotfix/zuiddrecht,14283/119/02,medium,true
1a4463f346d387aa75a7b08bcefa63ddeb78926a,Ruben van der Linde,2025-05-26,openregister,Merge branch 'feature/zaakreg-58/zaakregisters' into hotfix/zuiddrecht,14283/119/02,medium,true
31281d1af72d54ce4c8a75a030506a2ae069f78b,Ruben van der Linde,2025-05-26,openregister,Update project description,14283/119/01,low,false
dc70443fbf501af311c0d3afd1ccef00b33799b9,Ruben van der Linde,2025-05-26,openregister,Update project description,14283/119/01,low,false
3fd9b49d328704b37e19176ca96d4c8cdeb16785,Ruben van der Linde,2025-05-26,openregister,Merge remote-tracking branch 'origin/development' into feature/zaakreg-58/zaakregisters,14283/119/02,medium,true
129e57ebab56ad2a1330d98fb68f89666108facd,Ruben van der Linde,2025-05-26,openregister,Merge remote-tracking branch 'origin/development' into feature/zaakreg-58/zaakregisters,14283/119/02,medium,true
daa6a21fee2da07219cf57d9952886f10d39c729,Matthias Oliveiro,2025-05-26,openregister,Update catalogi_2025-05-16_143851.json,14283/119/02,high,false
93db733008e1e8cdd64cdb9202a3993a0e8667b0,Matthias Oliveiro,2025-05-26,openregister,Update catalogi_2025-05-16_143851.json,14283/119/02,high,false
fa2f792cce19842c4d9b346b1b2583fb0d063a8e,Robert Zondervan,2025-05-26,openregister,Fix inversedby and boolean filters,14283/119/02,high,false
e1c2757803d658736b3589a6a0ce862af9f0215f,Robert Zondervan,2025-05-26,openregister,Fix inversedby and boolean filters,14283/119/02,high,false
10e68705c725f1fa12171e4dd66429e9595d996e,Alex,2025-05-26,openregister,Merge pull request #411 from ConductionNL/CBibop12-patch-1,14283/119/01,low,true
eb001fa53013984f80aa02ef548d21edd18574e6,Alex,2025-05-26,openregister,Merge pull request #411 from ConductionNL/CBibop12-patch-1,14283/119/01,low,true
be770cdd87d602137c3578ec080bd72d1498cf8e,Alex,2025-05-26,openregister,Merge pull request #413 from ConductionNL/CBibop12-patch-2,14283/119/01,low,true
7473b4cbad6de89cb3acd1648773484385fd8cfd,Alex,2025-05-26,openregister,Merge pull request #413 from ConductionNL/CBibop12-patch-2,14283/119/01,low,true
1dd868c43c020625874e3ea2edc7146d0f59df29,Matthias Oliveiro,2025-05-26,openregister,Merge pull request #412 from ConductionNL/matthiasoliveiro-patch-1,14283/119/01,low,true
252adad35b09d2c81c59b4e0797eada1199e7531,Matthias Oliveiro,2025-05-26,openregister,Merge pull request #412 from ConductionNL/matthiasoliveiro-patch-1,14283/119/01,low,true
1d5456825691e740cc555d16888d8e0508165812,Alex,2025-05-26,openregister,Update documenten_2025-05-22_094620.json,14283/119/01,low,false
6fea4a9e6b740acd64f40b983d0d4108059bbb5c,Alex,2025-05-26,openregister,Update documenten_2025-05-22_094620.json,14283/119/01,low,false
ec1166af5ef005f86a7c0067f8457fef3902f4eb,Alex,2025-05-26,openregister,Update zaken_2025-05-16_144013.json,14283/119/01,low,false
a24f7ddb0654643becb3e1612f59d887f659ac1a,Alex,2025-05-26,openregister,Update zaken_2025-05-16_144013.json,14283/119/01,low,false
642b1be200f2a1a7375a408b7a84466ae7fffdd0,Matthias Oliveiro,2025-05-26,openregister,Update documenten_2025-05-22_094620.json,14283/119/01,low,false
60f8468c0c9d795d8f69ae33fa3df27bcd45826e,Matthias Oliveiro,2025-05-26,openregister,Update documenten_2025-05-22_094620.json,14283/119/01,low,false
ef3821a7ade7ef522066318a1597fcf13539ee30,Alex,2025-05-26,openregister,Update catalogi_2025-05-16_143851.json,14283/119/02,high,false
029f2e02b63b06da156bc086ae3119d6cfd781a7,Alex,2025-05-26,openregister,Update catalogi_2025-05-16_143851.json,14283/119/02,high,false
5b59f88f9296a4aeb47bf5a8e14bf5958d33bd48,Robert Zondervan,2025-05-26,openregister,Updated configuration,14283/120/01,low,false
0f1a48a99a70efd2bee6068ed9622676861fef5a,Robert Zondervan,2025-05-26,openregister,Updated configuration,14283/120/01,low,false
e47ff591cb5a6d00cf31560e59cd8e089b581be7,Robert Zondervan,2025-05-26,openregister,Fix setting/unsetting locks,14283/119/01,low,false
b50de1ee486e1f7c509a5970411ca13fbee9f60d,Robert Zondervan,2025-05-26,openregister,Fix setting/unsetting locks,14283/119/01,low,false
92ba22be55b53fc68aaee9555774859f835dd889,Robert Zondervan,2025-05-26,openregister,Fix setting files to objectEntity,14283/119/01,high,false
8107a3bc92c0552d29b84f0346020588894136c8,Robert Zondervan,2025-05-26,openregister,Fix setting files to objectEntity,14283/119/01,high,false
c8c79a1a9be0372638c6f447a659da7faa6f7a63,Robert Zondervan,2025-05-26,openregister,DRC fixes on handlers,14283/120/02,medium,false
3c61a56dd10e923232f55d65742b1c69839d0cfa,Robert Zondervan,2025-05-26,openregister,DRC fixes on handlers,14283/120/02,medium,false
ecabc767d23fe4d4119ec63c07d6bedc1972eae8,Alex Rekachynskyi,2025-05-26,openregister,Save button disappearing fix,14283/119/01,low,false
10ad7e13d1c1bb716d342c6bed3a66f59149c6b8,Alex Rekachynskyi,2025-05-26,openregister,Save button disappearing fix,14283/119/01,low,false
117f491ea68206b0b483ddf6e497999bddc28bbb,Barry Brands,2025-05-23,openregister,Merge pull request #409 from ConductionNL/feature/sort-root-properties,14283/119/01,low,true
014f16a5012117320b0fdf6986bae1becfc994bb,Barry Brands,2025-05-23,openregister,Merge pull request #409 from ConductionNL/feature/sort-root-properties,14283/119/01,low,true
a849850b3131360dffe73fd9ca4d34ed52ed768c,Barry Brands,2025-05-23,openregister,Sort root object properties,14283/119/01,low,false
515ea6c21c583d2c6b3c14ab53002b3a5d22cf38,Barry Brands,2025-05-23,openregister,Sort root object properties,14283/119/01,low,false
733432d7118f75ddf41d752a8307ed0537187c90,Alex Rekachynskyi,2025-05-23,openregister,Values syncronization,14283/120/02,high,false
92d5ffc6757b4d1356b67a153df81635adc436fd,Barry Brands,2025-05-23,openregister,Merge pull request #408 from ConductionNL/fix/zgw-schema-relations,14283/119/02,medium,true
377a80d81b54737326ae05b9d70fac6ac6252284,Barry Brands,2025-05-23,openregister,Merge pull request #408 from ConductionNL/fix/zgw-schema-relations,14283/119/02,medium,true
ad7ce0279c5f329bc90ea8cd786f968e986f7fa4,Barry Brands,2025-05-22,openregister,Update all schema versions,14283/119/02,medium,false
4b8b74ade6cdcb05fdc7edb9f244efefc95cacf4,Barry Brands,2025-05-22,openregister,Update all schema versions,14283/119/02,medium,false
b07a4c9790959dc5b0d6864b505266b2ce763b9e,Barry Brands,2025-05-22,openregister,Replace $ref slug with id of schema,14283/119/02,medium,false
0997cc0e47cbd920c06d139d87e617b9018187dd,Barry Brands,2025-05-22,openregister,Replace $ref slug with id of schema,14283/119/02,medium,false
8a29a3d23793b9209e48dfef7268d3965a8ed539,Barry Brands,2025-05-22,openregister,Update $refs of schemas in zgw config,14283/119/02,medium,false
42f9a63c767edcd921cf8568d3a209dfabd6468f,Barry Brands,2025-05-22,openregister,Update $refs of schemas in zgw config,14283/119/02,medium,false
55179a022c161e23145ece199c637acc5e12c205,Barry Brands,2025-05-22,openregister,Merge branch 'feature/REGISTER-57/brc' into fix/zgw-schema-relations,14283/119/02,medium,true
c0a7a85555b07910b5b31b5bc1d9d07ecf90b729,Barry Brands,2025-05-22,openregister,Merge branch 'feature/REGISTER-57/brc' into fix/zgw-schema-relations,14283/119/02,medium,true
18184c18ad99f685dd4fbfbee4b95d9bdcaf07ce,Barry Brands,2025-05-22,openregister,Merge pull request #407 from ConductionNL/feature/import-slugs-to-ids,14283/119/02,high,true
353cca7a29bab52e6c516ed57f7b74aa9800be26,Barry Brands,2025-05-22,openregister,Merge pull request #407 from ConductionNL/feature/import-slugs-to-ids,14283/119/02,high,true
c4ba007e7b59d114acc93f49b5ac785dc67a575d,Barry Brands,2025-05-22,openregister,Map slugs to ids when importing config,14283/119/02,high,false
65c943912a656bc163b27b8eca4d4e6c86ec345f,Barry Brands,2025-05-22,openregister,Map slugs to ids when importing config,14283/119/02,high,false
2069218d2aab70f8ac0dd7180553bc5006f36157,Barry Brands,2025-05-22,openregister,Merge pull request #404 from ConductionNL/feature/ZAAKREG-56/zrc-endpoints-config,14283/119/02,low,true
8033895106593200988a2d606de0653d08805048,Barry Brands,2025-05-22,openregister,Merge pull request #404 from ConductionNL/feature/ZAAKREG-56/zrc-endpoints-config,14283/119/02,low,true
86d29de763867a1a4dcafd75138316c93cc2e257,Barry Brands,2025-05-22,openregister,Merge pull request #405 from ConductionNL/feature/REGISTERS-54/endpoints-config,14283/119/02,medium,true
2dddc65dbe2777c3ac04867f9fb8a7ce1861667d,Barry Brands,2025-05-22,openregister,Merge pull request #405 from ConductionNL/feature/REGISTERS-54/endpoints-config,14283/119/02,medium,true
e71f7fae9126927945f896073c270659cb0396e4,Robert Zondervan,2025-05-22,openregister,Merge pull request #406 from ConductionNL/feature/ZAAKREG-55/endpoints,14283/119/02,low,true
6328fb097cf7e5d7e4803a94cd352e1dabf2e868,Robert Zondervan,2025-05-22,openregister,Merge pull request #406 from ConductionNL/feature/ZAAKREG-55/endpoints,14283/119/02,low,true
1417eafc6a3c9e44a49aeb35f0e37e7106d99fb5,Barry Brands,2025-05-22,openregister,Improve publish and depublish,14283/119/01,low,false
12e24d8e8979c88c6ae8b8b4d72301c148039528,Barry Brands,2025-05-22,openregister,Improve publish and depublish,14283/119/01,low,false
48e8ea29e29001c86982ad84ebbd193280fbe494,Ruben van der Linde,2025-05-22,openregister,Fixed to ZRC,14283/119/01,low,false
e794e4664aae5cd303fee1d9b348dd05d2cde54f,Ruben van der Linde,2025-05-22,openregister,Fixed to ZRC,14283/119/01,low,false
20809f9e9afe51b2b44cdbef1c9976987e2a63dc,Robert Zondervan,2025-05-22,openregister,Fix mistakes,14283/119/01,low,false
f80b53ee1ec8e1e0dac8639325caccc462a37146,Robert Zondervan,2025-05-22,openregister,Fix mistakes,14283/119/01,low,false
01f25645e27b5c22e831821871c12ba8181cb180,Barry Brands,2025-05-22,openregister,Added rules,14283/119/01,low,false
b3c397aa1d930293b8d8e689f4a27a74d435916d,Barry Brands,2025-05-22,openregister,Added rules,14283/119/01,low,false
373840c83483636184ec8bc7cffe00d6faa3cf78,Barry Brands,2025-05-22,openregister,Fix order of rules,14283/119/01,low,false
d967087c62ccdd95cc13bc712462c8edbfd9808d,Barry Brands,2025-05-22,openregister,Fix order of rules,14283/119/01,low,false
a741fe522f04e24ee36206c11d215d1c86088c07,Barry Brands,2025-05-22,openregister,added auth rules,14283/119/01,low,false
7d88749031ccb1cb5fb50674aba74ae7b3b83482,Barry Brands,2025-05-22,openregister,added auth rules,14283/119/01,low,false
3eea7d454ea9119105d0a46ef681cdcb1679890f,Barry Brands,2025-05-22,openregister,added audit trail endpoints,14283/120/01,medium,false
93ff3e00f356d93db2f7e83728d454af57aa3c5c,Barry Brands,2025-05-22,openregister,added audit trail endpoints,14283/120/01,medium,false
6bb0132e4d82b0ff55521eae37a66e7688c6b33c,Barry Brands,2025-05-22,openregister,Finish zaken endpoints,14283/119/02,low,false
17a4e5719e500abe01073f26a9c23f954ef4a60d,Barry Brands,2025-05-22,openregister,Finish zaken endpoints,14283/119/02,low,false
f419e90efb8b6a0db89bc4ed26dd9e1958c0057c,Robert Zondervan,2025-05-22,openregister,Finish endpoints DRC,14283/119/02,low,false
e46045d310fc81d3bfc189c3e4affdf1e1a4471c,Robert Zondervan,2025-05-22,openregister,Finish endpoints DRC,14283/119/02,low,false
7d63688272a13fc742620c4b09f3c70151a8cd16,Ruben van der Linde,2025-05-22,openregister,publishing and depublishing objects,14283/119/01,low,false
49a0702be083991e44d81582c085f6877c197b4d,Ruben van der Linde,2025-05-22,openregister,publishing and depublishing objects,14283/119/01,low,false
3fd3e69ff007bcaec4c786fc82a302ff2b2d0265,Wilco Louwerse,2025-05-22,openregister,Added audit trail endpoints for besluit,14283/120/01,medium,false
f508ed85e142a370b81cd033aef3c5950f7b69c3,Wilco Louwerse,2025-05-22,openregister,Added audit trail endpoints for besluit,14283/120/01,medium,false
d9649e612f3b837e8000c242da39c71be48bce44,Wilco Louwerse,2025-05-22,openregister,fixex in endpointArray for BRC CRUD endpoints,14283/119/02,low,false
ca57fbe4ad08e636563238c548ec422eb9519c91,Wilco Louwerse,2025-05-22,openregister,fixex in endpointArray for BRC CRUD endpoints,14283/119/02,low,false
9d165229d1d5b2d9afb9523f1287cef355c224b6,Barry Brands,2025-05-22,openregister,Base endpoints ZRC,14283/119/02,low,false
e331ddb2458986f76d53ec6d365c98a1fc646dc5,Barry Brands,2025-05-22,openregister,Base endpoints ZRC,14283/119/02,low,false
7aa022c9437c1e286f1776ad46eff7b48e6f026b,Wilco Louwerse,2025-05-22,openregister,Added CRUD endpoints for BRC,14283/119/02,low,false
315e55c013a82bf28c90be16dfc0e60e405b0b3e,Wilco Louwerse,2025-05-22,openregister,Added CRUD endpoints for BRC,14283/119/02,low,false
c4ade84c4ab5761f028a7949f329e4c8efeeb432,Barry Brands,2025-05-22,openregister,Correction and publish endpoints,14283/119/02,low,false
16b3fa5afc5a3db290dd8945c9853813ff3d12c5,Barry Brands,2025-05-22,openregister,Correction and publish endpoints,14283/119/02,low,false
688ed6671e23275dfab8b5a19553bdad4f40c39d,Barry Brands,2025-05-22,openregister,Added all ZTC endpoints,14283/119/02,low,false
73c56c1b68f87d8257f36061f087afad30990098,Barry Brands,2025-05-22,openregister,Added all ZTC endpoints,14283/119/02,low,false
4f3b0c78d71e0f0fc5202e77b28b314f840cf4e2,Robert Zondervan,2025-05-22,openregister,documenten-register with first endpoints,14283/119/02,medium,false
6fd6ec054500790dec4238fa82cb04f6e8cca3dc,Robert Zondervan,2025-05-22,openregister,documenten-register with first endpoints,14283/119/02,medium,false
14a90499f713174dbb0a7db4f991e976e9092683,Ruben van der Linde,2025-05-22,openregister,ZGW Specs toegevoegd,14283/119/01,low,false
1878f3d4d85dac66d7f564680b0e4c155b5e48ae,Ruben van der Linde,2025-05-22,openregister,ZGW Specs toegevoegd,14283/119/01,low,false
a56b8133a4e622bb5aadbe8f24f4f1423b71209c,Ruben van der Linde,2025-05-22,openregister,Potlood planning toegevoegd,14283/119/01,low,false
f829cac1eaa37649018497a45b063a1fe8daa617,Ruben van der Linde,2025-05-22,openregister,Potlood planning toegevoegd,14283/119/01,low,false
8b17499536d8190c5048468b5b3df39d737316a8,Ruben van der Linde,2025-05-22,openregister,Beetje extra context,14283/119/01,low,false
19f3fc571a7c0f39d9f0bddd60bcd8b03ad390ba,Ruben van der Linde,2025-05-22,openregister,Beetje extra context,14283/119/01,low,false
bf8c57cc7adc360bd844e024be1df58584ab4c57,Ruben van der Linde,2025-05-22,openregister,Aanvullingen naar aanleiding meeting project plan bijgeschaafd,14283/119/01,low,false
bd263fa75450b5fa854f28abb8e53e458dddff30,Ruben van der Linde,2025-05-22,openregister,Aanvullingen naar aanleiding meeting project plan bijgeschaafd,14283/119/01,low,false
819d3ce631c13c3f067e9c6e906e84588d412e0a,Ruben van der Linde,2025-05-22,openregister,Zetting up the ZaakRegister project,14283/119/02,medium,false
51598fc64cbfa333fa1f90d13f6fcac772b1b3ee,Ruben van der Linde,2025-05-22,openregister,Zetting up the ZaakRegister project,14283/119/02,medium,false
369ab7806a4009696a82f916b3c04bb6672dfadc,Robert Zondervan,2025-05-21,openregister,Merge pull request #403 from ConductionNL/fix/false-vs-null,14283/119/01,low,true
8b848f1f346b056afdfb366719ef0ea312c23f83,Robert Zondervan,2025-05-21,openregister,Merge pull request #403 from ConductionNL/fix/false-vs-null,14283/119/01,low,true
05e5f081b2328dcc437629a155e3001cac53401b,Robert Zondervan,2025-05-21,openregister,replaced two falses by null where false would never be returned,14283/119/01,low,false
5f104b576e4c8297f1bee86bf0f891d717af9d6e,Robert Zondervan,2025-05-21,openregister,replaced two falses by null where false would never be returned,14283/119/01,low,false
d14411b2f69f2b6794847c24f40919be817ada8b,Barry Brands,2025-05-21,openregister,Merge pull request #402 from ConductionNL/feature/get-shared-files,14283/119/01,low,true
cfbb372d49072264ac281544b4904eb1000056fa,Barry Brands,2025-05-21,openregister,Merge pull request #402 from ConductionNL/feature/get-shared-files,14283/119/01,low,true
462d5ff482de120b4574e69d84da909254b506ed,Barry Brands,2025-05-21,openregister,Get shared files option,14283/119/01,low,false
fa2ed864f0e32091e3a6978aa00a7bad5433179a,Barry Brands,2025-05-21,openregister,Get shared files option,14283/119/01,low,false
f2b30819b9a7dbc2f95d2df3c251db9d02d8b768,Remko Huisman,2025-05-21,openregister,Merge pull request #401 from ConductionNL/feature/WOO-315/register-mapper-fix,14283/119/01,high,true
9b3d9cfd5c275c5009969435e88e22557f1e5dcd,Remko Huisman,2025-05-21,openregister,Merge pull request #401 from ConductionNL/feature/WOO-315/register-mapper-fix,14283/119/01,high,true
f5205fb28693770e0e8308ccb903c1385b8e0591,Remko,2025-05-21,openregister,Fixed getVersion() on null error,14283/120/02,medium,false
07126e97eb162e4cdbfdf8bde53709a4206455dd,Remko,2025-05-21,openregister,Fixed getVersion() on null error,14283/120/02,medium,false
f9f561241a8efe042d9578f6f24f5d1345d44324,Barry Brands,2025-05-20,openregister,Merge pull request #400 from ConductionNL/hotfix/zuiddrecht-barry,14283/119/01,low,true
84705ec2aecd9ee6c70d03906e1b14f3cab341c6,Barry Brands,2025-05-20,openregister,Merge pull request #400 from ConductionNL/hotfix/zuiddrecht-barry,14283/119/01,low,true
679b831cec421e2db6fd125978a0da805df4b768,Barry Brands,2025-05-20,openregister,Docblock,14283/120/02,high,false
0ed9329024b429f4ce9e997a4f60483a1b0a26b2,Barry Brands,2025-05-20,openregister,Docblock,14283/120/02,high,false
a2c5da95c33fbbd5996974089fde1aa92945cd20,Barry Brands,2025-05-20,openregister,add order for property,14283/119/01,low,false
c209b0edcb9c202f3d848a3fa4b40c7968cb70d3,Barry Brands,2025-05-20,openregister,add order for property,14283/119/01,low,false
a6ca598d47078afe80feaa28d6f9ac07eb5abd18,Barry Brands,2025-05-20,openregister,Merge remote-tracking branch 'origin/development' into hotfix/zuiddrecht-barry,14283/119/01,low,true
242d0c27b588bbe42570c9eeea1d495b2748b0d9,Barry Brands,2025-05-20,openregister,Merge remote-tracking branch 'origin/development' into hotfix/zuiddrecht-barry,14283/119/01,low,true
ccc1d2c3d45738fd2f67770ba8bac660c5d835f3,Ruben van der Linde,2025-05-20,openregister,Merge pull request #399 from ConductionNL/hotfix/import-register,14283/119/02,high,true
385ca3aff98b67b62f1d08a659e8ee5b32e28fdd,Ruben van der Linde,2025-05-20,openregister,Merge pull request #399 from ConductionNL/hotfix/import-register,14283/119/02,high,true
77b12f7f6cc72a66a57cda3f1e84f370795f7914,Remko,2025-05-20,openregister,Hotfix import register,14283/119/02,high,false
40764707441c7a46b6dc5bafcba446873ee91605,Remko,2025-05-20,openregister,Hotfix import register,14283/119/02,high,false
3d17ede1bda21d37edbccd594723ce8f02c7ad57,Ruben van der Linde,2025-05-20,openregister,Merge pull request #395 from ConductionNL/hotfix/zuiddrecht,14283/119/01,low,true
62113a5ee87655b962c7a7747097f52809671359,Ruben van der Linde,2025-05-20,openregister,Merge pull request #395 from ConductionNL/hotfix/zuiddrecht,14283/119/01,low,true
25bc27ac665fcd7add49c83cc77f6e9dd6d50c62,Barry Brands,2025-05-20,openregister,Merge remote-tracking branch 'origin/development' into hotfix/zuiddrecht-barry,14283/119/01,low,true
0346cc8a01eca7f6f2404c566ead7a74bcb83323,Barry Brands,2025-05-20,openregister,Merge remote-tracking branch 'origin/development' into hotfix/zuiddrecht-barry,14283/119/01,low,true
e2722e1033eb296ef04064cc1aea3e8639c86c0c,Ruben van der Linde,2025-05-19,openregister,Merge branch 'hotfix/zuiddrecht' of https://github.com/ConductionNL/OpenRegisters into hotfix/zuiddrecht,14283/119/02,medium,true
d0950bfe5b9b4709a2fa46b5567722dfe611293c,Ruben van der Linde,2025-05-19,openregister,Merge branch 'hotfix/zuiddrecht' of https://github.com/ConductionNL/OpenRegisters into hotfix/zuiddrecht,14283/119/02,medium,true
df21a6b6ae977ba3115e9784672e59c64c0f1529,Ruben van der Linde,2025-05-19,openregister,Lets allow softValidated objects,14283/119/01,low,false
fb351d751c978609ec096e6d56e85c6e8b119783,Ruben van der Linde,2025-05-19,openregister,Lets allow softValidated objects,14283/119/01,low,false
d50c3f4a1bce4f57eb2b63907c58407b7b74f9c8,Barry Brands,2025-05-19,openregister,Replace id $refs with slugs,14283/119/01,low,false
4a6f9c15ce1509009af1ce08b821b0f1e9226d93,Barry Brands,2025-05-19,openregister,Replace id $refs with slugs,14283/119/01,low,false
d51160d390fe02aaa48772b53140cdead1d4ea0b,Robert Zondervan,2025-05-19,openregister,Merge pull request #398 from ConductionNL/feature/fix-defaults,14283/120/02,high,true
df1cdc8789d8f1122fd490a658a788ffb997d308,Robert Zondervan,2025-05-19,openregister,Merge pull request #398 from ConductionNL/feature/fix-defaults,14283/120/02,high,true
586071c1674411c891422332a975697d2bb6635b,Robert Zondervan,2025-05-19,openregister,docblocks,14283/119/01,low,false
7d89868f7f702ceb9513f040e9acc9888d36c783,Robert Zondervan,2025-05-19,openregister,docblocks,14283/119/01,low,false
4838be5788dec8681466ced19c6a31a2341743a2,Robert Zondervan,2025-05-19,openregister,Fix setting of url and default value of objects,14283/120/02,high,false
1eb37b124d6727477998f8259344b1e2f9df18e8,Robert Zondervan,2025-05-19,openregister,Fix setting of url and default value of objects,14283/120/02,high,false
dded5e7d0bc0c4f4f0aea9696f090d30535fa36a,Alex,2025-05-19,openregister,Merge pull request #393 from ConductionNL/feature/REGISTERS-199/buttons-spacing,14283/119/02,medium,true
0ce1faf9397510e84c0fabe2278d49b993bca830,Alex,2025-05-19,openregister,Merge pull request #393 from ConductionNL/feature/REGISTERS-199/buttons-spacing,14283/119/02,medium,true
06a997fb13ea87de7c085bcd13c488d6e10d063f,Alex,2025-05-19,openregister,Merge pull request #391 from ConductionNL/feature/REGISTERS-198/description-text-wrap,14283/119/02,medium,true
2c8e5d5516ef912433775ae1f97508f9128bccc7,Alex,2025-05-19,openregister,Merge pull request #391 from ConductionNL/feature/REGISTERS-198/description-text-wrap,14283/119/02,medium,true
08472a1f71e542a1d44be834f481ac191ad2068f,Barry Brands,2025-05-19,openregister,Merge pull request #394 from ConductionNL/feature/zgw-configs,14283/120/01,low,true
f69b4e435b053194bed53d07c2179352d8e063e9,Barry Brands,2025-05-19,openregister,Merge pull request #394 from ConductionNL/feature/zgw-configs,14283/120/01,low,true
7b0b595332179c4ba8db956ce1bea1becb77d672,Alex,2025-05-19,openregister,Merge pull request #397 from ConductionNL/feature/REGISTERS-201/register-title,14283/119/02,medium,true
b578785d505fa7b7824029bc79cebfe03d4a3b84,Alex,2025-05-19,openregister,Merge pull request #397 from ConductionNL/feature/REGISTERS-201/register-title,14283/119/02,medium,true
74fa36375df334572371e2983db760f2db3af7db,Alex Rekachynskyi,2025-05-19,openregister,title parameter changed to name parameter,14283/119/01,low,false
42abe1fafa2a71dc6096ebfbcba1882b664b39bd,Alex Rekachynskyi,2025-05-19,openregister,title parameter changed to name parameter,14283/119/01,low,false
a472d599c8350616826cf0408a4bdebf5527a99c,Alex,2025-05-19,openregister,Merge pull request #396 from ConductionNL/feature/REGISTERS-200/page-header-schema,14283/119/02,medium,true
f5e8555535fd4f33357343c1ba9d6d76a7a127ba,Alex,2025-05-19,openregister,Merge pull request #396 from ConductionNL/feature/REGISTERS-200/page-header-schema,14283/119/02,medium,true
6c4934de0495306916ba3ad349aa3df4cc1ee591,Alex Rekachynskyi,2025-05-19,openregister,duplicate styles removed,14283/119/01,low,false
d5bf5a3b74e1a7139162322c18cf36257e03cf1a,Alex Rekachynskyi,2025-05-19,openregister,duplicate styles removed,14283/119/01,low,false
75667192252e11abe681afbad18fe2f27e5041aa,Alex Rekachynskyi,2025-05-19,openregister,lint fix,14283/119/01,low,false
02bcd4d30057ba17818306e44d5bdf577227faf8,Alex Rekachynskyi,2025-05-19,openregister,lint fix,14283/119/01,low,false
164c9a09d9831f12f373b5c47885fe7b6eec6d29,Alex Rekachynskyi,2025-05-19,openregister,Page header on schema details page,14283/119/02,medium,false
09bd2062d5ffac6436762cc599d7eaf134e2b8fe,Alex Rekachynskyi,2025-05-19,openregister,Page header on schema details page,14283/119/02,medium,false
492788e86a3b8873b0cc019c0c198d3bcda83a3f,Remko,2025-05-19,openregister,Lint fix,14283/119/01,low,false
8a95aa2c46b918d91e37ffe4ba395cba8058e4a7,Remko,2025-05-19,openregister,Lint fix,14283/119/01,low,false
6cdaab8c8e74372d4ee8934ef31458a5d3ed9b98,Ruben van der Linde,2025-05-18,openregister,Correcting the function name,14283/119/01,low,false
d6028c0c77cfb0cd97d848721e3be56bd004f469,Ruben van der Linde,2025-05-18,openregister,Correcting the function name,14283/119/01,low,false
9f665638b951bd3acdc5d0744d4a16857460be0d,Ruben van der Linde,2025-05-18,openregister,More fixes on the export,14283/119/02,high,false
6a8fc895e4bd996587d13c0ef2dc74052c8b5aa4,Ruben van der Linde,2025-05-18,openregister,More fixes on the export,14283/119/02,high,false
3940210e22a27897c0d2ffdfa1024c9876e7285f,Barry Brands,2025-05-16,openregister,Added zgw configs,14283/120/01,low,false
e834559c0b2c9d96473e802d529e0abfedb5d025,Barry Brands,2025-05-16,openregister,Added zgw configs,14283/120/01,low,false
c23b64291a2ed29cdee57f96ccf8f43e1d3cc9bb,Remko Huisman,2025-05-16,openregister,Merge pull request #386 from ConductionNL/feature/REGISTERS-197/required-property-change,14283/119/02,medium,true
348bef7361c5b7a299fd5502b9cde5a0a40fb191,Remko Huisman,2025-05-16,openregister,Merge pull request #386 from ConductionNL/feature/REGISTERS-197/required-property-change,14283/119/02,medium,true
0ee0d1e1d598eeeb3615d1c5452bf13165c0c718,Alex Rekachynskyi,2025-05-16,openregister,When sidebar is closed there is space between add and sidebar buttons,14283/119/01,low,false
3f1bd7c43a7d71d3703b404142d74cc90f70a7ba,Alex Rekachynskyi,2025-05-16,openregister,When sidebar is closed there is space between add and sidebar buttons,14283/119/01,low,false
88927be24985bc1a71c73db377c99584ee7fd10b,Remko Huisman,2025-05-16,openregister,Merge pull request #392 from ConductionNL/hotfix-show-properties,14283/119/01,low,true
59da992062ea612a42ca4f5f6aaf8f9941903538,Remko Huisman,2025-05-16,openregister,Merge pull request #392 from ConductionNL/hotfix-show-properties,14283/119/01,low,true
76ba946a3670b33450de25d14e18492d26a79754,Remko,2025-05-16,openregister,fixed show properties,14283/119/01,low,false
c3cbade8c034fc2fbe58fa633bf8e0e93f3717d8,Remko,2025-05-16,openregister,fixed show properties,14283/119/01,low,false
05d0bb74f696459677eeac50982fb09088fb57e6,Alex Rekachynskyi,2025-05-16,openregister,text wrap,14283/119/01,low,false
93b10554310767b7cd1ed7d7dc75e58f1037aad7,Alex Rekachynskyi,2025-05-16,openregister,text wrap,14283/119/01,low,false
8c394bc1c5d0d99aab763bccf3928bcb562afa6f,Robert Zondervan,2025-05-16,openregister,Merge pull request #390 from ConductionNL/fix/vsc-deletes,14283/119/01,low,true
d567f8b3d954d78279bf43ee96edb534da18d416,Robert Zondervan,2025-05-16,openregister,Merge pull request #390 from ConductionNL/fix/vsc-deletes,14283/119/01,low,true
57854cb9e36b0f3808020dfd40700a628cddc21c,Barry Brands,2025-05-16,openregister,Merge pull request #389 from ConductionNL/fix/syntax-registers-index,14283/119/02,high,true
e000d2b75dbf64318f15ec8aaee065b37b8581fb,Barry Brands,2025-05-16,openregister,Merge pull request #389 from ConductionNL/fix/syntax-registers-index,14283/119/02,high,true
3806fc47027dc4cdee971e4845b832360ebcff33,Robert Zondervan,2025-05-16,openregister,Fix audit logging on deletes,14283/120/01,medium,false
2428ecbfef861f117907b5ca0dea184d893889ea,Robert Zondervan,2025-05-16,openregister,Fix audit logging on deletes,14283/120/01,medium,false
01f4b0fff9df04609a322e83d0184fb570546be0,Barry Brands,2025-05-16,openregister,Fix Validation handling,14283/119/01,low,false
ff39e2790121bfe24aa5b0a0098845a9d5b20688,Barry Brands,2025-05-16,openregister,Fix Validation handling,14283/119/01,low,false
432eda134201e9f93d2480383af9fe27776829a9,Barry Brands,2025-05-16,openregister,Merge remote-tracking branch 'origin/development' into fix/syntax-registers-index,14283/119/02,high,true
18a8aa0d8e9249e72074ff75c27f1766400ccef4,Barry Brands,2025-05-16,openregister,Merge remote-tracking branch 'origin/development' into fix/syntax-registers-index,14283/119/02,high,true
ac3cc348e1b7e41f6cdf91f3e8caafb0d728c230,Barry Brands,2025-05-16,openregister,Merge pull request #388 from ConductionNL/fix/syntax-registers-index,14283/119/02,high,true
258d94c33f7cf1fdf6248fd13157e6622796101d,Barry Brands,2025-05-16,openregister,Merge pull request #388 from ConductionNL/fix/syntax-registers-index,14283/119/02,high,true
15be9a292890c36766ba28ad441413658920bc6e,Barry Brands,2025-05-16,openregister,added missing },14283/119/01,low,false
7dc95d415c29848240353ba2eb841c872bc5dced,Barry Brands,2025-05-16,openregister,added missing },14283/119/01,low,false
9b852f29b608898917627ee444bd00ac80ca91bf,Barry Brands,2025-05-16,openregister,Merge pull request #387 from ConductionNL/fix/validation-error,14283/120/02,medium,true
325f611acf81ac3efa4cf5cf2fd0efe602d0fef3,Barry Brands,2025-05-16,openregister,Merge pull request #387 from ConductionNL/fix/validation-error,14283/120/02,medium,true
9b257be2bfdfce9461af5f953016f740febd1180,Barry Brands,2025-05-16,openregister,Added getValidateHandler for EndpointService,14283/120/02,medium,false
a0688ffb914f1c706fb914f3b2473a98db9f8ed1,Barry Brands,2025-05-16,openregister,Added getValidateHandler for EndpointService,14283/120/02,medium,false
06ffcaf0e9966857a7f578a5d1b3237c9a8b06ce,Alex,2025-05-16,openregister,Merge pull request #378 from ConductionNL/feature/REGISTERS-162/tableView,14283/119/02,medium,true
8af5fc630a8be60292d480bb70c1cfeca72f5ace,Alex,2025-05-16,openregister,Merge pull request #378 from ConductionNL/feature/REGISTERS-162/tableView,14283/119/02,medium,true
b9e31f12e7e251d5b1e03371d658a9f56a5bc205,Alex Rekachynskyi,2025-05-16,openregister,Removing required propeties is now updating the required array of schema,14283/119/02,medium,false
4ad66f237107bfc6f2ecb62454dcfbb96546c984,Alex Rekachynskyi,2025-05-16,openregister,Removing required propeties is now updating the required array of schema,14283/119/02,medium,false
61e5671ba8817515b60ca7d3d216680439772b62,Robert Zondervan,2025-05-16,openregister,Merge pull request #385 from ConductionNL/fix/filters,14283/119/02,high,true
71aa42c4557733c368bfcdc7405b17c7a071e68d,Robert Zondervan,2025-05-16,openregister,Merge pull request #385 from ConductionNL/fix/filters,14283/119/02,high,true
0049610994c48b79731b0680153d0d73d1f0c42f,Robert Zondervan,2025-05-16,openregister,Fix filtering fields,14283/119/02,high,false
929e6e0417ab388d2a64fe1591f0c11c585640db,Robert Zondervan,2025-05-16,openregister,Fix filtering fields,14283/119/02,high,false
74e792c1d2ef9430ab8ef6187b3d56caf8e97698,Alex,2025-05-16,openregister,Update RegistersIndex.vue,14283/119/02,high,false
517ccf87e293b30c10d4f2a37b12ea6eca7bec2d,Alex,2025-05-16,openregister,Update RegistersIndex.vue,14283/119/02,high,false
ee57f2b24f261ce9550ac33094b540923f8c054a,Alex,2025-05-16,openregister,Merge branch 'development' into feature/REGISTERS-162/tableView,14283/119/02,medium,true
540b1cc401583d3799d7e1edd58d1aa0b6aacab9,Alex,2025-05-16,openregister,Merge branch 'development' into feature/REGISTERS-162/tableView,14283/119/02,medium,true
d1ef51035c350917ce9f2d3f9831849bd5134261,Ruben van der Linde,2025-05-15,openregister,Merge pull request #384 from ConductionNL/hotfix/zuiddrecht,14283/119/01,low,true
5333b863728b00c744b68fb9c8164880e5c1efde,Ruben van der Linde,2025-05-15,openregister,Merge pull request #384 from ConductionNL/hotfix/zuiddrecht,14283/119/01,low,true
0110e707ad3cea1b37edcb98afb6b3fc40a6211f,Ruben van der Linde,2025-05-15,openregister,Lets handle array's when exporting a dataset,14283/119/02,high,false
f6ba013a10e831c963d637454b0d957c425ca875,Ruben van der Linde,2025-05-15,openregister,Lets handle array's when exporting a dataset,14283/119/02,high,false
2aa1663f737d73706ad505cb4fc7697785f1afc1,Ruben van der Linde,2025-05-15,openregister,Merge pull request #383 from ConductionNL/hotfix/exception-error,14283/120/02,medium,true
917475cd6540bab00eac98efa5ebf819a0665c1b,Ruben van der Linde,2025-05-15,openregister,Merge pull request #383 from ConductionNL/hotfix/exception-error,14283/120/02,medium,true
7b75b143c8c25afc92b3b1778cbd5f2e17598706,Ruben van der Linde,2025-05-15,openregister,Lets note down that we should validate arrays,14283/119/01,low,false
e6c4ce0adbeff13b4fcd932a1c83fff272cf91ee,Ruben van der Linde,2025-05-15,openregister,Lets note down that we should validate arrays,14283/119/01,low,false
db0f54a4dcdb4222306cdaaf110fdf3645021cdf,Ruben van der Linde,2025-05-15,openregister,Lets not commit var_dumps,14283/119/01,low,false
12e63675c3c59d8bfd78cdbc6117f85213f759dc,Ruben van der Linde,2025-05-15,openregister,Lets not commit var_dumps,14283/119/01,low,false
1d5fd0d764680600ac2d19f893d4c0126fe98181,Ruben van der Linde,2025-05-15,openregister,Validator cant handle array,14283/119/01,low,false
1c48640a8f33e9584ec28ef30c7fb0a640fe2515,Ruben van der Linde,2025-05-15,openregister,Validator cant handle array,14283/119/01,low,false
db44cec43d4bf0046a6e928d46e1c1c95c7b7458,Barry Brands,2025-05-15,openregister,Merge pull request #382 from ConductionNL/fix/import-oas,14283/119/02,high,true
5275cb4258fb1c26a2b23fa3cb4634a4e470e0e5,Barry Brands,2025-05-15,openregister,Merge pull request #382 from ConductionNL/fix/import-oas,14283/119/02,high,true
a7ffad19aaf0804fad6664b92c7a706ef58c7a65,Ruben van der Linde,2025-05-15,openregister,There was still another bug,14283/119/01,low,false
d84eaa55b0ff10d254d11cd0e2369adc85910130,Ruben van der Linde,2025-05-15,openregister,There was still another bug,14283/119/01,low,false
6d65a048b554b07a6fcf347d3c68776abd08455f,Barry Brands,2025-05-15,openregister,ignore byte and binary formats,14283/119/01,low,false
d9062c4c1c47908549544adc24931f82d731dbcb,Barry Brands,2025-05-15,openregister,ignore byte and binary formats,14283/119/01,low,false
e21c972137b67c1154cf32696be104fea6690127,Barry Brands,2025-05-15,openregister,Add schemas to register for json,14283/119/02,medium,false
4a0d3fd0395f32b4b3f4fe57666e2915360f2149,Barry Brands,2025-05-15,openregister,Add schemas to register for json,14283/119/02,medium,false
7d799a1763a9bc89e9480eaa5b1bf2c5e41dddb1,Barry Brands,2025-05-15,openregister,Merge branch 'development' into fix/import-oas,14283/119/02,high,true
da79da69562654b15964c67c6d3c73b5d8e88be4,Barry Brands,2025-05-15,openregister,Merge branch 'development' into fix/import-oas,14283/119/02,high,true
f8024ff324de4c0ca03be4721389af57af806c34,Ruben van der Linde,2025-05-15,openregister,Merge pull request #381 from ConductionNL/hotfix/exception-error,14283/120/02,medium,true
eec308e048d333cc3cca808930286c2536eee7d1,Ruben van der Linde,2025-05-15,openregister,Merge pull request #381 from ConductionNL/hotfix/exception-error,14283/120/02,medium,true
3fa85d611a6b857d98dc00680e11ea2a1e4b8cae,Ruben van der Linde,2025-05-15,openregister,Fix errors in validation,14283/120/02,medium,false
ceae293941f6acfe89d5f37e7c5d5cedb22a1278,Ruben van der Linde,2025-05-15,openregister,Fix errors in validation,14283/120/02,medium,false
491fff3243df4c10b5173ad89d376d5c8e9ed289,Barry Brands,2025-05-14,openregister,Merge pull request #380 from ConductionNL/fix/import-oas,14283/119/02,high,true
f6a37a9caf48be45462e3e9968d72dd5a2cdb01c,Barry Brands,2025-05-14,openregister,Merge pull request #380 from ConductionNL/fix/import-oas,14283/119/02,high,true
fd1d28c222ba8a7dd403065674096834dea6cbeb,Barry Brands,2025-05-14,openregister,Fixes to deal with tough oases,14283/119/02,low,false
fadc43890de69d1f2a47e277c994c3542f2071d6,Barry Brands,2025-05-14,openregister,Fixes to deal with tough oases,14283/119/02,low,false
9b92854cef3333322d0562ae3da1d2de1c3d6b07,Barry Brands,2025-05-14,openregister,Only validate items if $ref not set,14283/119/01,low,false
c9dbb41943b15292eb46f62dc4ea0c0b2c8bafbd,Barry Brands,2025-05-14,openregister,Only validate items if $ref not set,14283/119/01,low,false
917d2aed9050a833c5f59f22f5f0309bed2d3307,Alex Rekachynskyi,2025-05-14,openregister,simple solution,14283/119/01,low,false
590798e0c5ac31441cc18b164b891b69afe8c482,Alex Rekachynskyi,2025-05-14,openregister,simple solution,14283/119/01,low,false
a6a0ebe691b0dc11e2a7ed42e28106a3124d589f,Alex Rekachynskyi,2025-05-14,openregister,self data unavailable,14283/119/01,low,false
b32e8e92c2930f8efbef5d581cbbb0f8953e3af1,Alex Rekachynskyi,2025-05-14,openregister,self data unavailable,14283/119/01,low,false
dd1df0380ac7eeec96ac291c8c78dd4af46f9284,Alex,2025-05-14,openregister,Merge pull request #379 from ConductionNL/feature/REGISTERS-182/sidebar-close-button-fix,14283/119/02,medium,true
ea9ad20485435385ea7bdd9897e7ba35865da008,Alex,2025-05-14,openregister,Merge pull request #379 from ConductionNL/feature/REGISTERS-182/sidebar-close-button-fix,14283/119/02,medium,true
2b881b380829ab4c4a0040042f98253a20df1b29,Thijn,2025-05-14,openregister,fixed spacing a bit,14283/119/01,low,false
b0cc96a735a6c4326d780f73a54bda703ab55a2d,Thijn,2025-05-14,openregister,fixed spacing a bit,14283/119/01,low,false
0e58b628ea60fbd345c2ac9fa911011ee3ec3975,Thijn,2025-05-14,openregister,changed to english as most text is english,14283/119/01,low,false
98863f5f19a4755a9736fedddbd0eb395cc60c1f,Thijn,2025-05-14,openregister,changed to english as most text is english,14283/119/01,low,false
2fcdd0e74fe8990966128c198f4caf62a9183261,Thijn,2025-05-14,openregister,removed CSS rule that broke all buttons,14283/119/01,low,false
6d2fcdea43773122dc658c38e74f36ecd2d35cd8,Thijn,2025-05-14,openregister,removed CSS rule that broke all buttons,14283/119/01,low,false
2d4c4b65fbfb17c68c344dd4dc5b506532a502b7,Thijn,2025-05-14,openregister,used nextcloud vue component for view switch + lint-fix,14283/119/02,medium,false
fab6734f9c0a7867f3f5810156e4365f5ef33f2a,Thijn,2025-05-14,openregister,used nextcloud vue component for view switch + lint-fix,14283/119/02,medium,false
177e7d3749d368b8d5259fa6de21285dfa3037d0,Alex Rekachynskyi,2025-05-14,openregister,Sidebar close button fix,14283/119/01,low,false
4d7fdb0d7091bcf45573a5c44cf29c953b2a77aa,Alex Rekachynskyi,2025-05-14,openregister,Sidebar close button fix,14283/119/01,low,false
3eedd45880de0679f335cb2d4bbc053e1669ba58,Thijn,2025-05-14,openregister,removed duplicate function,14283/119/01,low,false
55ef4683060a02c9cb0029a0a73a6e63eae71d52,Thijn,2025-05-14,openregister,removed duplicate function,14283/119/01,low,false
f055fcbcc7619e4b406456ab5c3b7ed10da51f46,Thijn,2025-05-14,openregister,Merge branch 'development' into feature/REGISTERS-157/checkboxes-for-files,14283/119/02,medium,true
0607ec86ce297969b1e08924ef343f99248c2072,Thijn,2025-05-14,openregister,Merge branch 'development' into feature/REGISTERS-157/checkboxes-for-files,14283/119/02,medium,true
24d7a4948950cfd49e4d1fc33327aba75ae23657,Alex Rekachynskyi,2025-05-13,openregister,Table view on schemas and registers,14283/119/02,medium,false
068e90ebac0c230f3b885931bd41b6b4def18fc6,Alex Rekachynskyi,2025-05-13,openregister,Table view on schemas and registers,14283/119/02,medium,false
0d5df3a9f49d39d326164125818fd85997730ca6,Alex Rekachynskyi,2025-05-13,openregister,style fix,14283/119/01,low,false
0f15701405ac9ed88f09e9cee5cf7dc36aade027,Alex Rekachynskyi,2025-05-13,openregister,style fix,14283/119/01,low,false
8d2732e6694495d1fdf926f1919719021de580c3,Ruben van der Linde,2025-05-13,openregister,Merge pull request #375 from ConductionNL/feature/REGISTERS-173/excel-export,14283/119/02,high,true
4b6130941c827d61eb1de4ad5ee8706e49c918b8,Ruben van der Linde,2025-05-13,openregister,Merge pull request #375 from ConductionNL/feature/REGISTERS-173/excel-export,14283/119/02,high,true
2a7cde2f247a18a41ec545e146770c80986adf18,Remko,2025-05-12,openregister,Added select dropdown for import,14283/119/02,high,false
aedbf091da0adf2488de8ed9f7f00be7cb957176,Remko,2025-05-12,openregister,Added select dropdown for import,14283/119/02,high,false
d50cced01935344da5d89021936d8cb9dee3b58d,Remko Huisman,2025-05-12,openregister,Merge pull request #376 from ConductionNL/feature/REGISTERS-174/more-property-properties,14283/119/02,medium,true
5f5ce9d52244852e6ea881d1178a821be7074f26,Remko Huisman,2025-05-12,openregister,Merge pull request #376 from ConductionNL/feature/REGISTERS-174/more-property-properties,14283/119/02,medium,true
b3ad9298e3918e9fef37acff4895aad69513a52e,Robert Zondervan,2025-05-12,openregister,Fix object validations,14283/119/01,low,false
ea6f379edd6357428133d6481612db726540b26a,Robert Zondervan,2025-05-12,openregister,Fix object validations,14283/119/01,low,false
9e36d54aea2bbdbe9b64555ba1844ec5a018bac9,Remko,2025-05-12,openregister,from kebab-case to camelCase,14283/119/01,low,false
6093484719549a4a9dd4da382837efb046250c47,Remko,2025-05-12,openregister,from kebab-case to camelCase,14283/119/01,low,false
563d65b07f85ffeee60c0f8632ceac88a92b6e05,Remko,2025-05-12,openregister,Lint fix,14283/119/01,low,false
d2e3e437c747098c26834a358160ee6a94dc7ae9,Remko,2025-05-12,openregister,Lint fix,14283/119/01,low,false
bb88dfb565da310ea11b2241f77320c161a1f343,Ruben van der Linde,2025-05-12,openregister,Lets add the two new desired options,14283/119/01,low,false
dd7784b9c81f2f8f56d644e73a612131b267c738,Ruben van der Linde,2025-05-12,openregister,Lets add the two new desired options,14283/119/01,low,false
daabaa0d4fa88151f27d61069fa0617058704598,Ruben van der Linde,2025-05-12,openregister,Add last log to the object documentation,14283/120/02,low,false
3e64475017b16a56f6e7b0e3f4a2fcedd8d23f83,Ruben van der Linde,2025-05-12,openregister,Add last log to the object documentation,14283/120/02,low,false
2ee80c229da7d4c26662435ba5fab51a85265688,Ruben van der Linde,2025-05-12,openregister,First testing and fixing on the import functionality,14283/119/02,high,false
5f2f943a078e0af961a09bbb59af76de0c32ccd2,Ruben van der Linde,2025-05-12,openregister,First testing and fixing on the import functionality,14283/119/02,high,false
76e26dcbe64520e4cd964cb0404d3aac5837ad7c,Ruben van der Linde,2025-05-11,openregister,Lst technical fix on the backend code,14283/119/01,low,false
beae4007e0ed897f83c1e363b2d7f0b8e140a562,Ruben van der Linde,2025-05-11,openregister,Lst technical fix on the backend code,14283/119/01,low,false
9e9698af728abcc8d1c46d1000d9e7335ab7253b,Ruben van der Linde,2025-05-11,openregister,Setting up the import backend call properly,14283/119/02,high,false
ecd9f0c5462b6a1fa04e59ceb7500ae8501638b7,Ruben van der Linde,2025-05-11,openregister,Setting up the import backend call properly,14283/119/02,high,false
0a14932fcf6aa11f8f8cfdfae163b264424ffafe,Ruben van der Linde,2025-05-11,openregister,Clearin up the file import,14283/119/02,high,false
473fa01c09040678114d56a2992b08e5bc4dff73,Ruben van der Linde,2025-05-11,openregister,Clearin up the file import,14283/119/02,high,false
cc872ed13698389d0688acc320861cb4066542ed,Ruben van der Linde,2025-05-11,openregister,Fixing the first of the bugs,14283/119/01,low,false
28b77e3a5f690d27db9dfbf0a06afdbaebb35617,Ruben van der Linde,2025-05-11,openregister,Fixing the first of the bugs,14283/119/01,low,false
9a0bd72ebd66aeeda59ac1b6eefbed81371cfb2f,Ruben van der Linde,2025-05-10,openregister,First code on the import/export service,14283/119/02,high,false
ca5c34d45809f0cabb7138f32456d1da0d0609e2,Ruben van der Linde,2025-05-10,openregister,First code on the import/export service,14283/119/02,high,false
faf2276aa4fb80aa1b074a1d2a799cd465fe6037,Alex Rekachynskyi,2025-05-09,openregister,Edit modal ui and functionality in the viewobject modal,14283/119/02,medium,false
385abc20c50a91d85fcb3a6d6d3c89d68c7bf02f,Alex Rekachynskyi,2025-05-09,openregister,Edit modal ui and functionality in the viewobject modal,14283/119/02,medium,false
56a31b076344efdb80d285df653d5b590e12f719,Barry Brands,2025-05-09,openregister,Merge pull request #372 from ConductionNL/fix/deleting-objects,14283/119/01,low,true
4f2450a5d5772335cd4253562b61c622171fd7ba,Barry Brands,2025-05-09,openregister,Merge pull request #372 from ConductionNL/fix/deleting-objects,14283/119/01,low,true
f27a156dce59a2e67372ba447aca93806bef2c78,Ruben van der Linde,2025-05-09,openregister,Merge pull request #373 from ConductionNL/fix/object-export,14283/119/02,high,true
68824e4c9254bb4bcc86daf203e02054d6cfe6d1,Ruben van der Linde,2025-05-09,openregister,Merge pull request #373 from ConductionNL/fix/object-export,14283/119/02,high,true
362f63f67dcac7a725e9f1caa786c8af277ca287,Ruben van der Linde,2025-05-09,openregister,Fix for adding objects to the export,14283/119/02,high,false
9900941d890c27f279de2dbcb227ae5146968689,Ruben van der Linde,2025-05-09,openregister,Fix for adding objects to the export,14283/119/02,high,false
3933f345a6f4412dd2e343abfc92aa1214b84b4a,Barry Brands,2025-05-09,openregister,Assign fetched object to $objectEntity,14283/119/01,high,false
6bb46ea2ccd482cfd954c1053e99e1e817839ea8,Barry Brands,2025-05-09,openregister,Assign fetched object to $objectEntity,14283/119/01,high,false
b3f5caa88e814b09d83f8b55302855d10de9b23c,Alex Rekachynskyi,2025-05-08,openregister,a little (just a little bit) prettier solution,14283/119/01,low,false
f5a6118755c4156eebf1122151ab640aa7ea59e8,Alex Rekachynskyi,2025-05-08,openregister,a little (just a little bit) prettier solution,14283/119/01,low,false
6ea45de7e0466ccba9d6d80c7ce822b1a4be9b08,Alex Rekachynskyi,2025-05-08,openregister,Checkboxes are now shown in the files tab,14283/119/01,low,false
7bca311ec14130800309c07d35b5db8e15e925b9,Alex Rekachynskyi,2025-05-08,openregister,Checkboxes are now shown in the files tab,14283/119/01,low,false
c0338c32dc6b12975adada9388916260d761269d,Ruben van der Linde,2025-05-08,openregister,Merge remote-tracking branch 'origin/feature/REGISTERS-149/pagination-improvement' into feature/REGISTERS-141/better-oas,14283/119/02,medium,true
d8bb0e9fec58efa9540dc363ce2e6228c6c93656,Ruben van der Linde,2025-05-08,openregister,Merge remote-tracking branch 'origin/feature/REGISTERS-148/sidebar-has-action-menu' into feature/REGISTERS-141/better-oas,14283/119/02,medium,true
644fcdd2fc02288da8f4c23950068c15a3c9f7d9,Alex,2025-05-07,openregister,Merge pull request #369 from ConductionNL/feature/REGISTERS-161/self-field-shown,14283/119/02,medium,true
161abe9b1bf72a36f92fa0cf16fb9b9cb7306921,Alex,2025-05-07,openregister,Merge pull request #369 from ConductionNL/feature/REGISTERS-161/self-field-shown,14283/119/02,medium,true
dc9e0b430e59a51331d6d4e1a007aba5e92408ce,Thijn,2025-05-07,openregister,lint-fix,14283/119/01,low,false
8477a2f1ef136336b86b1e82742ae88226fbeb06,Thijn,2025-05-07,openregister,lint-fix,14283/119/01,low,false
39c45eed4177a0263063bdd8ca0eb1b171b34535,Thijn,2025-05-07,openregister,finished pagination improvement and limit setting,14283/119/01,low,false
918e8ff7e4a4dd2d64d7824bcf84d2ca66f454de,Thijn,2025-05-07,openregister,finished pagination improvement and limit setting,14283/119/01,low,false
b7d9d6663dd475537b1091822fe4a587e6f1dcf9,Alex Rekachynskyi,2025-05-07,openregister,all @self fields can be shown,14283/119/01,low,false
fda9e31297627a7ca59a9e56efdb4e9bda88bb84,Alex Rekachynskyi,2025-05-07,openregister,all @self fields can be shown,14283/119/01,low,false
f60de4f764aab7896ab692fd6f527b596497f97d,Thijn,2025-05-07,openregister,moved actions to sidebar,14283/119/01,low,false
3730634f44feaeb5a3dc81db789f315aaaa6f900,Thijn,2025-05-07,openregister,moved actions to sidebar,14283/119/01,low,false
1ac028db872057c051e639de38916bd06453dd6c,Thijn,2025-05-07,openregister,Merge pull request #367 from ConductionNL/feature/REGISTERS-147/sidebar-collapsable,14283/119/02,medium,true
57bd796a5f6f70d1055257f55401d986d1c8399e,Thijn,2025-05-07,openregister,Merge pull request #367 from ConductionNL/feature/REGISTERS-147/sidebar-collapsable,14283/119/02,medium,true
ffffb58c6d7c2f19e5037f1de83075d9df31803b,Thijn,2025-05-07,openregister,made sidebar collapsible,14283/119/01,low,false
52b3f222a8103023f0d5e6df41d51a744a12e2a2,Thijn,2025-05-07,openregister,made sidebar collapsible,14283/119/01,low,false
aaf0fa41a3a133dbf157ee712b163a3c53f30b59,Alex,2025-05-07,openregister,Merge pull request #366 from ConductionNL/feature/REGISTERS-151/fille-icons-positioned,14283/119/02,medium,true
65374fda6ad9ac3a52fca0f8e9890a2ec2415c0a,Alex,2025-05-07,openregister,Merge pull request #366 from ConductionNL/feature/REGISTERS-151/fille-icons-positioned,14283/119/02,medium,true
97854f4d05deb7adcc5cddcd938750e5cb21c635,Alex Rekachynskyi,2025-05-07,openregister,File icons are well positioned,14283/119/01,low,false
14b86b2278acbe2f5db1f1063cf0b311cf4706c7,Alex Rekachynskyi,2025-05-07,openregister,File icons are well positioned,14283/119/01,low,false
70c4ad4ba7664c58f35209e3d0b6c17e9de98289,Alex,2025-05-07,openregister,Merge pull request #365 from ConductionNL/feature/REGISTERS-145/dataview-fix,14283/119/02,medium,true
60953935975ab22de6fd479d1d6934463b51bff8,Alex,2025-05-07,openregister,Merge pull request #365 from ConductionNL/feature/REGISTERS-145/dataview-fix,14283/119/02,medium,true
93c2027e2efb4c2b6639748d36e84c446ca379cb,Alex Rekachynskyi,2025-05-07,openregister,merge conflict resolved,14283/119/01,low,true
a2f07bb84d7b44cc932680800056026a83f0dd41,Alex Rekachynskyi,2025-05-07,openregister,merge conflict resolved,14283/119/01,low,true
9bdcbc7a81ef527c3d936d5e32613bf02fc34d28,Alex,2025-05-07,openregister,Merge branch 'development' into feature/REGISTERS-145/dataview-fix,14283/119/02,medium,true
12b274b3411b60b335c65aae6b9da8b05564e352,Alex,2025-05-07,openregister,Merge branch 'development' into feature/REGISTERS-145/dataview-fix,14283/119/02,medium,true
5f1cf4181d56d29f166e17dc62614c1d00e81822,Alex,2025-05-07,openregister,Merge pull request #364 from ConductionNL/feature/REGISTERS-144/object-view-properties-polished,14283/119/02,medium,true
56f7832330ea48c75ad4a3792a80b37c1b63dd86,Alex,2025-05-07,openregister,Merge pull request #364 from ConductionNL/feature/REGISTERS-144/object-view-properties-polished,14283/119/02,medium,true
64b88544872cf5ca80b29ce9ca125e4a74939e79,Alex Rekachynskyi,2025-05-07,openregister,unnecessary theme check removed,14283/119/01,low,false
e8fe2fe46cdadaaf0b6974e2cc7a72f54e61fe45,Alex Rekachynskyi,2025-05-07,openregister,unnecessary theme check removed,14283/119/01,low,false
791797f777008fde54cefbba84a1ff62dca49990,Alex Rekachynskyi,2025-05-07,openregister,unnecessary theme check removed,14283/119/01,low,false
3ed3c3dc008ab322917cef98667f4654fe2d114a,Alex Rekachynskyi,2025-05-07,openregister,unnecessary theme check removed,14283/119/01,low,false
8c73428f5b291de8d8c780ab51ac96cc10cb747a,Alex Rekachynskyi,2025-05-07,openregister,codemirror is now colorful,14283/119/01,low,false
60e509f63078854edf4ab190bcf64ecf319e9cae,Alex Rekachynskyi,2025-05-07,openregister,codemirror is now colorful,14283/119/01,low,false
ee8ad528048e2895ce1c6159833f48c0e99e67b3,Alex Rekachynskyi,2025-05-07,openregister,dark theme compatible,14283/119/01,low,false
0c1305e861f618c4e6b3450bd8cdad72a8666aa9,Alex Rekachynskyi,2025-05-07,openregister,dark theme compatible,14283/119/01,low,false
74147a8a6971d3cbb262098f35f5e0a55e9fda08,Alex Rekachynskyi,2025-05-07,openregister,Data view is now visible,14283/119/02,medium,false
962d61cf504613d39c897a3a67ff4c24ff4fe4e8,Alex Rekachynskyi,2025-05-07,openregister,Data view is now visible,14283/119/02,medium,false
6656840eb75434c11dfd85d241c0dd2129c639e1,Alex Rekachynskyi,2025-05-07,openregister,lint fix,14283/119/01,low,false
6d3f9e65ee26806ecf882609486689f09a1a8a01,Alex Rekachynskyi,2025-05-07,openregister,lint fix,14283/119/01,low,false
666f7b4f3816ede09245a5778a88b26347cba2c9,Alex Rekachynskyi,2025-05-07,openregister,Object view properties polished,14283/119/02,medium,false
0857835eb1bae1990e70709cbb06126d80f22251,Alex Rekachynskyi,2025-05-07,openregister,Object view properties polished,14283/119/02,medium,false
59c92bcdde85c5f33c1aff2eeeae1e84de5673e3,Ruben van der Linde,2025-05-07,openregister,Fix property view,14283/119/02,medium,false
24820da09c34fa91301aefe3ff445aac91da35c8,Ruben van der Linde,2025-05-06,openregister,Merge pull request #362 from ConductionNL/feature/REGISTERS-136/dashboard,14283/119/02,medium,true
4e4eb871f6e9e484742d6abbce4c0d4f49adbea6,Ruben van der Linde,2025-05-06,openregister,Merge pull request #362 from ConductionNL/feature/REGISTERS-136/dashboard,14283/119/02,medium,true
4c9a9579a9edfcd6cd9973f1bc853fba9b481d7b,Ruben van der Linde,2025-05-06,openregister,Merge branch 'development' into feature/REGISTERS-136/dashboard,14283/119/02,medium,true
abb144580dd671fd463d29f53bd4bbbc98ab980d,Ruben van der Linde,2025-05-06,openregister,Merge branch 'development' into feature/REGISTERS-136/dashboard,14283/119/02,medium,true
a5f7a45c37c8392d4455b67ebcfd78c7cd389439,Ruben van der Linde,2025-05-06,openregister,Merge remote-tracking branch 'origin/feature/REGISTERS-136/dashboard' into feature/REGISTERS-141/better-oas,14283/119/02,medium,true
71d4b61aabd9d4fbf11625b0fdd1db08cf751308,Thijn,2025-05-06,openregister,simplified grid column CSS,14283/119/01,low,false
fa8031b0e6530b62ae12edd88ec825c0d372b39f,Thijn,2025-05-06,openregister,simplified grid column CSS,14283/119/01,low,false
c59e743ab984bb2c118af852e9925d36215ecfd4,Thijn,2025-05-06,openregister,fixed duplicate tag issue,14283/119/01,low,false
d74704e5419ca1c99ff5e3896127b49c7cbc19b0,Thijn,2025-05-06,openregister,fixed duplicate tag issue,14283/119/01,low,false
bcd8cbbcbcf0be17696613249df9142c9698c972,Thijn,2025-05-06,openregister,small code cleanup,14283/119/01,low,false
38f3f10836c4aa8947762b2ac5d9e60dd1606668,Thijn,2025-05-06,openregister,small code cleanup,14283/119/01,low,false
749e5b6a6eceb229b0e0f1169406492845c99062,Thijn,2025-05-06,openregister,lint-fix,14283/119/01,low,false
e7474919d8fbee19f437b1770d55d76ca5c74cb9,Thijn,2025-05-06,openregister,lint-fix,14283/119/01,low,false
25ff2c3e989ee61d16ded582b90a410afb4e4184,Thijn,2025-05-06,openregister,fixed console error by starting faulty request,14283/120/02,high,false
a3a887f0c358e7c8a14d6caf2eaabba16df14cda,Thijn,2025-05-06,openregister,fixed console error by starting faulty request,14283/120/02,high,false
4fa6aca8b744711eb88cea7caabd4117d69d33c1,Thijn,2025-05-06,openregister,fixed console errors + file uploading,14283/120/02,medium,false
de60046db3bd5581dbff5df887b88dfb2027b24c,Thijn,2025-05-06,openregister,fixed console errors + file uploading,14283/120/02,medium,false
8d81e350762ed1175e0c2e8c7c463a9691ef261c,Ruben van der Linde,2025-05-06,openregister,Fixes on OAS generation,14283/119/02,low,false
40350c67763ce55de010d017c788819b17bc0af6,Thijn,2025-05-06,openregister,removed old code comment,14283/119/01,low,false
13e00b6c02f018259b9c4be66ed779b166100ede,Thijn,2025-05-06,openregister,removed old code comment,14283/119/01,low,false
fecd34c4e8954ec6da9ad4d9a8cac195d331e7e2,Thijn,2025-05-06,openregister,removed unnecessary awaits + fixed console error,14283/120/02,medium,false
0fe535ae9bac05b289008728f9814c5e8272675b,Thijn,2025-05-06,openregister,removed unnecessary awaits + fixed console error,14283/120/02,medium,false
d451ec84b43406f1fd5626fc27505e6d09771f8f,Thijn,2025-05-06,openregister,removed redundant if-check,14283/119/01,low,false
35ee281a1e84620066274ecdd933146561c2474a,Thijn,2025-05-06,openregister,removed redundant if-check,14283/119/01,low,false
292cfc53606c2ad8238989baaae3ced22fb31555,Thijn,2025-05-06,openregister,removed useless JSdoc,14283/119/01,low,false
05b43e3de959f9945655ed5e422bf3edab19a8b2,Thijn,2025-05-06,openregister,removed useless JSdoc,14283/119/01,low,false
a0e4c8bc651666dc81a77a71720a5f632a3debaa,Robert Zondervan,2025-05-06,openregister,Merge pull request #363 from ConductionNL/hotfix/unset-self,14283/119/01,low,true
f5aae5553e01bb160fa40e97c237d7e8507eba94,Robert Zondervan,2025-05-06,openregister,Merge pull request #363 from ConductionNL/hotfix/unset-self,14283/119/01,low,true
8b35907248132bc7e225e92ad59fd4d739f5c361,Robert Zondervan,2025-05-06,openregister,Unset @self before saving,14283/119/01,low,false
7ded0f61302d0e7665f3f6c3e0cb167b4b968c9e,Robert Zondervan,2025-05-06,openregister,Unset @self before saving,14283/119/01,low,false
334cd027c2596f09d2bf477aef67a84ec7bb05bf,Ruben van der Linde,2025-05-06,openregister,small graphical changes,14283/119/01,low,false
6f79812f72237e86af9d87899744141ccc30aa17,Ruben van der Linde,2025-05-06,openregister,small graphical changes,14283/119/01,low,false
e4826aabf765e9af7693481b4ec83d4822480493,Ruben van der Linde,2025-05-06,openregister,Php styling fixes,14283/119/01,low,false
5541c323b72be6c59eda35d058ecc9c503b30c7d,Ruben van der Linde,2025-05-06,openregister,Php styling fixes,14283/119/01,low,false
1cc17102cbbc1a35ea3ecb40ae4ac4f7a3232e8e,Ruben van der Linde,2025-05-06,openregister,No more npm linting errors,14283/120/02,medium,false
7f2399990ddaef9c748f1befff4062bb67f68f81,Ruben van der Linde,2025-05-06,openregister,No more npm linting errors,14283/120/02,medium,false
719940ff8a3f2fc5904308d34235394a1fb051b0,Ruben van der Linde,2025-05-06,openregister,Getting the details in the view up and running,14283/119/02,medium,false
5ed55d3a8eddc365d6ca7c8c70cc64a680724922,Ruben van der Linde,2025-05-06,openregister,Getting the details in the view up and running,14283/119/02,medium,false
335dbc7e35cfd7b15e1d9e183e5f7beab52bf4bf,Ruben van der Linde,2025-05-05,openregister,Cleanup,14283/119/01,low,false
c7b7fdb26b3c6d295815a4bbbbc4e1294e001555,Ruben van der Linde,2025-05-05,openregister,Cleanup,14283/119/01,low,false
4de6a7355c9be82a8d15860317a267dea3eafa5a,Ruben van der Linde,2025-05-05,openregister,Ammend,14283/119/01,low,false
c82ab46131fc999d42e335ead1c31be4bf618e43,Ruben van der Linde,2025-05-05,openregister,Ammend,14283/119/01,low,false
c6ca3cd1855b747fd5ff370facfc90a6c3fa66f9,Ruben van der Linde,2025-05-05,openregister,Fixed uploading files (the get send and stored but not retrieved),14283/119/01,low,false
28ba74b1b3d939c2179da2575a52c611f8e34340,Ruben van der Linde,2025-05-05,openregister,Fixed uploading files (the get send and stored but not retrieved),14283/119/01,low,false
4653ae0d2ade6caddcc77942720fed967476693f,Ruben van der Linde,2025-05-05,openregister,fixing the tags controller,14283/119/01,low,false
1fb21332577f627859c84903a30e3604d7bb13b9,Ruben van der Linde,2025-05-05,openregister,fixing the tags controller,14283/119/01,low,false
6083bf3cff560cb1433b9a6df5be514d1b61fd37,Ruben van der Linde,2025-05-05,openregister,Fix tags and unset self on save,14283/119/01,low,false
ab468b370bb59311a1ae01671bcd649bc8dfd74c,Ruben van der Linde,2025-05-05,openregister,Fix tags and unset self on save,14283/119/01,low,false
832ce0b2d6ea5525cadb0f6b807e432caf7c3048,Ruben van der Linde,2025-05-05,openregister,Start work on file handling,14283/119/01,low,false
e3a80957619d459483ffd6c0219c743f9c1a7f41,Ruben van der Linde,2025-05-05,openregister,Start work on file handling,14283/119/01,low,false
5eb6268991d67da38042dc52964ef61ab5e9c161,Ruben van der Linde,2025-05-05,openregister,Sidebar console error fixes,14283/120/02,medium,false
db840d44ac67be314df3c7604ef213a8c25f5e11,Ruben van der Linde,2025-05-05,openregister,Sidebar console error fixes,14283/120/02,medium,false
ebffe32477ef690634d1787a9f723cf6cc866cf6,Ruben van der Linde,2025-05-05,openregister,Schema details page,14283/119/02,medium,false
3e4296d9150746f924c000f662163d8d60b1df6a,Ruben van der Linde,2025-05-05,openregister,Schema details page,14283/119/02,medium,false
f78dabdd6215d99aa9a2fe459bc5f95ba00a48a6,Ruben van der Linde,2025-05-05,openregister,Merge remote-tracking branch 'origin/development' into feature/REGISTERS-136/dashboard,14283/119/02,medium,true
59415d1899e105b7ef993c212414e3c65e5f134c,Ruben van der Linde,2025-05-05,openregister,Merge remote-tracking branch 'origin/development' into feature/REGISTERS-136/dashboard,14283/119/02,medium,true
2131cf321e75183a394159f1f789d809cf703ad7,Ruben van der Linde,2025-05-05,openregister,First setup of the schema details page,14283/119/02,medium,false
91f0bfa349548f09d520a99b9eeb557fb094c470,Ruben van der Linde,2025-05-05,openregister,First setup of the schema details page,14283/119/02,medium,false
316e719d41df8307dbdf980e431bf09874c1474c,Ruben van der Linde,2025-05-05,openregister,Let log read actions,14283/120/02,low,false
0ea38c006cf3d2f00ba5c69f013376515c439137,Ruben van der Linde,2025-05-05,openregister,Let log read actions,14283/120/02,low,false
435d3a3b66e360d76f28c630a0677048b19ec093,Ruben van der Linde,2025-05-04,openregister,Lets ad scheme and property stats,14283/119/01,low,false
62351705c6156c966f45edf1cea1d7a32c6ac989,Ruben van der Linde,2025-05-04,openregister,Lets ad scheme and property stats,14283/119/01,low,false
2d6713878c7060eaa3698955b82b0c0e843ef8d6,Ruben van der Linde,2025-05-04,openregister,Working in the show properties button,14283/119/01,low,false
d47838d47c511e4214cdc101ce6bea73440b0e91,Ruben van der Linde,2025-05-04,openregister,Working in the show properties button,14283/119/01,low,false
d88795a4d4eb8eff790ea2a62e9333b43e2693aa,Ruben van der Linde,2025-05-03,openregister,Prevent deleting if schema's have objects,14283/119/02,medium,false
e95494179dce217f1b0e8469e474e0b7eac34407,Ruben van der Linde,2025-05-03,openregister,Prevent deleting if schema's have objects,14283/119/02,medium,false
34c75c2aa2d9058ed6bbf69498b9a0365d86bd04,Ruben van der Linde,2025-05-03,openregister,Search sidebar graphics,14283/119/02,high,false
c1574f22441879614b75aa6f977cb4e247dea758,Ruben van der Linde,2025-05-03,openregister,Search sidebar graphics,14283/119/02,high,false
7f1fa22ad5c03950e7aca0764c340e1c339ffd1e,Ruben van der Linde,2025-05-03,openregister,Description fix,14283/119/01,low,false
241ca1d52e2c716ae10655a03a8953525815eb47,Ruben van der Linde,2025-05-03,openregister,Description fix,14283/119/01,low,false
890cc2ed83ba3e44e7e429c2299b7402ecc3bc13,Ruben van der Linde,2025-05-03,openregister,Getting more detaild dashboards,14283/119/02,medium,false
6ac78e38df09a398175907557dc91ec48e2918f0,Ruben van der Linde,2025-05-03,openregister,Getting more detaild dashboards,14283/119/02,medium,false
21da84b57e7c269b5c148cd7cd3b84ce3ba62628,Ruben van der Linde,2025-05-03,openregister,Pass the register and schema to the dashboard endpoint,14283/119/02,medium,false
99959b16eda577d1322664938f5dc05c4ae08c14,Ruben van der Linde,2025-05-03,openregister,Pass the register and schema to the dashboard endpoint,14283/119/02,medium,false
4584e3bf8886970002e6793260efe5c90b650974,Ruben van der Linde,2025-05-03,openregister,Small fixes for the dashboard stats,14283/119/02,medium,false
55925f8a144e41a2cc0a2d94f844e981aaa49422,Ruben van der Linde,2025-05-03,openregister,Small fixes for the dashboard stats,14283/119/02,medium,false
45294d6fa56b449092e42b484ddf188b18827716,Ruben van der Linde,2025-05-03,openregister,Make the dashboard store watch the register and schema store,14283/119/02,medium,false
353ae3406d5b8606ab7c19a5d4ed3c4ad024aaed,Ruben van der Linde,2025-05-03,openregister,Make the dashboard store watch the register and schema store,14283/119/02,medium,false
005abe19615bc06b401c110da74318c1bb643b69,Ruben van der Linde,2025-05-03,openregister,Graphicly ok dashboard sidebar,14283/119/02,medium,false
ebdafca40a2bfca638056965e58198c65e6849f2,Ruben van der Linde,2025-05-03,openregister,Graphicly ok dashboard sidebar,14283/119/02,medium,false
ac587d9b0c12957a4d982fa6504da81353e9118a,Ruben van der Linde,2025-05-03,openregister,Working on the sidebar,14283/119/01,low,false
45edd789ed2b05aa464cdd6e55916a566d55c24e,Ruben van der Linde,2025-05-03,openregister,Working on the sidebar,14283/119/01,low,false
aae63002e33f370f76eda15511ba41bcd89a7e4d,Ruben van der Linde,2025-05-03,openregister,Clearing up the dashboard,14283/119/02,medium,false
fac9c4c5319bd4a895a6412fa4093be38e388fec,Ruben van der Linde,2025-05-03,openregister,Clearing up the dashboard,14283/119/02,medium,false
e003ad203029897985d1fe2b9016a23570c3e3f1,Wilco Louwerse,2025-05-02,openregister,Merge pull request #360 from ConductionNL/fix/prevent-log-creation,14283/120/02,medium,true
f2116b8fa8f68abc9bdf884249cff9199e6f7233,Wilco Louwerse,2025-05-02,openregister,Merge pull request #360 from ConductionNL/fix/prevent-log-creation,14283/120/02,medium,true
7e9bd02f9656006171f778ff7e8b81c661ce5694,Wilco Louwerse,2025-05-02,openregister,Some small fixes to prevent unnecessary NextCloud log creation,14283/120/02,medium,false
b4ff1376ae30acbc4605837f60c7e69075d3c385,Wilco Louwerse,2025-05-02,openregister,Some small fixes to prevent unnecessary NextCloud log creation,14283/120/02,medium,false
d69d1d750424ee4340ea966e9e91e33d2364c1ce,Robert Zondervan,2025-05-02,openregister,Merge pull request #359 from ConductionNL/fix/fallback-variable,14283/119/01,low,true
352a56dbd64075b362d2017d37e60d97674433dc,Robert Zondervan,2025-05-02,openregister,Merge pull request #359 from ConductionNL/fix/fallback-variable,14283/119/01,low,true
56c9da6ba342aa1cbc1801de666fd20cd40f9f87,Robert Zondervan,2025-05-02,openregister,Prevent unsetting during loop,14283/120/02,medium,false
73da2d7c9c55f4e9423c4366cf0a49bb8621fe02,Robert Zondervan,2025-05-02,openregister,Prevent unsetting during loop,14283/120/02,medium,false
3eb98278dedcdef5c5619693445810d159158eae,Robert Zondervan,2025-05-02,openregister,Merge pull request #358 from ConductionNL/fix/fallback-variable,14283/119/01,low,true
1105718084206418853830f8f138e48dbed20d1c,Robert Zondervan,2025-05-02,openregister,Merge pull request #358 from ConductionNL/fix/fallback-variable,14283/119/01,low,true
a22d753b706e63491fdbeb06157fd78a0f16f1f1,Robert Zondervan,2025-05-02,openregister,Fix PR comment,14283/119/01,low,false
dd8c8921d36cf75e92eb2b8f5377cbc40d3aad35,Robert Zondervan,2025-05-02,openregister,Fix PR comment,14283/119/01,low,false
8a08a4b1253f874da901f41668a62ac3b2cf9d57,Robert Zondervan,2025-05-02,openregister,Add fallback variable in case no fields can be extended,14283/119/01,low,false
81ccbeb92e525eb1e666787fa629e2caa66be85c,Robert Zondervan,2025-05-02,openregister,Add fallback variable in case no fields can be extended,14283/119/01,low,false
73a4b315c6e70cd8f10f50e84e69f9132770522d,Ruben van der Linde,2025-05-02,openregister,Merge branch 'feature/REGISTERS-136/dashboard' of https://github.com/ConductionNL/OpenRegisters into feature/REGISTERS-136/dashboard,14283/119/02,medium,true
c59b8543e07b64bbe86f6d75cfffc2124be08222,Ruben van der Linde,2025-05-02,openregister,Merge branch 'feature/REGISTERS-136/dashboard' of https://github.com/ConductionNL/OpenRegisters into feature/REGISTERS-136/dashboard,14283/119/02,medium,true
4844e8a7c2aff1621a0f4fcf8e87406b4b6c73ec,Ruben van der Linde,2025-05-02,openregister,Register details page,14283/119/02,medium,false
957c54a1d57eb8d1e0bc445efeb313dcaa5dc7ad,Ruben van der Linde,2025-05-02,openregister,Register details page,14283/119/02,medium,false
200e2079dc539531ba579bf2ed676817784e7d29,Ruben van der Linde,2025-05-01,openregister,Lets do a bit more linting,14283/119/01,low,false
58e033b93b8fcaae49ef66121859b97f5b2ac0d9,Ruben van der Linde,2025-05-01,openregister,Lets do a bit more linting,14283/119/01,low,false
3f77dbdce1873fcf87a00d83fb25859ecf8068c9,Ruben van der Linde,2025-05-01,openregister,Merge pull request #353 from ConductionNL/feature/REGISTERS-136/dashboard,14283/119/02,medium,true
9582f0241edc565c4b56110bc5ecce224a4556fd,Ruben van der Linde,2025-05-01,openregister,Merge pull request #353 from ConductionNL/feature/REGISTERS-136/dashboard,14283/119/02,medium,true
e99b0b4c4dc247971ca3204110bbc52fc0a158a5,Remko,2025-05-01,openregister,Lint fix,14283/119/01,low,false
a409c16c25b02b446fdb3ea9dcce8b1697bbccda,Remko,2025-05-01,openregister,Lint fix,14283/119/01,low,false
fef03e1627a05d0a0578f108e88ed0b8f6864275,Ruben van der Linde,2025-05-01,openregister,Merge branch 'development' into feature/REGISTERS-136/dashboard,14283/119/02,medium,true
9bae8c25bac03afa82058f899b0bf304457afc71,Ruben van der Linde,2025-05-01,openregister,Merge branch 'development' into feature/REGISTERS-136/dashboard,14283/119/02,medium,true
a3c3ccbb1541948b671c4d65a6e377daa74273e6,Robert Zondervan,2025-05-01,openregister,Merge pull request #357 from ConductionNL/fix/mapper-vs-service,14283/119/01,high,true
faae6d71ab2b461584997878c81feddf88fe41e6,Robert Zondervan,2025-05-01,openregister,Merge pull request #357 from ConductionNL/fix/mapper-vs-service,14283/119/01,high,true
25ea8c8aa738525909b49cd091dc0d032ff55383,Robert Zondervan,2025-05-01,openregister,Fix extend on single object,14283/119/01,low,false
f34703d00549cf9476c3182b264aa664645979bd,Robert Zondervan,2025-05-01,openregister,Fix extend on single object,14283/119/01,low,false
441d2c64d9483cdf3108a6fb7b535a2a4d78ea36,Ruben van der Linde,2025-05-01,openregister,Merge branch 'development' into feature/REGISTERS-136/dashboard,14283/119/02,medium,true
4d3cba9815904a02a1101fbd63c9e7d924f27311,Ruben van der Linde,2025-05-01,openregister,Merge branch 'development' into feature/REGISTERS-136/dashboard,14283/119/02,medium,true
c5d0a93d3698128bff2dd5a27ab68a61e52b0799,Ruben van der Linde,2025-05-01,openregister,Feedback changes,14283/119/01,low,false
8c3553f4159605bbe32337ef3a72c9d3bbb8ebc7,Ruben van der Linde,2025-05-01,openregister,Feedback changes,14283/119/01,low,false
8b0eac10152dd985e0650fa10ce647f15d42949d,Ruben van der Linde,2025-05-01,openregister,Fix migration oversight,14283/119/01,high,false
92e470319490342677f28c312210420d0e27f426,Ruben van der Linde,2025-05-01,openregister,Fix migration oversight,14283/119/01,high,false
688e87b8c43aac16177a07fd0ab60e424a58828a,Ruben van der Linde,2025-05-01,openregister,Merge branch 'feature/REGISTERS-136/dashboard' of https://github.com/ConductionNL/OpenRegisters into feature/REGISTERS-136/dashboard,14283/119/02,medium,true
c0a5677ea763972374dfab7e727e02413e2f4d80,Ruben van der Linde,2025-05-01,openregister,Merge branch 'feature/REGISTERS-136/dashboard' of https://github.com/ConductionNL/OpenRegisters into feature/REGISTERS-136/dashboard,14283/119/02,medium,true
45db874c9ab6fd26e0f7d18b865a0c0400f2fed2,Ruben van der Linde,2025-05-01,openregister,Feedback fixes,14283/119/01,low,false
51a4edaf27469e044b0f30de761fdc77afc7d881,Ruben van der Linde,2025-05-01,openregister,Feedback fixes,14283/119/01,low,false
02c9976c62e76dbb6f2153e3151ff3f1078cc279,Robert Zondervan,2025-05-01,openregister,Merge pull request #356 from ConductionNL/fix/mapper-vs-service,14283/119/01,high,true
437bfb290dec87717939286bc0bea47fffee0fd1,Robert Zondervan,2025-05-01,openregister,Merge pull request #356 from ConductionNL/fix/mapper-vs-service,14283/119/01,high,true
c645e007a9716603ace51d302799e3a2ae1d7232,Robert Zondervan,2025-05-01,openregister,Use mapper instead of service,14283/119/01,high,false
e4a1b20da8c80b8a475b3f02cecfaaf9461ae0c9,Robert Zondervan,2025-05-01,openregister,Use mapper instead of service,14283/119/01,high,false
e0f9a9852bbeb9fd1a254a9189d816173fc49871,Thijn,2025-05-01,openregister,finished,14283/119/01,low,false
59110d7cb5dab8cebed11e45feb6a0b78f6687bc,Thijn,2025-05-01,openregister,finished,14283/119/01,low,false
9abed31413eaa6f348f0d3e46802c01efc6f516f,Thijn,2025-05-01,openregister,lint-fix,14283/119/01,low,false
530ddbbfb3b71453d789bb039adb84eb4ee19908,Thijn,2025-05-01,openregister,lint-fix,14283/119/01,low,false
59258f8cfee23fcd7daff3dd88396c0aa5e031d1,Thijn,2025-05-01,openregister,fix view objects modal,14283/119/02,medium,false
88c0283751b28eefbd88daefc50b5206515fdb8d,Thijn,2025-05-01,openregister,fix view objects modal,14283/119/02,medium,false
870f616706e5ad41b079882fbc16f0222faaf637,Alex,2025-05-01,openregister,Merge pull request #354 from ConductionNL/feature/REGISTERS-138/formatbytes-minimized,14283/119/02,medium,true
757a548a0049da79bfa0c67b825f6f04c432e2c0,Alex,2025-05-01,openregister,Merge pull request #354 from ConductionNL/feature/REGISTERS-138/formatbytes-minimized,14283/119/02,medium,true
393eb9a3461b43a8574285374ad9628925a45e8a,Alex Rekachynskyi,2025-05-01,openregister,FormatBytes function moved to a service folder,14283/119/01,low,false
9e4de8eb7c6ae754eb2235d757d5be3dde134ace,Alex Rekachynskyi,2025-05-01,openregister,FormatBytes function moved to a service folder,14283/119/01,low,false
143632dc0e313e564390ceb8f6eda3cdc738fe63,Alex,2025-05-01,openregister,Merge pull request #350 from ConductionNL/feature/WOO-305/tables-polished-small-fix,14283/119/01,low,true
6ec890755089658cc9bc970e9cae3a8ecf7b738c,Alex,2025-05-01,openregister,Merge pull request #350 from ConductionNL/feature/WOO-305/tables-polished-small-fix,14283/119/01,low,true
90c45a43326b23a96ec6c0bc46b09c936c5a84b3,Alex Rekachynskyi,2025-05-01,openregister,lint fix,14283/119/01,low,false
8282e2042ede5cbbd483d0b7f97e9e57a9764e3f,Alex Rekachynskyi,2025-05-01,openregister,lint fix,14283/119/01,low,false
311c58f095f95ea35918bbd5ed233dd4847cb492,Alex,2025-05-01,openregister,Update src/views/search/SearchList.vue,14283/119/02,high,false
74534bca9263ba7f342b76b81d137a7b9c3bb2e5,Alex,2025-05-01,openregister,Update src/views/search/SearchList.vue,14283/119/02,high,false
8f09d2c37ea6d8f137634919ab1c5eb7617c5814,Alex,2025-05-01,openregister,Merge pull request #349 from ConductionNL/feature/WOO-303/objects-unavaillability-warned,14283/119/01,low,true
b5dc2e34c3d11fdaf44166c8f578426cda530a63,Alex,2025-05-01,openregister,Merge pull request #349 from ConductionNL/feature/WOO-303/objects-unavaillability-warned,14283/119/01,low,true
ec6435b420009887f65de7d994eb7c561989dedf,Alex,2025-05-01,openregister,Merge pull request #351 from ConductionNL/feature/WOO-304/schema-uploading,14283/119/02,medium,true
75ea00d4b88533bcb335cc46a0fa2df48b71ed67,Alex,2025-05-01,openregister,Merge pull request #351 from ConductionNL/feature/WOO-304/schema-uploading,14283/119/02,medium,true
ba19a52a18bb628f19887f1d901f1b5cfe95c667,Alex Rekachynskyi,2025-05-01,openregister,stupid lint,14283/119/01,low,false
f7372ed76b2ae32019202fe905a31f5fd2c88f2b,Alex Rekachynskyi,2025-05-01,openregister,stupid lint,14283/119/01,low,false
9e39e0200b2bddda12b857b46b9712fce5b55122,Alex Rekachynskyi,2025-05-01,openregister,lint fix,14283/119/01,low,false
c458e6e5919f176ad79ddb244618dfe68c2df438,Alex Rekachynskyi,2025-05-01,openregister,lint fix,14283/119/01,low,false
b627aaf7ea47967154dbce6b2f9b2b4a49d7beb4,Alex Rekachynskyi,2025-05-01,openregister,warning card and automatic check,14283/119/01,low,false
ddb397db11741dc5e6ac1a1e1c729267738863fb,Alex Rekachynskyi,2025-05-01,openregister,warning card and automatic check,14283/119/01,low,false
ff9bcbff8c042ab5c0bd351743bc48af502ca509,Alex,2025-05-01,openregister,Merge pull request #348 from ConductionNL/feature/WOO-302/preventing-abandoned-objects,14283/120/02,medium,true
557d2494f14a4e31df686b0dee0c808502890707,Alex,2025-05-01,openregister,Merge pull request #348 from ConductionNL/feature/WOO-302/preventing-abandoned-objects,14283/120/02,medium,true
f501e59fcbb2cd70dd73e0f20b37a3df20114526,Alex Rekachynskyi,2025-05-01,openregister,Stupid computed variable fix,14283/119/01,low,false
0de127cc96424332de28c0c1d57c74a656d9bd29,Alex Rekachynskyi,2025-05-01,openregister,Stupid computed variable fix,14283/119/01,low,false
4b060093a04b756d93a148439a2f60bb370b6161,Ruben van der Linde,2025-05-01,openregister,First code fixing on the side bar,14283/119/01,low,false
ede4244149ed08ca8451047fcd658cb55b9be772,Ruben van der Linde,2025-05-01,openregister,First code fixing on the side bar,14283/119/01,low,false
486fecf489a8268266f3edad1ac9a58fb73471d0,Ruben van der Linde,2025-05-01,openregister,including lint fixes and coding style,14283/119/01,low,false
3da190138e1c2c72c61897350584ee9e97eaf4b8,Ruben van der Linde,2025-05-01,openregister,including lint fixes and coding style,14283/119/01,low,false
9828c4b9ffb4b95f0cd8b75856f66666e7878619,Ruben van der Linde,2025-05-01,openregister,Dashboarding first draft,14283/119/02,medium,false
80cc5fdb8b68b35ced611dd66be3e61a2e06fc61,Ruben van der Linde,2025-05-01,openregister,Dashboarding first draft,14283/119/02,medium,false
b3947171c6d9396d9098907d11779355adcdb39f,Ruben van der Linde,2025-05-01,openregister,Let replace the RegisterIndex,14283/119/02,high,false
308bdce9bf14e7feaf331a2d07a87f1adb70d39e,Ruben van der Linde,2025-05-01,openregister,Let replace the RegisterIndex,14283/119/02,high,false
f2d6b3df32beef7ffb2024240196141dde8ba3fd,Ruben van der Linde,2025-05-01,openregister,Let reactive the menu sidebar,14283/119/01,low,false
dac06e5521616a3c4e3d9dd158a273fefe2fccaf,Ruben van der Linde,2025-05-01,openregister,Let reactive the menu sidebar,14283/119/01,low,false
99f3e8d5ad204afff0f2de3e1dc5e85bd60df1a8,Ruben van der Linde,2025-05-01,openregister,Coorectly calculate orphaned logs,14283/119/01,low,false
1551ea7f921972bdd2b14881f2fb61a7d61fb26e,Ruben van der Linde,2025-05-01,openregister,Coorectly calculate orphaned logs,14283/119/01,low,false
a90133bcbb308e8a626ee6a0fdc864b1b2d4e25c,Ruben van der Linde,2025-05-01,openregister,Making the mappers a bit more abstract,14283/119/01,high,false
c947f9b86ca57cd7422333e7e1b39bc9a49176ba,Ruben van der Linde,2025-05-01,openregister,Making the mappers a bit more abstract,14283/119/01,high,false
6143464858f5e888c80a4db2ee5de1e29d1acd5f,Ruben van der Linde,2025-04-30,openregister,Let edit registers,14283/119/02,medium,false
11dba0002e8324c31e9e9f25f2b02cd2b6e03645,Ruben van der Linde,2025-04-30,openregister,Let edit registers,14283/119/02,medium,false
518ee970ec92c5417d316ae7a0682b3dc1efb617,Ruben van der Linde,2025-04-30,openregister,Fix recalculating the size of audit trails,14283/120/01,medium,false
d4cf25e1054be80dbe11a24e22fb9e1eae7570b8,Ruben van der Linde,2025-04-30,openregister,Fix recalculating the size of audit trails,14283/120/01,medium,false
848ae3737d650750c6761d644d45897de405f7e7,Ruben van der Linde,2025-04-30,openregister,Lets do a bit of linting clean up,14283/119/01,low,false
ea745df0e30e988fd9b6642d4a4f5a36b5af8228,Ruben van der Linde,2025-04-30,openregister,Lets do a bit of linting clean up,14283/119/01,low,false
8180bda835e254a1650d0f7c41546619fa5426fa,Ruben van der Linde,2025-04-30,openregister,Merge pull request #352 from ConductionNL/feature/REGISTERS-136/dashboard,14283/119/02,medium,true
4f2ad0837ddc0cec42d66c9e9cc88a66ef08e065,Ruben van der Linde,2025-04-30,openregister,Merge pull request #352 from ConductionNL/feature/REGISTERS-136/dashboard,14283/119/02,medium,true
c3964a74afe095e67383f208317ef751d968d29b,Ruben van der Linde,2025-04-30,openregister,Merge branch 'documentation' into feature/REGISTERS-136/dashboard,14283/119/02,medium,true
48237924503f0018a1dab4b7f79cd648266eab9e,Ruben van der Linde,2025-04-30,openregister,Merge branch 'documentation' into feature/REGISTERS-136/dashboard,14283/119/02,medium,true
c61e8d5286fd0581ce2b049927552aa088b85454,Ruben van der Linde,2025-04-30,openregister,Fix the togles,14283/119/01,low,false
3938d2da493c14fe44eb14f5ddc4b1bd9cbc5b6d,Ruben van der Linde,2025-04-30,openregister,Fix the togles,14283/119/01,low,false
6d7548954963163285719235133c1467fb16562f,Ruben van der Linde,2025-04-30,openregister,Fixed al the linting errors,14283/120/02,medium,false
b9220d7002d57656fac9866b537e5eb56801b44b,Ruben van der Linde,2025-04-30,openregister,Fixed al the linting errors,14283/120/02,medium,false
86bab4753d985d9b772d5605638c5c8a5a096741,Ruben van der Linde,2025-04-30,openregister,Last of the code changes,14283/119/01,low,false
d6cdbc236950a2b9b3d11cc9680586c92a1d614a,Ruben van der Linde,2025-04-30,openregister,Last of the code changes,14283/119/01,low,false
0ad2ae327c9b6c08b548784a171f63e181a08753,rubenvdlinde,2025-04-30,openregister,deploy: bea0eb4fb5269c5f36c84c761716d2249bf50b78,14283/119/01,low,true
526f38b9ef233584072971f5aafa9bb454e3ba17,Ruben van der Linde,2025-04-30,openregister,Merge branch 'documentation' of https://github.com/ConductionNL/OpenRegisters into documentation,14283/119/02,medium,true
bea0eb4fb5269c5f36c84c761716d2249bf50b78,Ruben van der Linde,2025-04-30,openregister,Merge branch 'documentation' of https://github.com/ConductionNL/OpenRegisters into documentation,14283/119/02,medium,true
c09fa1dec72b6cf71b343fdb8f18240e31152eaa,Ruben van der Linde,2025-04-30,openregister,Change requests part 1,14283/119/01,low,false
9f8581a5f58028b3c239735e77e8472dd47712da,Ruben van der Linde,2025-04-30,openregister,Change requests part 1,14283/119/01,low,false
db941671f18a3594c9c2737f8b113452f7cb3432,Thijn,2025-04-30,openregister,WIP - started working out how to convert it back to the original style,14283/119/01,medium,false
9af82683e6c9aade32728c1725517f6a405aaad6,Thijn,2025-04-30,openregister,WIP - started working out how to convert it back to the original style,14283/119/01,medium,false
7c94a92feec23d688d414202330de05c698a6b44,Alex Rekachynskyi,2025-04-30,openregister,lint fix,14283/119/01,low,false
821543dfa326869f0f4f3e8aa1fb926a9ffe70e1,Alex Rekachynskyi,2025-04-30,openregister,lint fix,14283/119/01,low,false
245c4a5297fbba5ce0d943796159f809f1a1ecc3,Alex Rekachynskyi,2025-04-30,openregister,logic improved,14283/119/01,low,false
9f367a3fe896545a0c3f247e39e6c1ba6ddc00c4,Alex Rekachynskyi,2025-04-30,openregister,logic improved,14283/119/01,low,false
6333ebbcb99c8ad664e9b1c6c30307b7c7b0f8af,rubenvdlinde,2025-04-30,openregister,deploy: 86748f59d7c103ee0656a025011f09a62960f815,14283/119/01,low,true
a08be2eb689c15a443f461aa350e6fefb675729a,github-actions[bot],2025-04-30,openregister,Render PlantUML files,14283/119/01,low,true
427cfecbc60ab4bfa2de0efbb7fffed03deb7236,github-actions[bot],2025-04-30,openregister,Render PlantUML files,14283/119/01,low,true
8208766fcbd0c4e502d4703b0aa6f6c30dc3add1,Ruben van der Linde,2025-04-30,openregister,Merge branch 'feature/REGISTERS-136/dashboard' into documentation,14283/119/02,medium,true
86748f59d7c103ee0656a025011f09a62960f815,Ruben van der Linde,2025-04-30,openregister,Merge branch 'feature/REGISTERS-136/dashboard' into documentation,14283/119/02,medium,true
7b2f6bfd620c90570f35ad383fddc556d4a77a0c,Remko,2025-04-30,openregister,Lint fix,14283/119/01,low,false
41170083f7a1b30c7c889e60cc4fbbcdc501128e,Remko,2025-04-30,openregister,Lint fix,14283/119/01,low,false
bd66d6df4a58f16be003370c68ffbf4ed74570ca,Ruben van der Linde,2025-04-30,openregister,Fixing the linting,14283/119/01,low,false
6f63c536aee01417324fa2a82d4840dc5e311898,Ruben van der Linde,2025-04-30,openregister,Fixing the linting,14283/119/01,low,false
db6201d5491f97f17f54ab3db05623c1eaaea4bc,Ruben van der Linde,2025-04-30,openregister,Add publishing meganism,14283/119/01,low,false
d23b88f23fa6b97488e104bf4807b7a1450f4570,Ruben van der Linde,2025-04-30,openregister,Add publishing meganism,14283/119/01,low,false
539f61c39dfa5f25dd7523270d488fc778d048bd,Ruben van der Linde,2025-04-30,openregister,Recalulating registers,14283/119/02,medium,false
da15d1ef5145bf066879132282f4fe404668b58f,Ruben van der Linde,2025-04-30,openregister,Recalulating registers,14283/119/02,medium,false
32cefb2d61ae14a7933914b42a6716f273df5276,Ruben van der Linde,2025-04-30,openregister,Orpahned stats,14283/119/01,low,false
f7907a12d45534a1497038a2e4944f511e8c4bfb,Ruben van der Linde,2025-04-30,openregister,Orpahned stats,14283/119/01,low,false
28e98bd88d669a6b99675dc2c783888670286a2a,Ruben van der Linde,2025-04-30,openregister,Lets get some actual data,14283/119/01,low,false
9f7048760d47d9b86bc0ebc7c96cd06d5de26ecb,Ruben van der Linde,2025-04-30,openregister,Lets get some actual data,14283/119/01,low,false
3bf7d66a90c9bf3f82546c8c05b930a9248ceab7,Ruben van der Linde,2025-04-30,openregister,In between save for register styling,14283/119/02,medium,false
23b332de9388cdf4a2ec5e29a204e8ee887faea8,Ruben van der Linde,2025-04-30,openregister,In between save for register styling,14283/119/02,medium,false
f980893e08588b276bb226cbaab63848a584185c,Ruben van der Linde,2025-04-30,openregister,Remove depracticed files an calculate object and log size,14283/120/02,low,false
bc54a4aacab30542b0d5888f45b4d3b8d629f8a5,Ruben van der Linde,2025-04-30,openregister,Remove depracticed files an calculate object and log size,14283/120/02,low,false
b6f8a4229e609a8921e15a2f72d134ae7dd65b06,Ruben van der Linde,2025-04-29,openregister,Merge remote-tracking branch 'origin/development' into feature/REGISTERS-136/dashboard,14283/119/02,medium,true
f1ec3e6f07f9cf394c14b984c127214bdfbe2a2c,Ruben van der Linde,2025-04-29,openregister,Merge remote-tracking branch 'origin/development' into feature/REGISTERS-136/dashboard,14283/119/02,medium,true
8b92fbf238940a6ef342418f730d3f0079b2913f,Remko Huisman,2025-04-29,openregister,Merge pull request #347 from ConductionNL/feature/REGISTERS-4/configuraties,14283/119/02,medium,true
5f8ea3b0ded3df65c2f072a48f1a8df785a93532,Remko Huisman,2025-04-29,openregister,Merge pull request #347 from ConductionNL/feature/REGISTERS-4/configuraties,14283/119/02,medium,true
7cbfe48eda1989cf3a8d655dc2ed897099a042a4,Robert Zondervan,2025-04-29,openregister,Allow wildcard extend on arrays of embedded objects.,14283/119/01,low,false
7923b6c6e4ddb2f7c26957519cd5359a1148de64,Robert Zondervan,2025-04-29,openregister,Allow wildcard extend on arrays of embedded objects.,14283/119/01,low,false
771491103a5c7e21f925ef50a4003c205672d872,Alex Rekachynskyi,2025-04-29,openregister,upload schema fix,14283/119/02,medium,false
4632635fc4a453880168bea8df745a6e39f4df17,Alex Rekachynskyi,2025-04-29,openregister,upload schema fix,14283/119/02,medium,false
a04c0792758f9ed485e4b23b798ff7f9ecd71b26,Alex Rekachynskyi,2025-04-29,openregister,Merge remote-tracking branch 'origin/feature/REGISTERS-4/configuraties' into feature/WOO-305/tables-polished-small-fix,14283/119/02,medium,true
c0ab8d5899b6cc5c24d2c548ff31eda68bd89bb9,Alex Rekachynskyi,2025-04-29,openregister,Merge remote-tracking branch 'origin/feature/REGISTERS-4/configuraties' into feature/WOO-305/tables-polished-small-fix,14283/119/02,medium,true
c8a800d321860b7db883aa8666b615301b2a3694,Alex Rekachynskyi,2025-04-29,openregister,"Tables/Search tab broken functionality prevented, polished look",14283/119/02,high,false
9e9772c8613a86a45fdfe48a3c5da9f23a1d411e,Alex Rekachynskyi,2025-04-29,openregister,"Tables/Search tab broken functionality prevented, polished look",14283/119/02,high,false
7d151fb74b71af4c47eced2f78786150567f6aeb,Remko,2025-04-29,openregister,Lint again...,14283/119/01,low,false
55443422d58c57a78c93e5256616dedba79b7946,Remko,2025-04-29,openregister,Lint again...,14283/119/01,low,false
0bd5813949d063470b34ba6b0b75e164accd5f68,Remko,2025-04-29,openregister,Removed redundant worfklow,14283/119/01,low,false
413604babe981b2b8771b91a3401ccfb949dbcd7,Remko,2025-04-29,openregister,Removed redundant worfklow,14283/119/01,low,false
628728a8a60ad0122546af45486f16469680f43f,Remko,2025-04-29,openregister,Fixed lint,14283/119/01,low,false
278e8fceac25abd96364e913f4edb89e0b684cbf,Remko,2025-04-29,openregister,Fixed lint,14283/119/01,low,false
986b811ca31041621ddeaeb2e2d06426d66be08c,Remko,2025-04-29,openregister,disable workflow,14283/119/01,low,false
7552d55006d9776a0412e7e4e7a24784c35d8f5e,Remko,2025-04-29,openregister,disable workflow,14283/119/01,low,false
4c2ed5f1dea9266ba1714534d62ec5d8e2733a6f,Ruben van der Linde,2025-04-29,openregister,Merge branch 'feature/REGISTERS-4/configuraties' of https://github.com/ConductionNL/OpenRegisters into feature/REGISTERS-4/configuraties,14283/119/02,medium,true
fde6d46b69d70b75ed0fbbeff36727fda75a11d1,Ruben van der Linde,2025-04-29,openregister,Merge branch 'feature/REGISTERS-4/configuraties' of https://github.com/ConductionNL/OpenRegisters into feature/REGISTERS-4/configuraties,14283/119/02,medium,true
ce601145856f03bf4b6c88e032d11c692c900be0,Robert Zondervan,2025-04-29,openregister,Prevent creating huge relation data,14283/120/02,medium,false
4eff983c0a0a200e025c4a9c702afb05c1fe9d66,Robert Zondervan,2025-04-29,openregister,Prevent creating huge relation data,14283/120/02,medium,false
8c8c670e69e308cf4fb4ed7dc5c31755385274b5,Ruben van der Linde,2025-04-29,openregister,feature/REGISTERS-136/dashboard,14283/119/02,medium,false
a57f5d373e6f76d5cf786f2a13b363162427b163,Ruben van der Linde,2025-04-29,openregister,feature/REGISTERS-136/dashboard,14283/119/02,medium,false
820a6af0bf8d22498764c1af949d2c22a2becad4,Robert Zondervan,2025-04-28,openregister,make everything nullable on the old renderEntity stubb,14283/119/01,high,false
8454e0f6c498112e8e4f0aeae44ecfe296aea59c,Robert Zondervan,2025-04-28,openregister,make everything nullable on the old renderEntity stubb,14283/119/01,high,false
c7d9cbf37cf1dabeaee866201f87e0531e67ab22,Robert Zondervan,2025-04-28,openregister,remove var_dump,14283/119/01,low,false
cfa7e4f8d73c531d7d3486b1563d6ad789e8994b,Robert Zondervan,2025-04-28,openregister,remove var_dump,14283/119/01,low,false
bcea75e26184e72ba9834830d88f3050ef31fd4a,Alex Rekachynskyi,2025-04-28,openregister,additional warning before deleting property,14283/119/01,low,false
0990fbf2dd97c7930013d363c7c8242680b3f741,Alex Rekachynskyi,2025-04-28,openregister,additional warning before deleting property,14283/119/01,low,false
a215622b41c03316acabbb86eca4281d81f33c6b,Robert Zondervan,2025-04-28,openregister,"Allow referencing an identifier in the object, allow overriding the written parameter",14283/119/01,low,false
77def010c1253e1441043e38190bac258f725b0c,Robert Zondervan,2025-04-28,openregister,"Allow referencing an identifier in the object, allow overriding the written parameter",14283/119/01,low,false
d06f0c962e54acfbf6ae4d39fa412f493544eca0,Alex Rekachynskyi,2025-04-28,openregister,prevent deleting schemas and registers with content,14283/119/02,medium,false
daa709cfccc72230482a4a9eac223d35f0ce874b,Alex Rekachynskyi,2025-04-28,openregister,prevent deleting schemas and registers with content,14283/119/02,medium,false
cd4bb06dcef0f381edae87b2d854b9fd76570193,Robert Zondervan,2025-04-28,openregister,Fix extend,14283/119/01,low,false
76eb05c672c8cf61aa19a1382b620fb10425c04a,Robert Zondervan,2025-04-28,openregister,Fix extend,14283/119/01,low,false
88d905abcc59bb1a95aa0ff25ad09694f53c7b8d,Remko,2025-04-28,openregister,Fixed sidebar,14283/119/01,low,false
533414e6e1112a481708a83ec02f8fcee8ab3833,Remko,2025-04-28,openregister,Fixed sidebar,14283/119/01,low,false
4d2392f2260841fc70cdce92580104e4b8ca77c7,Robert Zondervan,2025-04-28,openregister,fix extend error,14283/120/02,medium,false
52d48e6abcf8755aa4ad1158ccd5d3162028aeba,Robert Zondervan,2025-04-28,openregister,fix extend error,14283/120/02,medium,false
bb2af35c9f7a6837b610b49298556cfcc6c923ce,Remko,2025-04-25,openregister,fixed sidebar,14283/119/01,low,false
859304227ec51bbc7dfd3d047531263f764377ba,Remko,2025-04-25,openregister,fixed sidebar,14283/119/01,low,false
fa607dde0c0ef25ec94df6fc77d2ccaa3e339533,Robert Zondervan,2025-04-25,openregister,Fixes on get object,14283/119/01,low,false
07dca2647bccf1ba37ecbb997c04024c476637ed,Robert Zondervan,2025-04-25,openregister,Fixes on get object,14283/119/01,low,false
3d8bdedc1e2228e6286533fb50fa3d6627c416fb,Robert Zondervan,2025-04-25,openregister,"Fix variables, facets backward compatibility",14283/119/02,high,false
cac5479695fda05254f2227037f9bd9927ed3839,Robert Zondervan,2025-04-25,openregister,"Fix variables, facets backward compatibility",14283/119/02,high,false
18fdedcf32489429b1b0091cd98647d292b76e7d,Robert Zondervan,2025-04-25,openregister,Merge remote-tracking branch 'origin/feature/REGISTERS-4/configuraties' into feature/REGISTERS-4/configuraties,14283/119/02,medium,true
98b9763e175394dce0a528ba5e83726c46362a9e,Robert Zondervan,2025-04-25,openregister,Merge remote-tracking branch 'origin/feature/REGISTERS-4/configuraties' into feature/REGISTERS-4/configuraties,14283/119/02,medium,true
733b508a7e657828e5244632bd14c94432b9d9af,Robert Zondervan,2025-04-25,openregister,Fix setting object relations,14283/119/01,low,false
4e23940109c592306206be8e182d669ea89d114b,Robert Zondervan,2025-04-25,openregister,Fix setting object relations,14283/119/01,low,false
53cd176f4976260c314b4206a7ebfe2add34b748,Remko,2025-04-25,openregister,enabled workflow,14283/119/01,low,false
5f6cde24feb21e5e5e6aa6e2eb46357bb1a751a1,Remko,2025-04-25,openregister,enabled workflow,14283/119/01,low,false
14eaae1b6ba07cc7498c449ce69df402c7354156,Remko,2025-04-25,openregister,"Lint fix, for now SearchSideBar needs a full frontend refactor",14283/119/02,high,false
bfc1e882d82994d0aedb1b40d0197675f581faea,Remko,2025-04-25,openregister,"Lint fix, for now SearchSideBar needs a full frontend refactor",14283/119/02,high,false
511936e2090f0c2a15afe50a75f528e1d878e17e,Robert Zondervan,2025-04-25,openregister,Merge branch 'development' into feature/REGISTERS-4/configuraties,14283/119/02,medium,true
5889730ba08dc251a52f140fc3e8b83c352702c8,Robert Zondervan,2025-04-25,openregister,Merge branch 'development' into feature/REGISTERS-4/configuraties,14283/119/02,medium,true
dc3e00e93acbf82d411f69b75119cdfb9a67e613,Robert Zondervan,2025-04-25,openregister,Merge branch 'feature/backwards-copatibility' into feature/REGISTERS-4/configuraties,14283/119/02,medium,true
407f3242bf73ed5e7130b1642e505a418944a2cd,Robert Zondervan,2025-04-25,openregister,Merge branch 'feature/backwards-copatibility' into feature/REGISTERS-4/configuraties,14283/119/02,medium,true
28acd76f036ac010a96e62be5bc93d6652376ba2,Robert Zondervan,2025-04-25,openregister,"More backwards-compatibility, create a block of deprecated functions",14283/120/02,high,false
ac162255ebbabe68cd25ae09dd2a9f0bbcdedea4,Robert Zondervan,2025-04-25,openregister,"More backwards-compatibility, create a block of deprecated functions",14283/120/02,high,false
6ef0b945435d0eabe69df01e536eb76d55ad2cca,Robert Zondervan,2025-04-24,openregister,fixes on inversedby and backwards compatibility,14283/119/01,medium,false
a7dfc27f2c64b12d3b110740dd911e013b203d60,Robert Zondervan,2025-04-24,openregister,fixes on inversedby and backwards compatibility,14283/119/01,medium,false
65a4757c491e633c45797d5315eeabac53f7803c,Alex Rekachynskyi,2025-04-24,openregister,eslint errors fixed,14283/120/02,medium,false
db8dfe20c98e91498b9fe582d0d252aae38f8382,Alex Rekachynskyi,2025-04-24,openregister,eslint errors fixed,14283/120/02,medium,false
5d196901b755c464bc0efefeed87a52e0cb6e8f3,Remko,2025-04-24,openregister,disabled workflow,14283/119/01,low,false
a8e85b3306320b32ef65e51600eea50a7bba122b,Remko,2025-04-24,openregister,disabled workflow,14283/119/01,low,false
aa27d8711c60f7c6b29b14b86e06db6a4b75d27f,Remko,2025-04-24,openregister,Disabled eslint for UseFileSelection,14283/119/01,low,false
ceaf671965b6f9026d8c2d3d06b693a2fb42ec70,Remko,2025-04-24,openregister,Disabled eslint for UseFileSelection,14283/119/01,low,false
6c8dd3c97ec578c15c2110d4406fe8f02d0ff621,Robert Zondervan,2025-04-24,openregister,Merge pull request #346 from ConductionNL/feature/CONNECTOR-205/optional-event-throwing,14283/120/02,medium,true
22cf5e745c15ae55afbe1cc24a32f251000f5d36,Robert Zondervan,2025-04-24,openregister,Merge pull request #346 from ConductionNL/feature/CONNECTOR-205/optional-event-throwing,14283/120/02,medium,true
761efb31677174ef978dccf1ba05100205d64d33,Barry Brands,2025-04-23,openregister,Fix event throwing for saveObject,14283/120/02,medium,false
2d83ce82d184753388c0529d1bf4da115dc95d26,Barry Brands,2025-04-23,openregister,Fix event throwing for saveObject,14283/120/02,medium,false
cb8d28341849cb282692321f87e159029651b8b9,Barry Brands,2025-04-23,openregister,Remove unnecessary passing of throwEvent,14283/120/02,medium,false
bb81ddad3f65e995ae99d3d3729ac4a8af19f8f9,Barry Brands,2025-04-23,openregister,Remove unnecessary passing of throwEvent,14283/120/02,medium,false
70c441debe3831eb4068800d0359ca1e2e055edc,Barry Brands,2025-04-23,openregister,Make event throwing optional,14283/120/02,medium,false
a3170bbdbaa982a487231668d4055976191df56d,Barry Brands,2025-04-23,openregister,Make event throwing optional,14283/120/02,medium,false
b90cb2e4f400e72439c7627091800744f257202e,Ruben van der Linde,2025-04-22,openregister,Lets do a build,14283/119/01,low,false
803ea6befe8821410eb57d67ccaf1506fa950132,Ruben van der Linde,2025-04-22,openregister,Lets do a build,14283/119/01,low,false
05021234ca15b7de1710113418886ca12d1af427,Ruben van der Linde,2025-04-22,openregister,Fix for totals,14283/119/01,low,false
c3e6d837e40c915d696e3129f2fde0d06556404d,Ruben van der Linde,2025-04-22,openregister,Fix for totals,14283/119/01,low,false
5c02f5dbb8464e3f2c9c59d882eacbf173bb7f13,Ruben van der Linde,2025-04-22,openregister,Lets allow the import of cofigurations with object without schema or register,14283/119/02,high,false
3f722573be75a6839322c4af73720f86062bb3f6,Ruben van der Linde,2025-04-22,openregister,Lets allow the import of cofigurations with object without schema or register,14283/119/02,high,false
269dcf455c397e2062a52588e4f066ce7c2d3576,Ruben van der Linde,2025-04-22,openregister,Linting fixes,14283/119/01,low,false
e5cc770e0c32ede2bbaf23afb646375025f8ef30,Ruben van der Linde,2025-04-22,openregister,Linting fixes,14283/119/01,low,false
a2cb8345de059b743b1ecdcc39715df98edcbfdb,Ruben van der Linde,2025-04-22,openregister,Fixing the oas generation,14283/119/02,low,false
239d3086adc7947084e60f23ac89f00f3b281088,Ruben van der Linde,2025-04-22,openregister,Fixing the oas generation,14283/119/02,low,false
e036f63897825c2840ade14379f7ddab8cea9067,Ruben van der Linde,2025-04-22,openregister,Merge branch 'feature/REGISTERS-4/configuraties' of https://github.com/ConductionNL/OpenRegisters into feature/REGISTERS-4/configuraties,14283/119/02,medium,true
b8b986654e20f4b72f059ca2f181827d2cbca77d,Ruben van der Linde,2025-04-22,openregister,Merge branch 'feature/REGISTERS-4/configuraties' of https://github.com/ConductionNL/OpenRegisters into feature/REGISTERS-4/configuraties,14283/119/02,medium,true
fc7aa814e1008ad9fb4fd300d06d61c6a02959d9,Ruben van der Linde,2025-04-22,openregister,Updates to the example woo register,14283/119/02,medium,false
2bb82bab2e7eb65aa96cea38f1e9f670980e21ef,Ruben van der Linde,2025-04-22,openregister,Updates to the example woo register,14283/119/02,medium,false
342f8323d16441104af328cc07f441a1bfa72e05,Remko,2025-04-22,openregister,Disabled push to beta workflow,14283/119/01,low,false
40fd062cf18d982d3f2dc17b1f9cf51086f55178,Remko,2025-04-22,openregister,Disabled push to beta workflow,14283/119/01,low,false
c7760fa2afed4019f41853e2429776bb46edbec1,Remko,2025-04-22,openregister,Enabled push to beta workflow,14283/119/01,low,false
d2c942c5e39d115c874ed6fffa5a62cf919f4fc6,Remko,2025-04-22,openregister,Enabled push to beta workflow,14283/119/01,low,false
f5659bd247e049a25c2071ce5cd5cf55fa9d676b,Ruben van der Linde,2025-04-20,openregister,Merge branch 'documentation' into feature/REGISTERS-4/configuraties,14283/119/02,medium,true
5682911a763f0ae63974e5b7f79f400413c0b696,Ruben van der Linde,2025-04-20,openregister,Merge branch 'documentation' into feature/REGISTERS-4/configuraties,14283/119/02,medium,true
724279360c0d029daef214304a0febddd73eb806,Ruben van der Linde,2025-04-20,openregister,"Lets lint our php code, and name services corretly",14283/119/02,high,false
1206f8617ec5f21b9b1b9b6a035f09a74fc2869e,Ruben van der Linde,2025-04-20,openregister,"Lets lint our php code, and name services corretly",14283/119/02,high,false
aace1d97f981b62b60a3ed7c5fce83bb5f432206,Ruben van der Linde,2025-04-20,openregister,Lets fix some linting and remove the old OpenApiService,14283/119/02,low,false
d2ae436cda1f54fc15638ed35d0036942d469017,Ruben van der Linde,2025-04-20,openregister,Lets fix some linting and remove the old OpenApiService,14283/119/02,low,false
5446074d8bf205e92903e45caa7c14f8f4e6f225,rubenvdlinde,2025-04-19,openregister,deploy: 25538e7e3f0ba074c0b12e961ff0cc28370deaeb,14283/119/01,low,true
8733ce81f8a9cc56b935d00c9d3e0a569e3a746a,Ruben van der Linde,2025-04-19,openregister,Oas readablitiy fix,14283/119/02,low,false
25538e7e3f0ba074c0b12e961ff0cc28370deaeb,Ruben van der Linde,2025-04-19,openregister,Oas readablitiy fix,14283/119/02,low,false
0235990ab2a827630c7bd0f023d45bb79689527a,rubenvdlinde,2025-04-19,openregister,deploy: c5d8752a31bf842658b2dc1eb97caf8bee0cc9e3,14283/119/01,low,true
841c1ae9daad9355ed8a0dfbc83a04584e073a86,Ruben van der Linde,2025-04-19,openregister,Improving the OAS specifications,14283/119/02,low,false
c5d8752a31bf842658b2dc1eb97caf8bee0cc9e3,Ruben van der Linde,2025-04-19,openregister,Improving the OAS specifications,14283/119/02,low,false
feea080ebefc699d1afcbb78f27e185b2eff4de6,Ruben van der Linde,2025-04-19,openregister,Add the generation of documention,14283/119/01,low,false
db6f26a78728028e6b81174ab313a5a20cee21be,Ruben van der Linde,2025-04-19,openregister,Add the generation of documention,14283/119/01,low,false
49c0025dff8916fe83dd92bf52db521cda6dcf9e,Ruben van der Linde,2025-04-18,openregister,Merge branch 'feature/REGISTERS-4/configuraties' into documentation,14283/119/02,medium,true
1e56c4a1c82c1c5c5ee093405e6d6d1e958f1bbd,Ruben van der Linde,2025-04-18,openregister,Merge branch 'feature/REGISTERS-4/configuraties' into documentation,14283/119/02,medium,true
dc16c0dd7cfeddd14b77b3cc8702d4b834b72573,Ruben van der Linde,2025-04-18,openregister,Dealing with searching in multiple registers and schema's at once,14283/119/02,high,false
03d92d778f10f2399db2573f940d6505cc341d30,Ruben van der Linde,2025-04-18,openregister,Dealing with searching in multiple registers and schema's at once,14283/119/02,high,false
5340d30513de072b68ac0b47a47d5e3a969fe841,Ruben van der Linde,2025-04-17,openregister,Merge branch 'feature/REGISTERS-4/configuraties' of https://github.com/ConductionNL/OpenRegisters into feature/REGISTERS-4/configuraties,14283/119/02,medium,true
a1252c086688111cf60d05033851eb8a4db43eff,Ruben van der Linde,2025-04-17,openregister,Merge branch 'feature/REGISTERS-4/configuraties' of https://github.com/ConductionNL/OpenRegisters into feature/REGISTERS-4/configuraties,14283/119/02,medium,true
625a9754b0aef72beede4ba1ac3cef97ac0f2672,Ruben van der Linde,2025-04-17,openregister,Small fixes on new file controller and service,14283/119/01,low,false
b47a9a6fb43b3a3ea342a180e41e76e713372950,Ruben van der Linde,2025-04-17,openregister,Small fixes on new file controller and service,14283/119/01,low,false
18edf3e615ca538bd347e2b392d55734b09ccbb0,Robert Zondervan,2025-04-17,openregister,Merge pull request #345 from ConductionNL/fix/inverses,14283/119/01,low,true
fc2c077fbb2f995c24fdec41ae9b65f972b239cd,Robert Zondervan,2025-04-17,openregister,Merge pull request #345 from ConductionNL/fix/inverses,14283/119/01,low,true
14d6c372721aa2b0f906e9ad27645711d44ef2d1,Robert Zondervan,2025-04-17,openregister,Add inverted objects to @self relations,14283/119/01,low,false
85c9bc113abc784b95c7d0a61fa53cd9218355d7,Robert Zondervan,2025-04-17,openregister,Add inverted objects to @self relations,14283/119/01,low,false
8e3202b196c6a0767fdac77db02aaa88da3223f4,Remko,2025-04-17,openregister,Disabled beta release,14283/119/01,low,false
9f1aa3fc08495e0a678e43642dfaf4c8942d13da,Remko,2025-04-17,openregister,Disabled beta release,14283/119/01,low,false
48decff2631396830141412eba2d3cbb68af2bc3,Remko,2025-04-17,openregister,Enabled beta release,14283/119/01,low,false
d5480ab89d5caa5d15c0ac4f5872ecbb75550206,Remko,2025-04-17,openregister,Enabled beta release,14283/119/01,low,false
d8067a7713029b284b7f7708a55519523f775474,Robert Zondervan,2025-04-17,openregister,Merge pull request #344 from ConductionNL/fix/inverses,14283/119/01,low,true
8412e4c4d0e9084e97e0bc8a5c8626662c03f6e3,Robert Zondervan,2025-04-17,openregister,Merge pull request #344 from ConductionNL/fix/inverses,14283/119/01,low,true
1b31f7b529703da77bb4be4694a63e9fdb22c53a,Robert Zondervan,2025-04-17,openregister,Small fix on finding subobjects,14283/119/01,low,false
18dac21b11ccfaa363c9652d2e3d92e6999c1ea4,Robert Zondervan,2025-04-17,openregister,Small fix on finding subobjects,14283/119/01,low,false
777849a6d5b1118a01bc687a1f13ca9939cae184,Ruben van der Linde,2025-04-17,openregister,Routing bug,14283/119/01,low,false
6cee5f05cf7d3c341122c2470e724ed6e2d0d478,Ruben van der Linde,2025-04-17,openregister,Routing bug,14283/119/01,low,false
8182335135228a13f54e48e8bdcf0cc9df773d31,Ruben van der Linde,2025-04-17,openregister,Lets add tag handling,14283/119/01,low,false
9b1245fb14c480994303f6a66b4d9fea980968e7,Ruben van der Linde,2025-04-17,openregister,Lets add tag handling,14283/119/01,low,false
4a93ad265e2a64d59ab6ff8f15924f0df3973115,Robert Zondervan,2025-04-17,openregister,Merge pull request #343 from ConductionNL/fix/inverses,14283/119/01,low,true
c6185b72e269a517010b9b88b4f6813393eda7d7,Robert Zondervan,2025-04-17,openregister,Merge pull request #343 from ConductionNL/fix/inverses,14283/119/01,low,true
ea528c604045f3b2592c6b4fa1a1a1e91c9f6bb8,Robert Zondervan,2025-04-17,openregister,Revert looking at references,14283/119/01,low,true
bb2c41668dfe551186958e9e3b9e02d585162c62,Robert Zondervan,2025-04-17,openregister,Revert looking at references,14283/119/01,low,true
7e73751760c9a43f3e8fdba098720af492dc1f2f,Robert Zondervan,2025-04-16,openregister,Merge pull request #342 from ConductionNL/fix/inverses,14283/119/01,low,true
7377ce1a854b3604160bddd1feab41eef8447b42,Robert Zondervan,2025-04-16,openregister,Merge pull request #342 from ConductionNL/fix/inverses,14283/119/01,low,true
c70564fdd6dd1839a7422fca5e5c5cca836c5b21,Robert Zondervan,2025-04-16,openregister,Fix filters on booleans,14283/119/02,high,false
02101071f54c49f9aee75581056f3e140b6db8f7,Robert Zondervan,2025-04-16,openregister,Fix filters on booleans,14283/119/02,high,false
3fcf871518d0bb8c66764d33bbc0d1aca650e6d5,Robert Zondervan,2025-04-16,openregister,Merge pull request #339 from ConductionNL/fix/inverses,14283/119/01,low,true
6b2d2d9cc13522fac173ef546880c1a703da9fcd,Robert Zondervan,2025-04-16,openregister,Merge pull request #339 from ConductionNL/fix/inverses,14283/119/01,low,true
8a9733b7c596ec73e52a9ee026e4d78cfe45736e,Barry Brands,2025-04-16,openregister,Merge pull request #341 from ConductionNL/fix/update-object-after-event,14283/120/02,medium,true
06b45f8ae767b092d741eed2fd0d3315c2fb998a,Barry Brands,2025-04-16,openregister,Merge pull request #341 from ConductionNL/fix/update-object-after-event,14283/120/02,medium,true
edf340a8fd8373c72cdd18f175ebccd82871aab2,Barry Brands,2025-04-16,openregister,Get latest object after event,14283/120/02,medium,false
41e5fc92687553807cf62b691b1dd744bb79ada2,Barry Brands,2025-04-16,openregister,Get latest object after event,14283/120/02,medium,false
96ce02dc93da1fadf02cabf328d1dbf09fc89ec5,Robert Zondervan,2025-04-16,openregister,set default boolean values,14283/120/02,high,false
48ca730ee58913b8f28e889dffa5310fdcf0c246,Robert Zondervan,2025-04-16,openregister,set default boolean values,14283/120/02,high,false
5e716b360c33402741530f49782148032691970b,Remko,2025-04-16,openregister,Disabled push to beta workflow,14283/119/01,low,false
4c2555bbf3e5cc7f873c43f04b9be92e99473ef7,Remko,2025-04-16,openregister,Disabled push to beta workflow,14283/119/01,low,false
cb8cde48793b07a0d321d149bb487401b90df757,Remko,2025-04-16,openregister,updated beta release,14283/119/01,low,false
13c99d8cfe82b59ba99c4003504e522ad44dce81,Remko,2025-04-16,openregister,updated beta release,14283/119/01,low,false
4aaa1d5986cf0b15215ead1027593d9500a8452d,Remko,2025-04-16,openregister,re-enabled workflow,14283/119/01,low,false
fbe739f889142a428fddc73c282fd5a959eb0f44,Remko,2025-04-16,openregister,re-enabled workflow,14283/119/01,low,false
4bf7f94f89d2e56a5e8bcd5d7e6f585363b4683e,Remko,2025-04-16,openregister,Disabeled add to beta workflow,14283/119/01,low,false
533d436c8284cd165231d89baeb67596e1a806db,Remko,2025-04-16,openregister,Disabeled add to beta workflow,14283/119/01,low,false
7570c1fb9b8c5b245179ec1e61a49e71793b994d,Remko,2025-04-16,openregister,Added and enabled add to beta workflow,14283/119/01,low,false
35a7641b7385e7502b7002925925437f4f6af329,Remko,2025-04-16,openregister,Added and enabled add to beta workflow,14283/119/01,low,false
d10a33fcd7f97564652e7052b6ab29d739050951,Ruben van der Linde,2025-04-16,openregister,500 fix,14283/119/01,low,false
e38b4cda21c76b814baec62a561af539bb6a9ffd,Ruben van der Linde,2025-04-16,openregister,500 fix,14283/119/01,low,false
24a13a6f76550b9ebd0f854f0bc1e00c2cbe228f,Wilco Louwerse,2025-04-14,openregister,More fixes,14283/119/01,low,false
5db5c62c35223ea40ddf01f45577ae90f2cb1f47,Ruben van der Linde,2025-04-14,openregister,better order,14283/119/01,low,false
a54829eaa2800ce6b391c31691bf002c02c3fd32,Ruben van der Linde,2025-04-14,openregister,better order,14283/119/01,low,false
3f88b3cd5af4fa89ae794d3230396fad25eb1019,Ruben van der Linde,2025-04-14,openregister,Optimalization and cleanup on extending,14283/119/01,low,false
e52e94f4a508ee5dd304a1b6fec231eb61ea1578,Ruben van der Linde,2025-04-14,openregister,Optimalization and cleanup on extending,14283/119/01,low,false
9dba49a25d8f86aeb74a94e1e3cf52726f4cb84f,Wilco Louwerse,2025-04-14,openregister,some fixes,14283/119/01,low,false
d171d9d16fd9d5dcad6dcdf930ed0e8e8b65a887,Wilco Louwerse,2025-04-14,openregister,Merge pull request #340 from ConductionNL/code-cleanup,14283/119/01,low,true
7fcd42fa5dfa21e248fc2b9435f89eede3514d21,Wilco Louwerse,2025-04-14,openregister,Merge branch 'code-refactor/ObjectService' into code-cleanup,14283/119/01,high,true
803e181dc736933fa4aec306f3f821a1f518e24c,Robert Zondervan,2025-04-14,openregister,Small fix on inverses,14283/119/01,low,false
c4ae4032821e788796e8909ec1e533df90e78a5d,Robert Zondervan,2025-04-14,openregister,Small fix on inverses,14283/119/01,low,false
f03e4bc6d90ae236c8601dff944209bcc534c04f,Wilco Louwerse,2025-04-14,openregister,Merge branch 'development' into code-refactor/ObjectService,14283/119/01,high,true
2c6fd6cd5c1cac1190223de6897d1e22383ffc93,Ruben van der Linde,2025-04-14,openregister,Fixen schema extension,14283/119/02,medium,false
afbeab523a5ae3491ae1038b231beaa37259171b,Ruben van der Linde,2025-04-14,openregister,Fixen schema extension,14283/119/02,medium,false
60bc1143d282c2708ce5c7b81f37061875ee8277,Ruben van der Linde,2025-04-13,openregister,Extend register and schema,14283/119/02,medium,false
1d6dc31cc6931a96b04dcc8c3ae9f9410fe9bab6,Ruben van der Linde,2025-04-13,openregister,Extend register and schema,14283/119/02,medium,false
c43a455ed00d3f8df004984de51463193ddf2ee7,Ruben van der Linde,2025-04-13,openregister,Dealing with extend as string,14283/119/01,low,false
893160475588ac30ade81e2269987e622dc16d3a,Ruben van der Linde,2025-04-13,openregister,Dealing with extend as string,14283/119/01,low,false
4b8006de60aaaf320df3080edadfc0a5fe382a25,Ruben van der Linde,2025-04-12,openregister,Fix uses and used,14283/119/01,low,false
e93a3af36b60a69786cbb9100a5f280535b9e150,Ruben van der Linde,2025-04-12,openregister,Fix uses and used,14283/119/01,low,false
46e6ba73aad8eb9b444717bb6f1eba2edd9d0a03,Ruben van der Linde,2025-04-12,openregister,Bit of data cleanup,14283/119/01,low,false
7855c233bf9f4c8806b51189d045443983353db3,Ruben van der Linde,2025-04-12,openregister,Bit of data cleanup,14283/119/01,low,false
d6ab8e62f759aaf6abf04cd04cbe1bab877c7419,Ruben van der Linde,2025-04-12,openregister,Lets deal with uuid inheretence,14283/119/01,low,false
10d596fc968b978ced32d3a71f382f12e6f79e41,Ruben van der Linde,2025-04-12,openregister,Lets deal with uuid inheretence,14283/119/01,low,false
7fa710213c9c2654da43b0bc260d7f1c0a8f83cf,Ruben van der Linde,2025-04-12,openregister,Fixed total responce based on findaal instead of count,14283/119/01,low,false
0079f9fd6e1941677b04451e2200ed99616ea78f,Ruben van der Linde,2025-04-12,openregister,Fixed total responce based on findaal instead of count,14283/119/01,low,false
1f42829d26b95cad4db61232d8e868f753a7562d,Ruben van der Linde,2025-04-12,openregister,Fixed and tested object creation,14283/119/01,low,false
cb888255723946724fc52b00f408bbadebb32818,Ruben van der Linde,2025-04-12,openregister,Fixed and tested object creation,14283/119/01,low,false
5b90ba8bc74f7520773e9bd52d0daa35fa7efa45,Ruben van der Linde,2025-04-12,openregister,Oke this wil trigger properloading of objects,14283/119/01,low,false
c2eab060ebb2c531917a09d192ac97931d707a3e,Ruben van der Linde,2025-04-12,openregister,Oke this wil trigger properloading of objects,14283/119/01,low,false
be7ced5f7cef4b8bd677cbc5ccd0b94a6542fb1b,Ruben van der Linde,2025-04-12,openregister,Lets take a look at including objects in our import,14283/119/02,high,false
8e4146b8e695e8dd8b27e50cba3d4319f259ded4,Ruben van der Linde,2025-04-12,openregister,Lets take a look at including objects in our import,14283/119/02,high,false
c5e4b70528ccfeecd4fd1f6eaa54992b7dbd7ac7,Ruben van der Linde,2025-04-12,openregister,Small code cleanup,14283/119/01,low,false
9b87b425e2f9d06ca3752d4f4884329b592e689b,Ruben van der Linde,2025-04-12,openregister,Small code cleanup,14283/119/01,low,false
57842e55327a46ba96c107d94cfe2a3277aaaeda,Ruben van der Linde,2025-04-12,openregister,Dealing with import off cases,14283/119/02,high,false
4c1c6db72fc7cbfa7a862a9635cf51ee3ee75abf,Ruben van der Linde,2025-04-12,openregister,Dealing with import off cases,14283/119/02,high,false
ed1f17d5f004a972ea7c5c9e95625c990c9cebac,Ruben van der Linde,2025-04-12,openregister,Error handling and migration clean up,14283/119/01,high,false
085e7ed398a52d463b9a76b1141f86b3dba7875a,Ruben van der Linde,2025-04-12,openregister,Error handling and migration clean up,14283/119/01,high,false
92968e1f8e4a00de032031f1ec70c8a753310005,Ruben van der Linde,2025-04-12,openregister,Fixin the import form register,14283/119/02,high,false
dbfa8a219308c7529aef3bae88d0cc01a866e11e,Ruben van der Linde,2025-04-12,openregister,Fixin the import form register,14283/119/02,high,false
f435feb0ea6d2d256bf15d252b6461f9d75cdd45,Remko Huisman,2025-04-11,openregister,Merge pull request #337 from ConductionNL/beta-branch-flow,14283/119/01,low,true
20a4e3bd10e6d88844ec2e51dbf809a649bb4826,Remko,2025-04-11,openregister,Updated flow,14283/119/01,low,false
a84baa526420058492ce290630b40e6d13117609,Remko,2025-04-11,openregister,cleanup,14283/119/01,low,false
9bcadde0086cb53999daff16a5bc404df3cdfb38,Remko,2025-04-11,openregister,Set beta release to code-refactor,14283/119/01,medium,false
3b5c56e3b50ee2e21f0ba0db5baac63b6d3b9cc9,Remko,2025-04-11,openregister,Added workflows to set beta-release to beta branch,14283/119/01,low,false
9cf169317d883ec2196b1fde1eabef2a73ddc723,Remko,2025-04-11,openregister,Merge remote-tracking branch 'origin/main' into development,14283/119/01,low,true
1458229699ab225f92f4ddd7f89009c701252a67,Remko,2025-04-11,openregister,Merge remote-tracking branch 'origin/main' into development,14283/119/01,low,true
9af35081add49977122a9b372f115bc6e9d6c403,Remko Huisman,2025-04-11,openregister,Merge pull request #336 from ConductionNL/add-beta-branch,14283/119/01,low,true
89783a08388c22d678b532fe33a41c03a6b94580,Remko Huisman,2025-04-11,openregister,Merge pull request #336 from ConductionNL/add-beta-branch,14283/119/01,low,true
2dfb485f76cd7e0df90bb13ed29ad70f9d0b95e4,Wilco Louwerse,2025-04-11,openregister,Fixes for updating with import,14283/119/02,high,false
553f69d2a2936da2a841af1d33a1befc5fd91db2,Wilco Louwerse,2025-04-11,openregister,Fixes for updating with import,14283/119/02,high,false
46113fb60d595a98b3a52558e75cd6061dc4e2cf,Remko,2025-04-11,openregister,Added workflows to set beta-release to beta branch,14283/119/01,low,false
7466348d76d5ed71ac0d3bbc6bc6f2bc329da087,Remko,2025-04-11,openregister,Added workflows to set beta-release to beta branch,14283/119/01,low,false
1b41f3bfeaada2b7196667d3a4483339f6c8c41b,GitHub Action,2025-04-11,openregister,Bump beta version to 0.1.78-beta.18 [skip ci],14283/119/01,low,true
c8f6008a31390d59cdd8e270084b67db89953451,GitHub Action,2025-04-11,openregister,Bump beta version to 0.1.78-beta.18 [skip ci],14283/119/01,low,true
1820970a8782b9eeaaff63e70372ffcc475c6e6d,Robert Zondervan,2025-04-11,openregister,Merge pull request #335 from ConductionNL/feature/CONNECTOR-189/Versioned-files,14283/119/01,low,true
3fc374d20c72ddcc80291606785a61099c7cafaf,Robert Zondervan,2025-04-11,openregister,Merge pull request #335 from ConductionNL/feature/CONNECTOR-189/Versioned-files,14283/119/01,low,true
bf0b70085cfda8a90b082bfd714e12b84f9bfb67,Robert Zondervan,2025-04-11,openregister,Move setting defaults,14283/120/02,high,false
41909b9a62d1beddbbeffd77ae69afba4e42c144,Robert Zondervan,2025-04-11,openregister,Move setting defaults,14283/120/02,high,false
55ffa7ec4467f0dc852f3b5fef83e9b22c363612,Remko Huisman,2025-04-11,openregister,Merge pull request #334 from ConductionNL/update-beta-release-flow,14283/119/01,low,true
fa6aaefe8517f2319138e514654b05dd33acf63c,Ruben van der Linde,2025-04-11,openregister,Fixing the import functions,14283/119/02,high,false
3f5f6986e7be0667b8c1774c2e7de35f125800dd,Ruben van der Linde,2025-04-11,openregister,Fixing the import functions,14283/119/02,high,false
a6bdc1d88088f511d8b9e8777fa9900d93e7af7a,Remko,2025-04-11,openregister,Updated flow to make sure it only increments based on version of main,14283/119/01,low,false
b4c053d6d836e19530635e3138f870b720676faf,Ruben van der Linde,2025-04-11,openregister,Fixed exporting objects,14283/119/02,high,false
8199dfa9c00b3b99eda225da9f9f3cf066ed2eff,Ruben van der Linde,2025-04-11,openregister,Fixed exporting objects,14283/119/02,high,false
b25c59797095ba5554e628b6630d8bcdcd29c637,Wilco Louwerse,2025-04-11,openregister,Added code for (configuration) url & file import besides json blob,14283/119/02,high,false
a26382590144f17ebcdd7a534c6ef8bc7dd781eb,Wilco Louwerse,2025-04-11,openregister,Added code for (configuration) url & file import besides json blob,14283/119/02,high,false
02634d82d2f9b2cf15d52fe56d56e65e47e2e3f8,GitHub Action,2025-04-11,openregister,Bump beta version to 0.1.78-beta.17 [skip ci],14283/119/01,low,true
df155b0b1a6d741f90e2378da3d58d44bd53eb08,GitHub Action,2025-04-11,openregister,Bump beta version to 0.1.78-beta.17 [skip ci],14283/119/01,low,true
20ea90f84c651e18dae6e0c64d5b67dbea1ce4b2,Remko Huisman,2025-04-11,openregister,Merge pull request #333 from ConductionNL/up-version,14283/119/01,low,true
0dd49d6a7d2e7920ee2ca515b5e2b4e0114884a5,Remko Huisman,2025-04-11,openregister,Merge pull request #333 from ConductionNL/up-version,14283/119/01,low,true
16cdd4ad5baa3c8bb4cbbf18d5a60ea0c093ecd3,Remko,2025-04-11,openregister,made change to push to dev,14283/119/01,low,false
386be36fb0d3997f57f58997ea99786ca580b94f,Remko,2025-04-11,openregister,made change to push to dev,14283/119/01,low,false
b6b9da167caf2dade602e08f45b5c55b8c0c9b2e,github-actions[bot],2025-04-11,openregister,[Changelog CI] Add Changelog for Version 0.1.77,14283/120/02,low,true
f10c3c3922814e6502720f1022a91505ce9d0d72,GitHub Action,2025-04-11,openregister,Bump version to 0.1.77,14283/119/01,low,true
019f0319a420c9ca1e41ef4b0be44973c8553bc3,GitHub Action,2025-04-11,openregister,Bump version to 0.1.77,14283/119/01,low,true
5e14419c1103bbaf064ca09eead67e3051a61621,Remko Huisman,2025-04-11,openregister,Merge pull request #331 from ConductionNL/fix-versions,14283/119/01,low,true
d021263259750e21985f914219ce5fe60a12216f,Remko Huisman,2025-04-11,openregister,Merge pull request #331 from ConductionNL/fix-versions,14283/119/01,low,true
b26416a6f7902e8208c632c4d381f1ff7af0a2f0,Remko,2025-04-11,openregister,Fixed version,14283/119/01,low,false
58fb78891234f7bd9fde5db6d60bac5554cd1c20,Remko,2025-04-11,openregister,Fixed version,14283/119/01,low,false
c31c04e48db96758b05405b9bee807a2c2608526,GitHub Action,2025-04-11,openregister,Bump beta version to 0.1.66-beta.16 [skip ci],14283/119/01,low,true
168908f3d4148b7c81f116944d2947206de25241,GitHub Action,2025-04-11,openregister,Bump beta version to 0.1.66-beta.16 [skip ci],14283/119/01,low,true
e99bfc384a075f0837680c600553e35096984401,Robert Zondervan,2025-04-11,openregister,Merge pull request #330 from ConductionNL/feature/CONNECTOR-189/Versioned-files,14283/119/01,low,true
52a18d8d9f6a54623f0733d1936b18201be9363f,Robert Zondervan,2025-04-11,openregister,Merge pull request #330 from ConductionNL/feature/CONNECTOR-189/Versioned-files,14283/119/01,low,true
f179e9c0f42c59f8811b1616ef5986b78b090624,Robert Zondervan,2025-04-11,openregister,Style fix,14283/119/01,low,false
83c533fa5b9d0890b5a0913ec0ca3bd595a7446c,Robert Zondervan,2025-04-11,openregister,Style fix,14283/119/01,low,false
b013c0d865f847fabe49bb14d01acd522e873de7,Wilco Louwerse,2025-04-11,openregister,ConfigurationsController should only use ConfigurationService,14283/120/01,low,false
fd0d1e3ad9e5203e3c1a7db515dc629164d14ece,Wilco Louwerse,2025-04-11,openregister,ConfigurationsController should only use ConfigurationService,14283/120/01,low,false
37f9dea9206161394469c708b85ea80280125e88,Robert Zondervan,2025-04-11,openregister,Do not use the title property of a property,14283/119/01,low,false
65b8d7f8616b8ce87aafc6c62fefae6697cb4e34,Robert Zondervan,2025-04-11,openregister,Do not use the title property of a property,14283/119/01,low,false
32d2a831679792eb64be98c49521e50ec5fe41f2,GitHub Action,2025-04-11,openregister,Bump beta version to 0.1.66-beta.15 [skip ci],14283/119/01,low,true
f4924fa40f4d2fc8c53d88b853043bb3de1e25fb,GitHub Action,2025-04-11,openregister,Bump beta version to 0.1.66-beta.15 [skip ci],14283/119/01,low,true
36bf8e2fead8d66065348700b1e52bba622dd2d8,Remko Huisman,2025-04-11,openregister,Merge pull request #329 from ConductionNL/create-beta-release-flow,14283/119/01,low,true
30a30816606332193ef05fa579e8ebefb1505a21,Remko Huisman,2025-04-11,openregister,Merge pull request #329 from ConductionNL/create-beta-release-flow,14283/119/01,low,true
f3e06c6fd958d7c7f4afe2b6ab59ad965f232797,Remko Huisman,2025-04-11,openregister,Merge pull request #328 from ConductionNL/set-beta-release-to-dev,14283/119/01,low,true
ef2e4048defe962fe728df1e7ef89d336f5c5747,Remko,2025-04-11,openregister,Set beta-version based on main,14283/119/01,low,false
a15fb83abb666f974ae1313112358f838855bebb,Remko,2025-04-11,openregister,Set beta-version based on main,14283/119/01,low,false
eeb141f8b03eab581feed50102c9f917869126d4,Remko,2025-04-11,openregister,Added beta release file,14283/119/01,low,false
fcf0630285509e87cabb5116173064fe1f0b2934,Remko,2025-04-11,openregister,Added beta release file,14283/119/01,low,false
8cb58895835e24ad986bb0315c3a21cf50f4f8be,Wilco Louwerse,2025-04-11,openregister,small code cleanup,14283/119/01,low,false
3228baa7efe18da52525d218b29125e26e6605ff,Wilco Louwerse,2025-04-11,openregister,small code cleanup,14283/119/01,low,false
c2e250bb20cb8d354596114d47026ba2d2bf2fd1,Remko,2025-04-11,openregister,cleanup,14283/119/01,low,false
8d1ec312c516e95186ab569f7af60589473b2452,Remko,2025-04-11,openregister,Updated beta release to dev,14283/119/01,low,false
bb9e867bb49d2896e5ca16859b85b6d2b734c700,Robert Zondervan,2025-04-11,openregister,Merge pull request #327 from ConductionNL/feature/CONNECTOR-189/Versioned-files,14283/119/01,low,true
5b0adcc4e209af3e22ef24aef0fdc3e0453c9b46,Robert Zondervan,2025-04-11,openregister,Merge pull request #327 from ConductionNL/feature/CONNECTOR-189/Versioned-files,14283/119/01,low,true
40a174792933910eb93f6bb6495658ac3d612dc7,Robert Zondervan,2025-04-11,openregister,Fix merged merge-conflict,14283/119/01,low,false
28250090cb6cbb6866e6b4f8f4b1e96e9fd260ec,Robert Zondervan,2025-04-11,openregister,Fix merged merge-conflict,14283/119/01,low,false
f3ded8d1e4cd297c1b357cb0ac22c52af6d66dc7,Ruben van der Linde,2025-04-11,openregister,Unset id and uuid,14283/119/01,low,false
2119efe928279c7c57939fa13e78b498c9edfcc2,Ruben van der Linde,2025-04-11,openregister,Unset id and uuid,14283/119/01,low,false
c03a7a0c0eacfb450fecca81cad8268134fe9853,Ruben van der Linde,2025-04-11,openregister,Add  OppenConnector to the import,14283/119/02,high,false
1531c45e803b397dc8137c2fadc98a76c99859f0,Ruben van der Linde,2025-04-11,openregister,Add  OppenConnector to the import,14283/119/02,high,false
2a1496a471859973a46d96d1c860b2aaa835df56,Ruben van der Linde,2025-04-11,openregister,Hook to open connector,14283/119/01,low,false
23d66ac4d3baad4016d254283f6b027bd2f6ef66,Ruben van der Linde,2025-04-11,openregister,Hook to open connector,14283/119/01,low,false
865e8b07e3814572f17dc93b0c46358a72a6e360,Wilco Louwerse,2025-04-10,openregister,Fixes in the UploadService,14283/119/01,low,false
95be66cf15c710228ce760afbf9ecead0c322bd4,Wilco Louwerse,2025-04-10,openregister,Fixes in the UploadService,14283/119/01,low,false
8b41ff577b86d160a3c70b80a73deace5f94a807,Wilco Louwerse,2025-04-10,openregister,fix migration,14283/119/01,high,false
21235e197c44825126d74956618a1d6f3af16c7a,Wilco Louwerse,2025-04-10,openregister,fix migration,14283/119/01,high,false
cf0dc74b154a3d35cdab82afd14f57e6dabead76,Wilco Louwerse,2025-04-10,openregister,More fixes to get export working,14283/119/02,high,false
c0159e85cb5c25d49be92a8756331a6a88404fa1,Wilco Louwerse,2025-04-10,openregister,More fixes to get export working,14283/119/02,high,false
7026695d8d8a6e003da14656f5e277eeb1818e73,Wilco Louwerse,2025-04-10,openregister,Also update register->configurations,14283/119/02,medium,false
2a5abff813f7b5932e6887284ebfb9bb790d34b2,Wilco Louwerse,2025-04-10,openregister,Also update register->configurations,14283/119/02,medium,false
5f2dab812cd516a09ef0f07e72f88296b8f1fb8c,Wilco Louwerse,2025-04-10,openregister,Merge remote-tracking branch 'origin/feature/REGISTERS-4/configuraties' into feature/REGISTERS-4/configuraties,14283/119/02,medium,true
6d0f1ecda4c7665e43f05ca412b32e50df9641a3,Wilco Louwerse,2025-04-10,openregister,Merge remote-tracking branch 'origin/feature/REGISTERS-4/configuraties' into feature/REGISTERS-4/configuraties,14283/119/02,medium,true
534616576605eec774423757fa25b46aa682c88c,Wilco Louwerse,2025-04-10,openregister,Some small fixes,14283/119/01,low,false
5380bfa18d87e9aa78a1006a0133a22465500427,Wilco Louwerse,2025-04-10,openregister,Some small fixes,14283/119/01,low,false
e497a1da4dfa6c2e222f95069399ed696982a06c,Robert Zondervan,2025-04-10,openregister,Merge pull request #325 from ConductionNL/feature/CONNECTOR-189/Versioned-files,14283/119/01,low,true
50e3618f28c5b4ab1032b0c3e097e6871ddc46c8,Robert Zondervan,2025-04-10,openregister,Merge pull request #325 from ConductionNL/feature/CONNECTOR-189/Versioned-files,14283/119/01,low,true
3f05f04fdb54c3f628dea8e4a534b24d8b59ad41,Robert Zondervan,2025-04-10,openregister,Fix PR comment,14283/119/01,low,false
e027372f786203e5846c34a0fa5e4bb77dd1981b,Robert Zondervan,2025-04-10,openregister,Fix PR comment,14283/119/01,low,false
ff0fd2931c14878de3bb259cef91d7f236b97f1c,Ruben van der Linde,2025-04-10,openregister,Fixing the export modals,14283/119/02,high,false
70d5f2bf3613aa063a47e5e55d21233ef3cc335e,Ruben van der Linde,2025-04-10,openregister,Fixing the export modals,14283/119/02,high,false
efa32aa1665477b9b00f68eda3d8c357bd27feb7,Ruben van der Linde,2025-04-10,openregister,Fix the configuration export modal,14283/119/02,high,false
63e7e82ae4827f63bfb3f4ac522acd8949c37db1,Ruben van der Linde,2025-04-10,openregister,Fix the configuration export modal,14283/119/02,high,false
1b9526ea98ee985933b62fa3eb8091fb5193cd77,github-actions[bot],2025-04-10,openregister,[Changelog CI] Add Changelog for Version 0.1.65,14283/120/02,low,true
cab66f543ec98129e210b723de5374cb6904bf82,GitHub Action,2025-04-10,openregister,Bump version to 0.1.65,14283/119/01,low,true
75187a1af96f678cc1f352b8266f3c3ff70af7b6,GitHub Action,2025-04-10,openregister,Bump version to 0.1.65,14283/119/01,low,true
5d50f69c8d73101b1ca5310dad7f8df93be8fd6d,Remko Huisman,2025-04-10,openregister,Merge pull request #323 from ConductionNL/development,14283/119/01,low,true
2a195df4f6d097f7e957b0e6075ba81715c01fd1,Remko Huisman,2025-04-10,openregister,Merge pull request #323 from ConductionNL/development,14283/119/01,low,true
8d53a6fb4df74deecf316d3676b164b566298f22,Ruben van der Linde,2025-04-10,openregister,First mapper fixes,14283/119/01,high,false
664c52fafe965cdffb65ac18f4ff11a9e986bc27,Ruben van der Linde,2025-04-10,openregister,First mapper fixes,14283/119/01,high,false
71f3876901c9f03e57761d299bd1b45169f86cf2,Ruben van der Linde,2025-04-10,openregister,Removed data from configuration,14283/120/01,low,false
bc4c4759ca899400875e9b375ba1b6768bf371b9,Ruben van der Linde,2025-04-10,openregister,Removed data from configuration,14283/120/01,low,false
2af1301540a663f2f55d2a4526602efe64e4088b,Ruben van der Linde,2025-04-10,openregister,First filet test results,14283/119/01,low,false
2942c19136a1f3835601270d7f03a1f3b276bccb,Ruben van der Linde,2025-04-10,openregister,First filet test results,14283/119/01,low,false
46144ffe145cb13381447871d069faeaae8b0feb,Ruben van der Linde,2025-04-10,openregister,Making it all visual,14283/119/01,low,false
168ff09dec8c6c62783a9117fcd731e0c9e15b49,Ruben van der Linde,2025-04-10,openregister,Making it all visual,14283/119/01,low,false
8e6191c433ff11961ae8e8aafdd8eafdc95e4125,Ruben van der Linde,2025-04-10,openregister,Lets add the frontend entity so that we can get started on views,14283/119/01,high,false
062023ad6c161d996ab164b7c0c7d6cc745d8e34,Ruben van der Linde,2025-04-10,openregister,Lets add the frontend entity so that we can get started on views,14283/119/01,high,false
eb0d0f433b4781e18ff62482947a60ab4a3f65d2,Ruben van der Linde,2025-04-10,openregister,Forgot to lint the controllers,14283/119/01,low,false
c3e90e6f163d9d19abd872ec64bfa6fc3fafe4c5,Ruben van der Linde,2025-04-10,openregister,Forgot to lint the controllers,14283/119/01,low,false
b9cdd4b84d768fbfc28014c40122747e5e40f975,Ruben van der Linde,2025-04-10,openregister,Finishing up the linting,14283/119/01,low,false
461a390b0bfa5ff080dbc470b4496ccb480f2ca8,Ruben van der Linde,2025-04-10,openregister,Finishing up the linting,14283/119/01,low,false
b4d2f7574a6b2f9afb708ef9c02bd35fd6422d1e,Ruben van der Linde,2025-04-10,openregister,Linting,14283/119/01,low,false
3572298ecf929de525f2d440232f7375a9787cb0,Ruben van der Linde,2025-04-10,openregister,Linting,14283/119/01,low,false
343b27e67e1ed22f0aebc16589f6625c7c836ec2,Ruben van der Linde,2025-04-10,openregister,Finishing up on the backend,14283/119/01,low,false
402324284990ce56986e03252af49493a04c4ca9,Ruben van der Linde,2025-04-10,openregister,Finishing up on the backend,14283/119/01,low,false
82b3a91afb71c783603a63d9759f90190ccce13c,Robert Zondervan,2025-04-09,openregister,Merge branch 'development' into feature/CONNECTOR-189/Versioned-files,14283/119/01,low,true
ced4afa923c73a992fd09558a86b5b8ce11ca496,Robert Zondervan,2025-04-09,openregister,Merge branch 'development' into feature/CONNECTOR-189/Versioned-files,14283/119/01,low,true
4531e16f6fdbc10e4d4a11dc2cef8f7ec313b17d,Robert Zondervan,2025-04-09,openregister,Add docblock,14283/120/02,high,false
af3029f1434685288e1cbeebf9d8af5c447483de,Robert Zondervan,2025-04-09,openregister,Add docblock,14283/120/02,high,false
042a0811499c1965c787518e6f894d590e1271a7,Robert Zondervan,2025-04-09,openregister,"Fixes on inverses, locking",14283/119/01,low,false
c8262aa95a7893fa23304b103f448463d0c18315,Robert Zondervan,2025-04-09,openregister,"Fixes on inverses, locking",14283/119/01,low,false
4e345abb428d8e0c5dd3f82896bebf2f497313ed,Barry Brands,2025-04-09,openregister,Merge pull request #324 from ConductionNL/fix/revert-removal-if-extend,14283/119/01,low,true
924aa3e00e89ed0cf86350e77d7948b986a3ddd0,Barry Brands,2025-04-09,openregister,Merge pull request #324 from ConductionNL/fix/revert-removal-if-extend,14283/119/01,low,true
ef690b76ed0da1b080a826e04369cc3f6faffe2c,Ruben van der Linde,2025-04-09,openregister,First (messy) take on the import part.,14283/119/02,high,false
d52db336f6ca17724c801a13891231e9eb86a2bc,Ruben van der Linde,2025-04-09,openregister,First (messy) take on the import part.,14283/119/02,high,false
7dcc4d80fef726fc97deac89a7b3e63a2a5beea3,Ruben van der Linde,2025-04-09,openregister,Lets do the config service in a more clean way,14283/120/01,low,false
bf3dbe6e86d4c3a30ff2e9064346df8dca1a298d,Ruben van der Linde,2025-04-09,openregister,Lets do the config service in a more clean way,14283/120/01,low,false
e3c466999c06e5e3ba4b03af83050a5f682448f8,Ruben van der Linde,2025-04-09,openregister,First work on configurations,14283/120/01,low,false
cf30d8c4da79591cd31e56ac5e19f8774382e476,Ruben van der Linde,2025-04-09,openregister,First work on configurations,14283/120/01,low,false
86f808b1377bea175ea0db6df2ccda4e0ef9e0f1,GitHub Action,2025-04-09,openregister,Bump beta version to 0.1.76-beta.14 [skip ci],14283/119/01,low,true
1149dbb005e67da6404fa88fc5edbfee77079768,Ruben van der Linde,2025-04-09,openregister,Merge branch 'code-refactor/ObjectService' of https://github.com/ConductionNL/OpenRegisters into code-refactor/ObjectService,14283/119/01,high,true
9b9db07edaa3918b2d2021170a7d93e6d60d55b1,Ruben van der Linde,2025-04-09,openregister,Merge branch 'code-refactor/ObjectService' of https://github.com/ConductionNL/OpenRegisters into code-refactor/ObjectService,14283/119/01,high,true
6de9911ad300e50dd23ee742cfce48ba23286c5a,Ruben van der Linde,2025-04-09,openregister,Small fixes on use and used,14283/119/01,low,false
2870ee8fec20ddf12f9bc0c66845d853d9fa2233,Ruben van der Linde,2025-04-09,openregister,Small fixes on use and used,14283/119/01,low,false
05d8dc307676c680aa89354a93c28d84bdae6115,Ruben van der Linde,2025-04-08,openregister,Fixed getting proper relations,14283/119/01,low,false
f07143a8034887368fb578d3224f27ee9b4384f9,Ruben van der Linde,2025-04-08,openregister,Fixed getting proper relations,14283/119/01,low,false
a77cc13f188deb9bb3517537abb0ee094e0159ac,Ruben van der Linde,2025-04-08,openregister,Lets use a notecard is noting can be found,14283/119/01,low,false
d2a69441b65d22eab60af0196473db74414725cb,Ruben van der Linde,2025-04-08,openregister,Lets use a notecard is noting can be found,14283/119/01,low,false
9daf19d36fdfc74519284780366789ab63c59a0c,GitHub Action,2025-04-08,openregister,Bump beta version to 0.1.75-beta.13 [skip ci],14283/119/01,low,true
171dac8a6148ad32c51a6e80cef0f2a513161c4b,GitHub Action,2025-04-08,openregister,Bump beta version to 0.1.75-beta.13 [skip ci],14283/119/01,low,true
4918917d439f2fa59a550f828bf0ce9eb27f1a63,Ruben van der Linde,2025-04-08,openregister,Merge branch 'code-refactor/ObjectService' of https://github.com/ConductionNL/OpenRegisters into code-refactor/ObjectService,14283/119/01,high,true
ecea8ae1c18d8c8d12b90162d54a69b7257eef24,Ruben van der Linde,2025-04-08,openregister,Merge branch 'code-refactor/ObjectService' of https://github.com/ConductionNL/OpenRegisters into code-refactor/ObjectService,14283/119/01,high,true
833ef397afb6644ad19df29d310667b69b221fb1,Ruben van der Linde,2025-04-08,openregister,Getting the tabse in the files view to work,14283/119/02,medium,false
2b6c6f1b6c4a171bce9491f6c1f3db10425fb2d8,Ruben van der Linde,2025-04-08,openregister,Getting the tabse in the files view to work,14283/119/02,medium,false
3cbf19664ceb6595e9b05c284c331db6246a39a4,Wilco Louwerse,2025-04-08,openregister,Remove nextcloud/ocp from require-dev in composer files,14283/119/01,high,false
5ed62d248585bd35aab9c081a55b1d17081a2f14,Wilco Louwerse,2025-04-08,openregister,Remove friendsofphp/php-cs-fixer from require-dev in composer files,14283/119/01,high,false
007f2d2ee3bd9a11f52efcadf014e7c718d244f3,Barry Brands,2025-04-08,openregister,Readable if statements,14283/119/01,low,false
4f5719fbb144863438cc6cd9d9a00f49d97eab63,Barry Brands,2025-04-08,openregister,Readable if statements,14283/119/01,low,false
225a7788bcdcc41c9ea20c0659547fad530d6ced,Barry Brands,2025-04-08,openregister,Merge pull request #322 from ConductionNL/fix/revert-removal-if-extend,14283/119/01,low,true
a931cec3da6403bfc0d14126099e9066d6d8f0dc,Barry Brands,2025-04-08,openregister,Merge pull request #322 from ConductionNL/fix/revert-removal-if-extend,14283/119/01,low,true
0735e7079813f3536264fe12d2ab8bca958acc3c,Barry Brands,2025-04-08,openregister,Revert removal of if !empty extend,14283/119/01,low,true
86b3fd91714798ee37243e4c42da325d9b9771b1,Barry Brands,2025-04-08,openregister,Revert removal of if !empty extend,14283/119/01,low,true
c8659ed84f16cf365e984519dabf0a9788f01ab7,Mark West,2025-04-08,openregister,Update beta-release.yaml,14283/119/01,low,false
f4564f35a368e2ebbff2a181b2830d93692f4a1a,Wilco Louwerse,2025-04-07,openregister,Merge branch 'development' into code-cleanup,14283/119/01,low,true
5e2cb740e7f4f44fdbef2a79b27b8f4bfa53f9ec,Mark West,2025-04-07,openregister,Create beta-release.yaml,14283/119/01,low,false
260fce7ee108041f4916a6f5ca5873e7c0b64ac4,Wilco Louwerse,2025-04-07,openregister,Remove yoda semantiek,14283/119/01,low,false
d4bc33a5171c699fc886af2d04ed93fdb67436ab,github-actions[bot],2025-04-07,openregister,[Changelog CI] Add Changelog for Version 0.1.64,14283/120/02,low,true
900c4526d53d23df58feba6a0b2762ba9184d195,GitHub Action,2025-04-07,openregister,Bump version to 0.1.64,14283/119/01,low,true
6331dd4a3930a8e08951aaa934e5bfb7e4c350c0,GitHub Action,2025-04-07,openregister,Bump version to 0.1.64,14283/119/01,low,true
5027369a946b5f8fee8daa0470a1217908883918,Barry Brands,2025-04-07,openregister,Merge pull request #317 from ConductionNL/development,14283/119/01,low,true
e43b54496bb1a12e6db68b3bed5c9ead7735806e,Barry Brands,2025-04-07,openregister,Merge pull request #317 from ConductionNL/development,14283/119/01,low,true
25fff1f6be8d22a55d0fff02ff3ecaa75f091106,Barry Brands,2025-04-07,openregister,Merge pull request #318 from ConductionNL/lint-fix,14283/119/01,low,true
e31e0feee4b64e3c40983f1e1435a602ce625852,Barry Brands,2025-04-07,openregister,Merge pull request #318 from ConductionNL/lint-fix,14283/119/01,low,true
c8114540f8a7b6e1f38883bfcae300b8160da67d,Barry Brands,2025-04-07,openregister,Fix lint,14283/119/01,low,false
0d87cf4435d3600220bfe237b28c6ff352ef3cfa,Barry Brands,2025-04-07,openregister,Fix lint,14283/119/01,low,false
5c11f874ca01e83d5a99e5d167e97a1968213b5d,GitHub Action,2025-04-07,openregister,Bump beta version to 0.1.74-beta.12 [skip ci],14283/119/01,low,true
15dae5ce7153c3862a58bffaa03b7952a9e17558,GitHub Action,2025-04-07,openregister,Bump beta version to 0.1.74-beta.12 [skip ci],14283/119/01,low,true
d202ed12782b4317df1da0b4ed4d7bc6a887be48,Ruben van der Linde,2025-04-07,openregister,Merge branch 'code-refactor/ObjectService' of https://github.com/ConductionNL/OpenRegisters into code-refactor/ObjectService,14283/119/01,high,true
e1f509005f3becb1c4b51e68e90ee6685a42cd85,Ruben van der Linde,2025-04-07,openregister,Merge branch 'code-refactor/ObjectService' of https://github.com/ConductionNL/OpenRegisters into code-refactor/ObjectService,14283/119/01,high,true
98864bf82f0e0b60639a4dac2b6038ecffadcf76,Barry Brands,2025-04-07,openregister,Merge pull request #316 from ConductionNL/fix/error-for-missing-filename,14283/120/02,medium,true
ed12628017496ae9819de63c93ca8836421b16f8,Barry Brands,2025-04-07,openregister,Merge pull request #316 from ConductionNL/fix/error-for-missing-filename,14283/120/02,medium,true
74672bfd560d52830477104f2104bf68a1477f58,Ruben van der Linde,2025-04-07,openregister,nOOZ,14283/119/01,low,false
67da883cb329b6af6844ff91a9873b2ea741adc4,Ruben van der Linde,2025-04-07,openregister,nOOZ,14283/119/01,low,false
3c47a53c2dc569ea07b88970640f536f4f54d4f2,Ruben van der Linde,2025-04-07,openregister,phpcbf,14283/119/01,low,false
87cd89439928a367be9d15888bcb686637780e80,Ruben van der Linde,2025-04-07,openregister,phpcbf,14283/119/01,low,false
8de9f4aed1b647950bf61dc2939fc22a412eae95,Ruben van der Linde,2025-04-07,openregister,Fix uses and used,14283/119/01,low,false
9deb79d18f99af7b15109e7186bc23be3645c0c9,Ruben van der Linde,2025-04-07,openregister,Fix uses and used,14283/119/01,low,false
4f92cb6052a7bc72e1ccc4c18ba8890128cb7f80,GitHub Action,2025-04-06,openregister,Bump beta version to 0.1.73-beta.11 [skip ci],14283/119/01,low,true
56fbbd50e8b14d99ce714341923912066d13b4c3,GitHub Action,2025-04-06,openregister,Bump beta version to 0.1.73-beta.11 [skip ci],14283/119/01,low,true
a5c2b77fbf1fa49dfc1d2f3e7a115f83ca57bfe8,Ruben van der Linde,2025-04-06,openregister,Merge branch 'code-refactor/ObjectService' of https://github.com/ConductionNL/OpenRegisters into code-refactor/ObjectService,14283/119/01,high,true
af5e23b3732664f35bd38c9c4ec39fb753dd688e,Ruben van der Linde,2025-04-06,openregister,Merge branch 'code-refactor/ObjectService' of https://github.com/ConductionNL/OpenRegisters into code-refactor/ObjectService,14283/119/01,high,true
24145c85f2aeb214fd6bfcc8357520c29b8550b6,Ruben van der Linde,2025-04-06,openregister,Fixing the audit trails,14283/120/01,medium,false
529f113b6c85c4525d2308375045e5c2b5d4811b,Ruben van der Linde,2025-04-06,openregister,Fixing the audit trails,14283/120/01,medium,false
778e5a6bc58fbf7e0a7e85c8379da6086585ad64,GitHub Action,2025-04-06,openregister,Bump beta version to 0.1.72-beta.10 [skip ci],14283/119/01,low,true
8b34988972eae9bdeb621790a8e788d68343cb02,GitHub Action,2025-04-06,openregister,Bump beta version to 0.1.72-beta.10 [skip ci],14283/119/01,low,true
7adfc16fe1a04291e785d519a7ec2bee73d0257b,Ruben van der Linde,2025-04-06,openregister,Merge branch 'code-refactor/ObjectService' of https://github.com/ConductionNL/OpenRegisters into code-refactor/ObjectService,14283/119/01,high,true
a5609187ebcbca067c86405e359b08009acde974,Ruben van der Linde,2025-04-06,openregister,Merge branch 'code-refactor/ObjectService' of https://github.com/ConductionNL/OpenRegisters into code-refactor/ObjectService,14283/119/01,high,true
5623d8d5b9c429a47f44b04ce544556a2d90e670,Ruben van der Linde,2025-04-06,openregister,Fixin the basic objects flow,14283/119/01,low,false
36dc2f004041afd6c7dbc3c6421ff57476bbc4b3,Ruben van der Linde,2025-04-06,openregister,Fixin the basic objects flow,14283/119/01,low,false
15b96f1dad900914a59ed5461d7153a5807ab0a5,Ruben van der Linde,2025-04-06,openregister,Lets split some code,14283/119/01,low,false
ec96b978a3070bd1b113260e3ba854ecca0a5c11,Ruben van der Linde,2025-04-06,openregister,Lets split some code,14283/119/01,low,false
2d1f09676d1017ec27d7e718b9812b98cdaca7e3,GitHub Action,2025-04-06,openregister,Bump beta version to 0.1.71-beta.9 [skip ci],14283/119/01,low,true
171deaee57d3a9cba73d064357db900ddf20211c,GitHub Action,2025-04-06,openregister,Bump beta version to 0.1.71-beta.9 [skip ci],14283/119/01,low,true
fd45733d04a10be2924b13f9162a559a930d4a96,Ruben van der Linde,2025-04-06,openregister,Merge branch 'code-refactor/ObjectService' of https://github.com/ConductionNL/OpenRegisters into code-refactor/ObjectService,14283/119/01,high,true
53532c397b30672d638930663c8e214c7ab387d1,Ruben van der Linde,2025-04-06,openregister,Merge branch 'code-refactor/ObjectService' of https://github.com/ConductionNL/OpenRegisters into code-refactor/ObjectService,14283/119/01,high,true
73bfccd5de1bc31e65d002134ed7f5a78c8e0adf,Ruben van der Linde,2025-04-06,openregister,Bit of refactor on getting single objects,14283/119/01,medium,false
d53da5f7e317e3ab6c41ce2f6b23adf42527ff0f,Ruben van der Linde,2025-04-06,openregister,Bit of refactor on getting single objects,14283/119/01,medium,false
6b105b94524524c3a6a78f73d8111d7510322ccc,Ruben van der Linde,2025-04-06,openregister,Fixing the audit trails,14283/120/01,medium,false
355d9a3dd4e25453a2081409c04ad9cddc41be09,Ruben van der Linde,2025-04-06,openregister,Fixing the audit trails,14283/120/01,medium,false
646c75969b3e0727329e690140b73c16db5f3cf4,GitHub Action,2025-04-06,openregister,Bump beta version to 0.1.70-beta.8 [skip ci],14283/119/01,low,true
79f9c42f83ef2b2ff9b9e7a5e7e0524c2d158ee2,GitHub Action,2025-04-06,openregister,Bump beta version to 0.1.70-beta.8 [skip ci],14283/119/01,low,true
df20407110dd830a87bb62cafd684100e09f791b,Ruben van der Linde,2025-04-06,openregister,Lets remove a bit of code duplication,14283/119/01,low,false
211603ffd751a22b2a9d9451894be8cb73251ccb,Ruben van der Linde,2025-04-06,openregister,Lets remove a bit of code duplication,14283/119/01,low,false
480aea24f4e776725c7d81775fb0ad9630f65bb1,GitHub Action,2025-04-06,openregister,Bump beta version to 0.1.69-beta.7 [skip ci],14283/119/01,low,true
6849948934d8956c26a604d05aef51f0a0020964,GitHub Action,2025-04-06,openregister,Bump beta version to 0.1.69-beta.7 [skip ci],14283/119/01,low,true
12f274266459eefe9e6d053ca7d87b1fcd443f9a,Ruben van der Linde,2025-04-06,openregister,Merge branch 'code-refactor/ObjectService' of https://github.com/ConductionNL/OpenRegisters into code-refactor/ObjectService,14283/119/01,high,true
6dcef2f61662e2cc11b97e6aa67b31df02aa619e,Ruben van der Linde,2025-04-06,openregister,Merge branch 'code-refactor/ObjectService' of https://github.com/ConductionNL/OpenRegisters into code-refactor/ObjectService,14283/119/01,high,true
f4fe4ae1ecd35b70aefce640ad17ad54fdbcf0e4,Ruben van der Linde,2025-04-06,openregister,Cleaning up the routing,14283/119/01,low,false
c9a446d91426e7e32e3fa8b8e495c6cb463bbbf8,Ruben van der Linde,2025-04-06,openregister,Cleaning up the routing,14283/119/01,low,false
6c56aca75038a2c17aeec3386a614b30b7336d02,GitHub Action,2025-04-05,openregister,Bump beta version to 0.1.68-beta.6 [skip ci],14283/119/01,low,true
923b93a0120f64f04e6ff874da78879964882405,GitHub Action,2025-04-05,openregister,Bump beta version to 0.1.68-beta.6 [skip ci],14283/119/01,low,true
2afd15375e289331deb4415826024b93eeb4ba9b,Ruben van der Linde,2025-04-05,openregister,Merge branch 'code-refactor/ObjectService' of https://github.com/ConductionNL/OpenRegisters into code-refactor/ObjectService,14283/119/01,high,true
c71fea5167989f69b8cb0f6e0e74e86be8b863b7,Ruben van der Linde,2025-04-05,openregister,Merge branch 'code-refactor/ObjectService' of https://github.com/ConductionNL/OpenRegisters into code-refactor/ObjectService,14283/119/01,high,true
1d4564e2216262afb934b55bc758376420f3df98,Ruben van der Linde,2025-04-05,openregister,Still fixing everythin that broke,14283/119/01,low,false
e4bac5d459f411b2972287872a62ac9b0e977ec3,Ruben van der Linde,2025-04-05,openregister,Still fixing everythin that broke,14283/119/01,low,false
42475364fb2a079f0f5b15cc36bcd32a8329de28,GitHub Action,2025-04-04,openregister,Bump beta version to 0.1.67-beta.5 [skip ci],14283/119/01,low,true
0af779fbcc8776c222214929ab471fedc35d567a,GitHub Action,2025-04-04,openregister,Bump beta version to 0.1.67-beta.5 [skip ci],14283/119/01,low,true
c71517678441024213d6cc7bb55c32272183f780,Ruben van der Linde,2025-04-04,openregister,More fixes,14283/119/01,low,false
93c7f969a5aefdb71b75809485a8c196d4ac68d9,Ruben van der Linde,2025-04-04,openregister,More fixes,14283/119/01,low,false
395d0b55277dfacd475f356bef7be79a1d5fe1a8,GitHub Action,2025-04-04,openregister,Bump beta version to 0.1.66-beta.4 [skip ci],14283/119/01,low,true
4d28106b55c787ea30bde861a9e4bdcd4ee5e2f1,GitHub Action,2025-04-04,openregister,Bump beta version to 0.1.66-beta.4 [skip ci],14283/119/01,low,true
32789d9579cb8b3f921a4d801b25801f3b4ef683,Ruben van der Linde,2025-04-04,openregister,Merge branch 'code-refactor/ObjectService' of https://github.com/ConductionNL/OpenRegisters into code-refactor/ObjectService,14283/119/01,high,true
44361aea2cad2da69507d2fc9ade515279fe6a60,Ruben van der Linde,2025-04-04,openregister,Merge branch 'code-refactor/ObjectService' of https://github.com/ConductionNL/OpenRegisters into code-refactor/ObjectService,14283/119/01,high,true
57384224578828589c7defd8131ce841910b7f1c,Ruben van der Linde,2025-04-04,openregister,Secondary fixes,14283/119/01,low,false
d5c58019df63e5f10201388e9c7b900b7ed80efe,Ruben van der Linde,2025-04-04,openregister,Secondary fixes,14283/119/01,low,false
1456c3e253f9057410e6eb06524da8b8aefa9138,GitHub Action,2025-04-04,openregister,Bump beta version to 0.1.65-beta.3 [skip ci],14283/119/01,low,true
520963476170958e319d485f27288c1c5e35a1d9,GitHub Action,2025-04-04,openregister,Bump beta version to 0.1.65-beta.3 [skip ci],14283/119/01,low,true
fd5e226e3bfa97c91b57b93fd9c7d519a4780a27,Mwest2020,2025-04-04,openregister,check via cursor,14283/119/01,low,false
01a62050930607f3a11f0eaa9b1c3ebd0e5e46bb,Mwest2020,2025-04-04,openregister,check via cursor,14283/119/01,low,false
2e3c2c42d572df12e0aedb84d3bac8fc8220b354,Mark West,2025-04-04,openregister,Update info.xml,14283/119/01,high,false
cd20b2f973951142265db824beda88f4d4772c2f,Mark West,2025-04-04,openregister,Update info.xml,14283/119/01,high,false
712acb1908528dab205e032322e7e2c4af615c28,Mark West,2025-04-04,openregister,Update and rename release-workflow(beta).yaml to beta-release.yaml,14283/119/01,low,false
8048d61bb6f071c92bfc52156d26953c8481064c,Mark West,2025-04-04,openregister,Update and rename release-workflow(beta).yaml to beta-release.yaml,14283/119/01,low,false
5d63f38f4c4c2e74ada168e2b1b17a7b4cf45a44,Mark West,2025-04-04,openregister,Update info.xml,14283/119/01,high,false
7fde0063f45e9c8bc719aafa57d35c307dcaa464,Mark West,2025-04-04,openregister,Update info.xml,14283/119/01,high,false
2bc8aa2f776254dd1ed5d6da6dd875e32364398c,Wilco Louwerse,2025-04-04,openregister,Some more cleanup / Pr fixes,14283/119/01,low,false
71da7696e7a4d966cf6792ea34e7e1a421ca0ead,Mark West,2025-04-04,openregister,Update release-workflow(beta).yaml,14283/119/01,low,false
8dcc785dd102d4afcd16715930a2eef3f647f4a5,Mark West,2025-04-04,openregister,Update release-workflow(beta).yaml,14283/119/01,low,false
5fc2e20a878a1cd93023ed36261df8f084c45c38,GitHub Action,2025-04-04,openregister,Bump to beta version -beta.5 [skip ci],14283/119/01,low,true
477e58ca59d7fbaf05864360e5f8d1b4e9ea0849,GitHub Action,2025-04-04,openregister,Bump to beta version -beta.5 [skip ci],14283/119/01,low,true
b9d621d83a3bd07704cfdd408504f84e05d47867,Mark West,2025-04-04,openregister,Update release-workflow(beta).yaml,14283/119/01,low,false
b481512d9f9347805bead528246d44615e147cc6,Mark West,2025-04-04,openregister,Update release-workflow(beta).yaml,14283/119/01,low,false
26919fd1b32f578363e6438b72a7af79703672ec,Mark West,2025-04-04,openregister,Update release-workflow(beta).yaml,14283/119/01,low,false
a14dc2749f4734637042743da464d021513bd38b,Mark West,2025-04-04,openregister,Update release-workflow(beta).yaml,14283/119/01,low,false
c783ac602f5159a354c6c7679df4223cb25bd1d2,Mark West,2025-04-04,openregister,Update release-workflow(beta).yaml,14283/119/01,low,false
cf43c347c9746876c16f9c58dd69b2f2e4825c08,Mark West,2025-04-04,openregister,Update release-workflow(beta).yaml,14283/119/01,low,false
7e19ff914251c5e58100f248b316691f9a654ba4,Mark West,2025-04-04,openregister,Update release-workflow(beta).yaml,14283/119/01,low,false
90feb292088a27b837eec6b4e4fa63543cfd2324,Mark West,2025-04-04,openregister,Update release-workflow(beta).yaml,14283/119/01,low,false
556b1b465f16d1f83b8a8230f8c2b7d79fcaf3ad,GitHub Action,2025-04-04,openregister,Set beta version,14283/119/01,low,true
8b359400e21e3f42345961034847d2a08c84d390,GitHub Action,2025-04-04,openregister,Set beta version,14283/119/01,low,true
891392f0a3fbe4b6dca4d9b0d589d1d60a8cee9f,Mark West,2025-04-04,openregister,Create release-workflow(beta).yaml,14283/119/01,low,false
293368c4a32849f84f0c5b853262febe929b2c47,Mark West,2025-04-04,openregister,Create release-workflow(beta).yaml,14283/119/01,low,false
4ee0682a164c860f6a7b00a8c7cfb7b8d7778b0f,Barry Brands,2025-04-04,openregister,Check invertedProperties from @self id,14283/119/01,low,false
b2771d1ba786593a775a722ec58c0c65f048a563,Barry Brands,2025-04-04,openregister,Check invertedProperties from @self id,14283/119/01,low,false
7ab4ade8c3550e46d75929fd161a777e0fc57dc4,Barry Brands,2025-04-04,openregister,Set inversedBy relations while saving,14283/119/01,low,false
951e981c0dd877a21359a2b873ce6fe6c2365bed,Barry Brands,2025-04-04,openregister,Set inversedBy relations while saving,14283/119/01,low,false
5849d8504b0bd649a1d1e91d7051747efece04a9,Barry Brands,2025-04-04,openregister,remove comented vardump,14283/119/01,low,false
9dbb9679b6651908bc64d1e40d78da5d58a68672,Barry Brands,2025-04-04,openregister,remove comented vardump,14283/119/01,low,false
2329024cfa47192222468197905a7dbcbb223807,Barry Brands,2025-04-04,openregister,Throw exception if object not found,14283/120/02,medium,false
87f4dbc12e5ae0c4aaa6c2fa7c21a4951dce318b,Barry Brands,2025-04-04,openregister,Throw exception if object not found,14283/120/02,medium,false
5522870e779b2faa797d1444523a128a3d9d8e16,Barry Brands,2025-04-04,openregister,Fix editschemaproperty inversed by,14283/119/02,medium,false
c6db57a2b136a2ae32b85875f83c8edb08567029,Barry Brands,2025-04-04,openregister,Fix editschemaproperty inversed by,14283/119/02,medium,false
ae4db31d4bd77561c2010cf2a98b76631beaaeac,Barry Brands,2025-04-04,openregister,fix return docblock,14283/120/02,high,false
c1ce04126a5ed3ffa555642bf05f3bb042228713,Barry Brands,2025-04-04,openregister,fix return docblock,14283/120/02,high,false
98eb7ac482bc8c2a81a00ca90fb0755ea42ea1c0,Barry Brands,2025-04-04,openregister,Save once extra earlier so we have a id for sub objects to refer to,14283/119/01,low,false
546a91c7c5e07a7c0228da7e625ca0d736283a78,Barry Brands,2025-04-04,openregister,Save once extra earlier so we have a id for sub objects to refer to,14283/119/01,low,false
2d46dde1d1a618a9553fa82dbd400b0ea950286e,Barry Brands,2025-04-04,openregister,remove extend requirement for renderEntity,14283/119/01,high,false
6764f66f84a2421175c270f5e11504c57d04ab27,Barry Brands,2025-04-04,openregister,remove extend requirement for renderEntity,14283/119/01,high,false
5893904b0d575a0018faad246810eb14a3b3608e,Ruben van der Linde,2025-04-04,openregister,First testing,14283/119/01,low,false
36ca13ab253f6db42e2199acd013b58870fe24ad,Ruben van der Linde,2025-04-04,openregister,First testing,14283/119/01,low,false
0df42af230cd6402941449fd346162349bfa4d05,Barry Brands,2025-04-04,openregister,Fix get files objectscontroller,14283/119/01,low,false
3742f681b5ab237947a6ea2c8d83a67b927084a0,Barry Brands,2025-04-04,openregister,Fix get files objectscontroller,14283/119/01,low,false
b41c8e2cac7f0911c49a76216883e60dd838e531,Remko,2025-04-04,openregister,Updated detail page and disabled button on no slug,14283/119/01,low,false
12aecd68f78ecd134a316b757f7b0c1d63046cb5,Remko,2025-04-04,openregister,Fixed lint,14283/119/01,low,false
421dcab5da8699a435cb53cc054e561c120c3090,Barry Brands,2025-04-04,openregister,Prevent error if $obj is ObjectEntity,14283/119/01,high,false
d26ee98b591058b6d9379e1c3280bc652249f283,Barry Brands,2025-04-04,openregister,Prevent error if $obj is ObjectEntity,14283/119/01,high,false
e0f97a901b8f4c893097ccc4da5f13f87b7d0f48,Barry Brands,2025-04-04,openregister,Edit inversedBy in frontend,14283/119/01,low,false
009fa4f2ef8d93665a1968323b7ac529000848dd,Barry Brands,2025-04-04,openregister,Edit inversedBy in frontend,14283/119/01,low,false
47d04f48c9aa32a14b843d6f98b6c28f96f035d6,Ruben van der Linde,2025-04-04,openregister,Fixin the dropdown inputs,14283/119/01,low,false
c04eb6e10bf76f3a6b02a35d50323f57bec937f4,Ruben van der Linde,2025-04-04,openregister,Fixin the dropdown inputs,14283/119/01,low,false
55e67a239166add22075803c0a6f1c4e2ce66f99,Ruben van der Linde,2025-04-04,openregister,Sidebar fixes,14283/119/01,low,false
b5a9635e7c03a247fb852b7fbe88e4ac34b6ce4f,Ruben van der Linde,2025-04-04,openregister,Sidebar fixes,14283/119/01,low,false
ba1b1b7d7938584d68d570e5c392d39f8bf562a3,Ruben van der Linde,2025-04-04,openregister,Lets refactor,14283/119/01,medium,false
d48ef98e1ea08a0a9cc74f4fddb01a82275336fa,Ruben van der Linde,2025-04-04,openregister,Lets refactor,14283/119/01,medium,false
ff06757449744cc1812564cd323afa0f78980cd7,Ruben van der Linde,2025-04-04,openregister,Last fixes before refactor,14283/119/01,medium,false
09c2f95367d74b08f1a6b48a484f9a51fd2e8c37,Ruben van der Linde,2025-04-04,openregister,Last fixes before refactor,14283/119/01,medium,false
e8b9de77c9ded3d3d9ce49f0c932c70a4caa853d,Barry Brands,2025-04-03,openregister,Add error for missing filename,14283/120/02,medium,false
187a3f9209619fa68189147fccffde00616bafbc,Barry Brands,2025-04-03,openregister,Add error for missing filename,14283/120/02,medium,false
c8f486b9fc2d34f6e3533ff60a6472eeef2d3f38,Robert Zondervan,2025-04-03,openregister,Add functionality to create new versions of a file (and rename the file),14283/119/01,low,false
f28ad88ecce87ea3a3a7b2bce7e8f63dcf4911bf,Robert Zondervan,2025-04-03,openregister,Add functionality to create new versions of a file (and rename the file),14283/119/01,low,false
754b73d40454ec9e259ef6cbe7ad280a964eadde,Ruben van der Linde,2025-04-03,openregister,This feels save enough to try,14283/119/01,low,false
c446fad1cf8587abf26bfe32332fa0f8dbdedc53,Ruben van der Linde,2025-04-03,openregister,This feels save enough to try,14283/119/01,low,false
5b2f8697a9efdf340494c4df490ade621d04b34b,Ruben van der Linde,2025-04-03,openregister,Small fixes,14283/119/01,low,false
d98bc155af185ca7e427e82ad2c83ae4d8c09b01,Ruben van der Linde,2025-04-03,openregister,Small fixes,14283/119/01,low,false
ae8638c6910259a3b15f4f61ea26e4c70c6bfde3,Ruben van der Linde,2025-04-03,openregister,Wie het kleine niet eerd,14283/119/01,low,false
7e0304baf1c661c43bc1aebbbd8c150bf47e223b,Ruben van der Linde,2025-04-03,openregister,Wie het kleine niet eerd,14283/119/01,low,false
d70a889ee76cf7d5acc68aed3f35ebcfecf35287,Ruben van der Linde,2025-04-03,openregister,More small fixes,14283/119/01,low,false
c4071ea9a6f681d7ca445eadf7c7038e9e71319f,Ruben van der Linde,2025-04-03,openregister,More small fixes,14283/119/01,low,false
b19c61dd4fa89e6799c354f122b70c50a63061f9,Ruben van der Linde,2025-04-03,openregister,Fixing the throws,14283/119/01,low,false
29663490a07e0c273ad2239f2a7d44ab0faad4d2,Ruben van der Linde,2025-04-03,openregister,Fixing the throws,14283/119/01,low,false
cc31c94eafaa463c9bb15ed5d93d84961016a94e,Ruben van der Linde,2025-04-03,openregister,Manual fixes,14283/119/01,low,false
8d8d09f3fc500c93a00b74426e6881288b2412a1,Ruben van der Linde,2025-04-03,openregister,Manual fixes,14283/119/01,low,false
5fea62d868a8182835c7ffad33a4be731d628cb5,Ruben van der Linde,2025-04-03,openregister,Remove extend entity,14283/119/01,high,false
186a8d09fe866a1dc7dabc2ac3ff6bab4ae4c8a5,Ruben van der Linde,2025-04-03,openregister,Remove extend entity,14283/119/01,high,false
c7c09c446e0049a93ab3596d72e70b132762157a,Ruben van der Linde,2025-04-03,openregister,Inline coment fix,14283/119/01,low,false
983219b5b8a29e25c06256497e84e5ec7d724a97,Ruben van der Linde,2025-04-03,openregister,Inline coment fix,14283/119/01,low,false
6e2407c86c773f06394d6f9fb7850694782ae1a9,Ruben van der Linde,2025-04-03,openregister,Down to 371,14283/119/01,low,false
744068683bdeadff649b0c6b4fd155e951d73f2f,Ruben van der Linde,2025-04-03,openregister,Down to 371,14283/119/01,low,false
3dc2fba892be86cbaf2f32bb1b56eea5c52ea715,Ruben van der Linde,2025-04-03,openregister,All to the sniff,14283/119/01,low,false
c28110c73f659f3c284ee6da5e4ac57f0a18d376,Ruben van der Linde,2025-04-03,openregister,All to the sniff,14283/119/01,low,false
aa721bd153166b030c91e19b71eedf931d300af0,Ruben van der Linde,2025-04-03,openregister,More sniff,14283/119/01,low,false
76d5aeb32fc3ba5f88537b9c57f5b6ffb80629e9,Ruben van der Linde,2025-04-03,openregister,More sniff,14283/119/01,low,false
5addd201b754890ff5e8adc3e3ef8226062c1ace,Ruben van der Linde,2025-04-03,openregister,Remove cs fixer,14283/119/01,low,false
3f7502c60dd13cfbbf10f65cffddbed1cce25d47,Ruben van der Linde,2025-04-03,openregister,Remove cs fixer,14283/119/01,low,false
b7fdd2df02ec6311311953512a99a8d753cf4f9f,Ruben van der Linde,2025-04-03,openregister,first snif,14283/119/01,low,false
4979de9074bd6745409f3446aeac5a43b42affb0,Ruben van der Linde,2025-04-03,openregister,first snif,14283/119/01,low,false
6cc00bd7925d55c1a883980e84557f3d756a3fb2,Ruben van der Linde,2025-04-03,openregister,Fix indentation,14283/119/01,low,false
6d13312bc48a30b7e9534e12b9b813342f7d1e6a,Ruben van der Linde,2025-04-03,openregister,Fix indentation,14283/119/01,low,false
c58f2c681c61dd9234fe2a0631e2c10b8b4a3be6,Ruben van der Linde,2025-04-03,openregister,Lets restart,14283/119/02,low,false
aff7b4c70870356df46d4f5ee0d9d878f536518c,Ruben van der Linde,2025-04-03,openregister,Lets restart,14283/119/02,low,false
5124e30d794f08fe50d764d0b4b14bdad394bc49,Ruben van der Linde,2025-04-02,openregister,Making the file understandable,14283/119/01,low,false
1f6d2e37c06790c3e9865d36b318f5e0ca761c72,Ruben van der Linde,2025-04-02,openregister,Making the file understandable,14283/119/01,low,false
14b484ac6879acc370dbdc1ea4f5217b4cbf16f5,Ruben van der Linde,2025-04-02,openregister,Cleanu-up,14283/119/01,low,false
1b8cd411297a13dbd37bc5a1660930bd44fecc56,Ruben van der Linde,2025-04-02,openregister,Cleanu-up,14283/119/01,low,false
a45445cc4a29b2b9c2097400528facdc1e876e53,Ruben van der Linde,2025-04-02,openregister,Clean-up,14283/119/01,low,false
ad943e8db52de2538e8aee45de6c5fd101ba3c5d,Ruben van der Linde,2025-04-02,openregister,Clean-up,14283/119/01,low,false
86dd7e20d84e043a9ff26a804eb0e17f82fa2fdf,Ruben van der Linde,2025-04-02,openregister,First roll on the object service,14283/119/01,low,false
d8afa39404c8b53b9f83139157e67e55372e18c9,Ruben van der Linde,2025-04-02,openregister,First roll on the object service,14283/119/01,low,false
2edff84eb6eecf3666e9c0b000ae61d2997fb439,Ruben van der Linde,2025-04-02,openregister,Fixed the file service,14283/119/01,low,false
f66cd4823246cbd8a446796db31bf9cae60ac5c4,Robert Zondervan,2025-04-02,openregister,Enable setting uuid (probably has to be rewritten),14283/119/01,low,false
56858d75aab6d3ae1f031c5afab4287bd8b27577,Robert Zondervan,2025-04-02,openregister,Enable setting uuid (probably has to be rewritten),14283/119/01,low,false
0617dba90d0c1f5b96adbae67771a4b68905bbe5,Ruben van der Linde,2025-04-02,openregister,More cs fixer config work,14283/120/01,low,false
8d160d4234f6fd8d0e67cb8cc4742c1dbf463afd,Ruben van der Linde,2025-04-02,openregister,Maual labor,14283/119/01,low,false
31c733160697b2392efb4c4cbe90bdc8f50d855b,Ruben van der Linde,2025-04-02,openregister,Down to 175 errors,14283/120/02,medium,false
9ed40c264f3364661c4b756feb5550ab2db88d6f,Ruben van der Linde,2025-04-02,openregister,LInting the FIleService,14283/119/01,low,false
138088479c2868f75d3b4e27d6ddf604bb41df08,Ruben van der Linde,2025-04-02,openregister,Linting the search service,14283/119/02,high,false
300286ab55cac616ee431880dc63049fc6caf31a,Ruben van der Linde,2025-04-02,openregister,Linting the search service,14283/119/02,high,false
d809eadfd46b7747e9a48c7101d4236faa51d5c0,Ruben van der Linde,2025-04-02,openregister,Linting the search service,14283/119/02,high,false
f0dc2b19954fbae4258a3c3fe713cfaa040e4779,Ruben van der Linde,2025-04-02,openregister,Removed bracketing nonsense from rules,14283/119/01,low,false
ba3ea191a30ccfd0c721da177b32ee75ae877a35,Ruben van der Linde,2025-04-02,openregister,Removed bracketing nonsense from rules,14283/119/01,low,false
a67ecfb68858b88a23fd090f70c4990d84ac1ac0,Ruben van der Linde,2025-04-02,openregister,Linting,14283/119/01,low,false
4ec780cab3f443cfa7d418c94c81ac6dc16ad339,Ruben van der Linde,2025-04-02,openregister,Linting,14283/119/01,low,false
1c1c72e4589e171eb28308099b516e305e0e3b5d,Ruben van der Linde,2025-04-02,openregister,More service clenaup,14283/119/01,low,false
9878080e67e6d58cb29eaae185341d8cab2bd2de,Ruben van der Linde,2025-04-02,openregister,More service clenaup,14283/119/01,low,false
75320fd14059227f79db4fe6ba269a61f6cddab6,Ruben van der Linde,2025-04-02,openregister,Lets get started on the other services,14283/119/01,low,false
2f69c82eec5dbca824c7804a186508e4f06b18b5,Ruben van der Linde,2025-04-02,openregister,Lets get started on the other services,14283/119/01,low,false
3323f7618eab16a9e117a9d051154d77d87634ae,Ruben van der Linde,2025-04-02,openregister,Lets ignore non bl files for code quality,14283/119/01,low,false
de2901cb5d5cd1a6897b6eea441124955e0e43b0,Ruben van der Linde,2025-04-02,openregister,Lets ignore non bl files for code quality,14283/119/01,low,false
178d55d9aa730205e8f158b0c03fa8a3dfd281cd,Ruben van der Linde,2025-04-02,openregister,Fixing the event listeners,14283/120/02,medium,false
e78a958184930fee16c4490adc52b9d1c0ae3773,Ruben van der Linde,2025-04-02,openregister,Fixing the event listeners,14283/120/02,medium,false
bebdf44bb8f0147b9faede250c235ab54b3a6d3e,Ruben van der Linde,2025-04-02,openregister,Fixed exception folder,14283/120/02,medium,false
f231681eb1f7d8559ed4822b7f13b579a360934f,Ruben van der Linde,2025-04-02,openregister,Fixed exception folder,14283/120/02,medium,false
057fc35f1a4f6c4b547239aab5e504b24203a982,Ruben van der Linde,2025-04-02,openregister,Bug fix,14283/119/01,low,false
d73a4eb7fdf2e3a555a895ae1d4f462a882890b5,Ruben van der Linde,2025-04-02,openregister,Bug fix,14283/119/01,low,false
c394ce6a1a9f8837a1087addf8a09cde194388dd,Ruben van der Linde,2025-04-02,openregister,Wierd bu necessary fix,14283/119/01,low,false
cb2efcb7fc67bc480eff9448345c7b940a4bbba7,Ruben van der Linde,2025-04-02,openregister,Wierd bu necessary fix,14283/119/01,low,false
7e8cc5e6e81b532a303ff441d97e68a485fbcb05,Ruben van der Linde,2025-04-02,openregister,Getting nuts,14283/119/01,low,false
ba0943ff8d16e9a86fcf0cb94d0d7a5058b12eb4,Ruben van der Linde,2025-04-02,openregister,Getting nuts,14283/119/01,low,false
1ae585e8495ab44b4c3da427d021fc70333f175d,Ruben van der Linde,2025-04-02,openregister,All the more linting,14283/119/01,low,false
58b36f8fff926c89cf2b66becf633b28c9bb7439,Ruben van der Linde,2025-04-02,openregister,All the more linting,14283/119/01,low,false
e549113d566bff8d8fea724a9d41de8c39a5a6ff,Ruben van der Linde,2025-04-02,openregister,Still on the linting,14283/119/01,low,false
6504086339bfbf4b6dfd105408a02485384943fa,Ruben van der Linde,2025-04-02,openregister,Still on the linting,14283/119/01,low,false
d71be260088b09889de95736f2c5f9987d2526eb,Ruben van der Linde,2025-04-02,openregister,Oke down to 1092,14283/119/01,low,false
539f69f53aedc7bab3568062854a2c99653bea85,Ruben van der Linde,2025-04-02,openregister,Oke down to 1092,14283/119/01,low,false
a11c17650cb5560dd5d9c5d25c749e1746eebf7b,Ruben van der Linde,2025-04-02,openregister,Stil doing config on php cs fixer,14283/120/01,low,false
47999720c50f1a7012fd46ba9e7387152a57a107,Ruben van der Linde,2025-04-02,openregister,Stil doing config on php cs fixer,14283/120/01,low,false
8c7ea4e509e33f396e84bbebebab7732debfd5cb,Ruben van der Linde,2025-04-02,openregister,Down to 1860 errors :'(,14283/120/02,medium,false
b313bde43a820f400a9afe416bacc986b0292522,Ruben van der Linde,2025-04-02,openregister,Down to 1860 errors :'(,14283/120/02,medium,false
8b323ccb690fb706692331045636676780a4e5af,Ruben van der Linde,2025-04-02,openregister,Hmm looks like phpc and cs fixer stil have some diverend opinions,14283/119/01,low,false
610c4e44c0bf043f8f9b1e5e1d4b46bb20ea5585,Ruben van der Linde,2025-04-02,openregister,Hmm looks like phpc and cs fixer stil have some diverend opinions,14283/119/01,low,false
f1b754965d39ac8b608a141d28bd4287a3312b64,Ruben van der Linde,2025-04-02,openregister,Getting cs-fixer to agree with phpcs,14283/119/01,low,false
c705b12e1fcf0e30e76f823b899ff0b1486a0f3c,Ruben van der Linde,2025-04-02,openregister,Getting cs-fixer to agree with phpcs,14283/119/01,low,false
77238a99fe47f764d1ebd62d411185d3a80b8aa2,Remko,2025-04-02,openregister,Fixed broken links and removed Installation and Support links until the Installation and Support docs are added,14283/119/01,medium,false
625ac5ad8c3f56dd2bc433948cd3a308473a7458,Remko,2025-04-02,openregister,Fixed broken links and removed Installation and Support links until the Installation and Support docs are added,14283/119/01,medium,false
b5beeb0c4f259bc2ddf2febaee1b24628c62d4ca,Remko,2025-04-02,openregister,Lint fix,14283/119/01,low,false
1f50e204263738c62256bd931f4619071f0affef,Remko,2025-04-02,openregister,Lint fix,14283/119/01,low,false
df180930afe8d0c658c4f2aa60fb8650fb250191,Ruben van der Linde,2025-04-02,openregister,Last of the php cs fixer issues,14283/119/01,low,false
edebe53bb85fd9db4711524169880c50a922734f,Ruben van der Linde,2025-04-02,openregister,Last of the php cs fixer issues,14283/119/01,low,false
0b4fba4239a24df11af9a196142e8553b350b605,Remko,2025-04-02,openregister,Small dashboard index fixes,14283/119/02,high,false
25ed3a05eb9af31476d94cab599dcda408afdb65,Remko,2025-04-02,openregister,Small dashboard index fixes,14283/119/02,high,false
c79913cb473dfca39a1f2cadaf9de6b5d641dcd7,Ruben van der Linde,2025-04-02,openregister,Lets run php cs fixer,14283/119/01,low,false
5825e9b91b660d426d94e11a3da7ae554c256711,Ruben van der Linde,2025-04-02,openregister,Lets run php cs fixer,14283/119/01,low,false
18ffbb75180f25fad57c92e8fe785822888cfd2a,Ruben van der Linde,2025-04-02,openregister,Add php cs fixes to the repository,14283/119/01,low,false
7571ec5a8317e9b8e1f9fca406916655c2d85af6,Ruben van der Linde,2025-04-02,openregister,Add php cs fixes to the repository,14283/119/01,low,false
dd73fe0ee225fcc067ec4422511bd9cbef71324f,Ruben van der Linde,2025-04-02,openregister,Making slugs edible form frontend,14283/119/01,low,false
0477e6a7efd5e39016450b6369c06c03b9a5c88d,Ruben van der Linde,2025-04-02,openregister,Making slugs edible form frontend,14283/119/01,low,false
4f43038f2fd45a4cc79c27e003e6707bdddbdac9,Ruben van der Linde,2025-04-02,openregister,Making slugs addible en style fixes on the file service,14283/119/01,low,false
b70bd5e0902b45d744bc11829f845089c0cec981,Ruben van der Linde,2025-04-02,openregister,Making slugs addible en style fixes on the file service,14283/119/01,low,false
143970973dce36af9a0fe0f824dd87d67b097efc,Remko,2025-04-02,openregister,Dashboard statistics,14283/119/02,medium,false
0a6594c33a5fc32feffcfac73ab714504d29103c,Remko,2025-04-02,openregister,Dashboard statistics,14283/119/02,medium,false
4f6a198694541fecc0b56a3e0b418534a4361313,Remko,2025-04-02,openregister,Merge remote-tracking branch 'origin/development' into lost-features,14283/119/01,low,true
7b75244bc35304515efc7ed92c5bc7a0645fdd71,Remko,2025-04-02,openregister,Merge remote-tracking branch 'origin/development' into lost-features,14283/119/01,low,true
00fb0464c601df4a3671d91c517536faaf9a9b76,Ruben van der Linde,2025-04-01,openregister,Line endings,14283/119/01,low,false
04993d6f20c4f3fb3bd904d1eae6c40149a066e2,Ruben van der Linde,2025-04-01,openregister,Line endings,14283/119/01,low,false
2fbf10d941196b5f08cb4a6a7a68fe9900d1185e,Robert Zondervan,2025-04-01,openregister,Merge remote-tracking branch 'origin/development' into feature/CONNECTOR-189/Versioned-files,14283/119/01,low,true
26f2ea3403046f5439144e587882e2c794f5e43f,Robert Zondervan,2025-04-01,openregister,Merge remote-tracking branch 'origin/development' into feature/CONNECTOR-189/Versioned-files,14283/119/01,low,true
378c3a30639f882de5cbb1a382a49f060266ae09,GitHub Action,2025-04-01,openregister,Bump version to 0.1.63,14283/119/01,low,true
d334bfdf36ffa0a0e7e24ad2677a79703508abcf,GitHub Action,2025-04-01,openregister,Bump version to 0.1.63,14283/119/01,low,true
bd72a8df32c69f6cf82f8441ee6a136f146aa849,github-actions[bot],2025-04-01,openregister,[Changelog CI] Add Changelog for Version 0.1.63,14283/120/02,low,true
5222e549209983f138f1711a47fd0da59b9c3230,Remko Huisman,2025-04-01,openregister,Merge pull request #310 from ConductionNL/development,14283/119/01,low,true
65e1fd0ea1b22da553746dddab7d11d7f433ad84,Remko Huisman,2025-04-01,openregister,Merge pull request #310 from ConductionNL/development,14283/119/01,low,true
d8e419f73f10368747e073c6e274a9922966fb88,Ruben van der Linde,2025-04-01,openregister,Fix throw spacing,14283/119/01,low,false
34622923997478ccc0db19d29116bf99f8d13782,Ruben van der Linde,2025-04-01,openregister,Fix throw spacing,14283/119/01,low,false
0e3ee01dd843160528be190714caaf419ea6885f,Remko Huisman,2025-04-01,openregister,Merge pull request #309 from ConductionNL/hotfix-object-table,14283/119/01,low,true
2e30e7953cf2d9321718e005e0cdc1e42d9f5aa6,Remko Huisman,2025-04-01,openregister,Merge pull request #309 from ConductionNL/hotfix-object-table,14283/119/01,low,true
8082ef1e55fa9b18944ba5cbe96770d2bec95acf,Remko,2025-04-01,openregister,Lint,14283/119/01,low,false
eb5edb15c1bc4d17de317de105a10903c9817440,Remko,2025-04-01,openregister,Lint,14283/119/01,low,false
831d72d5cfff04acd3d4aabca998ff40b8b8388f,Remko,2025-04-01,openregister,Reverted SearchSideBar changes,14283/119/02,high,false
fb5da529649f6650fc88f0fc26419f3e85c110d2,Remko,2025-04-01,openregister,Reverted SearchSideBar changes,14283/119/02,high,false
ffe1f8e7701ef618a31d81f4cd04cdcd3f9d7941,Ruben van der Linde,2025-04-01,openregister,Remove unwanted code,14283/119/01,low,false
efd242c95122f2d74625075405312f999b7a4b78,Ruben van der Linde,2025-04-01,openregister,Remove unwanted code,14283/119/01,low,false
6465feee1ed4da50262d31b692bc00708bcfa746,Ruben van der Linde,2025-04-01,openregister,PHPCS cleanup,14283/119/01,low,false
3adf2e47ae93bcc83fdf3c0f460254609a6d2894,Ruben van der Linde,2025-04-01,openregister,PHPCS cleanup,14283/119/01,low,false
3c3c2f1f8e9a71dc58b23067c299b45ba72d9936,Ruben van der Linde,2025-04-01,openregister,PHPCS Fixes,14283/119/01,low,false
d9906ed27ebc23babe20852c508f5992a2eb0963,Ruben van der Linde,2025-04-01,openregister,PHPCS Fixes,14283/119/01,low,false
4af18782bc3391a45f04dcfa522d4118e1adceb0,Alex Rekachynskyi,2025-03-25,openregister,MinLength and MaxLength fields removed when type is array,14283/119/01,low,false
1923fa16485c59bddd7530d2fecca4d0acac9cf9,Alex Rekachynskyi,2025-03-25,openregister,MinLength and MaxLength fields removed when type is array,14283/119/01,low,false
8d61c7aa7401d2a40e2dd5f247695487da7b5fc7,Ruben van der Linde,2025-04-01,openregister,tested the code until here,14283/119/01,low,false
bf441e9be344f436a85aceb0f93006c2c69e8662,Ruben van der Linde,2025-04-01,openregister,tested the code until here,14283/119/01,low,false
bc3e8b06a01d58a30a2d6dcf4b3251b26f12d5b0,github-actions[bot],2025-04-01,openregister,[Changelog CI] Add Changelog for Version 0.1.62,14283/120/02,low,true
2ab2c896ef0a3a799893256c175a385a2bb39aac,GitHub Action,2025-04-01,openregister,Bump version to 0.1.62,14283/119/01,low,true
19bbed14959ca80609cd06d17b83c6585dea4a6c,GitHub Action,2025-04-01,openregister,Bump version to 0.1.62,14283/119/01,low,true
b47566587fc9a3fe80ee686590ec83d3124cc16c,Remko Huisman,2025-04-01,openregister,Merge pull request #307 from ConductionNL/development,14283/119/01,low,true
39ed72c10f6ee01fbea5e47cff89b6f7bf8af7a5,Remko Huisman,2025-04-01,openregister,Merge pull request #307 from ConductionNL/development,14283/119/01,low,true
d7d596457713943a0e8d16749c2cd82ed45bd14d,Remko Huisman,2025-04-01,openregister,Merge pull request #306 from ConductionNL/update-version,14283/119/01,low,true
a61525f46c50fac0ad4f56e351aef2e1f9f70538,Remko Huisman,2025-04-01,openregister,Merge pull request #306 from ConductionNL/update-version,14283/119/01,low,true
f53b7fb19dc344a82fbaebe2b199679445d53d6f,Remko,2025-04-01,openregister,Eslint temp fix,14283/119/01,low,false
4f27fb0c6f1260907d44b42c0545299d3b38b6cf,Remko,2025-04-01,openregister,Eslint temp fix,14283/119/01,low,false
fe96c868d3ff8d90ddf72917a55fa7fb7a3a782e,Remko Huisman,2025-04-01,openregister,Update info.xml to version 1.61,14283/119/01,high,false
9e197fc384b819cffaa678fd5f4dbe09b8d22bd1,Remko Huisman,2025-04-01,openregister,Update info.xml to version 1.61,14283/119/01,high,false
ce50bb3760182874e26396ede78ac80e6656a656,GitHub Action,2025-04-01,openregister,Bump version to 0.1.49,14283/119/01,low,true
aff022872da57be562d5e5e518cc1d703386b87d,GitHub Action,2025-04-01,openregister,Bump version to 0.1.49,14283/119/01,low,true
f29b813bd64265ea45563428a67ff740238a5135,GitHub Action,2025-04-01,openregister,Bump version to 0.1.11,14283/119/01,low,true
5426de644f56d370bc441909d0964121e26ce632,Robert Zondervan,2025-04-01,openregister,Merge remote-tracking branch 'origin/feature/REGISTERS-128/generic/controllers' into feature/CONNECTOR-189/Versioned-files,14283/119/02,medium,true
302f1520d9a38a75d7199777c1d81a6c8791b9c7,Robert Zondervan,2025-04-01,openregister,Merge remote-tracking branch 'origin/feature/REGISTERS-128/generic/controllers' into feature/CONNECTOR-189/Versioned-files,14283/119/02,medium,true
8786411ff812edaa014388c34d63fd6a7fa0131f,Robert Zondervan,2025-04-01,openregister,Add versioned get on files,14283/119/01,low,false
4269bb291ab52076daa85e48293030f07ef27f31,Robert Zondervan,2025-04-01,openregister,Add versioned get on files,14283/119/01,low,false
f2bab1279e393074820e798fc7b7b37959d38930,Ruben van der Linde,2025-04-01,openregister,phpcs on all DB items,14283/119/01,low,false
20bf6da1e585eb7994eb976610727b089ecf5571,Ruben van der Linde,2025-04-01,openregister,phpcs on all DB items,14283/119/01,low,false
4678424f9f703b223b616630cb11b1510d464c99,Ruben van der Linde,2025-04-01,openregister,Merge remote-tracking branch 'origin/feature/REGISTERS-128/generic/controllers' into code-cleanup,14283/119/02,medium,true
048268a63d9ae2bc6c11e6fe992daec4a17a53ce,Ruben van der Linde,2025-04-01,openregister,Merge remote-tracking branch 'origin/feature/REGISTERS-128/generic/controllers' into code-cleanup,14283/119/02,medium,true
dd74d84d942aba0f7d00d2bac90590ed27f1d0eb,rubenvdlinde,2025-03-31,openregister,deploy: 31e353eb916c5f0e9c0be8ab9982f8b3111e7503,14283/119/01,low,true
db87b0a0c32b3128886060be700f356aa662530b,Ruben van der Linde,2025-03-31,openregister,Add audit trail view description,14283/119/02,medium,false
31e353eb916c5f0e9c0be8ab9982f8b3111e7503,Ruben van der Linde,2025-03-31,openregister,Add audit trail view description,14283/119/02,medium,false
c5a9c2c92f2d60cd1d19e208e12947ec65dbb66a,Wilco Louwerse,2025-03-31,openregister,small fixes in ObjectService,14283/119/01,high,false
9a3a32dfbaf29645c7f4d0b6c8b990e193f70d56,Wilco Louwerse,2025-03-31,openregister,small fixes in ObjectService,14283/119/01,high,false
95ab4a50855c3a8b70879720a4c9fba85c84e0ac,Ruben van der Linde,2025-03-31,openregister,First roud of cleanup,14283/119/01,low,false
ea3f59d7a0cdf3e2fba4c0fc8efa3df01722b635,Ruben van der Linde,2025-03-31,openregister,First roud of cleanup,14283/119/01,low,false
f5099cd6709090e2f039d24ee20e5f9b94514f87,Ruben van der Linde,2025-03-31,openregister,Add Cursor Rules,14283/119/01,low,false
533cdc9ae32822e88668c7996b51f3fbfd5b59f6,Ruben van der Linde,2025-03-31,openregister,Add Cursor Rules,14283/119/01,low,false
f81982d6f1ba7162b86585209edea6c02ef92369,Barry Brands,2025-03-28,openregister,Cleanup for getting property ref,14283/119/01,low,false
a1af799a28d0c13c45838c1d29b4d35334bcabb5,Barry Brands,2025-03-28,openregister,Cleanup for getting property ref,14283/119/01,low,false
4ceacaea39afa0035d53a4517d3b11f09c4eb64b,Barry Brands,2025-03-28,openregister,Improvement on getting $ref for object property,14283/119/01,low,false
b6f226d3beb7e242397b27f4f89a4a829fc2c4e6,Barry Brands,2025-03-28,openregister,Improvement on getting $ref for object property,14283/119/01,low,false
fe012921edcbd73c89ab4902526da48787fe7daf,Barry Brands,2025-03-28,openregister,Throw error if no $ref found,14283/120/02,medium,false
a3f6d3c407b79e28f14a57372712d4921f1db89b,Barry Brands,2025-03-28,openregister,Throw error if no $ref found,14283/120/02,medium,false
daae6f9d504d98128e392bc6ff0f8389114a85ed,Barry Brands,2025-03-28,openregister,Get ids from sub objects fix,14283/119/01,low,false
71b62a2a450bcc5c9416c2d7c311e6d2c1308cbe,Barry Brands,2025-03-28,openregister,Get ids from sub objects fix,14283/119/01,low,false
0d99ea8c0600e33f601b5b0e7dbeaa518e8304a1,Barry Brands,2025-03-28,openregister,Flip order of function of sub object handling,14283/119/01,low,false
46559f00f026955db9784dd7829e926dc1c37110,Barry Brands,2025-03-28,openregister,Flip order of function of sub object handling,14283/119/01,low,false
939eeef4f7efdc10f380db548505f2e48da53799,Barry Brands,2025-03-28,openregister,Replace extendEntity with renderEntity,14283/119/01,high,false
7798cf8dd679d1aab9d5332ad1cd25fc3ab7b8c2,Barry Brands,2025-03-28,openregister,Replace extendEntity with renderEntity,14283/119/01,high,false
30d7f287b0bf3b439aaa64a1930db7f8e2b19447,Remko,2025-03-27,openregister,Lint fix (90%),14283/119/01,low,false
bfe233910ada925975b73f23493aa7a79b43b3d1,Remko,2025-03-27,openregister,Lint fix (90%),14283/119/01,low,false
c00f402d26f89ad8e3fc5e7e7c204f73d0c27eef,Barry Brands,2025-03-27,openregister,fix merge,14283/119/01,low,false
d2e787b77f691c6ecbcba308651147f251a9eadf,Barry Brands,2025-03-27,openregister,fix merge,14283/119/01,low,false
70565dcd0beaee2dbd59f66c63898ddac31c4b70,Barry Brands,2025-03-27,openregister,"Auto stash before merge of ""feature/REGISTERS-128/generic/controllers"" and ""origin/feature/REGISTERS-128/generic/controllers""",14283/119/02,medium,false
6a4834956c41ff99c4e10174860a09c15ec2d575,Barry Brands,2025-03-27,openregister,"Auto stash before merge of ""feature/REGISTERS-128/generic/controllers"" and ""origin/feature/REGISTERS-128/generic/controllers""",14283/119/02,medium,false
3308d18348ea2d21f428eb5d3d99e585d1559a3d,Barry Brands,2025-03-27,openregister,Merge remote-tracking branch 'origin/feature/REGISTERS-128/generic/controllers' into feature/REGISTERS-128/generic/controllers,14283/119/02,medium,true
21de75711d36d333fc61c880056d668d9a4da87f,Barry Brands,2025-03-27,openregister,Merge remote-tracking branch 'origin/feature/REGISTERS-128/generic/controllers' into feature/REGISTERS-128/generic/controllers,14283/119/02,medium,true
d127c8ffbb1adfa065ba13e7e56556b553bcb0b2,Barry Brands,2025-03-27,openregister,fix handleObjectRelations,14283/119/01,low,false
eb098c95956b64f2afb6eaf3ad4d711fb92dd40d,Barry Brands,2025-03-27,openregister,fix handleObjectRelations,14283/119/01,low,false
5f528fd7bd2af1264325474f3d25ff9adb9d6267,Remko,2025-03-27,openregister,EditObject refactor/cleanup,14283/119/01,medium,false
c56cb2ee7f2476a41c4742a3cfb80902b58b7f59,Remko,2025-03-27,openregister,EditObject refactor/cleanup,14283/119/01,medium,false
62b832df1debd3cea19c88b33c912b9d99513fed,Remko,2025-03-27,openregister,Fixed active tab,14283/119/01,low,false
e78c410d1601d5f5f852a2d66104b73b4ac2c5a9,Remko,2025-03-27,openregister,Fixed active tab,14283/119/01,low,false
d038568890f1f7c1e596a4a24a3441845e1bc8ca,Barry Brands,2025-03-27,openregister,Remove non existing ObjectAuditLogMapper,14283/119/01,high,false
ed5fa36a972853491ca2287fc17f2690899877c2,Barry Brands,2025-03-27,openregister,Remove non existing ObjectAuditLogMapper,14283/119/01,high,false
cd083c9d0fb8842e4c515935f978e3d849f83c65,Barry Brands,2025-03-27,openregister,Remove non existing objectAuditLogMapper,14283/119/01,high,false
709102d0d5e9a754e7f62277e20563e065752fe9,Barry Brands,2025-03-27,openregister,Remove non existing objectAuditLogMapper,14283/119/01,high,false
717ee77be7a526fd17308ac0aa29a57fd9d6a66e,Barry Brands,2025-03-27,openregister,More ObjectService changes from development,14283/119/01,high,false
f705d0b86aa548a9ba136db13baf839016a5d6da,Barry Brands,2025-03-27,openregister,More ObjectService changes from development,14283/119/01,high,false
c45d7a3687540bf56f0eab35037e5fbab1f40212,Barry Brands,2025-03-27,openregister,ObjectService.php changes from development,14283/119/01,high,false
abd290aba305b4600e3cb4ecd0773df5b3a6ffd3,Barry Brands,2025-03-27,openregister,ObjectService.php changes from development,14283/119/01,high,false
94cc6d0626a78bdbb42462ad8098c3806af5567d,Barry Brands,2025-03-27,openregister,FileService.php changes from development,14283/119/01,low,false
79be270547c26346edbab59fa036d7af07d20868,Barry Brands,2025-03-27,openregister,FileService.php changes from development,14283/119/01,low,false
a0f08052cad426c34b0ee10683800edd79848422,Barry Brands,2025-03-27,openregister,Schema.php changes from development,14283/119/02,medium,false
47132a91ce3e66e1f61a8cd32a2393206f08b7e7,Barry Brands,2025-03-27,openregister,Schema.php changes from development,14283/119/02,medium,false
9b0cc7bf0be716801978144bf314fb96b92557e7,github-actions[bot],2025-03-27,openregister,[Changelog CI] Add Changelog for Version 0.1.61,14283/120/02,low,true
afcd74e727889ed6595892301c28872f00f08f7a,GitHub Action,2025-03-27,openregister,Bump version to 0.1.61,14283/119/01,low,true
ac217c70bebb0b49ae856aafe1b2a7bca3668c63,GitHub Action,2025-03-27,openregister,Bump version to 0.1.61,14283/119/01,low,true
117d6251a1b60e12a3c595bbceb240a6836ff63a,Barry Brands,2025-03-27,openregister,Merge pull request #302 from ConductionNL/development,14283/119/01,low,true
dfd9919b9a6d10cde189c6fbf0727157deb18406,Barry Brands,2025-03-27,openregister,Merge pull request #302 from ConductionNL/development,14283/119/01,low,true
981c2cc550708bf741d34071eadf3a764808244c,Barry Brands,2025-03-27,openregister,Merge pull request #301 from ConductionNL/fix/ZAAKREG-53/validatie-objects,14283/119/01,low,true
37f8ac41cffea1c5e496a934e02f0647cb3262ed,Barry Brands,2025-03-27,openregister,Merge pull request #301 from ConductionNL/fix/ZAAKREG-53/validatie-objects,14283/119/01,low,true
a66fcadf814248b93c493cd306045d0dc412cf6f,Barry Brands,2025-03-27,openregister,Added some explanation,14283/119/01,low,false
20802b2c6532393426088c65a47367a65ea44945,Barry Brands,2025-03-27,openregister,Added some explanation,14283/119/01,low,false
5dbc63e70ce60ed3f977e15f28295d11c154712d,Barry Brands,2025-03-27,openregister,Set property oneOf uri or object,14283/119/01,low,false
9d468c3e5a377a8aa28408a7851da1948007b3fe,Barry Brands,2025-03-27,openregister,Set property oneOf uri or object,14283/119/01,low,false
a9120724ac6ea2039aa98ed6052d828b21433dce,Ruben van der Linde,2025-03-27,openregister,- Database cleanup - Preperation for authentication and ownership - Extend audit trail to be GEMMA compliant,14283/120/01,medium,false
1b44815bba384e2be6e47c1f02445f9755eda9a4,Ruben van der Linde,2025-03-27,openregister,- Database cleanup - Preperation for authentication and ownership - Extend audit trail to be GEMMA compliant,14283/120/01,medium,false
4de67a4d96907ed860d1723d6822bfaaff454e02,Ruben van der Linde,2025-03-26,openregister,Small fix on modal render,14283/119/01,low,false
8e9d109e81e238c900124762a90fde5ec8582157,Ruben van der Linde,2025-03-26,openregister,Small fix on modal render,14283/119/01,low,false
ad6a5673c7a30572e2ecfae82f71e9e78d60fa91,Alex,2025-03-25,openregister,Merge pull request #300 from ConductionNL/feature/REGISTERS-126/min-and-max-length-fields-removed,14283/119/02,medium,true
4f9fa27767aa9f71db6abbfa7567b55e77d37194,Alex,2025-03-25,openregister,Merge pull request #300 from ConductionNL/feature/REGISTERS-126/min-and-max-length-fields-removed,14283/119/02,medium,true
3b42ed1557a6b2c91bb438a5a32250f4f162c841,Alex Rekachynskyi,2025-03-25,openregister,MinLength and MaxLength fields removed when type is array,14283/119/01,low,false
96b4e37bd3dc4e0d18d5f007c88605868db2ad49,Alex Rekachynskyi,2025-03-25,openregister,MinLength and MaxLength fields removed when type is array,14283/119/01,low,false
c1a810efe50082b9fbf5788ebb6c28d9752425f7,Alex Rekachynskyi,2025-03-25,openregister,MinLength and MaxLength fields removed when type is array,14283/119/01,low,false
8cfdc4c57ef966950a5323cf92357a5b93c31fac,Alex Rekachynskyi,2025-03-25,openregister,MinLength and MaxLength fields removed when type is array,14283/119/01,low,false
267db9e02b4deff49a864b5f66e120d4223bd2ef,Ruben van der Linde,2025-03-25,openregister,Fixed the audit trails,14283/120/01,medium,false
ce711936001591457b9b3e2027ed525390bdb0ad,Ruben van der Linde,2025-03-25,openregister,Fixed the audit trails,14283/120/01,medium,false
9236835f48b4103e4139fe6db9464a3199d5e300,Ruben van der Linde,2025-03-25,openregister,Prepping audit trails for uuid's,14283/120/01,medium,false
a0c74b9b10420953e49e95d9fa765b7a342f9da5,Ruben van der Linde,2025-03-25,openregister,Prepping audit trails for uuid's,14283/120/01,medium,false
ad9e79a24427f9055998d9d4d3ba099093b42039,Ruben van der Linde,2025-03-25,openregister,Fixes for properly setting the object self values in the frontend,14283/119/01,low,false
258fa749c09a22d1606fdfa494c74ad67d3893ae,Ruben van der Linde,2025-03-25,openregister,Fixes for properly setting the object self values in the frontend,14283/119/01,low,false
93b88f2ea0c695cd608a6c34de6e85d42745965e,Ruben van der Linde,2025-03-25,openregister,Filter fix for correctly setting the data,14283/119/02,high,false
79c8369afc39578f3b92aea511001126f124f1e2,Ruben van der Linde,2025-03-25,openregister,Filter fix for correctly setting the data,14283/119/02,high,false
3bf4adda8667aba2ced1d706218bf42c198aa75c,Ruben van der Linde,2025-03-25,openregister,Merge branch 'feature/REGISTERS-128/generic/controllers' of https://github.com/ConductionNL/OpenRegisters into feature/REGISTERS-128/generic/controllers,14283/119/02,medium,true
0f275f5ec2e7f95ddb0f2eaa4dae21a0feb73bca,Ruben van der Linde,2025-03-25,openregister,Merge branch 'feature/REGISTERS-128/generic/controllers' of https://github.com/ConductionNL/OpenRegisters into feature/REGISTERS-128/generic/controllers,14283/119/02,medium,true
02f68a29f9d262cf5e2f94753f1bf0f0bbbcc013,Ruben van der Linde,2025-03-25,openregister,Fixes on object save,14283/119/01,low,false
acc3659838c58fd9b51173434ebba0d63789a24e,Ruben van der Linde,2025-03-25,openregister,Fixes on object save,14283/119/01,low,false
e54b9bac28008fea1964f896adef55cf11198b9d,Robert Zondervan,2025-03-25,openregister,fix some PR comments,14283/119/01,low,false
3c6a68ab6e6e28d6534d6f9747a9f157c9ac18bc,Robert Zondervan,2025-03-25,openregister,fix some PR comments,14283/119/01,low,false
2ca4c27e3709632e07cb61eee45db34cdefbfac1,Ruben van der Linde,2025-03-25,openregister,Merge branch 'feature/REGISTERS-128/generic/controllers' of https://github.com/ConductionNL/OpenRegisters into feature/REGISTERS-128/generic/controllers,14283/119/02,medium,true
8df2914911c639faf56cf9252a91ed16c8e4c604,Ruben van der Linde,2025-03-25,openregister,Merge branch 'feature/REGISTERS-128/generic/controllers' of https://github.com/ConductionNL/OpenRegisters into feature/REGISTERS-128/generic/controllers,14283/119/02,medium,true
783d6419a2aa76212695309280f15ce001ce7884,Ruben van der Linde,2025-03-25,openregister,Fix the add object modal,14283/119/01,low,false
11ed6f3f3ee9ddfc47d8fc9eaa054f5042b09143,Ruben van der Linde,2025-03-25,openregister,Fix the add object modal,14283/119/01,low,false
613e6e23c33ea4e30cd2040626eac88abf0be36b,Robert Zondervan,2025-03-24,openregister,Add todo comment at possibly faulty block of code,14283/120/02,high,false
c47384140978a33d8f996006754827c31f812137,Robert Zondervan,2025-03-24,openregister,Add todo comment at possibly faulty block of code,14283/120/02,high,false
604f84f1c4c36dc13b0b2c1eaa2e3cbe5d1d4610,Robert Zondervan,2025-03-24,openregister,Fixes and cleanup,14283/119/01,low,false
98b3b025db6a793c1925e5676716e68e34d17b5e,Robert Zondervan,2025-03-24,openregister,Fixes and cleanup,14283/119/01,low,false
800b4f433e673805bc7486200a907f357fd081aa,GitHub Action,2025-03-24,openregister,Bump version to 0.1.60,14283/119/01,low,true
5cc903e19f89d2cfae4727a37069dc4c8c56ebea,GitHub Action,2025-03-24,openregister,Bump version to 0.1.60,14283/119/01,low,true
c763cd9fbe7f49ced3ec5a51c29c0dbefac421b8,github-actions[bot],2025-03-24,openregister,[Changelog CI] Add Changelog for Version 0.1.60,14283/120/02,low,true
8055f477e155b763b1dd3f33946b319d7ffaba3d,Remko Huisman,2025-03-24,openregister,Merge pull request #298 from ConductionNL/development,14283/119/01,low,true
34a223e5ace4c09ee27b156fe92d7a1d12d734df,Remko Huisman,2025-03-24,openregister,Merge pull request #298 from ConductionNL/development,14283/119/01,low,true
24ff910145380a129be21de112ee847767f98f6e,Ruben van der Linde,2025-03-24,openregister,Fix for duplicate object  creation,14283/119/01,low,false
7d34d04ee1308f331bd61d90357170d86dc3c94f,Ruben van der Linde,2025-03-24,openregister,Fix for duplicate object  creation,14283/119/01,low,false
52d763dd5188b9369848f19407bd77f10070d5f1,Remko Huisman,2025-03-24,openregister,Merge pull request #296 from ConductionNL/feature/publication-files,14283/119/01,low,true
d6676d4a08c7befca09d9dec1cd1a06ec545c19d,Remko Huisman,2025-03-24,openregister,Merge pull request #296 from ConductionNL/feature/publication-files,14283/119/01,low,true
4d209676e96acee3654bd1696eba1054f3326d90,Remko,2025-03-24,openregister,Fixed publication file total being the same as limit,14283/119/01,low,false
2de5a0be7ba83da7319e3b2974646f3aa4d78f26,Remko,2025-03-24,openregister,Fixed publication file total being the same as limit,14283/119/01,low,false
1ea9308f0b5dd7c89128ea3daf2bd032d070e4c8,Ruben van der Linde,2025-03-24,openregister,Last fixes for getting the edit to work,14283/119/01,low,false
04e1670044375e19e58af0c4a58b191bc61f7a49,Ruben van der Linde,2025-03-24,openregister,Last fixes for getting the edit to work,14283/119/01,low,false
8e97ed0f2a4d900b5cff5eac386b46f2ff601009,Ruben van der Linde,2025-03-24,openregister,Working on refactoring saving objects,14283/119/01,medium,false
410dd0441eb08435274b20c610e9d4ef622cc4f3,Ruben van der Linde,2025-03-24,openregister,Working on refactoring saving objects,14283/119/01,medium,false
9588c0f9f382c2c9bb048f3aec6f59c4a93934c9,Ruben van der Linde,2025-03-23,openregister,Cleanop the view dialog,14283/119/02,medium,false
57c4047c75b3955c7f09994ce3b83a7a3dfc7a2e,Ruben van der Linde,2025-03-23,openregister,Cleanop the view dialog,14283/119/02,medium,false
21cb6961aa2e9c35fad0f68f081aa025211ad8ed,Ruben van der Linde,2025-03-23,openregister,Fix code mirror in the object view,14283/119/02,medium,false
e3f090baa134e36ab4cb3c82b0a01f4a453fc1b0,Ruben van der Linde,2025-03-23,openregister,Fix code mirror in the object view,14283/119/02,medium,false
29a4767a63b6a6095bbade5c7d5e5199b2011b79,Ruben van der Linde,2025-03-23,openregister,First draft of the view modal,14283/119/02,medium,false
faa91fac58b9da3fcc9de0ff58edd76377e93dce,Ruben van der Linde,2025-03-23,openregister,First draft of the view modal,14283/119/02,medium,false
9bb31c1977e5a6d2b740ba96995505d9869b7302,Ruben van der Linde,2025-03-23,openregister,Fix view dialog,14283/119/02,medium,false
d93db435497af9801eb618892573eb54326cecfc,Ruben van der Linde,2025-03-23,openregister,Fix view dialog,14283/119/02,medium,false
5563df0629e24a2a59950e64583c4543d4afcf70,Ruben van der Linde,2025-03-23,openregister,Lets add the extra views for our new found functionality,14283/119/02,medium,false
543115946259c85c029ba8e8dfae5b291c3dc986,Ruben van der Linde,2025-03-23,openregister,Lets add the extra views for our new found functionality,14283/119/02,medium,false
bbd844f26b7ab7992f8e8dc131fa3487fa117fd4,Ruben van der Linde,2025-03-23,openregister,Bit of linting fixes,14283/119/01,low,false
f1afaed5118446565ae7b938fe57082bda9d81f3,Ruben van der Linde,2025-03-23,openregister,Bit of linting fixes,14283/119/01,low,false
24c7ae777339cfdf7909197ab3dcbbaf6c674cbd,Ruben van der Linde,2025-03-22,openregister,Set owner and application,14283/119/01,low,false
11fa565e1d7a7c75958285df0796379c01c2f157,Ruben van der Linde,2025-03-22,openregister,Set owner and application,14283/119/01,low,false
26ebb4c3cd81b809e49c88bee1bcb54959ffe6dd,Ruben van der Linde,2025-03-22,openregister,Let quickly fix soft deleted,14283/119/01,low,false
1859fbe86f0262c461f6014597dc5bb101168613,Ruben van der Linde,2025-03-22,openregister,Let quickly fix soft deleted,14283/119/01,low,false
db36d4dacdbbdcf8043f4ae287c41291c5c47e6b,Ruben van der Linde,2025-03-22,openregister,Fixed the action menu,14283/119/01,low,false
4eaca83f52801b37ea5b253fe7aa22e305253437,Ruben van der Linde,2025-03-22,openregister,Fixed the action menu,14283/119/01,low,false
ca48e921a8ca4bc72f298839ab21f7042f2b97dd,Ruben van der Linde,2025-03-22,openregister,Small frontend fixes,14283/119/01,low,false
35c5734f045c369765693de469eec0c31efff5a3,Ruben van der Linde,2025-03-22,openregister,Small frontend fixes,14283/119/01,low,false
6dbe3c4bb0717140b03a07b585301c24a0b14c2c,Ruben van der Linde,2025-03-22,openregister,Corretly loop trough properties,14283/119/02,high,false
ae866105aa2f9cd1e101dc74ff34c816621cd1ec,Ruben van der Linde,2025-03-22,openregister,Corretly loop trough properties,14283/119/02,high,false
eb3af26d6fbeed3359a120d20b88fd4269226be9,Ruben van der Linde,2025-03-22,openregister,Making the collums work,14283/119/01,low,false
d671f26bce5e55a2195a47a8434fe4c99d058687,Ruben van der Linde,2025-03-22,openregister,Making the collums work,14283/119/01,low,false
b54bee77dfcd53354c72b75fe1292d715ccd4e1a,Ruben van der Linde,2025-03-22,openregister,Styling fixes,14283/119/01,low,false
9b3d9d81f3f1a4748e080bf59000da00d0a2fc69,Ruben van der Linde,2025-03-22,openregister,Styling fixes,14283/119/01,low,false
bf8a2fde481f8ee5821f7d21fce97eb063a48d19,Ruben van der Linde,2025-03-22,openregister,Add the text search input,14283/119/02,high,false
92827e1d9b1d82b23bf430ba4c71e25115c51853,Ruben van der Linde,2025-03-22,openregister,Add the text search input,14283/119/02,high,false
bc36ecca22f90e3f64e2d3168992039a39e4161b,Ruben van der Linde,2025-03-22,openregister,Fix for selects displaying undefined,14283/119/01,low,false
fbd901d0a90472457faff3290ab70f29e604be6d,Ruben van der Linde,2025-03-22,openregister,Fix for selects displaying undefined,14283/119/01,low,false
e7ec726ab570b5e11d26f2be91e2eda32f2152b5,Ruben van der Linde,2025-03-22,openregister,Fixed setting register and schema from the searchsidebar,14283/119/02,high,false
a1982aafd825a021b40873d22c0f9fff2fe44809,Ruben van der Linde,2025-03-22,openregister,Fixed setting register and schema from the searchsidebar,14283/119/02,high,false
e0e6711d9ea0119fbe6a70785fb33c5421da52c7,Ruben van der Linde,2025-03-22,openregister,Code refactoring,14283/119/01,medium,false
7b24f23045fead92a48b62e8509d33ddd46a4c4e,Ruben van der Linde,2025-03-22,openregister,Code refactoring,14283/119/01,medium,false
fa6cdd0bd56104c84c9a2bbc56835ba209d8cae0,Ruben van der Linde,2025-03-22,openregister,Nice note card display,14283/119/01,low,false
7246ec4413f17c0de0d40e07d4feee493dfc6f64,Ruben van der Linde,2025-03-22,openregister,Nice note card display,14283/119/01,low,false
36e63ed16832d0da72dce45233168019de4a11df,Ruben van der Linde,2025-03-22,openregister,Working on the table page,14283/119/01,low,false
18ebe2bcd6c9cbb0ad3164252f772d9f350ab89f,Ruben van der Linde,2025-03-22,openregister,Working on the table page,14283/119/01,low,false
0b278c8ea9ab0ae53d848e64ee0540db1aa4067b,Ruben van der Linde,2025-03-22,openregister,More work on the table pages,14283/119/01,low,false
c02e4392e80969e29e0d83090cb4e19250bbeeff,Ruben van der Linde,2025-03-22,openregister,More work on the table pages,14283/119/01,low,false
09373a5ce697650c6a60637380c1cea68436affe,rubenvdlinde,2025-03-21,openregister,deploy: aaeb605122b78d94e53dc25e1ed4c01519fa9120,14283/119/01,low,true
88412b2f653afd3117973372a992dd1329cf5283,Ruben van der Linde,2025-03-21,openregister,Quick fix on intro,14283/119/01,low,false
aaeb605122b78d94e53dc25e1ed4c01519fa9120,Ruben van der Linde,2025-03-21,openregister,Quick fix on intro,14283/119/01,low,false
e84f149d711e1853d3e3727ddbb3e980e5019857,Ruben van der Linde,2025-03-21,openregister,Remove failed experiment,14283/119/01,low,false
abfe30cb0b0572f85c89d198b699caa9c77beb46,Ruben van der Linde,2025-03-21,openregister,Remove failed experiment,14283/119/01,low,false
ebb297e8458a96a858da804d061b8524027b9ce8,Ruben van der Linde,2025-03-21,openregister,Lets add developers documentation,14283/119/01,low,false
f682ba14628552323b2df640095ade82134d45f2,Ruben van der Linde,2025-03-21,openregister,Lets add developers documentation,14283/119/01,low,false
cb7ce1d6244eb35b1ffabe1314931459a15ace8e,github-actions[bot],2025-03-21,openregister,[Changelog CI] Add Changelog for Version 0.1.59,14283/120/02,low,true
cb00a8050bfbb44014d28745a71960ba8f82fcab,GitHub Action,2025-03-21,openregister,Bump version to 0.1.59,14283/119/01,low,true
acd6b11173ef0450a3f1385a691a8c9f24856e96,GitHub Action,2025-03-21,openregister,Bump version to 0.1.59,14283/119/01,low,true
24c3deeebc417d5a7dcb3c674a98e1b21798e6cb,Wilco Louwerse,2025-03-21,openregister,Merge pull request #292 from ConductionNL/development,14283/119/01,low,true
9e3efb652a1f4b881fea21c68a794f5e597ca5fa,Wilco Louwerse,2025-03-21,openregister,Merge pull request #292 from ConductionNL/development,14283/119/01,low,true
95e59837107b8241d2f8cb312f29c91baeaf1edb,Wilco Louwerse,2025-03-21,openregister,Merge pull request #291 from ConductionNL/fix/undefined,14283/119/01,low,true
b141efbbb1732c524a5e47169837aad42565ff75,Wilco Louwerse,2025-03-21,openregister,Merge pull request #291 from ConductionNL/fix/undefined,14283/119/01,low,true
0b5f001a39b0a3531c561c9076fb145265ab0459,Wilco Louwerse,2025-03-21,openregister,Fix undefined property,14283/119/01,low,false
e37e826a313d32d040b199582314749b15a64dc0,Wilco Louwerse,2025-03-21,openregister,Fix undefined property,14283/119/01,low,false
367f1dcc79e67d09b5f99c26f874329b53630d9d,Ruben van der Linde,2025-03-21,openregister,minor code fixes,14283/119/01,low,false
5b71b3aaf593dacae5a725b7db63504e36b126af,Ruben van der Linde,2025-03-21,openregister,minor code fixes,14283/119/01,low,false
8b9060a2bc20e1ec81fcea3ba19ea8c0cb6fdb1b,Ruben van der Linde,2025-03-21,openregister,minor code fixes,14283/119/01,low,false
c2a4cee0247a1f8417652880bef8040a8e24f746,Ruben van der Linde,2025-03-21,openregister,minor code fixes,14283/119/01,low,false
4a2374c8991c94ad7d82662ed0b4d5f8de480f24,github-actions[bot],2025-03-21,openregister,[Changelog CI] Add Changelog for Version 0.1.58,14283/120/02,low,true
b32a63629da00614f96b629fb4267dd2dc595d7a,GitHub Action,2025-03-21,openregister,Bump version to 0.1.58,14283/119/01,low,true
9d3527d02e12016736a64b4b12804ffb3ff82011,GitHub Action,2025-03-21,openregister,Bump version to 0.1.58,14283/119/01,low,true
50f179732ee1f892a069921345884012e52703df,Barry Brands,2025-03-21,openregister,Merge pull request #289 from ConductionNL/development,14283/119/01,low,true
a3a3da1ffa28b60e45b68eabf408196058e117db,Barry Brands,2025-03-21,openregister,Merge pull request #289 from ConductionNL/development,14283/119/01,low,true
10824117fd780431b568d74a4041e52719ba014c,Barry Brands,2025-03-21,openregister,Merge pull request #288 from ConductionNL/feature/REGISTERS-129/set-object-with-id-or-uri,14283/119/02,medium,true
a07156144dd240e01d88cda3ccb996d69f0f85e7,Barry Brands,2025-03-21,openregister,Merge pull request #288 from ConductionNL/feature/REGISTERS-129/set-object-with-id-or-uri,14283/119/02,medium,true
64b3e1b10b40cfdf3a28e65b57d3413bfa17205d,Barry Brands,2025-03-21,openregister,Move code to function,14283/119/01,low,false
b4ba9240446ddcbde5182f75050c212dae147202,Barry Brands,2025-03-21,openregister,Move code to function,14283/119/01,low,false
f73130b2dcf101506fc12cc48a503284198e8b8b,Barry Brands,2025-03-21,openregister,add url check,14283/119/01,low,false
a7978be42909ad47026fe95eea6f3dc00ad2391c,Barry Brands,2025-03-21,openregister,add url check,14283/119/01,low,false
fa795da00331ade30d62fc5ba25c2cbcd2274dbe,Barry Brands,2025-03-21,openregister,small fix,14283/119/01,low,false
95633c880db799d97d54065096d0103a75f34444,Barry Brands,2025-03-21,openregister,small fix,14283/119/01,low,false
8f109bc5937d1b30f163d12abe26fccb713a49af,Barry Brands,2025-03-21,openregister,Cleanup get id from item,14283/119/01,low,false
4a4931fb6d65e92b40446c9c5abbf04afc3bfc1a,Barry Brands,2025-03-21,openregister,Cleanup get id from item,14283/119/01,low,false
5d4e145e67f92142366d7f36098514a382bdd71d,Ruben van der Linde,2025-03-21,openregister,REGISTERS-125 Add search controller,14283/119/02,high,false
1b34781fa0d58db71cd75edcca1863aff09657e6,Ruben van der Linde,2025-03-21,openregister,REGISTERS-125 Add search controller,14283/119/02,high,false
05d8c4609f4366a25a62dfac328c4eef9067b63d,Ruben van der Linde,2025-03-21,openregister,Ad search profider for REGISTERS-125,14283/119/02,high,false
06e8107e43e3f93e93c9e5606bc84d766ad7c5ba,Ruben van der Linde,2025-03-21,openregister,Ad search profider for REGISTERS-125,14283/119/02,high,false
b51bf7dc2c4427a929f04251c6f856a89bffa8c7,Ruben van der Linde,2025-03-21,openregister,Merge remote-tracking branch 'origin/feature/VSC-226/inversedBy' into feature/REGISTERS-128/generic/controllers,14283/119/02,medium,true
1bc20fdf41ac6089370d8e88bd922a9edb026c80,Ruben van der Linde,2025-03-21,openregister,Merge remote-tracking branch 'origin/feature/VSC-226/inversedBy' into feature/REGISTERS-128/generic/controllers,14283/119/02,medium,true
dbb550b3ec6b88453d9d02a956248be11747f24e,Ruben van der Linde,2025-03-21,openregister,Lets refactor the frontend for the new urls,14283/119/01,medium,false
5f09bb6639ac3ad01bbe4e3b547425ed6edcb2a5,Ruben van der Linde,2025-03-21,openregister,Lets refactor the frontend for the new urls,14283/119/01,medium,false
b4356c36cc220aff71a103370027299ea3e0db85,Ruben van der Linde,2025-03-21,openregister,Bit of code fixing,14283/119/01,low,false
ba87d627c51fb50bce7267198131cec4af8ca509,Ruben van der Linde,2025-03-21,openregister,Bit of code fixing,14283/119/01,low,false
7706eaf7f2dbc3caa824d7902ab49f0f08983638,Ruben van der Linde,2025-03-21,openregister,Lets set up slug based controllers,14283/119/01,low,false
2e346dac95719f054a36212e49c6537f9e8ae423,Ruben van der Linde,2025-03-21,openregister,Lets set up slug based controllers,14283/119/01,low,false
192c3f50067130839103d3343f1e7160d12fa094,Ruben van der Linde,2025-03-20,openregister,Setting up the objects controller,14283/119/01,low,false
74e35839b627eadc3e6ca2c8fa46903496f94ec4,Ruben van der Linde,2025-03-20,openregister,Setting up the objects controller,14283/119/01,low,false
2cb1bdb30dda87b5a32b696011f985c3c59ccb46,Barry Brands,2025-03-20,openregister,Fix setting object with id or uri,14283/119/01,low,false
881c1b521d17928454b42e690a7a42a55085e323,Barry Brands,2025-03-20,openregister,Fix setting object with id or uri,14283/119/01,low,false
fa92bb9500018b5baaf6bd8c2130e4be1ce47028,Barry Brands,2025-03-20,openregister,Fix json schema for object uris,14283/119/02,medium,false
5b915148538e146e6e30f16b8b3abd9ccbadf1e8,Barry Brands,2025-03-20,openregister,Fix json schema for object uris,14283/119/02,medium,false
6c7c6d7ffd262741c8b2471b7c7e3cb5e8a40c3b,Robert Zondervan,2025-03-20,openregister,Add a small todo,14283/119/01,low,false
54075f70406b467a1c5ed93cefcff7d164135fb5,Robert Zondervan,2025-03-20,openregister,Add a small todo,14283/119/01,low,false
978a153fce0a2183f8f272f0288294c868302f8f,Robert Zondervan,2025-03-20,openregister,use serialized object and use dot more efficiently,14283/119/01,low,false
d4f86301ff00843d35ec745a354a352b640f79e9,Robert Zondervan,2025-03-20,openregister,use serialized object and use dot more efficiently,14283/119/01,low,false
c192399a3671fb57443f23114095c92bc8d06eb3,Ruben van der Linde,2025-03-20,openregister,Verkeerd geplaats haakje,14283/119/01,low,false
2161c45982033572f31a65f001f0fb787f9d7d0e,Ruben van der Linde,2025-03-20,openregister,Verkeerd geplaats haakje,14283/119/01,low,false
e80a5e10082bd5b7e41af37a0a8cd751f8c6aaf2,Ruben van der Linde,2025-03-20,openregister,Why not,14283/119/01,low,false
284cbc352478ef739ad070c928f319a49f5daeb3,Ruben van der Linde,2025-03-20,openregister,Why not,14283/119/01,low,false
0c62bf48f749d21349d17b07206e89b5b55e6d3d,Ruben van der Linde,2025-03-20,openregister,Merge branch 'documentation' of https://github.com/ConductionNL/OpenRegisters into documentation,14283/119/02,medium,true
f56256e8ec19714142da38d8de2f3d0bc88fcfcd,Ruben van der Linde,2025-03-20,openregister,Merge branch 'documentation' of https://github.com/ConductionNL/OpenRegisters into documentation,14283/119/02,medium,true
6afb3f528e8aa233f9c8ce1eae53740d6e587b09,Ruben van der Linde,2025-03-20,openregister,Hating this,14283/119/01,low,false
42e4e128657e7b48c0c4fb37f58807f9bebaa075,Ruben van der Linde,2025-03-20,openregister,Hating this,14283/119/01,low,false
2d92c50b4c3eda80b649761561eca8fefd871de2,GitHub Action,2025-03-20,openregister,docs: Update service documentation,14283/119/01,low,true
9a0cc58939fbfabf131dc01d3140ad1885415960,GitHub Action,2025-03-20,openregister,docs: Update service documentation,14283/119/01,low,true
9f4940f404c0fe515c876a3df7b7e9da2f2d5343,Ruben van der Linde,2025-03-20,openregister,Let clean up the mess,14283/119/01,low,false
78b301c67f66b4546ed840e098315e1df1c43ae2,Ruben van der Linde,2025-03-20,openregister,Let clean up the mess,14283/119/01,low,false
a79575101bd010fc7d889e6d2fe2f507f9f1ddc6,Ruben van der Linde,2025-03-20,openregister,Let go again,14283/119/01,low,false
5532ac39f880e356442f55319011c5ee23d64a94,Ruben van der Linde,2025-03-20,openregister,Let go again,14283/119/01,low,false
fa5856e99350b9b8bb6b3e14c9554880b1b21164,GitHub Action,2025-03-20,openregister,docs: Update service documentation,14283/119/01,low,true
8912f60acd5b058ec8cbe8c5e3c3c1b177a142f3,GitHub Action,2025-03-20,openregister,docs: Update service documentation,14283/119/01,low,true
c0364462b617ac3a2742fec67379a7cad5d5de1e,Ruben van der Linde,2025-03-20,openregister,Lets go again,14283/119/01,low,false
2ce3e0b9a57496b236a1ab62b09917b74d4094be,Ruben van der Linde,2025-03-20,openregister,Lets go again,14283/119/01,low,false
512453df037e2f18bb26fcd0b4c4832175f5076a,Ruben van der Linde,2025-03-20,openregister,Switch to index,14283/119/02,high,false
e978c4e4cbcb09ba8137f99ac60f5340d569b5f7,Ruben van der Linde,2025-03-20,openregister,Switch to index,14283/119/02,high,false
2e69fa5fbaa7d023f49f4054975a6b2124e66dd7,Ruben van der Linde,2025-03-20,openregister,Php Documentor,14283/119/01,low,false
43f99467f92d5acae607df70c6146f713e7d5366,Ruben van der Linde,2025-03-20,openregister,Php Documentor,14283/119/01,low,false
f413ee23111a3c36aee7b452e3f3f4540d1f6647,Ruben van der Linde,2025-03-20,openregister,Lets test this,14283/119/01,low,false
ce9dc2ee59c04d7ff0b7dcf66e1379eb6ffc1668,Ruben van der Linde,2025-03-20,openregister,Lets test this,14283/119/01,low,false
f09c637fbb057dbfbe47d65ac50bf7687439889d,Alex,2025-03-20,openregister,Merge pull request #281 from ConductionNL/feature/REGISTERS-127/stats-dashboard,14283/119/02,medium,true
6aa2bf2f3a3d2f55a169d2c9e9d97851a959d2c6,Alex,2025-03-20,openregister,Merge pull request #281 from ConductionNL/feature/REGISTERS-127/stats-dashboard,14283/119/02,medium,true
54ac14265182caaeac5e73a881ec3b3c8f990ff0,Ruben van der Linde,2025-03-20,openregister,Try agin,14283/119/01,low,false
298317522749a3a1a13e902d0c859af52207379e,Ruben van der Linde,2025-03-20,openregister,Try agin,14283/119/01,low,false
6f682a1f45115035b6be716d2e7c1a44795c0d1f,rubenvdlinde,2025-03-20,openregister,deploy: 93602b3d91a39ac3361e99530ee792843136036d,14283/119/01,low,true
20fd31dda856a2986c2ac112f9bc3ddbf0bcc3d2,Ruben van der Linde,2025-03-20,openregister,Lets use the redoc a bit more,14283/119/01,low,false
93602b3d91a39ac3361e99530ee792843136036d,Ruben van der Linde,2025-03-20,openregister,Lets use the redoc a bit more,14283/119/01,low,false
ac207a1b320a157cb3a36d00302fd50740cd5ed7,Ruben van der Linde,2025-03-20,openregister,Let try agian,14283/119/01,low,false
bf9bf34a6c9f987b73a7afcc9f94906754671b98,Ruben van der Linde,2025-03-20,openregister,Let try agian,14283/119/01,low,false
f7b64b93a485e8dab438cba911baa0130cf1da5b,Ruben van der Linde,2025-03-20,openregister,Lets try this again,14283/119/01,low,false
bbce1da1406dd0ecaabbf95886f99f83fb249d6a,Ruben van der Linde,2025-03-20,openregister,Lets try this again,14283/119/01,low,false
b9dd960226d01c4d422a7c3e6c220fa476aa2cc6,Ruben van der Linde,2025-03-20,openregister,Lets try to create service documentation,14283/119/01,low,false
8f903e8fd2ff73e8cba09301b41a45bbf2acefbd,Ruben van der Linde,2025-03-20,openregister,Lets try to create service documentation,14283/119/01,low,false
d13d06d37e1bf332a00f539dba932a5c6943ef03,rubenvdlinde,2025-03-20,openregister,deploy: 30eec200a290f978c4e293da29296dc21d87cfe3,14283/119/01,low,true
e46bb88e217e9f67c634a4057169545c29cbe5a1,Ruben van der Linde,2025-03-20,openregister,Lets keep on working on the oas,14283/119/02,low,false
30eec200a290f978c4e293da29296dc21d87cfe3,Ruben van der Linde,2025-03-20,openregister,Lets keep on working on the oas,14283/119/02,low,false
cd8f55d5f005b52233d796b730f3bd24a1fd2cd4,rubenvdlinde,2025-03-20,openregister,deploy: 440f7440e02cdc692393b9a324047686fc047b3f,14283/119/01,low,true
16415d025272043fc06cd0f11c70d4bf30561798,Ruben van der Linde,2025-03-20,openregister,Fixed wrongdoing in the header,14283/119/01,low,false
440f7440e02cdc692393b9a324047686fc047b3f,Ruben van der Linde,2025-03-20,openregister,Fixed wrongdoing in the header,14283/119/01,low,false
a83e14eaaebf46dd5af947295d96d46afd369749,Alex Rekachynskyi,2025-03-20,openregister,Dashboard statistics,14283/119/02,medium,false
e502c2b5721e2093bdb160c6782332792c64a388,Alex Rekachynskyi,2025-03-20,openregister,Dashboard statistics,14283/119/02,medium,false
46206dfbdb963e27cc05cc4dd27d42697d2c0d82,rubenvdlinde,2025-03-20,openregister,deploy: e395bccfdb5e3ffcf96c1f6f8165507256c6031c,14283/119/01,low,true
da243c215a7e8e82e61b39f7aca6420fa6ba8d99,Ruben van der Linde,2025-03-20,openregister,File typo,14283/119/01,low,false
e395bccfdb5e3ffcf96c1f6f8165507256c6031c,Ruben van der Linde,2025-03-20,openregister,File typo,14283/119/01,low,false
ca15974a1a9fe8229d500a3c0beca8016c29d14e,Ruben van der Linde,2025-03-20,openregister,Went trough al the objects documentation,14283/119/01,low,false
8a789ab58110356ed70be05e4d20804af35f4317,Ruben van der Linde,2025-03-20,openregister,Went trough al the objects documentation,14283/119/01,low,false
0f86a87350a961f768b0a6c71aef51bcc5aa685d,Ruben van der Linde,2025-03-20,openregister,Bit more work on the object page,14283/119/01,low,false
b2cba7475cc91277431279ec5b54fa3aa928a291,Ruben van der Linde,2025-03-20,openregister,Bit more work on the object page,14283/119/01,low,false
66787a4618294c254ea0176ed9bdcd7055092c9c,Ruben van der Linde,2025-03-20,openregister,Merge branch 'feature/VSC-226/inversedBy' into documentation,14283/119/01,low,true
087261cde0ff706cda6e9e317ee9b561311c5a00,Ruben van der Linde,2025-03-20,openregister,Merge branch 'feature/VSC-226/inversedBy' into documentation,14283/119/01,low,true
31f7423c8c3555f0fbc4650ce995cdec00f87df1,Ruben van der Linde,2025-03-20,openregister,Lets suport this on the primary endpoinst,14283/119/01,medium,false
8f1a130b74ab60999a8fd479e488cafc76e03732,Ruben van der Linde,2025-03-20,openregister,Lets suport this on the primary endpoinst,14283/119/01,medium,false
02babf851c82f93e65bab1950d9b3fbb75f32237,Ruben van der Linde,2025-03-20,openregister,Lets add extend,14283/119/01,low,false
48ff79a81f6ec52c43f6acb61bc4e1e9577f24da,Ruben van der Linde,2025-03-20,openregister,Lets add extend,14283/119/01,low,false
70b2b3598e6c7b01975f663d1afa847bb30b2306,Alex,2025-03-20,openregister,Merge pull request #273 from ConductionNL/feature/WOO-283/OpenRegister-better-markup,14283/119/02,medium,true
f28d25c56abe6ed1c1dce2b1dbf716b37f426e18,Alex,2025-03-20,openregister,Merge pull request #273 from ConductionNL/feature/WOO-283/OpenRegister-better-markup,14283/119/02,medium,true
baa62f3783376a5bfb146f0d5d171c6250e1354a,Alex Rekachynskyi,2025-03-20,openregister,Merge remote-tracking branch 'origin/feature/WOO-283/OpenRegister-better-markup' into feature/WOO-283/OpenRegister-better-markup,14283/119/02,medium,true
d86134de05af31626c5ea3013d0c1f14956e5d47,Alex Rekachynskyi,2025-03-20,openregister,Merge remote-tracking branch 'origin/feature/WOO-283/OpenRegister-better-markup' into feature/WOO-283/OpenRegister-better-markup,14283/119/02,medium,true
2d7128a5e30e67069580fc729f8cfd4093133f9d,Alex Rekachynskyi,2025-03-20,openregister,lintfix,14283/119/01,low,false
dd5edd65dc70672930d58154d88c9982425efbc1,Alex Rekachynskyi,2025-03-20,openregister,lintfix,14283/119/01,low,false
5b9d7438db3a7e6042aa9e172dd2c49a87c7d9b2,Thijn,2025-03-20,openregister,Update LockObject.vue,14283/119/01,low,false
713f448c599caa69f0ef88fb781cc202183bae3a,Thijn,2025-03-20,openregister,Update LockObject.vue,14283/119/01,low,false
95b290c4930c987db0a2135641fe35153f62b645,Alex,2025-03-20,openregister,Update src/modals/object/LockObject.vue,14283/119/01,low,false
4d336801e09e80d833bbec9c571ffaa6ef236543,Alex,2025-03-20,openregister,Update src/modals/object/LockObject.vue,14283/119/01,low,false
cab3c53ec303d63e044f968dbdef9aebaf4848d9,Ruben van der Linde,2025-03-20,openregister,Add fields en filter functionality,14283/119/02,high,false
9896fcbea1e2598eceb87bf96e9865c0216bc6ce,Ruben van der Linde,2025-03-20,openregister,Add fields en filter functionality,14283/119/02,high,false
72a81bf13009a1a8db344f2652757717ee083828,rubenvdlinde,2025-03-20,openregister,deploy: 1bb3caa522d03d6f2a8845742182971b44ad34b0,14283/119/01,low,true
d2509c032cf3115026defb5f09dec37872befccf,Ruben van der Linde,2025-03-20,openregister,This would be cool...,14283/119/01,low,false
1bb3caa522d03d6f2a8845742182971b44ad34b0,Ruben van der Linde,2025-03-20,openregister,This would be cool...,14283/119/01,low,false
958cd9607d2253000dd33aa52673347e2f652ca4,rubenvdlinde,2025-03-20,openregister,deploy: 64500f21f25ca528bca561a1b4784ce759cb9209,14283/119/01,low,true
61f86314c8132c3f6a14aaca1ddd70b391aaae0d,Ruben van der Linde,2025-03-20,openregister,Mermaid test,14283/119/01,low,false
64500f21f25ca528bca561a1b4784ce759cb9209,Ruben van der Linde,2025-03-20,openregister,Mermaid test,14283/119/01,low,false
a1cf7d9bd99b0376ee2260a9f02b25154a6859a5,rubenvdlinde,2025-03-20,openregister,deploy: 06a27ca98aaccedb8192f3492bfc60a32b0b14bc,14283/119/01,low,true
bf06abbb0652f66131483da10ffabd187932fa3f,Ruben van der Linde,2025-03-20,openregister,Trying to properly get the OAS to work,14283/119/02,low,false
06a27ca98aaccedb8192f3492bfc60a32b0b14bc,Ruben van der Linde,2025-03-20,openregister,Trying to properly get the OAS to work,14283/119/02,low,false
4756751d0a56773973bf489c20495e171f60ca3b,Ruben van der Linde,2025-03-20,openregister,Remove broken links,14283/119/01,low,false
5d7f71e622eecc39887cc8ca130b538e90671ab0,Ruben van der Linde,2025-03-20,openregister,Remove broken links,14283/119/01,low,false
0ee5cabd9f3c5f24c9e894906abd310687e29851,Ruben van der Linde,2025-03-20,openregister,Update the intro page,14283/119/01,low,false
ddbd632c6ae77a8accb4301d3db3b300a6898322,Ruben van der Linde,2025-03-20,openregister,Update the intro page,14283/119/01,low,false
8960353b863dd1af6008d77bc9393ba06722fb5b,Ruben van der Linde,2025-03-20,openregister,Merged all the documentation,14283/119/01,low,false
c00e93eb80cd06c687dc8666aa13286fcf0cdc7a,Ruben van der Linde,2025-03-20,openregister,Merged all the documentation,14283/119/01,low,false
3187382f4d0f8624d0f0dc1ea523be5fce75e1d0,Ruben van der Linde,2025-03-20,openregister,Lets clean up the docs a bit more,14283/119/01,low,false
1e3e67281f9ce3cc703cbba125053205f00e7371,Ruben van der Linde,2025-03-20,openregister,Lets clean up the docs a bit more,14283/119/01,low,false
d9878d21442099e6cc0cf2db8d4744f9de54a13b,Ruben van der Linde,2025-03-19,openregister,Test,14283/119/01,low,false
23103fd55030cf261e70fc0ebdaae2c9c1d85839,Ruben van der Linde,2025-03-19,openregister,Test,14283/119/01,low,false
bf22956532261617159609961bbf20f269e7cf0d,Robert Zondervan,2025-03-19,openregister,Get file and versions for path,14283/119/01,low,false
7a8186f3a28316d1e52168a7dc77072be0246973,Alex Rekachynskyi,2025-03-19,openregister,MarkUp/Spacing upgraded,14283/119/01,low,false
cb851926546df99450933fb2b577303497255abf,Alex Rekachynskyi,2025-03-19,openregister,MarkUp/Spacing upgraded,14283/119/01,low,false
789fa59d6ae47b132fb58ed4acf8899950118223,rubenvdlinde,2025-03-19,openregister,deploy: dad5d7d9f504a508a37122a9775770a31d7ce589,14283/119/01,low,true
4079483a3de59af504683fb3893d621401f76018,Ruben van der Linde,2025-03-19,openregister,bracket fix,14283/119/01,low,false
dad5d7d9f504a508a37122a9775770a31d7ce589,Ruben van der Linde,2025-03-19,openregister,bracket fix,14283/119/01,low,false
138274e53244e80962bd3120185e40e28602f9ab,Ruben van der Linde,2025-03-19,openregister,Trying to do a good job on the core documentation,14283/120/02,high,false
a1134df85f2a57977c704f58d45a194a7c437c0c,Ruben van der Linde,2025-03-19,openregister,Trying to do a good job on the core documentation,14283/120/02,high,false
fbbf9be55244b471b158c3d1db966d95bb2d83c0,Robert Zondervan,2025-03-19,openregister,rename inverted to inversedBy,14283/119/01,low,false
80933ff44347134e0543d2ff2fca8677bf784b2b,Robert Zondervan,2025-03-19,openregister,rename inverted to inversedBy,14283/119/01,low,false
5f9880470959696dd6d9af4e77e0070057a58ffc,rubenvdlinde,2025-03-18,openregister,deploy: ddfbc96971a490b910b94a8d7cfffef00512e821,14283/119/01,low,true
93c7e20ad9ab67c3631ab96f64dcbc7f730aaaad,Ruben van der Linde,2025-03-18,openregister,Lets update the object docs,14283/119/01,low,false
ddfbc96971a490b910b94a8d7cfffef00512e821,Ruben van der Linde,2025-03-18,openregister,Lets update the object docs,14283/119/01,low,false
f2d7faee073dd25910594cf5e2660882f85e23e8,rubenvdlinde,2025-03-18,openregister,deploy: c778ac27478e49859fa057f2c11cb4f7ebda9f0a,14283/119/01,low,true
aabff3ded52523cf1031db2cabb53f4ef84e9ba7,Ruben van der Linde,2025-03-18,openregister,Lets add tabs,14283/119/01,low,false
c778ac27478e49859fa057f2c11cb4f7ebda9f0a,Ruben van der Linde,2025-03-18,openregister,Lets add tabs,14283/119/01,low,false
74475fc2b3b7736cdd3b88e775e3939b931bd794,Ruben van der Linde,2025-03-18,openregister,Merge branch 'development' into documentation,14283/119/01,low,true
3a87b2550200a9c374ab6c76040c0d4446188574,Ruben van der Linde,2025-03-18,openregister,Merge branch 'development' into documentation,14283/119/01,low,true
f1b9cf673e4927d6aab8856eeab3a595c7ddbee2,Robert Zondervan,2025-03-18,openregister,"Fix working inverse, reintroduce missing findMultiple function in mapper",14283/119/01,high,false
056aa2fad93641066fda63ba045c6ab53ed14faa,Robert Zondervan,2025-03-18,openregister,"Fix working inverse, reintroduce missing findMultiple function in mapper",14283/119/01,high,false
de83b70f967417cca18358ea74eb5f5acc1be3f1,github-actions[bot],2025-03-18,openregister,[Changelog CI] Add Changelog for Version 0.1.57,14283/120/02,low,true
2ca03689690b9ab5b1888632730a1b1c1396c0d4,GitHub Action,2025-03-18,openregister,Bump version to 0.1.57,14283/119/01,low,true
162893b6d6d0ee121b3d75b5cb4ed0178d931dd7,GitHub Action,2025-03-18,openregister,Bump version to 0.1.57,14283/119/01,low,true
a4d66b660f83b8ff87eae8c71dd53db75864abc3,Barry Brands,2025-03-18,openregister,Merge pull request #269 from ConductionNL/development,14283/119/01,low,true
e22cf6f82790e78c8d88c25597147fa475c93ffd,Barry Brands,2025-03-18,openregister,Merge pull request #269 from ConductionNL/development,14283/119/01,low,true
adc1813ff828097ad93ba47014e6eb2f239221ce,Ruben van der Linde,2025-03-18,openregister,Bit more logic,14283/119/01,low,false
d0a343bc899a1362952708c8ab799426d726c6a4,Ruben van der Linde,2025-03-18,openregister,Bit more logic,14283/119/01,low,false
3e450bbb9925420ea578f37add6c87e5fbd0dcc1,Ruben van der Linde,2025-03-18,openregister,Bit of code clean up,14283/119/01,low,false
75cf9dc788ec98b4ce6298f7c9bc4cdaa9bc4f14,Ruben van der Linde,2025-03-18,openregister,Bit of code clean up,14283/119/01,low,false
56ef59839369a2e6c538bd2c2690aeec6198e6c9,Ruben van der Linde,2025-03-18,openregister,Ad inverted by,14283/119/01,low,false
f0238e15b0ee82c636f331fcb47cc1e5609d6c2f,Ruben van der Linde,2025-03-18,openregister,Ad inverted by,14283/119/01,low,false
48a1e8d5fb82dd8f932d495f7bc3b028839fc722,Ruben van der Linde,2025-03-18,openregister,Add invertedBy functionality,14283/119/01,low,false
c95170162a69f641b8291e3b79c749cb51ad1595,Ruben van der Linde,2025-03-18,openregister,Add invertedBy functionality,14283/119/01,low,false
540112f24f949f9c6243b85b18aedd7d8d1f3c21,Barry Brands,2025-03-17,openregister,Merge pull request #268 from ConductionNL/feature/REGISTERS-124/property-immutable-validation,14283/119/02,medium,true
dd055b48624d73a87ab341fa200484131eb07174,Barry Brands,2025-03-17,openregister,Merge pull request #268 from ConductionNL/feature/REGISTERS-124/property-immutable-validation,14283/119/02,medium,true
6ec228380a9925d49f16f9874d834e2b8f96f599,Barry Brands,2025-03-17,openregister,move immutable to the updateFromArray function,14283/119/01,low,false
596de241c8ca93858110e3ac8bafac50c2ec029d,Barry Brands,2025-03-17,openregister,move immutable to the updateFromArray function,14283/119/01,low,false
b0a89a727602ca365e08ed7ba146852f2cf5e768,Barry Brands,2025-03-17,openregister,Merge branch 'development' into feature/REGISTERS-124/property-immutable-validation,14283/119/02,medium,true
d9832b6ca1e8324a0039005d1836d4dec0410190,Barry Brands,2025-03-17,openregister,Merge branch 'development' into feature/REGISTERS-124/property-immutable-validation,14283/119/02,medium,true
6a29eefb781a5583c72820069d7d264342902033,github-actions[bot],2025-03-17,openregister,[Changelog CI] Add Changelog for Version 0.1.56,14283/120/02,low,true
3f10eadbe09d41ca1db004584924ad34e9e01b88,GitHub Action,2025-03-17,openregister,Bump version to 0.1.56,14283/119/01,low,true
12434f1ede39f2998018e4c2aae6c882af7be5c8,GitHub Action,2025-03-17,openregister,Bump version to 0.1.56,14283/119/01,low,true
6e71044a021968bf0a85756d0e5254a3546c67ec,Barry Brands,2025-03-17,openregister,Merge pull request #262 from ConductionNL/development,14283/119/01,low,true
a541c488e48dec497fc175e8d34da4d0eadf2226,Barry Brands,2025-03-17,openregister,Merge pull request #262 from ConductionNL/development,14283/119/01,low,true
d33d7bc9b0a7694d0b8d775ed1c557383d771e0a,rubenvdlinde,2025-03-17,openregister,deploy: 0a7e31882f64c003aa9650b09a5d064452f4712d,14283/119/01,low,true
81e98a6ca0a88f1f1fd139915d5ff824f46490c1,Ruben van der Linde,2025-03-17,openregister,Remove name,14283/119/01,low,false
0a7e31882f64c003aa9650b09a5d064452f4712d,Ruben van der Linde,2025-03-17,openregister,Remove name,14283/119/01,low,false
109efe3202ae8b279e2401796acb8d59790bb6b7,Ruben van der Linde,2025-03-17,openregister,Typo fix,14283/119/01,low,false
d7d3fd5a56f3289cc076fda9f19cb4e7be03804f,Ruben van der Linde,2025-03-17,openregister,Typo fix,14283/119/01,low,false
6feb6d9eada27d0bc79f83d7d2cafaa1e44a9166,Ruben van der Linde,2025-03-17,openregister,Better naming,14283/119/01,low,false
2d04d996d48143343060e36b7b115c6ec7c7e369,Ruben van der Linde,2025-03-17,openregister,Better naming,14283/119/01,low,false
dac7a545dc5e1c3d8356c1a00fb2e3de17cb5181,Ruben van der Linde,2025-03-17,openregister,Add digital decade,14283/119/01,low,false
10f293255822d34533549ab0637f98bfd4ba794d,Ruben van der Linde,2025-03-17,openregister,Add digital decade,14283/119/01,low,false
ce3a7ab4dc2f16a1f33241ba1c90c66629c5a560,Ruben van der Linde,2025-03-17,openregister,lets add the api documentation,14283/119/02,low,false
f404e8ba4442bd852e5f357e774047ea5942dee1,Ruben van der Linde,2025-03-17,openregister,lets add the api documentation,14283/119/02,low,false
641edcb8543542b1232df44ce7f2c0748b61ecf7,Barry Brands,2025-03-17,openregister,Merge pull request #253 from ConductionNL/feature/REGISTERS-124/property-immutable-validation,14283/119/02,medium,true
63f2ca8c07f32f21cbbe3933f140e41798e45e27,Barry Brands,2025-03-17,openregister,Merge pull request #253 from ConductionNL/feature/REGISTERS-124/property-immutable-validation,14283/119/02,medium,true
f666d3537d945f0b9b3cc4e3cc709f4a72da4535,Ruben van der Linde,2025-03-15,openregister,Small fixes,14283/119/01,low,false
09b2ef4c0a321d64dbdb60d156393cb469643808,Ruben van der Linde,2025-03-15,openregister,Small fixes,14283/119/01,low,false
180929e250a7b81d8916525804f376e8814bb234,Ruben van der Linde,2025-03-15,openregister,More fixes,14283/119/01,low,false
487a95b19c48ceb6c4efcd472faab388bc648048,Ruben van der Linde,2025-03-15,openregister,More fixes,14283/119/01,low,false
95f2a4bf92e268b75aab856585603ef9d12c6a76,Ruben van der Linde,2025-03-15,openregister,Lets try to fix this,14283/119/01,low,false
8e3657026c34dd9ea712847235a6967b84438588,Ruben van der Linde,2025-03-15,openregister,Lets try to fix this,14283/119/01,low,false
3c60e0a3b6abcda25701c538a28d82b551ba493b,Ruben van der Linde,2025-03-15,openregister,Tet 1,14283/119/01,low,false
ab9d0372691f3af9d58359413c8cc3338b42d363,Ruben van der Linde,2025-03-15,openregister,Tet 1,14283/119/01,low,false
864b9238f1d3cb7f009bb12d8d3563b91b516344,Ruben van der Linde,2025-03-15,openregister,Lets rerunn,14283/119/01,low,false
0619aca4e3284f386fbef85c0a138f69ff4116fc,Ruben van der Linde,2025-03-15,openregister,Lets rerunn,14283/119/01,low,false
0b662059f85c07a6f9540f1ed468f7a8c669e083,Ruben van der Linde,2025-03-15,openregister,Add lock,14283/120/02,high,false
7678f5bdbe154fde794dc1539f2ea9c017d3fdd9,Ruben van der Linde,2025-03-15,openregister,Add lock,14283/120/02,high,false
4dfb610d97bcd9f1715209858c2fc1fa964a9bda,Ruben van der Linde,2025-03-15,openregister,Update to docusarus 3,14283/119/01,low,false
91fba1c2d6b9b4e85b0b0ad9acdc73264ab85d0b,Ruben van der Linde,2025-03-15,openregister,Update to docusarus 3,14283/119/01,low,false
8e5b454e8eb73dc49e6cefc6ad2cc03e2658ae1f,Remko,2025-03-14,openregister,cleanup,14283/119/01,low,false
73652067d9b8c4eb861a171c47be03d5ae44b512,Remko,2025-03-14,openregister,cleanup,14283/119/01,low,false
36f1ac51e2855011561e679fb0751b9f7bbbbccb,Mark West,2025-03-14,openregister,Update open-register.json,14283/119/02,medium,false
a536c69372c92dda5d4be34ac07d355a45d6437b,Barry Brands,2025-03-14,openregister,Fix validations and custom validations,14283/119/01,low,false
6af644ede52a8ae3744460b012f8b6cb6fd5b908,Barry Brands,2025-03-14,openregister,Fix validations and custom validations,14283/119/01,low,false
9d173ea07da4418f383a297f8e4a827a6f7f3439,Barry Brands,2025-03-14,openregister,Frontend property immutable option,14283/119/01,low,false
97c93a696bf573e64722106352f8e36fcb93ec8d,Barry Brands,2025-03-14,openregister,Frontend property immutable option,14283/119/01,low,false
54d573ca4b2f3af8d614c38ddf3c22a8449729db,github-actions[bot],2025-03-14,openregister,[Changelog CI] Add Changelog for Version 0.1.55,14283/120/02,low,true
2309b9ecd8c36930ba71e2be7815577db9e1d100,GitHub Action,2025-03-14,openregister,Bump version to 0.1.55,14283/119/01,low,true
11714f60dd6d23f58f0f04188c8e256e0f75ce37,GitHub Action,2025-03-14,openregister,Bump version to 0.1.55,14283/119/01,low,true
c30d5b04655b73feb0c891ec0a6debb0200b4098,Wilco Louwerse,2025-03-14,openregister,Merge pull request #251 from ConductionNL/development,14283/119/01,low,true
fd909863b495da3f62b7b87b30f1551ecb28c44c,Wilco Louwerse,2025-03-14,openregister,Merge pull request #251 from ConductionNL/development,14283/119/01,low,true
8780d620093a5a576d6276a08177da44004ab451,Wilco Louwerse,2025-03-14,openregister,Merge pull request #250 from ConductionNL/feature/VSC-205/export-xml,14283/119/02,high,true
5eb32ac381c8edb7694f8d060c6d3a4ce066bd25,Wilco Louwerse,2025-03-14,openregister,Merge pull request #250 from ConductionNL/feature/VSC-205/export-xml,14283/119/02,high,true
e918d853ee504afbb3c6b66bf319562bdb4ede64,Wilco Louwerse,2025-03-14,openregister,Update getters for array/json fields,14283/119/01,low,false
5d7031b8009432a1ddb546a9f086394ad1da2501,Wilco Louwerse,2025-03-14,openregister,Update getters for array/json fields,14283/119/01,low,false
3022f359f41e01d77c1b1176892cca8016351907,rubenvdlinde,2025-03-13,openregister,Deploy website - based on 6c4a089720eb349631cd3d06ee6e6fac946910e8,14283/119/01,low,false
2ea3dca9ba7a4b2d64bf927fb3f4789a3b19d30c,Ruben van der Linde,2025-03-13,openregister,Missed some,14283/119/01,low,false
6c4a089720eb349631cd3d06ee6e6fac946910e8,Ruben van der Linde,2025-03-13,openregister,Missed some,14283/119/01,low,false
d5e3dccc00181b2dcf29dd8848730e1674876ba3,Ruben van der Linde,2025-03-13,openregister,Broken links fix,14283/119/01,low,false
d7cf50aa1247f22344ed9636d008ca67652ff415,Ruben van der Linde,2025-03-13,openregister,Broken links fix,14283/119/01,low,false
2d4d93df1e7658455aa51270751e13735bada704,Ruben van der Linde,2025-03-13,openregister,Let make the api docs a bit more readable,14283/119/02,low,false
759ded1b30531441397136535524e81b6d0da2ae,Ruben van der Linde,2025-03-13,openregister,Let make the api docs a bit more readable,14283/119/02,low,false
45d81bb5256dacccdf0994e25e391932d55963fe,Ruben van der Linde,2025-03-13,openregister,Merge branch 'development' into documentation,14283/119/01,low,true
08857c5c16f4ec5558614933ee12140cb99feed5,Ruben van der Linde,2025-03-13,openregister,Merge branch 'development' into documentation,14283/119/01,low,true
7b9aff0729ea5059eb8ffa1f4ba240950f73acc9,Wilco Louwerse,2025-03-13,openregister,Added getters for all json fields that return [] when DB value = null,14283/119/01,low,false
a1e6046d5d12264fcaa358a80ceaa2a36d92ccdd,Wilco Louwerse,2025-03-13,openregister,Added getters for all json fields that return [] when DB value = null,14283/119/01,low,false
8705e15f45071418ff0cf3306458b9296f38cef7,github-actions[bot],2025-03-13,openregister,[Changelog CI] Add Changelog for Version 0.1.54,14283/120/02,low,true
d482a586da659070e98249de2d1de9a1eda5f71f,GitHub Action,2025-03-13,openregister,Bump version to 0.1.54,14283/119/01,low,true
9531d47bbbc83a3cd1e3f8ca3722f1964632da41,GitHub Action,2025-03-13,openregister,Bump version to 0.1.54,14283/119/01,low,true
47f6900d2aa9a9ee13f007492cffa40b7c4d1957,Barry Brands,2025-03-13,openregister,Merge pull request #245 from ConductionNL/development,14283/119/01,low,true
e32a15e5a9617b77440581899899382c4ec6f6e5,Barry Brands,2025-03-13,openregister,Merge pull request #245 from ConductionNL/development,14283/119/01,low,true
3c964c7507dfd615f4c6fcc694d62de2ce0b36d1,Ruben van der Linde,2025-03-13,openregister,Bit on the docs,14283/119/01,low,false
c084e33b57f647f6c99ab51ba6f812c9e1ac8586,Ruben van der Linde,2025-03-13,openregister,Bit on the docs,14283/119/01,low,false
7297222969bf6d703ee3db0a1b5bb7c4817d21a0,Barry Brands,2025-03-12,openregister,Merge pull request #244 from ConductionNL/fix/CONNECTOR-285/fix-subobjects,14283/119/01,low,true
c668320f2f4f29786c86f2a9641a684fe2a5bd68,Barry Brands,2025-03-12,openregister,Merge pull request #244 from ConductionNL/fix/CONNECTOR-285/fix-subobjects,14283/119/01,low,true
a38436d12c919acd0e6427a3994cb6f766362350,Barry Brands,2025-03-12,openregister,fix oversight,14283/119/01,low,false
82bc9221ddc611c629d588664aec98d218caf76a,Barry Brands,2025-03-12,openregister,fix oversight,14283/119/01,low,false
a8eefce7da777e7d0db19bdcd745b4f56ce625e4,Barry Brands,2025-03-12,openregister,return if sub schema has no properties,14283/119/02,medium,false
84a15df08cfa58309d9d640a788183dcd824b889,Barry Brands,2025-03-12,openregister,return if sub schema has no properties,14283/119/02,medium,false
4ad66c4d3dfb852928b3a2f0fe21837ab6cbc90c,Barry Brands,2025-03-12,openregister,find objects by uuid,14283/119/01,low,false
593bc50a1043f8ef5a1492f9263317a4d4b1a910,Barry Brands,2025-03-12,openregister,find objects by uuid,14283/119/01,low,false
6ae9988a076ca6c22b9909cbba6333db46733ac0,rubenvdlinde,2025-03-11,openregister,Deploy website - based on 75e4f5fcb6f1712a919ebcbf2ed006fb27102d7a,14283/119/01,low,false
4604e98fe1f3ae3cffa64adbf2090b43c7934ee7,Ruben van der Linde,2025-03-11,openregister,Remove broken tabs,14283/119/01,low,false
75e4f5fcb6f1712a919ebcbf2ed006fb27102d7a,Ruben van der Linde,2025-03-11,openregister,Remove broken tabs,14283/119/01,low,false
e7d56396f4d552f1247eda4a825d556e60815336,Ruben van der Linde,2025-03-11,openregister,Remove broken link,14283/119/01,low,false
5fdde35e36d0a833ca2c956acc9833781c49659a,Ruben van der Linde,2025-03-11,openregister,Remove broken link,14283/119/01,low,false
907dd489a17ee050ce6855275b81725de2183a17,Ruben van der Linde,2025-03-11,openregister,Lets add crud,14283/119/01,low,false
47249dc0cc574b8587e81ef4cae34beb71b40ca2,Ruben van der Linde,2025-03-11,openregister,Lets add crud,14283/119/01,low,false
420c256803ab13a03fd1c28e880f435b4f0c2758,Thijn,2025-03-11,openregister,Merge pull request #241 from CBibop12/development,14283/119/01,low,true
1484dc11622675e34d42f6ea8531b64b7875e866,Thijn,2025-03-11,openregister,Merge pull request #241 from CBibop12/development,14283/119/01,low,true
fae61c926d9d5e5a60d5cdf1cf19d5a05e466e20,Alex Rekachynskyi,2025-03-11,openregister,infinity loader bug solved,14283/119/01,low,false
49efe1a5d084871b59f892e78042c02884cdb9a7,Alex Rekachynskyi,2025-03-11,openregister,infinity loader bug solved,14283/119/01,low,false
db7faab93da1712c21badd933ca4d5d089932db0,Robert Zondervan,2025-03-11,openregister,Merge pull request #224 from ConductionNL/feature/connector-277/remove-user-switch,14283/120/01,medium,true
29dbdf9d7b40d086dc908cb5fa7c465217c2ddcb,Robert Zondervan,2025-03-11,openregister,Merge pull request #224 from ConductionNL/feature/connector-277/remove-user-switch,14283/120/01,medium,true
6e3a8b561a2a2ad5ce10f464a573167037b740ea,Wilco Louwerse,2025-03-10,openregister,Merge branch 'development' into feature/VSC-205/export-xml,14283/119/02,high,true
815422a89316f3c2b2af04be29226263f0068f1b,Wilco Louwerse,2025-03-10,openregister,Merge branch 'development' into feature/VSC-205/export-xml,14283/119/02,high,true
bfd085e54e90d8fd9d3e914ec6f90d1784284ea1,Ruben van der Linde,2025-03-10,openregister,Lets start to create some real docs,14283/119/01,low,false
d3115beee14dd905a6fe85a836e92a1937f1176a,Ruben van der Linde,2025-03-10,openregister,Lets start to create some real docs,14283/119/01,low,false
c4d77474315b73690da1430b81da385abbd6311d,Ruben van der Linde,2025-03-10,openregister,Merge branch 'documentation' of https://github.com/ConductionNL/OpenRegisters into documentation,14283/119/02,medium,true
91a711ff1afd49549ea418c52a7c1c714a1d6a52,Ruben van der Linde,2025-03-10,openregister,Merge branch 'documentation' of https://github.com/ConductionNL/OpenRegisters into documentation,14283/119/02,medium,true
b9bbd3c3207e66d80234f1e93d86dca504b1767b,Ruben van der Linde,2025-03-10,openregister,Lets add crud action to open registers,14283/119/02,medium,false
49c00711791b79d89577866be754402905ba4228,Ruben van der Linde,2025-03-10,openregister,Lets add crud action to open registers,14283/119/02,medium,false
ce86b0e99222c156ebd9113a7668c270c1494e9d,Thijn,2025-03-07,openregister,Merge pull request #235 from ConductionNL/feature/VSC-204/delete-objects,14283/119/01,low,true
6a2437eabd41a8b12ab03bb960ddc13455520750,Thijn,2025-03-07,openregister,Merge pull request #235 from ConductionNL/feature/VSC-204/delete-objects,14283/119/01,low,true
683193cc4d995b06a535eba5b6a4b4258b2945c1,Thijn,2025-03-07,openregister,renamed variables,14283/119/01,low,false
33ad449697b2a37422ae678ec655a3a7d2b57673,Thijn,2025-03-07,openregister,renamed variables,14283/119/01,low,false
bc6e6f8422bb38b244da10dc901751f4a22e9c51,Wilco Louwerse,2025-03-07,openregister,Added 2 small rewordings,14283/119/01,low,false
7f982aa24c3cde0a747b76702cbb51db445e7864,Wilco Louwerse,2025-03-07,openregister,Added 2 small rewordings,14283/119/01,low,false
2746326bec172188179cf514844d93e779790028,github-actions[bot],2025-03-07,openregister,[Changelog CI] Add Changelog for Version 0.1.53,14283/120/02,low,true
fdf58b638ae86c40d8572bb11fd2071e67371a96,GitHub Action,2025-03-07,openregister,Bump version to 0.1.53,14283/119/01,low,true
78df03a891ec2c538e883a991e50c1a0c6fef4d5,GitHub Action,2025-03-07,openregister,Bump version to 0.1.53,14283/119/01,low,true
644110d68f9be7c439eef58eba9dd6a12c1fc831,Barry Brands,2025-03-07,openregister,Merge pull request #237 from ConductionNL/development,14283/119/01,low,true
fe804e2d3b3f50d8f0a4da57aa74c3840571dac9,Barry Brands,2025-03-07,openregister,Merge pull request #237 from ConductionNL/development,14283/119/01,low,true
1d731cff64f070fb6fcff0bcc866ddc7ba4f62da,Barry Brands,2025-03-07,openregister,Merge pull request #236 from ConductionNL/feature/CONNECTOR-280/object-property-array,14283/119/01,low,true
1a3592ee73f1efe3cee85d3d536bf117e19a36e5,Barry Brands,2025-03-07,openregister,Merge pull request #236 from ConductionNL/feature/CONNECTOR-280/object-property-array,14283/119/01,low,true
cec58369bd0a4b38a7ea6e25df31d03717b1ca06,Barry Brands,2025-03-07,openregister,Config array object property,14283/120/01,low,false
43e89d8a17161d3c33c7db7af143d796d56e1049,Barry Brands,2025-03-07,openregister,Config array object property,14283/120/01,low,false
448c02ab2233ddfb792f31951e60586d0fb6a384,Thijn,2025-03-07,openregister,better JSdoc,14283/119/01,low,false
357e7134b9943525a2580ee921dd0ba4a4cc61e3,Thijn,2025-03-07,openregister,better JSdoc,14283/119/01,low,false
c08177719491a00b0134390e0192ecef8407538c,Robert Zondervan,2025-03-07,openregister,Add documentation on user groups and shares,14283/120/01,medium,false
647eab9ffdb6aa3609016a86d417d6c5a7c28876,Robert Zondervan,2025-03-07,openregister,Add documentation on user groups and shares,14283/120/01,medium,false
99401b32422f23ff8efaf1f93b69c23a6c0d8e5f,Thijn,2025-03-07,openregister,improved code slightly,14283/119/01,low,false
dda202ab8fddcc09869b58eb98b36468827cc3ca,Thijn,2025-03-07,openregister,improved code slightly,14283/119/01,low,false
73f1d91b58f56ba8c90428a37fda69741d31b03b,Thijn,2025-03-07,openregister,got the mass deleting and reloading working,14283/119/01,low,false
b2b3927e43fe389222b34dfd59d64651dc863370,Thijn,2025-03-07,openregister,got the mass deleting and reloading working,14283/119/01,low,false
646df19dae6f32fa31cf16571ef0edb057c9a2f6,GitHub Action,2025-03-07,openregister,Bump version to 0.1.52,14283/119/01,low,true
41782a9838563607207c0671e031e07057e511b3,GitHub Action,2025-03-07,openregister,Bump version to 0.1.52,14283/119/01,low,true
292806702f5661344ede260fdc064a1005e8f2fb,Barry Brands,2025-03-07,openregister,Merge pull request #234 from ConductionNL/development,14283/119/01,low,true
731f3635d74e75e44fa921df320686435818bfdc,Barry Brands,2025-03-07,openregister,Merge pull request #234 from ConductionNL/development,14283/119/01,low,true
a4cdf54261be86fec2a35f967e72a872dc8a56af,Barry Brands,2025-03-07,openregister,Merge pull request #233 from ConductionNL/fix/REGISTERS-123/object-relations,14283/119/02,medium,true
3e572b7e59f7a04fab9e507dc3e157aebcc2a49f,Barry Brands,2025-03-07,openregister,Merge pull request #233 from ConductionNL/fix/REGISTERS-123/object-relations,14283/119/02,medium,true
f5a3f8af80a340415ad2fd99d5006f02ce687566,Barry Brands,2025-03-07,openregister,Only set relations for object properties,14283/119/01,low,false
dd6f62f14e894ae0187339f9e76d9ccc8e7188f9,Barry Brands,2025-03-07,openregister,Only set relations for object properties,14283/119/01,low,false
530ae64fa1dc5ff0b5c767365946affb5b7627ee,Remko,2025-03-07,openregister,Merge remote-tracking branch 'origin/development' into documentation,14283/119/01,low,true
46ba6b65e5424f81e12fa7b35c17559f56c29b22,Remko,2025-03-07,openregister,Merge remote-tracking branch 'origin/development' into documentation,14283/119/01,low,true
129cd65167f66f02491cbeaf9a0b6a3cbead72c7,github-actions[bot],2025-03-07,openregister,Render PlantUML files,14283/119/01,low,true
96945b4923caf33a068f9c96b77dc1f5216f5ec1,github-actions[bot],2025-03-07,openregister,Render PlantUML files,14283/119/01,low,true
b7ccff48a3dd635bd8b832f033ff2f4fe8dfbba5,Ruben van der Linde,2025-03-07,openregister,Documentation updates,14283/119/01,low,false
53a1c04a96e0db3f21217068c3b2f09eea823242,Ruben van der Linde,2025-03-07,openregister,Documentation updates,14283/119/01,low,false
2f43b181232e106059e6bd364680b8792373e4e2,Robert Zondervan,2025-03-06,openregister,Update documentation,14283/119/01,low,false
c3cbea8800383e8b753bcb130834cf396c16f459,Robert Zondervan,2025-03-06,openregister,Update documentation,14283/119/01,low,false
154595718e7e27b9f13ab45d7678ae3359cde916,Thijn,2025-03-06,openregister,added mass delete modal,14283/119/01,low,false
b4ff6202b4510f4f85f870710c11a05779c6fb76,Thijn,2025-03-06,openregister,added mass delete modal,14283/119/01,low,false
3b8166113e1240f8aeb07855f0b0f620b1dd5c4a,Remko Huisman,2025-03-06,openregister,Merge pull request #230 from ConductionNL/feature/update-package-lock,14283/120/02,high,true
6b2c94b33e2badd09a157018b430fb2a4dff7eb6,Remko Huisman,2025-03-06,openregister,Merge pull request #230 from ConductionNL/feature/update-package-lock,14283/120/02,high,true
43357f0c2d49aaa10ce8c2fb05bf2bdd322463c0,Remko,2025-03-06,openregister,Updated package lock,14283/120/02,high,false
bdd9d877a845cc2c5d5837124c69ed05dbaac14f,Remko,2025-03-06,openregister,Updated package lock,14283/120/02,high,false
6ace29da295b9306c5959a675b0fc80bef0dfcc8,rubenvdlinde,2025-03-06,openregister,Deploy website - based on 907fcb610075802b980af2c22bfa71039543c08a,14283/119/01,low,false
cb2e35c18edb7eb906caced728ee547462240799,Ruben van der Linde,2025-03-06,openregister,Fix the oas,14283/119/02,low,false
907fcb610075802b980af2c22bfa71039543c08a,Ruben van der Linde,2025-03-06,openregister,Fix the oas,14283/119/02,low,false
a5f638edcc368db1275dcdb644efc628239c2b2b,Ruben van der Linde,2025-03-06,openregister,Time out,14283/119/01,low,false
acd8fe365051a1c2e87b8a6aa8ccfdb6932b6b6a,Ruben van der Linde,2025-03-06,openregister,Time out,14283/119/01,low,false
3d2129fb2bc4e36ebcdaf51afbe1aa2c74e8f9c4,Thijn,2025-03-06,openregister,Merge pull request #229 from ConductionNL/feature/VSC-198/pagination,14283/119/01,low,true
beb0a55094aa1204925fcbb89b356896b74262a3,Thijn,2025-03-06,openregister,Merge pull request #229 from ConductionNL/feature/VSC-198/pagination,14283/119/01,low,true
406c9223e92a2ed6176591ba5f461db445f077dd,Thijn,2025-03-06,openregister,Merge branch 'development' into feature/VSC-198/pagination,14283/119/01,low,true
274c4bb0aebb81b080265bf0ccda9ff9d90b86bd,Thijn,2025-03-06,openregister,Merge branch 'development' into feature/VSC-198/pagination,14283/119/01,low,true
4b3a79c17590b9ff27c72222564ce987ced22902,rubenvdlinde,2025-03-06,openregister,Deploy website - based on 50593d3643886a14388e4c48466dab7747919d3a,14283/119/01,low,false
603d733aedf102725f1471850d96d6d39803ee73,Ruben van der Linde,2025-03-06,openregister,still workin on the redocsuarus,14283/119/01,low,false
50593d3643886a14388e4c48466dab7747919d3a,Ruben van der Linde,2025-03-06,openregister,still workin on the redocsuarus,14283/119/01,low,false
e4315c3094db7408047946df2e2bc2173c78dd29,Thijn,2025-03-06,openregister,Merge pull request #225 from ConductionNL/feature/VSC-201/multi-select-objects,14283/119/01,low,true
0e2c4cab8078c3fae53d73fcb9eab3583130162d,Thijn,2025-03-06,openregister,Merge pull request #225 from ConductionNL/feature/VSC-201/multi-select-objects,14283/119/01,low,true
bd18b6d6a65c35a200a0d9ab7faf26c76034e2d3,Thijn,2025-03-06,openregister,fixed nextcloud default style,14283/120/02,high,false
bf7da916f897e00c0448530453470000dc4da7b2,Thijn,2025-03-06,openregister,fixed nextcloud default style,14283/120/02,high,false
1b1355593a2cfecab22dbb34051df92494c593b1,Thijn,2025-03-06,openregister,finished the visuals,14283/119/01,low,false
9ea7f62a5ee4f8c980fded5f1bd34ec081f253c7,Thijn,2025-03-06,openregister,finished the visuals,14283/119/01,low,false
f5d635dea099783e82e1b4b7158df666d98df178,Ruben van der Linde,2025-03-06,openregister,Propper api link,14283/119/02,low,false
3af1e15ca0f772a64f3ec851ccfec63b4ed8540c,Ruben van der Linde,2025-03-06,openregister,Propper api link,14283/119/02,low,false
adc8e802f5559e1be8250a78350d9f81b9d741f0,Ruben van der Linde,2025-03-06,openregister,Fix plugin configuration,14283/120/01,low,false
808d018ccb88c87ddfa25ed8a448e07339c96ff6,Ruben van der Linde,2025-03-06,openregister,Fix plugin configuration,14283/120/01,low,false
1815cb1b23d8589ae624c4c5cf10c37d2ff2863e,Ruben van der Linde,2025-03-06,openregister,Lets add api documentation,14283/119/02,low,false
4489af0f862840d9f18b146b65390605b6078e24,Ruben van der Linde,2025-03-06,openregister,Lets add api documentation,14283/119/02,low,false
bd9fa4f22d8e48beb620d7462b8ec13632269f05,Remko Huisman,2025-03-06,openregister,Merge pull request #222 from ConductionNL/test-versions,14283/119/01,low,true
f265d15c20edfab8dc401deb1757e4d9ae43789b,Remko Huisman,2025-03-06,openregister,Merge pull request #222 from ConductionNL/test-versions,14283/119/01,low,true
2edb4193466c94c37e08f1fd46315a8aac08a76c,Wilco Louwerse,2025-03-06,openregister,Merge branch 'development' into feature/VSC-205/export-xml,14283/119/02,high,true
d0f9377347be1b6e725a1b5ec50cb24bfb239279,Wilco Louwerse,2025-03-06,openregister,Merge branch 'development' into feature/VSC-205/export-xml,14283/119/02,high,true
5c8827691c596e3415d47d89ae39af3769138456,Wilco Louwerse,2025-03-06,openregister,Merge pull request #221 from ConductionNL/feature/VSC-205/export-xml,14283/119/02,high,true
951079385b45394e8293ea0c56b32303c962319c,Wilco Louwerse,2025-03-06,openregister,Merge pull request #221 from ConductionNL/feature/VSC-205/export-xml,14283/119/02,high,true
fe25201cee4bf6ca0e6131a325cf5604e10a80bf,Remko,2025-03-06,openregister,Merge remote-tracking branch 'origin/development' into test-versions,14283/119/01,low,true
1ebedf5757a99fa2b43ed78040a9a3df908eada3,Remko,2025-03-06,openregister,Merge remote-tracking branch 'origin/development' into test-versions,14283/119/01,low,true
3629aa80f6242d0a7a388dcf75be44457098d6ce,Thijn,2025-03-06,openregister,finished select objects by hardcoding items,14283/119/01,low,false
0ef0583d0afbb2a5d6551cadb5b507f6478630b9,Thijn,2025-03-06,openregister,finished select objects by hardcoding items,14283/119/01,low,false
0db17778cdc25fa6fdf5630fc6f246c50e3237d2,Thijn,2025-03-05,openregister,WIP - adding pagination,14283/119/01,low,false
2498e8e5295e54aea8b460c36e0eb5b4328a5777,Thijn,2025-03-05,openregister,WIP - adding pagination,14283/119/01,low,false
d5611f62952ab43e5995ddb04b3f42473d268b58,Robert Zondervan,2025-03-05,openregister,Remove unnecessary user switch,14283/120/01,medium,false
77002090f964009d7fb53e2a5527d8511d5878a5,Robert Zondervan,2025-03-05,openregister,Remove unnecessary user switch,14283/120/01,medium,false
dbe4768832e3abd4d028d2d61d7b888e1380f62b,Thijn,2025-03-05,openregister,WIP - added select boxes,14283/119/01,low,false
7b2f05a54559548d6c6c9a2a9b4830602ba2715f,Thijn,2025-03-05,openregister,WIP - added select boxes,14283/119/01,low,false
fb002dec11b1e3950dfab7f7581b74dd3976f94b,Thijn,2025-03-05,openregister,added select column and static configuration,14283/120/01,low,false
11afc61e5d6cd2b515a2d193f9d1da9cd9e8d318,Thijn,2025-03-05,openregister,added select column and static configuration,14283/120/01,low,false
3d542e22b213a164e402a969635ffecbd14216db,Thijn,2025-03-05,openregister,Merge pull request #223 from ConductionNL/feature/VSC-199/removed-download-upload,14283/119/01,low,true
00e14df046a2a06d90175276324d98d3dbcaace1,Thijn,2025-03-05,openregister,Merge pull request #223 from ConductionNL/feature/VSC-199/removed-download-upload,14283/119/01,low,true
48b1af4741ab79bc53063f1aa3c86def95fe49a3,Thijn,2025-03-05,openregister,lint-fix,14283/119/01,low,false
459a65a31ae9e64dc3ea5f74d1f2e8f4c8050619,Thijn,2025-03-05,openregister,lint-fix,14283/119/01,low,false
b6ee7192abb975f55ff12b89e68701ada2c9e07e,Thijn,2025-03-05,openregister,Merge branch 'development' into feature/VSC-199/removed-download-upload,14283/119/01,low,true
1b08b1243899230d2ebd4c41abe277e5175f2f3e,Thijn,2025-03-05,openregister,Merge branch 'development' into feature/VSC-199/removed-download-upload,14283/119/01,low,true
69ee9c994cb408fa50d1e6d416c4ddc6a85fe645,Thijn,2025-03-05,openregister,Merge pull request #220 from ConductionNL/feature/VSC-196/collumn-switch,14283/119/01,low,true
3551cbbbb8927055ba1514d7936bfd76b6131d7d,Thijn,2025-03-05,openregister,Merge pull request #220 from ConductionNL/feature/VSC-196/collumn-switch,14283/119/01,low,true
2cf11a0c4aa216b97ca39f2675ac6a337478be13,Thijn,2025-03-04,openregister,small doc fixes,14283/119/01,low,false
85580fb57b2d25b8e0e1313f7bea1dc0b35dc705,Thijn,2025-03-04,openregister,small doc fixes,14283/119/01,low,false
a668811ad025e69aecc5e19149cfa4c10d44fdfa,Thijn,2025-03-04,openregister,removed upload en download button,14283/119/01,low,false
ac824236a15be03bfccb30a4a9640694dc3a7f67,Thijn,2025-03-04,openregister,removed upload en download button,14283/119/01,low,false
2aff2267212ec435e11de918f5fe63ca23c4d0f9,Remko,2025-03-04,openregister,Fixed npm scripts,14283/119/01,low,false
459e46418951b565b0e0942964f6a470862c9406,Remko,2025-03-04,openregister,Fixed npm scripts,14283/119/01,low,false
d47ac88ab2c5ffd853677d5a97000395ab31a5d2,Remko,2025-03-04,openregister,Updated packages,14283/119/01,low,false
c31ebcc1912986f494043e1eb3e33060f5d91314,Remko,2025-03-04,openregister,Updated packages,14283/119/01,low,false
ab5230d885e62c7166904879b09bd836b3f8dfca,Remko,2025-03-04,openregister,Updated package,14283/119/01,low,false
705671d7245d248c84c72d1c1aada275448be74f,Remko,2025-03-04,openregister,Updated package,14283/119/01,low,false
1861a61b11250e883c1a7ea53ea038fec2fa2566,Thijn,2025-03-04,openregister,Merge pull request #219 from ConductionNL/feature/VSC-195/schema-props-collumn,14283/119/02,medium,true
2d7ced0caca97b5913431c47e974a74e361b8944,Thijn,2025-03-04,openregister,Merge pull request #219 from ConductionNL/feature/VSC-195/schema-props-collumn,14283/119/02,medium,true
c32dee08632268364d1467bb25cb8f15e6074db9,Thijn,2025-03-04,openregister,Merge pull request #218 from ConductionNL/feature/VSC-194/search-rename,14283/119/02,high,true
5e6e5b66a7759b5f7a7895cd59c4059302c6b00b,Thijn,2025-03-04,openregister,Merge pull request #218 from ConductionNL/feature/VSC-194/search-rename,14283/119/02,high,true
d850c9b69eb005de3689925cbf9acfedf7678ac1,Thijn,2025-03-04,openregister,changed workingHeaders name to activeHeaders,14283/119/01,low,false
85119c7f40d6f3a5d4f187ed305cde0062270639,Thijn,2025-03-04,openregister,changed workingHeaders name to activeHeaders,14283/119/01,low,false
074c6d6e21bc294f256e6820e4909760fc324b49,Thijn,2025-03-04,openregister,added animation and move cursor,14283/119/01,low,false
206ffb8479fa4323352c2bcfc445ec28a4b8af42,Thijn,2025-03-04,openregister,added animation and move cursor,14283/119/01,low,false
6c680409b6bf3599642ce2fe2bfa12a192566a76,Thijn,2025-03-04,openregister,made column switch conditional,14283/119/01,low,false
443a00e50118323b62b257e7be33081ebadb8ca0,Thijn,2025-03-04,openregister,made column switch conditional,14283/119/01,low,false
751777c1f5d3336fe0b9239c5d18f62c1f513926,Thijn,2025-03-04,openregister,VSC-197 - made columns draggable,14283/119/01,low,false
04ff670e64bb69807c9249b1135cf273b2339d99,Thijn,2025-03-04,openregister,VSC-197 - made columns draggable,14283/119/01,low,false
91a36a58943d512cb64ae7bba8b1efc2a865bdd3,Thijn,2025-03-03,openregister,lint-fix,14283/119/01,low,false
5679a0ba52a1974cf0d4fc97ae4f7f6aaa37cfe8,Thijn,2025-03-03,openregister,lint-fix,14283/119/01,low,false
84bbdee7ebc02acecdb8ce5cc6224d7f53d47e82,Thijn,2025-03-03,openregister,made columns toggable,14283/119/01,low,false
acdc67e305b71e711b0f6520071c183eb8b14193,Thijn,2025-03-03,openregister,made columns toggable,14283/119/01,low,false
5253ccec3110b38406eabcdc6c6a0907f4df9662,Wilco Louwerse,2025-03-03,openregister,Schema Export fix (UI uses accept header */* default to json for export),14283/119/02,high,false
286c717fa175ea3b28554f396667b84c20e9d9dc,Wilco Louwerse,2025-03-03,openregister,Schema Export fix (UI uses accept header */* default to json for export),14283/119/02,high,false
16144692df1924f6939eb8ef558c8067c74722de,Thijn,2025-03-03,openregister,added schema properties to table,14283/119/02,medium,false
7eb3fce400bb0ac0c8d97c26d8f020bc6e91635b,Thijn,2025-03-03,openregister,added schema properties to table,14283/119/02,medium,false
dd58ee8743280f4d32892d4334c0408e04417c6a,Thijn,2025-03-03,openregister,renamed references from search to table,14283/119/02,high,false
7a2ae3c5c84480bd8d034b4d863698f96cf67dd0,Thijn,2025-03-03,openregister,renamed references from search to table,14283/119/02,high,false
b79d6b18138cf55c25f10b6aac7128db76924abb,Robert Zondervan,2025-03-03,openregister,Merge pull request #217 from ConductionNL/fix/vsc/add-objectentitymapper,14283/119/01,high,true
2744e227eb97dbc3da4d4b90c78902d79fe4d169,Robert Zondervan,2025-03-03,openregister,Merge pull request #217 from ConductionNL/fix/vsc/add-objectentitymapper,14283/119/01,high,true
8e3dd94473e0ade315df107ff852635591c54bd9,Robert Zondervan,2025-03-03,openregister,Add objectEntityMapper,14283/119/01,high,false
65377ac2624b95cef5bb823c743c949c6593c9ab,Robert Zondervan,2025-03-03,openregister,Add objectEntityMapper,14283/119/01,high,false
77a181e1cbbc041f6edde4d79e1f4ba18816d6a4,github-actions[bot],2025-02-28,openregister,[Changelog CI] Add Changelog for Version 0.1.51,14283/120/02,low,true
453baa435eed4edc16a0f48915bf6d12f0075409,GitHub Action,2025-02-28,openregister,Bump version to 0.1.51,14283/119/01,low,true
34084a5c4078d3240cfefaa923a7eeb2f5cc359c,GitHub Action,2025-02-28,openregister,Bump version to 0.1.51,14283/119/01,low,true
366abb4ba90c426e790706dfbe98a782ed7a80bc,Remko Huisman,2025-02-28,openregister,Merge pull request #215 from ConductionNL/development,14283/119/01,low,true
fbc2f57b6692a449b9cc96b9008717a569e7bed2,Remko Huisman,2025-02-28,openregister,Merge pull request #215 from ConductionNL/development,14283/119/01,low,true
a18db17e593551990094f0dd7cf829b77a9d5af6,Remko Huisman,2025-02-28,openregister,Merge pull request #214 from ConductionNL/feature/vcs-190/pagination,14283/119/01,low,true
ec6a150a486ffa9d09928824ce524992647a8a61,Remko Huisman,2025-02-28,openregister,Merge pull request #214 from ConductionNL/feature/vcs-190/pagination,14283/119/01,low,true
3a615f93905e1537abb811c9981bf0096c29be29,Remko,2025-02-28,openregister,Added pagination,14283/119/01,low,false
0b961c6f0f717aad99aa03d19655b0c66de8db9e,Remko,2025-02-28,openregister,Added pagination,14283/119/01,low,false
768d1813a3b08b4f51e907457f729665595292c6,Ruben van der Linde,2025-02-28,openregister,Small whoopsie,14283/119/01,low,false
d8e5d0d2d84d18848232f1ed9c5e0782e124ac81,Ruben van der Linde,2025-02-28,openregister,Small whoopsie,14283/119/01,low,false
13d148350f29b978d09e04771d3eccfe79b6bfb5,Ruben van der Linde,2025-02-28,openregister,Fixed depubliseren van files,14283/119/01,low,false
7118b763ab436cf9b236443a71dfdc8c6198de64,Ruben van der Linde,2025-02-28,openregister,Fixed depubliseren van files,14283/119/01,low,false
c034493693c2c1457471b6b079a0da7d8ae47034,Ruben van der Linde,2025-02-28,openregister,Trying to delete share,14283/119/01,low,false
2df02ea767a3ca9629a43160ca0246b15c6b1cc8,Ruben van der Linde,2025-02-28,openregister,Trying to delete share,14283/119/01,low,false
b606753bb284c8e4efd51a994cf049c011f52c19,Ruben van der Linde,2025-02-28,openregister,Defintive fix for publishing,14283/119/01,low,false
693c89f4b6ee1c174eb627e77d3c34155459dc40,Ruben van der Linde,2025-02-28,openregister,Defintive fix for publishing,14283/119/01,low,false
68cdd08e1769b55caa2098ed3f4b51c0bdbb46ce,Ruben van der Linde,2025-02-28,openregister,BUg fixing publish,14283/119/01,low,false
f398386419f39b3f5572526f9e708e9ebfea07a5,Ruben van der Linde,2025-02-28,openregister,BUg fixing publish,14283/119/01,low,false
43049e819a41791cfa9571b2a2b03c01b14a6f47,Ruben van der Linde,2025-02-28,openregister,Code for getting al the tags,14283/119/01,low,false
dd5100d676d859a6b9e04474c54049a7bde4ccc5,Ruben van der Linde,2025-02-28,openregister,Code for getting al the tags,14283/119/01,low,false
5133de45847c8ae3352e9602f6d099ae8a508cb9,Ruben van der Linde,2025-02-28,openregister,This should fix the tag issues,14283/119/01,low,false
6c3bf0d4517d06f50080fb8ec0b6d2d218c4388a,Ruben van der Linde,2025-02-28,openregister,This should fix the tag issues,14283/119/01,low,false
070cb76e1fc7388a4f538423889fc7b047c23bc0,Ruben van der Linde,2025-02-28,openregister,There might be other error prefenting finding a tag,14283/120/02,medium,false
f6dd1d5c5fc494156f118ba9bfb4c14544ddb7ab,Ruben van der Linde,2025-02-28,openregister,There might be other error prefenting finding a tag,14283/120/02,medium,false
cc9e554773f5ff0ede9d54c1d931c6198001c8e8,Ruben van der Linde,2025-02-28,openregister,Fixed empty tags off case,14283/119/01,low,false
49e4b54b127944a30c7296a4e8c8428d51066c0e,Ruben van der Linde,2025-02-28,openregister,Fixed empty tags off case,14283/119/01,low,false
9f2971bb9754d55f3bec7cf6808a71cfe5517ada,Ruben van der Linde,2025-02-27,openregister,Proper property the popper,14283/119/01,low,false
267bab16c826e805c0712ea52ebcda55b6f96022,Ruben van der Linde,2025-02-27,openregister,Proper property the popper,14283/119/01,low,false
86f02bc298744e5691445888eb2e2b244ad5d426,Ruben van der Linde,2025-02-27,openregister,Correct function,14283/119/01,low,false
6c186c9adb8f4a5b71862f18981de9803ff8b827,Ruben van der Linde,2025-02-27,openregister,Correct function,14283/119/01,low,false
843eaae495e8908b28c15e7b9280d3fa5dc72c1d,Ruben van der Linde,2025-02-27,openregister,Lets also unasign the old tags from the object,14283/119/01,low,false
777854f8f45e21a54eda0b1ae471a53f58fcb0b6,Ruben van der Linde,2025-02-27,openregister,Lets also unasign the old tags from the object,14283/119/01,low,false
a867a1d1cd641ced67383ea21269d1701e251d9a,Ruben van der Linde,2025-02-27,openregister,Let return a file,14283/119/01,low,false
eb361d08f9bb3d7722cbcf5d23dc42365a9c7c0e,Ruben van der Linde,2025-02-27,openregister,Let return a file,14283/119/01,low,false
248d79728f9df64fa0a5002e68d3f536ba060c6a,Ruben van der Linde,2025-02-27,openregister,Lets throw a file,14283/119/01,low,false
b31c06c1263149ac66552d72af75639ccd1f573a,Ruben van der Linde,2025-02-27,openregister,Lets throw a file,14283/119/01,low,false
841369a44a71849e9beea605e6dde01105815c31,Ruben van der Linde,2025-02-27,openregister,Make file content optional on a update,14283/119/01,low,false
7f5d6a39fdfc1d38e141e9974386d12944824703,Ruben van der Linde,2025-02-27,openregister,Make file content optional on a update,14283/119/01,low,false
4475b7d582082c5b32c1daee2dc0b384c909fead,Ruben van der Linde,2025-02-27,openregister,Merge branch 'feature/vcs-190/pagination' of https://github.com/ConductionNL/OpenRegisters into feature/vcs-190/pagination,14283/119/02,medium,true
91cfbf80f4f080cf9b52e90d82389331d9342938,Ruben van der Linde,2025-02-27,openregister,Merge branch 'feature/vcs-190/pagination' of https://github.com/ConductionNL/OpenRegisters into feature/vcs-190/pagination,14283/119/02,medium,true
3dbd0d1ca15464e637fbf7c813f5e082630e2975,Ruben van der Linde,2025-02-27,openregister,Slice the file array,14283/119/01,low,false
83d8a9d7a62b8aa89b9772cfa2e5d3a1f4c8af3e,Ruben van der Linde,2025-02-27,openregister,Slice the file array,14283/119/01,low,false
279dbb5663b3bc7118f508e685ad74cab426a28f,Remko,2025-02-27,openregister,Added getObjectFilePath function,14283/119/01,low,false
7d12cda37d708fcb7cabd9cf97726bb9a07074ea,Remko,2025-02-27,openregister,Added getObjectFilePath function,14283/119/01,low,false
e7f6cd06d2ea330626a0540d6aa69cdf51a87c0b,Ruben van der Linde,2025-02-27,openregister,Bug fix,14283/119/01,low,false
f0472210e229ee77616f5829e75dc828846b886f,Ruben van der Linde,2025-02-27,openregister,Bug fix,14283/119/01,low,false
b866c278a49d2e9119ed21bf273f302ad29870f9,Ruben van der Linde,2025-02-27,openregister,Fixing the pagination on controller,14283/119/01,low,false
bc6d96b212f978ae81d26e654bfb6266514cbd1a,Ruben van der Linde,2025-02-27,openregister,Fixing the pagination on controller,14283/119/01,low,false
ce8a610e4b783e69459bfe7ec9f188856cd298ca,Ruben van der Linde,2025-02-26,openregister,Bit of bug hunting,14283/119/01,low,false
61ed2bc561ec1308f5122d40874d48380a859493,Ruben van der Linde,2025-02-26,openregister,Bit of bug hunting,14283/119/01,low,false
a1e98cf22f58287786143246e4b6bc07abc90015,github-actions[bot],2025-02-26,openregister,[Changelog CI] Add Changelog for Version 0.1.50,14283/120/02,low,true
96a5fabe118b08f7fd2cea2cb6433674142046e6,GitHub Action,2025-02-26,openregister,Bump version to 0.1.50,14283/119/01,low,true
fb8c9ab3b86d1be706ae76f98718b669a8c6f8d4,GitHub Action,2025-02-26,openregister,Bump version to 0.1.50,14283/119/01,low,true
35659e78567318ed539c7a5aebf3688e0a03e544,Barry Brands,2025-02-26,openregister,Merge pull request #212 from ConductionNL/development,14283/119/01,low,true
ac9db78c38769f337b3b5c0758be1be3bc5f1eeb,Barry Brands,2025-02-26,openregister,Merge pull request #212 from ConductionNL/development,14283/119/01,low,true
039bf3ce5f6f36ae4961e7f4c59b500d9b2f5cc9,Barry Brands,2025-02-26,openregister,Merge pull request #211 from ConductionNL/fix/find-multiple-id-check,14283/119/01,low,true
b652dfbcabeb75a1e709d2b92d56f95f857d2b83,Barry Brands,2025-02-26,openregister,Merge pull request #211 from ConductionNL/fix/find-multiple-id-check,14283/119/01,low,true
dfe884dacc48d40517ce6e67872298a2af5fb33f,Barry Brands,2025-02-26,openregister,"Quickfix, added check for $id type",14283/119/01,low,false
750ea59bf4eb28fddc4e0325dfd500629e1463e0,Barry Brands,2025-02-26,openregister,"Quickfix, added check for $id type",14283/119/01,low,false
d6fe9563598569e4ae6a364042ab44eb4487fd85,Ruben van der Linde,2025-02-26,openregister,Update the controller to use the new functions,14283/119/01,low,false
0d15237d336dc6a2e73f26601ce5fb7ff512bb70,Ruben van der Linde,2025-02-26,openregister,Update the controller to use the new functions,14283/119/01,low,false
445519c648e3cb078555822fc89b125e57fe5d24,Ruben van der Linde,2025-02-26,openregister,Add ublish and unpublish file code,14283/119/01,low,false
ac43f71ab58a79a488c70861fea4d18f66656e7c,Ruben van der Linde,2025-02-26,openregister,Add ublish and unpublish file code,14283/119/01,low,false
d5b7c1441dd88af20eba2c9dfced58b72f90cdb4,Ruben van der Linde,2025-02-26,openregister,"Ad pagination to audittrails, uses, relations and files",14283/120/01,medium,false
a406cec87fbf201f358aa83bccb3978be3b49861,Ruben van der Linde,2025-02-26,openregister,"Ad pagination to audittrails, uses, relations and files",14283/120/01,medium,false
64c8c01ea24ff06f287e93b1ef153baa4435cd79,rubenvdlinde,2025-02-26,openregister,Deploy website - based on b2d59363a60c22d0d3a2ef2e7a1d739307ad831a,14283/119/01,low,false
645ff307c1320613bf7b3e111d727d185232d671,Ruben van der Linde,2025-02-26,openregister,File handling docs (WIP),14283/119/01,low,false
b2d59363a60c22d0d3a2ef2e7a1d739307ad831a,Ruben van der Linde,2025-02-26,openregister,File handling docs (WIP),14283/119/01,low,false
379757de7a5c20823ed08ae96bea18d5b843ae93,rubenvdlinde,2025-02-25,openregister,Deploy website - based on c74a10c6c7a1798a7d7abb022704b94923365856,14283/119/01,low,false
39ca7b3ceef29dd0433ed2019f354860b80be999,Ruben van der Linde,2025-02-25,openregister,Add open klant,14283/119/01,low,false
c74a10c6c7a1798a7d7abb022704b94923365856,Ruben van der Linde,2025-02-25,openregister,Add open klant,14283/119/01,low,false
66d15753b80b7511c55a25b258bb82453557f78f,rubenvdlinde,2025-02-25,openregister,Deploy website - based on 34569ca7f5e2eb442ccb153b6b8a4c481bc544f9,14283/119/01,low,false
8779f4e4d239094c9b94aea7be85d189046873bf,Ruben van der Linde,2025-02-25,openregister,Lets update the oas,14283/119/02,low,false
34569ca7f5e2eb442ccb153b6b8a4c481bc544f9,Ruben van der Linde,2025-02-25,openregister,Lets update the oas,14283/119/02,low,false
86d314df140b4f403160d80ad8230720aecf1519,rubenvdlinde,2025-02-25,openregister,Deploy website - based on 71d910610668aeb2bfa4ce81d39103e687e5604d,14283/119/01,low,false
9353b882305c2111f4833be917b499bc518143b8,github-actions[bot],2025-02-25,openregister,Render PlantUML files,14283/119/01,low,true
e76591bbea1d4885fbff0561546965e78a4e952c,github-actions[bot],2025-02-25,openregister,Render PlantUML files,14283/119/01,low,true
2dcae999b9e58afae36b94e73a7d802580e2ff73,Ruben van der Linde,2025-02-25,openregister,Lets update the puml and oas,14283/119/02,low,false
71d910610668aeb2bfa4ce81d39103e687e5604d,Ruben van der Linde,2025-02-25,openregister,Lets update the puml and oas,14283/119/02,low,false
bbd410910478679cafbe042d3e14574bec2aa517,rubenvdlinde,2025-02-25,openregister,Deploy website - based on 25fb9ab4db059b1ebb9f9a37143d390bab5a457e,14283/119/01,low,false
a4d99cffd0426591b3162370fe519f2cd276c219,Ruben van der Linde,2025-02-25,openregister,Lets add order and product,14283/119/01,low,false
25fb9ab4db059b1ebb9f9a37143d390bab5a457e,Ruben van der Linde,2025-02-25,openregister,Lets add order and product,14283/119/01,low,false
af04ddc4f30c08e69d9ebbd52966258e0c21a0a7,rubenvdlinde,2025-02-25,openregister,Deploy website - based on e15b9166a97da0c6fc42a709b9a8733beb000692,14283/119/01,low,false
3401481d8dc92cd33a8d85b85d58e8877b67524d,Ruben van der Linde,2025-02-25,openregister,Let get a bit more information and readablity in there,14283/119/01,low,false
e15b9166a97da0c6fc42a709b9a8733beb000692,Ruben van der Linde,2025-02-25,openregister,Let get a bit more information and readablity in there,14283/119/01,low,false
134f3441d6eded81b33b23aa21d68a6c54c31991,rubenvdlinde,2025-02-25,openregister,Deploy website - based on 23dcad08605813dc91dfae48cbe6c9ac7dfdf115,14283/119/01,low,false
816d9ba90d0fefbf17f560e6218d4344f0cf3237,Ruben van der Linde,2025-02-25,openregister,All the tabs,14283/119/01,low,false
23dcad08605813dc91dfae48cbe6c9ac7dfdf115,Ruben van der Linde,2025-02-25,openregister,All the tabs,14283/119/01,low,false
ce6f09d98c29318bb22955792562d29c719ce671,rubenvdlinde,2025-02-25,openregister,Deploy website - based on 2173c56949c648b15c044f2d6ce37633805b4dcc,14283/119/01,low,false
11056c81b15f557a1b282dcbd0c205332dafc2b7,Ruben van der Linde,2025-02-25,openregister,EU tabs,14283/119/01,low,false
2173c56949c648b15c044f2d6ce37633805b4dcc,Ruben van der Linde,2025-02-25,openregister,EU tabs,14283/119/01,low,false
862b729054d68951aed6d3aaf0c8d6b9126f908f,rubenvdlinde,2025-02-25,openregister,Deploy website - based on c4da0a6eed523b4f6a2549fc3c9c49bb8a1a9b17,14283/119/01,low,false
8703ab83b5d50c32f05e8ac8e58ba8d6580a5fd4,Ruben van der Linde,2025-02-25,openregister,Added the comparrison to all the objects,14283/119/01,low,false
c4da0a6eed523b4f6a2549fc3c9c49bb8a1a9b17,Ruben van der Linde,2025-02-25,openregister,Added the comparrison to all the objects,14283/119/01,low,false
d7bb748d25fb95c9cb608b61f3b284dd56f57e4c,rubenvdlinde,2025-02-25,openregister,Deploy website - based on e7e5174d168668a125e782852267f106abae566a,14283/119/01,low,false
961e502791d3b8d6cf7272b662cf5972284b1e82,rubenvdlinde,2025-02-25,openregister,Deploy website - based on 2212d268f3d571a9861da688051a472cc90b2290,14283/119/01,low,false
a918175a8569e92b763d038836b6a0b7b55e3d56,Ruben van der Linde,2025-02-25,openregister,Test for the last of the docs transfers,14283/119/01,low,false
e7e5174d168668a125e782852267f106abae566a,Ruben van der Linde,2025-02-25,openregister,Test for the last of the docs transfers,14283/119/01,low,false
0a33d6170e3c0308521cf9402f07c0d96efece20,Ruben van der Linde,2025-02-25,openregister,Let finisch the object analatics,14283/119/01,low,false
2212d268f3d571a9861da688051a472cc90b2290,Ruben van der Linde,2025-02-25,openregister,Let finisch the object analatics,14283/119/01,low,false
53d185177ed57e5fad3a7682d29cf566252c0fe4,rubenvdlinde,2025-02-25,openregister,Deploy website - based on 36cee8cdbae1e8a9d14e7d316022b2f2f3871a02,14283/119/01,low,false
960e86c1ace8daef91cd0142688b81e4ab716ceb,Ruben van der Linde,2025-02-25,openregister,Lets test the proposal,14283/119/01,low,false
36cee8cdbae1e8a9d14e7d316022b2f2f3871a02,Ruben van der Linde,2025-02-25,openregister,Lets test the proposal,14283/119/01,low,false
0fa27ed3dd2be9641c18d086206b3c2fff3f3272,rubenvdlinde,2025-02-25,openregister,Deploy website - based on 76a5bf372c77f1c6e3e9eed70586ed7b2481bacf,14283/119/01,low,false
634420cb39ce3501dd4393756bc835eb2eb4319c,Ruben van der Linde,2025-02-25,openregister,Remove the tabs,14283/119/01,low,false
76a5bf372c77f1c6e3e9eed70586ed7b2481bacf,Ruben van der Linde,2025-02-25,openregister,Remove the tabs,14283/119/01,low,false
dff0b5a7bff23db13f3fe8714bfe117257d254dd,Ruben van der Linde,2025-02-25,openregister,Its defiitly tabs in the task object,14283/120/02,high,false
c146c91393d72fc04b7eaef4c0827e19d97ca08e,Ruben van der Linde,2025-02-25,openregister,Its defiitly tabs in the task object,14283/120/02,high,false
bec9381ebc1de99a3e82593f7339da4b71601002,rubenvdlinde,2025-02-25,openregister,Deploy website - based on c539b95599eeeb0e7a810c0b3514f11224052103,14283/119/01,low,false
e122522aa1d2515503c9efac00b45d2c110e7416,Ruben van der Linde,2025-02-25,openregister,Proposals,14283/119/01,low,false
d97afa354af76123e6e49a5f5e66b4e169261bbc,Ruben van der Linde,2025-02-25,openregister,Proposals,14283/119/01,low,false
7fbc13c839e42b0d0de821a125d3fa057dafb3a6,Ruben van der Linde,2025-02-25,openregister,Task object,14283/120/02,high,false
fc2215b09f15f08e9108fcb08317d5b75a9393bf,Ruben van der Linde,2025-02-25,openregister,Task object,14283/120/02,high,false
6a9b8fda8c90b0de1d56091ecd8c4a06bbdf48b8,rubenvdlinde,2025-02-25,openregister,Deploy website - based on 50ec22e2114644b6e3b03fd44eb7166479d93b28,14283/119/01,low,false
29f04c53691cdbaa12dc70132223aa1856c4f149,Ruben van der Linde,2025-02-25,openregister,Client proposal,14283/119/01,low,false
c539b95599eeeb0e7a810c0b3514f11224052103,Ruben van der Linde,2025-02-25,openregister,Client proposal,14283/119/01,low,false
dbadb6bfbf6c4e9d1777a0e54e2451cb934c1078,Ruben van der Linde,2025-02-25,openregister,Add some more docs,14283/119/01,low,false
50ec22e2114644b6e3b03fd44eb7166479d93b28,Ruben van der Linde,2025-02-25,openregister,Add some more docs,14283/119/01,low,false
08bdbb5a7107e7ddf8d93ac5ee8705e99a5273b0,rubenvdlinde,2025-02-25,openregister,Deploy website - based on a103e48b18075ec24c358ff6230d54cf4c66f452,14283/119/01,low,false
1e26f302bbec2a0fc66e438ea55dc51795f063fc,Ruben van der Linde,2025-02-25,openregister,Lets hunt for the bug,14283/119/01,low,false
a103e48b18075ec24c358ff6230d54cf4c66f452,Ruben van der Linde,2025-02-25,openregister,Lets hunt for the bug,14283/119/01,low,false
d2ca6e027e591870cbdc2a0a7e3fe2cb4e789601,Ruben van der Linde,2025-02-25,openregister,List fix,14283/119/01,low,false
95b113d9322250d9643984cc565d342e27264ccb,Ruben van der Linde,2025-02-25,openregister,List fix,14283/119/01,low,false
9ace334c6ad83ad5cc3ac4b21ff50375c77919db,Ruben van der Linde,2025-02-25,openregister,Cleaning up the standards,14283/119/01,low,false
fb65bad34f04138973b8b6d0efcdb66b85a240c3,Ruben van der Linde,2025-02-25,openregister,Cleaning up the standards,14283/119/01,low,false
da584039b5e1008b8dd23471fee1a5ba86a34a9d,Ruben van der Linde,2025-02-25,openregister,Product informatie verwijderd,14283/119/01,low,false
b9ccdde408f17a655ae92c5141ee400965f8da74,Ruben van der Linde,2025-02-25,openregister,Product informatie verwijderd,14283/119/01,low,false
2e3160bb16dd0661f81d544d97b5aeac2f36d445,Ruben van der Linde,2025-02-25,openregister,Style checks,14283/119/01,low,false
fe3b137bb01080c23b121c4c8e7a6538a81a35b7,Ruben van der Linde,2025-02-25,openregister,Style checks,14283/119/01,low,false
5ec48c1cdd18fbb377b5c0ccbedf3654cf94d2c4,Ruben van der Linde,2025-02-25,openregister,Did the task thing,14283/120/02,high,false
d97f92948e24601d722ac76dce55d81e3e79f777,Ruben van der Linde,2025-02-25,openregister,Did the task thing,14283/120/02,high,false
56d3a3c8a9121909dc517707dbc03483d6541bac,rubenvdlinde,2025-02-25,openregister,Deploy website - based on 228ed4270366feae4d0ddac4db7c7b13d6db62a5,14283/119/01,low,false
6d08f8abeccca801a98032ec41aed031e1be70a2,Ruben van der Linde,2025-02-25,openregister,More link fixes,14283/119/01,low,false
228ed4270366feae4d0ddac4db7c7b13d6db62a5,Ruben van der Linde,2025-02-25,openregister,More link fixes,14283/119/01,low,false
8cb15601ea45b0f85facda67da62951157283a92,Ruben van der Linde,2025-02-25,openregister,Link fix,14283/119/01,low,false
be764d1f037bf3312bb17776e49f4187df2aa1a9,Ruben van der Linde,2025-02-25,openregister,Link fix,14283/119/01,low,false
ff1b4e2a816e5c8bb8ac116cb47ad563044cb2b6,Ruben van der Linde,2025-02-25,openregister,Lets get the good client definition,14283/119/01,low,false
5932ba1b962017117a5db2436c8b0a1abe1dd5cb,Ruben van der Linde,2025-02-25,openregister,Lets get the good client definition,14283/119/01,low,false
8e38c30a6ca3faa227bb7e9691b6be743caac098,Ruben van der Linde,2025-02-25,openregister,Tabs fix?,14283/119/01,low,false
ad1088b344488b6f1cf0a3dfa9e613e990e967e0,Ruben van der Linde,2025-02-25,openregister,Tabs fix?,14283/119/01,low,false
21e99a765ad4cd16d5946cb96249c21a4772e7f3,Ruben van der Linde,2025-02-25,openregister,More tabs?,14283/119/01,low,false
e690edee449576e2f2283dca4f2d8bcd9b67a51a,Ruben van der Linde,2025-02-25,openregister,More tabs?,14283/119/01,low,false
8a53255c42130bf232fdb45ed92502e9ce8c8bf7,Ruben van der Linde,2025-02-25,openregister,Tabs test,14283/119/01,low,false
870181abbe3f8dc288aa39e14dfb77cdf2000064,Ruben van der Linde,2025-02-25,openregister,Tabs test,14283/119/01,low,false
412f6808b0c88c114929e871e69da969f8f51f8a,rubenvdlinde,2025-02-25,openregister,Deploy website - based on 8b4c3776aaef658f2da9679b89b314c1e9ae7f43,14283/119/01,low,false
a23b240aa924197b7fa44f0487e50f8f97114712,Ruben van der Linde,2025-02-25,openregister,Fix race condition,14283/119/01,low,false
8b4c3776aaef658f2da9679b89b314c1e9ae7f43,Ruben van der Linde,2025-02-25,openregister,Fix race condition,14283/119/01,low,false
6328a465573631c851a3f6a9aec8dfa35014b607,Ruben van der Linde,2025-02-25,openregister,Fix broken links,14283/119/01,low,false
a3043b2f02286777040267b62a10979c081ebd33,Ruben van der Linde,2025-02-25,openregister,Fix broken links,14283/119/01,low,false
ce77462b56d83d7827dc6888fb9db58413cb3749,Ruben van der Linde,2025-02-25,openregister,Moving the doc to the correct folder,14283/119/01,low,false
b135daec10f2f8a9a28ef7be32bab0ff3c25f3ef,Ruben van der Linde,2025-02-25,openregister,Moving the doc to the correct folder,14283/119/01,low,false
867d0a0f85af02224557824fb513f989492abc37,Ruben van der Linde,2025-02-25,openregister,Lets auto generate the sidebar,14283/119/01,low,false
45d3999a5a513a9f91c6708da247897f0c8ff34a,Ruben van der Linde,2025-02-25,openregister,Lets auto generate the sidebar,14283/119/01,low,false
069e39fbd4e32b571f98811ba124663f24b73516,rubenvdlinde,2025-02-25,openregister,Deploy website - based on cd5043323d9275a27229b3bd70a4e488b0790cd9,14283/119/01,low,false
fff27718a0bda117d88b8969b50866b49aeaa70b,Ruben van der Linde,2025-02-25,openregister,Let up th docs again,14283/119/01,low,false
cd5043323d9275a27229b3bd70a4e488b0790cd9,Ruben van der Linde,2025-02-25,openregister,Let up th docs again,14283/119/01,low,false
4c187900734a4d70d93b3db27a0bd314d0b79d33,rubenvdlinde,2025-02-25,openregister,Deploy website - based on 8488fec2faeed3a58a3dd26637036c60f008c547,14283/119/01,low,false
b6050dc0ab9234fa6cc57502a6abde7fd6e55a94,Ruben van der Linde,2025-02-25,openregister,Merge branch 'documentation' of https://github.com/ConductionNL/OpenRegisters into documentation,14283/119/02,medium,true
8488fec2faeed3a58a3dd26637036c60f008c547,Ruben van der Linde,2025-02-25,openregister,Merge branch 'documentation' of https://github.com/ConductionNL/OpenRegisters into documentation,14283/119/02,medium,true
581ff3da5f17cd82df22a5c21559ef9c8a59698f,Ruben van der Linde,2025-02-25,openregister,Lets rule the docs,14283/119/01,low,false
f3e7c9f0bb45e0947a99bedb894eada5809ddef7,Ruben van der Linde,2025-02-25,openregister,Lets rule the docs,14283/119/01,low,false
bbf5b2ae01799bea06bb676f16f5c40b29f75049,github-actions[bot],2025-02-25,openregister,Render PlantUML files,14283/119/01,low,true
486376850cbda2246fadfb88fdf1e9a639fee97a,github-actions[bot],2025-02-25,openregister,Render PlantUML files,14283/119/01,low,true
5a1dc5c922b75fdcf8922fe2650d173166b9e9e0,Ruben van der Linde,2025-02-25,openregister,Merge branch 'documentation' of https://github.com/ConductionNL/OpenRegisters into documentation,14283/119/02,medium,true
ae45637e47cd985ff8f10c17bde76688bb530960,Ruben van der Linde,2025-02-25,openregister,Merge branch 'documentation' of https://github.com/ConductionNL/OpenRegisters into documentation,14283/119/02,medium,true
90474408991b969cb0fd7abf843584e6f5628dd4,Ruben van der Linde,2025-02-25,openregister,Lets start on customer interraction,14283/119/01,low,false
240539c12b5c9d9472903551aafb701be33422ec,Ruben van der Linde,2025-02-25,openregister,Lets start on customer interraction,14283/119/01,low,false
8a3ff231a512d3195dbf05a52901567758f18699,Thijn,2025-02-24,openregister,Merge pull request #204 from ConductionNL/feature/REGISTERS-117/files-same-look,14283/119/02,medium,true
9effbbd2bf390a0cfef2d99a2ab1b3df8317294a,Thijn,2025-02-24,openregister,Merge pull request #204 from ConductionNL/feature/REGISTERS-117/files-same-look,14283/119/02,medium,true
db0655b7bc96d7da6e5073d6622444bfb56e136f,Thijn,2025-02-24,openregister,changed files style to OC,14283/119/01,low,false
32167fac833442ab5c3ea3fc2be75e410d733b9c,Thijn,2025-02-24,openregister,changed files style to OC,14283/119/01,low,false
decdb1da114c9995dab112c0e85089ec1f4912ac,Thijn,2025-02-24,openregister,Merge pull request #203 from ConductionNL/feature/REGISTERS-116/selection-visible,14283/119/02,medium,true
d912d788487b58a2ebd67ce128eb9782b527bfe8,Thijn,2025-02-24,openregister,Merge pull request #203 from ConductionNL/feature/REGISTERS-116/selection-visible,14283/119/02,medium,true
df205ac33ee5a33e4c8607a75cb14552bbe57887,github-actions[bot],2025-02-23,openregister,Render PlantUML files,14283/119/01,low,true
9f76efdb5df07512b016ab579505e69af895e296,github-actions[bot],2025-02-23,openregister,Render PlantUML files,14283/119/01,low,true
7d12011923ef454c3f046354156be0487161eba3,Ruben van der Linde,2025-02-23,openregister,Best workflow,14283/119/01,low,false
70d6c8cbde39b4b200821d6308405c078d757cde,Ruben van der Linde,2025-02-23,openregister,Best workflow,14283/119/01,low,false
f9e2ae827452111164ede7763ee0e973df67394b,Ruben van der Linde,2025-02-23,openregister,Merge remote-tracking branch 'origin/development' into documentation,14283/119/01,low,true
03ac784707268790e33c64e1d930b8ff373fe9d0,Ruben van der Linde,2025-02-23,openregister,Merge remote-tracking branch 'origin/development' into documentation,14283/119/01,low,true
ac566898f2ec92b81bbce87cabdfbaefeb41faea,Thijn,2025-02-21,openregister,added more type colors and selection colors,14283/119/01,low,false
04f831d74275642f0057923101ce0820276a54e7,Thijn,2025-02-21,openregister,added more type colors and selection colors,14283/119/01,low,false
f4b696ecfb57e966910cd3f232ff8f489d97a7cd,Thijn,2025-02-21,openregister,fixed selection for JSON codemirror,14283/119/01,low,false
4843033776c3611204383e55f12e81b24f455801,Thijn,2025-02-21,openregister,fixed selection for JSON codemirror,14283/119/01,low,false
7f04ec33f074abf938b6b7664eab1b7c43a37e19,Remko Huisman,2025-02-20,openregister,Merge pull request #202 from ConductionNL/feature/IBOC-154/published-date,14283/119/01,low,true
a309e7bfc5b8761792c60567b50e7864adcad396,Remko Huisman,2025-02-20,openregister,Merge pull request #202 from ConductionNL/feature/IBOC-154/published-date,14283/119/01,low,true
43b1db71cc33b674d30dc130c58c3ec99a0fc3d6,Robert Zondervan,2025-02-19,openregister,fix 1-1-1970 date on published,14283/119/01,low,false
c78629e13511c856e374b0fb17519d0cb5178db9,Robert Zondervan,2025-02-19,openregister,fix 1-1-1970 date on published,14283/119/01,low,false
6241d55fbac2d705e761a692445434d983252df2,github-actions[bot],2025-02-18,openregister,[Changelog CI] Add Changelog for Version 0.1.49,14283/120/02,low,true
c38ef1eb7f9fe468bf832d2d7dc8f0712bb879c1,GitHub Action,2025-02-18,openregister,Bump version to 0.1.49,14283/119/01,low,true
904e9fc40e72924c5f8383f2f3599cd2430f1719,GitHub Action,2025-02-18,openregister,Bump version to 0.1.49,14283/119/01,low,true
bb0f68f41dcfd992e7a62ee6c106760364dcbfb3,Ruben van der Linde,2025-02-18,openregister,Merge pull request #200 from ConductionNL/development,14283/119/01,low,true
a20b7d5d9ddbb29ff0a4aa2c602191bdc31ec49a,Ruben van der Linde,2025-02-18,openregister,Merge pull request #200 from ConductionNL/development,14283/119/01,low,true
c7b44586a421c6ee47efa83965a8c3cca40ce639,Remko Huisman,2025-02-18,openregister,Merge pull request #197 from ConductionNL/feature/IBOC-154/file-taging,14283/119/01,low,true
d470d144abf5db9a4f84c287824d58ca644b939d,Remko Huisman,2025-02-18,openregister,Merge pull request #197 from ConductionNL/feature/IBOC-154/file-taging,14283/119/01,low,true
071d10c2f7af7a808b74ea8299c4244b06d58da5,Wilco Louwerse,2025-02-18,openregister,Fix for tagging files,14283/119/01,low,false
6a3a57aa0ade4f87d91cba6c507847fa2a49b271,Wilco Louwerse,2025-02-18,openregister,Fix for tagging files,14283/119/01,low,false
e7df1097ff4f7a7dca5950c41fbec6a5ec0ae7b1,github-actions[bot],2025-02-18,openregister,[Changelog CI] Add Changelog for Version 0.1.48,14283/120/02,low,true
2c098f8212dac592176dc58ec115e228c42579e3,GitHub Action,2025-02-18,openregister,Bump version to 0.1.48,14283/119/01,low,true
51590fa64bc77ee909be404d579ad62e3f3aa595,GitHub Action,2025-02-18,openregister,Bump version to 0.1.48,14283/119/01,low,true
ae255079f0ca58c2b35bf8d5d0f20c96c8d56d07,Barry Brands,2025-02-18,openregister,Merge pull request #196 from ConductionNL/development,14283/119/01,low,true
87cf66980952de8b0594ac245f77f97f5cd2b075,Barry Brands,2025-02-18,openregister,Merge pull request #196 from ConductionNL/development,14283/119/01,low,true
e3540c71d91da3d4e87a310b21235841d12f0b7b,Ruben van der Linde,2025-02-18,openregister,Method to public,14283/119/01,low,false
ac31ec751679800a695bf0877dae07263cddb315,Ruben van der Linde,2025-02-18,openregister,Method to public,14283/119/01,low,false
3222d318e7a46a235eb8cdaf928918867407dc1d,Ruben van der Linde,2025-02-18,openregister,Missed one,14283/119/01,low,false
f7649080f52c6f02b8a5d4612436f58fa2330e78,Ruben van der Linde,2025-02-18,openregister,Missed one,14283/119/01,low,false
b1d7249ed40c9ed17fe3910a793e7b86a3380362,Ruben van der Linde,2025-02-18,openregister,Wronge if statement,14283/119/01,low,false
69b188c8da48639ce8473fa3243c116f1db23f0e,Ruben van der Linde,2025-02-18,openregister,Wronge if statement,14283/119/01,low,false
c7a1d7000651b04d47241af8b8708a95fdc85bc8,Ruben van der Linde,2025-02-18,openregister,Reroll ObjectService,14283/119/01,high,false
64b172f3a8914e17adc22c1a04d622e0c2b0eb6e,Ruben van der Linde,2025-02-18,openregister,Reroll ObjectService,14283/119/01,high,false
87404b501712effb48a888abd069d770e27446f6,Ruben van der Linde,2025-02-18,openregister,User manager terug gezet,14283/120/01,medium,false
d7c7d35a579904ca89c74f4fb74d51a606a21f6f,Ruben van der Linde,2025-02-18,openregister,User manager terug gezet,14283/120/01,medium,false
7d12756a0326c1c0019873753e81f69942be4624,Ruben van der Linde,2025-02-18,openregister,Simplified config,14283/120/01,low,false
2a21b2fd12047e3178539ed63562dfa2be5ca1d6,Ruben van der Linde,2025-02-18,openregister,Simplified config,14283/120/01,low,false
12563b3f6882f1d2c09e20ebb9d751a7ecd16cfc,Ruben van der Linde,2025-02-18,openregister,Add phpcs config file,14283/119/01,low,false
6ed04ce32175a69a926954fe3f204607a814cb2a,Ruben van der Linde,2025-02-18,openregister,Add phpcs config file,14283/119/01,low,false
052c83d9c5890dae3b65c19fec143a66acb249dd,Ruben van der Linde,2025-02-18,openregister,Small fixes,14283/119/01,low,false
970b23de966cfb393f98c0e1384df25adad70caa,Ruben van der Linde,2025-02-18,openregister,Small fixes,14283/119/01,low,false
e1c2f24aef902ff13dd22a4f612321a8fce2ec18,Ruben van der Linde,2025-02-18,openregister,Bit of whitespace cleaning,14283/119/01,low,false
2aebe3d8788b9a00e6fab07cd7a9b3d767e2ef44,Ruben van der Linde,2025-02-18,openregister,Bit of whitespace cleaning,14283/119/01,low,false
65ef33d698ff3e62e40f5fee5be3bbbd7cbe6ba3,Ruben van der Linde,2025-02-18,openregister,Let provide options to getting a single file,14283/119/01,low,false
c1717fa8963b393e6762f92ce0bf08db792b1397,Ruben van der Linde,2025-02-18,openregister,Let provide options to getting a single file,14283/119/01,low,false
079b0305c0e714ba6cfd127fa33948164165b786,Ruben van der Linde,2025-02-18,openregister,Advanced label logic,14283/119/01,low,false
a3c861859f1e7f8936d1dc4d64284661e8d66122,Ruben van der Linde,2025-02-18,openregister,Advanced label logic,14283/119/01,low,false
f34d750a224f1c3d598351cc097d99ad2be1964f,rubenvdlinde,2025-02-18,openregister,Deploy website - based on 335899dfe33cd2acac7ac3dc41d091f1ead05928,14283/119/01,low,false
3b5104109235304a57a970a3fd137b340d748d08,Ruben van der Linde,2025-02-18,openregister,Fix CNAME and style,14283/119/01,low,false
335899dfe33cd2acac7ac3dc41d091f1ead05928,Ruben van der Linde,2025-02-18,openregister,Fix CNAME and style,14283/119/01,low,false
cde23c8f6cfe682aea22c193dcfd6ac50de7e1e7,Ruben van der Linde,2025-02-17,openregister,Create CNAME,14283/119/01,low,false
1fa47da3a6bd55a764e2c970d9407f3164ba0daa,rubenvdlinde,2025-02-17,openregister,Deploy website - based on b3c5c685904776f19e27ec6574eb607d783c6d8b,14283/119/01,low,false
f96a4a74f5587a39191b436c065d51c11301900d,Ruben van der Linde,2025-02-17,openregister,Create CNAME,14283/119/01,low,false
c70d7cef1b2bc601a898902229e9102a7013da5d,Ruben van der Linde,2025-02-17,openregister,propper website,14283/119/01,low,false
b3c5c685904776f19e27ec6574eb607d783c6d8b,Ruben van der Linde,2025-02-17,openregister,propper website,14283/119/01,low,false
88ec6dcf2c106b4926abefd4560a1e05e7b2ef42,rubenvdlinde,2025-02-17,openregister,Deploy website - based on 2fbf1e8bd54b7750efef47e562886ed386277b2d,14283/119/01,low,false
988ab338d5f3cf20562d7fd40c8979514badebb6,Ruben van der Linde,2025-02-17,openregister,Propper domain name,14283/119/01,low,false
2fbf1e8bd54b7750efef47e562886ed386277b2d,Ruben van der Linde,2025-02-17,openregister,Propper domain name,14283/119/01,low,false
233bc7f8bb4b399c403736f28bdda483a392e04a,Ruben van der Linde,2025-02-17,openregister,Create CNAME,14283/119/01,low,false
28451e8981585fc9b68678a8a7b5edc3c1a1ef4e,rubenvdlinde,2025-02-17,openregister,Deploy website - based on 4372121b0d788a7595d1124c4ebd22c76a1d0dda,14283/119/01,low,false
05489def777024c03de61f88830e6bb0a3ad27fd,Ruben van der Linde,2025-02-17,openregister,Logo,14283/119/01,low,false
4372121b0d788a7595d1124c4ebd22c76a1d0dda,Ruben van der Linde,2025-02-17,openregister,Logo,14283/119/01,low,false
05f28ebe5264f4735d17870affbabc0e32c08c7a,rubenvdlinde,2025-02-17,openregister,Deploy website - based on 70f2c5b74cae328ed7267a48dff908dd522fb690,14283/119/01,low,false
9404389cbb84287ec69c7d3864fa45eaf5c53f27,Ruben van der Linde,2025-02-17,openregister,Proper logo,14283/119/01,low,false
70f2c5b74cae328ed7267a48dff908dd522fb690,Ruben van der Linde,2025-02-17,openregister,Proper logo,14283/119/01,low,false
19a5e83b642ff64843b769222b36b96a47ade256,Thijn,2025-02-17,openregister,finished upload button,14283/119/01,low,false
e04451ba476d302241b9695d05d7413775dc1084,Wilco Louwerse,2025-02-17,openregister,w.i.p. code cleanup / fixes,14283/119/01,low,false
c9e0ebd7880e67ec08f8247fb809d2b6de70b12b,Wilco Louwerse,2025-02-17,openregister,w.i.p. code cleanup / fixes,14283/119/01,low,false
d4fcdeb241ee5a3a608efb0ca43668af86b841d8,Ruben van der Linde,2025-02-17,openregister,fixed missing array,14283/119/01,low,false
f6337146b5f7c9c0a4886c771c4593b8654f71a2,Ruben van der Linde,2025-02-17,openregister,fixed missing array,14283/119/01,low,false
dc6a6e6f4e2409e4f82fee2d77a102233e049968,Ruben van der Linde,2025-02-17,openregister,Code fixes afther bad merge,14283/119/01,low,false
cc2f8e0770085c7d366ce5885f6201366161e7c1,Ruben van der Linde,2025-02-17,openregister,Code fixes afther bad merge,14283/119/01,low,false
61f8e078c4d8eb06a88f8c768f8a66834c8dc22a,Ruben van der Linde,2025-02-17,openregister,Merge remote-tracking branch 'origin/development' into feature/IBOC-154/file-taging,14283/119/01,low,true
40c595ec9a680674938446406d006ae6c1a2e033,Ruben van der Linde,2025-02-17,openregister,Merge remote-tracking branch 'origin/development' into feature/IBOC-154/file-taging,14283/119/01,low,true
2d5ca7754187331f43b02a92fa5d22026bc75a81,Ruben van der Linde,2025-02-17,openregister,Lets add the actual taging logic,14283/119/01,low,false
2bda842ab5547262b63aba7673d8c96b2ef55ecd,Ruben van der Linde,2025-02-17,openregister,Lets add the actual taging logic,14283/119/01,low,false
eac2a6e44eeafe12514cc2fa22b40c21de0513ef,rubenvdlinde,2025-02-17,openregister,Deploy website - based on b416d5ce97cd07c31004bcf4f57aec2b192c3973,14283/119/01,low,false
18cee01022b16d8dcb1af0e44c3e837aede26949,Ruben van der Linde,2025-02-17,openregister,Lets setup the code for file handling,14283/119/01,low,false
b416d5ce97cd07c31004bcf4f57aec2b192c3973,Ruben van der Linde,2025-02-17,openregister,Lets setup the code for file handling,14283/119/01,low,false
d4cc2694d394f7918c7d34106de0c4060578f23b,Robert Zondervan,2025-02-14,openregister,Merge pull request #195 from ConductionNL/feature/REGISTERS-107/auto-share,14283/119/02,medium,true
76fdc874e0914fc705a39b7130d5e1890a33b51b,Robert Zondervan,2025-02-14,openregister,Merge pull request #195 from ConductionNL/feature/REGISTERS-107/auto-share,14283/119/02,medium,true
e30afb56feca7fdf5968008089050e3a4da042e1,Remko Huisman,2025-02-14,openregister,Merge pull request #194 from ConductionNL/feature/IBOC-152/search-result-table,14283/119/02,high,true
a11b2e2db2d850111181a62ca232a26614235c6c,Remko Huisman,2025-02-14,openregister,Merge pull request #194 from ConductionNL/feature/IBOC-152/search-result-table,14283/119/02,high,true
dc15c28c2f83579ccbea31850384b1de594c395f,Remko Huisman,2025-02-14,openregister,Merge pull request #173 from ConductionNL/feature/REGISTERS-100/branch-fix-object-codemirror,14283/119/02,medium,true
bd08e1a8f378e5c93def9bd6a3d87f825e442b01,Remko Huisman,2025-02-14,openregister,Merge pull request #173 from ConductionNL/feature/REGISTERS-100/branch-fix-object-codemirror,14283/119/02,medium,true
9a0ade7fe14018797f4eb81508e4a61e4a9c290a,Wilco Louwerse,2025-02-14,openregister,Small style and one-line doc change,14283/119/01,low,false
b04f520693819ad5c257fd4869b877087f46cb7a,Wilco Louwerse,2025-02-14,openregister,Small style and one-line doc change,14283/119/01,low,false
5dadce549ab022360f528a84ee946cb4a22e5ea7,Robert Zondervan,2025-02-14,openregister,Share file if requested,14283/119/01,low,false
fada97292dc072667ecfffa5a0e10d46a869599a,Robert Zondervan,2025-02-14,openregister,Share file if requested,14283/119/01,low,false
b83b77db3d0fa2c983fc953bcfe350d0a09d09a8,Thijn,2025-02-14,openregister,finished table,14283/119/01,low,false
a8d49c806346e7e31925f6d0685f5474158aea0f,Thijn,2025-02-14,openregister,finished table,14283/119/01,low,false
8c32aeff958615e34c6a8ac5461b1b508f851e71,github-actions[bot],2025-02-13,openregister,[Changelog CI] Add Changelog for Version 0.1.47,14283/120/02,low,true
3bfb257e0d78d1c2e4420ace033b49dc0aa466c6,GitHub Action,2025-02-13,openregister,Bump version to 0.1.47,14283/119/01,low,true
73ab9f397e879e33f62cf4d229d4dded4b92dca7,GitHub Action,2025-02-13,openregister,Bump version to 0.1.47,14283/119/01,low,true
8c996c6a2e40740b74cf4079de5f5dc8e33133fa,Remko Huisman,2025-02-13,openregister,Merge pull request #192 from ConductionNL/development,14283/119/01,low,true
1b508211f126c89a34ce4605e7c835bd1201c208,Remko Huisman,2025-02-13,openregister,Merge pull request #192 from ConductionNL/development,14283/119/01,low,true
08fa8c31e90bf6b0688d64999a2b8289c636d8b0,Robert Zondervan,2025-02-13,openregister,Merge pull request #191 from ConductionNL/fix/objecttypes,14283/119/01,low,true
a2a719c9367ba7c8de2cc5bb000693f0cbefc9b1,Robert Zondervan,2025-02-13,openregister,Merge pull request #191 from ConductionNL/fix/objecttypes,14283/119/01,low,true
714683157bdbec49cf32a2307a0802a0cde39fe5,Robert Zondervan,2025-02-13,openregister,Merge remote-tracking branch 'origin/main' into fix/objecttypes,14283/119/01,low,true
aed2566c98bce0bab618d8c41dfd0d24eb0de9fa,Robert Zondervan,2025-02-13,openregister,Merge remote-tracking branch 'origin/main' into fix/objecttypes,14283/119/01,low,true
841ffb36c141c5dfe29ffe198f21c232f89762c9,github-actions[bot],2025-02-13,openregister,[Changelog CI] Add Changelog for Version 0.1.46,14283/120/02,low,true
bccff4cd9bfa4a7e14388fdd89f2f9ce0dcc53af,GitHub Action,2025-02-13,openregister,Bump version to 0.1.46,14283/119/01,low,true
f3667b7dc42961328128d097557665f2d86e15f8,GitHub Action,2025-02-13,openregister,Bump version to 0.1.46,14283/119/01,low,true
f228cf641dda2ffababa7d0ec0044998ae84704d,Robert Zondervan,2025-02-13,openregister,Fix tag objecttypes,14283/119/01,low,false
c2affb390b3d88dc71ed3a83f1c131120a339df9,Robert Zondervan,2025-02-13,openregister,Fix tag objecttypes,14283/119/01,low,false
242f0286b3ce41dc4df047169b6f495e5786cda4,Robert Zondervan,2025-02-13,openregister,Merge pull request #189 from ConductionNL/hotfix/reshares,14283/119/01,low,true
be59e0743c45fbb4719aab4a0d90140b2b30e0b0,Robert Zondervan,2025-02-13,openregister,Merge pull request #189 from ConductionNL/hotfix/reshares,14283/119/01,low,true
1733983c72684e7fa8e64bf1de57404c2d4ce474,Robert Zondervan,2025-02-13,openregister,Add reshare flag on finding shares,14283/119/01,low,false
6dcb810e996d7f20bcdcdf4215475c39a980661a,Robert Zondervan,2025-02-13,openregister,Add reshare flag on finding shares,14283/119/01,low,false
3ceba0868261c602fbd258e89220808d4494cea4,Thijn,2025-02-13,openregister,Merge pull request #188 from ConductionNL/feature/IBOC-151/search-sidebar,14283/119/02,high,true
e2c40a214e6526c098b4582406082d99eeb71417,Thijn,2025-02-13,openregister,Merge pull request #188 from ConductionNL/feature/IBOC-151/search-sidebar,14283/119/02,high,true
1b6845e8b62472c08451ef25fc2d3b4b105de530,Thijn,2025-02-13,openregister,lint-fix,14283/119/01,low,false
264bd9f5a75de399085788ed3595b4554a5c23e3,Thijn,2025-02-13,openregister,lint-fix,14283/119/01,low,false
90e305933fe4b911d75edb2bfa1d28862cee6cec,Thijn,2025-02-13,openregister,change requests,14283/119/01,low,false
4c77c5133d799e2a9eb425b4d71ec17e13559e86,Thijn,2025-02-13,openregister,change requests,14283/119/01,low,false
e7bbf81983c73d999722cb8c94ac2f3403315e07,Thijn,2025-02-12,openregister,added sidebar,14283/119/01,low,false
7043f63fe37aec1cb2cf38cf7615fa372cd79efa,Thijn,2025-02-12,openregister,added sidebar,14283/119/01,low,false
81465d434280333b323b3db866bfe3f9381ba680,github-actions[bot],2025-02-12,openregister,[Changelog CI] Add Changelog for Version 0.1.45,14283/120/02,low,true
5d13980f68127e414181717b65d880e9e4b77bed,GitHub Action,2025-02-12,openregister,Bump version to 0.1.45,14283/119/01,low,true
4b854e069069f128f15392435a001426620df713,GitHub Action,2025-02-12,openregister,Bump version to 0.1.45,14283/119/01,low,true
9ca37787a657447e8c10f02be7dbf29dcfedef32,Robert Zondervan,2025-02-12,openregister,Merge pull request #186 from ConductionNL/hotfix/decode-base64,14283/119/01,low,true
0f69b1bac3e94fb73bea1b9c3b5b41d2358ab32c,Robert Zondervan,2025-02-12,openregister,Merge pull request #186 from ConductionNL/hotfix/decode-base64,14283/119/01,low,true
a3229c9a6ba28b29cada3e30180d8c051ea52fc1,Robert Zondervan,2025-02-12,openregister,Hotfix: base64 decode before calling function to write decoded data,14283/119/01,low,false
37cd275d1d59f7f8a04039b6b53a140efe56d026,Robert Zondervan,2025-02-12,openregister,Hotfix: base64 decode before calling function to write decoded data,14283/119/01,low,false
cf9f1e1467b64996802d2a52e513c8d4f503423b,github-actions[bot],2025-02-12,openregister,[Changelog CI] Add Changelog for Version 0.1.44,14283/120/02,low,true
1c86d4c3797a427b53f266bf0c7c89fdf72f21a8,GitHub Action,2025-02-12,openregister,Bump version to 0.1.44,14283/119/01,low,true
fd2ec1e8fd25802cf2ce9bbce1d067bf47cc669d,GitHub Action,2025-02-12,openregister,Bump version to 0.1.44,14283/119/01,low,true
f486aa18408ea79b7d6f17854840dc2ce3c0b794,Ruben van der Linde,2025-02-12,openregister,Merge pull request #177 from ConductionNL/development,14283/119/01,low,true
2e9c4c481d29c2ed860b02200f18400f20b8e6fc,Ruben van der Linde,2025-02-12,openregister,Merge pull request #177 from ConductionNL/development,14283/119/01,low,true
6248ac512f5e1692920c498c51c07bd7e877fd69,Ruben van der Linde,2025-02-12,openregister,Merge pull request #184 from ConductionNL/hotfix/try-catch-error,14283/120/02,medium,true
97286839532cd944df7f4e2f76c0121f43119025,Ruben van der Linde,2025-02-12,openregister,Merge pull request #184 from ConductionNL/hotfix/try-catch-error,14283/120/02,medium,true
57ab9fc2cb0937afe980db50272466dc9fd4f4bf,Ruben van der Linde,2025-02-12,openregister,Wrong user,14283/120/01,medium,false
f633650ad3ebe6b6578b9aef2ff704559529869c,Ruben van der Linde,2025-02-12,openregister,Wrong user,14283/120/01,medium,false
389658ac5afdf5d614856199b709ece7ea9877fa,Ruben van der Linde,2025-02-12,openregister,Merge pull request #183 from ConductionNL/hotfix/try-catch-error,14283/120/02,medium,true
7c83f86f61dd1d96ac5e94965a6d66ffdb4b058b,Ruben van der Linde,2025-02-12,openregister,Merge pull request #183 from ConductionNL/hotfix/try-catch-error,14283/120/02,medium,true
109e170d0591d74b1af085b7ed62add6848ad886,Ruben van der Linde,2025-02-12,openregister,Remove set owner,14283/119/01,low,false
216cf0aa02f8fce75da91a25bbecd42a66df8d30,Ruben van der Linde,2025-02-12,openregister,Remove set owner,14283/119/01,low,false
bc46f97d522a16c9beba548cf07acb701b909851,Ruben van der Linde,2025-02-12,openregister,Force user session on OpenCatalogi for file creation,14283/119/02,high,false
e9ef5a0441ac30d618310ff6d1994d5546e710b3,Ruben van der Linde,2025-02-12,openregister,Force user session on OpenCatalogi for file creation,14283/119/02,high,false
831b539292c37ad59f6a6daeb984dc31ce669e50,Ruben van der Linde,2025-02-12,openregister,Merge pull request #182 from ConductionNL/hotfix/try-catch-error,14283/120/02,medium,true
aa2be5f8302b110989e0de6856963f5e93c464e0,Ruben van der Linde,2025-02-12,openregister,Merge pull request #182 from ConductionNL/hotfix/try-catch-error,14283/120/02,medium,true
60edc2ce690131771ae5aae3ca18e53b7d86a30a,Ruben van der Linde,2025-02-12,openregister,Fixing the try catch,14283/119/01,low,false
de66a1de550b570df399d8b9046112f093349f31,Ruben van der Linde,2025-02-12,openregister,Fixing the try catch,14283/119/01,low,false
60096fa417cdd1a097effad53623210d09c3a186,Ruben van der Linde,2025-02-12,openregister,Merge pull request #179 from ConductionNL/feature/REGISTERS-104/file-function,14283/119/02,medium,true
20fa7fe1e05c162c8e8c7a22b9a13c2e9686ae44,Ruben van der Linde,2025-02-12,openregister,Merge pull request #179 from ConductionNL/feature/REGISTERS-104/file-function,14283/119/02,medium,true
eee16e82d9f11ddb525ecc45167f3d74185c8639,Ruben van der Linde,2025-02-12,openregister,Merge remote-tracking branch 'origin/development' into feature/REGISTERS-104/file-function,14283/119/02,medium,true
e3d96846f26022a7dd30a092f9b4a9473bbd21b4,Ruben van der Linde,2025-02-12,openregister,Merge remote-tracking branch 'origin/development' into feature/REGISTERS-104/file-function,14283/119/02,medium,true
d401bf45a6eb7b64c8861c7df592be1e1bcc11cc,Ruben van der Linde,2025-02-12,openregister,Add an add file function to the object and file service,14283/119/01,low,false
ed39fa268bcde31acfeae50153c086480e5715c8,Ruben van der Linde,2025-02-12,openregister,Add an add file function to the object and file service,14283/119/01,low,false
0feea309b1bd25dccf1417af5ec783078b8ff7ba,Ruben van der Linde,2025-02-12,openregister,Update the file service to always work on the OpenCatalogi user,14283/119/02,high,false
e4e5f6aa06fb32454ec418424bbdcc119a865d9c,Ruben van der Linde,2025-02-12,openregister,Update the file service to always work on the OpenCatalogi user,14283/119/02,high,false
5068f04938e8b988ca8ef47715c54a16b7f8b57d,Wilco Louwerse,2025-02-11,openregister,Merge pull request #178 from ConductionNL/fix/file-service-bug,14283/119/01,low,true
0c33db06c3853bbfefe92c61e658210a66894a89,Wilco Louwerse,2025-02-11,openregister,Merge pull request #178 from ConductionNL/fix/file-service-bug,14283/119/01,low,true
8e9450c6007f247ab35f9e1095a2e4674ea13d1e,Barry Brands,2025-02-11,openregister,Merge pull request #170 from ConductionNL/feature/CONNECTOR-219/fetch-tags,14283/119/01,low,true
7a4a2bceed3842162de5f0e94bfb4f7f6666047e,Barry Brands,2025-02-11,openregister,Merge pull request #170 from ConductionNL/feature/CONNECTOR-219/fetch-tags,14283/119/01,low,true
21b063d352a145c8ac2a355dad69016c59c588b1,Wilco Louwerse,2025-02-11,openregister,Fix for creating publications,14283/119/01,low,false
90bbebaf6e3cfd8cf0464726f38783d2bae5eb25,Wilco Louwerse,2025-02-11,openregister,Fix for creating publications,14283/119/01,low,false
3a1922172eb22ce190ab1efe14f8035ff9b23422,Barry Brands,2025-02-11,openregister,Merge remote-tracking branch 'origin/development' into feature/CONNECTOR-219/fetch-tags,14283/119/01,low,true
cfecf03b75f0d78b664dcfc6b9068d3f16834631,Barry Brands,2025-02-11,openregister,Merge remote-tracking branch 'origin/development' into feature/CONNECTOR-219/fetch-tags,14283/119/01,low,true
d43e4d470acf07d3801064db831b30f25ce8d772,Wilco Louwerse,2025-02-11,openregister,Merge pull request #176 from ConductionNL/fix/CONNECTOR-239/folder-property,14283/119/01,low,true
71d756678738f216da7f24e4a520aef8272b1cf0,Wilco Louwerse,2025-02-11,openregister,Merge pull request #176 from ConductionNL/fix/CONNECTOR-239/folder-property,14283/119/01,low,true
6140b0f8bae2d2c3f9457b9effb17ea3dff71fe6,Barry Brands,2025-02-11,openregister,revert changes,14283/119/01,low,true
d260597c1a0dd9a7292899c4c0f85d3c5ca99753,Barry Brands,2025-02-11,openregister,revert changes,14283/119/01,low,true
d7771af24cc034abfdd2370d9e18285f8832ffc7,Barry Brands,2025-02-11,openregister,Move getting tags to fileService,14283/119/01,low,false
d398c1d0aff8d8659d93dab67acc717e28561bd5,Barry Brands,2025-02-11,openregister,Move getting tags to fileService,14283/119/01,low,false
950e0cad78ec7e2ef7aff5bcc621f11e3505bfc3,Barry Brands,2025-02-11,openregister,Merge remote-tracking branch 'origin/development' into feature/CONNECTOR-219/fetch-tags,14283/119/01,low,true
36a8d312ae3b0a5a3f7ddd558ebba881b3651e2a,Barry Brands,2025-02-11,openregister,Merge remote-tracking branch 'origin/development' into feature/CONNECTOR-219/fetch-tags,14283/119/01,low,true
be19a99faf722f4e468cf8b3e950df8b726f0202,Barry Brands,2025-02-11,openregister,name tags labels when returning,14283/119/01,low,false
a0803fbd859e5ac17d30747b9c91edf8af31be34,Barry Brands,2025-02-11,openregister,name tags labels when returning,14283/119/01,low,false
f76a3e5eb2c270f064d4daf1fd66c0d9f4c16d4e,Wilco Louwerse,2025-02-11,openregister,IBOC-148 > Fix for setting folder property correctly,14283/119/01,low,false
25203b6705c39be7064dae8a72962322440f5888,Wilco Louwerse,2025-02-11,openregister,IBOC-148 > Fix for setting folder property correctly,14283/119/01,low,false
c30b214d0eed3339d7a72ef13f3a107e44ab319f,Barry Brands,2025-02-11,openregister,Fix return of tags,14283/119/01,low,false
59a274263962fcf5fea531492a58d048c1028edd,Barry Brands,2025-02-11,openregister,Fix return of tags,14283/119/01,low,false
a66588ade811f512c85030686759d03191150183,Ruben van der Linde,2025-02-11,openregister,Merge pull request #153 from ConductionNL/feature/REGISTERS-99/metadata,14283/119/02,medium,true
e6f9dc6476e6a61075d1b174eb661362b39b6c31,Ruben van der Linde,2025-02-11,openregister,Merge pull request #153 from ConductionNL/feature/REGISTERS-99/metadata,14283/119/02,medium,true
983c5e54ac384eba94acb647d56ae15a27401be7,Ruben van der Linde,2025-02-11,openregister,Remove empty file,14283/119/01,low,false
470740df629b75c519e311b15eaf7c978b1bcb90,Ruben van der Linde,2025-02-11,openregister,Remove empty file,14283/119/01,low,false
afda795bd8a59da294f726fc0b1ebb47781f6369,Wilco Louwerse,2025-02-11,openregister,Merge pull request #175 from ConductionNL/fix/file-service,14283/119/01,low,true
1a76f00c18bd49eca6ceece00be82ab7599c3475,Wilco Louwerse,2025-02-11,openregister,Merge pull request #175 from ConductionNL/fix/file-service,14283/119/01,low,true
a6b0cc105578450c8b50c6d19a248da4f3896fe4,Wilco Louwerse,2025-02-11,openregister,Let's make sure OpenConnector & OpenCatalogi can still use this function,14283/119/02,high,false
8264de73fc4e5a3c2c94a2796f801717d883ac6e,Wilco Louwerse,2025-02-11,openregister,Let's make sure OpenConnector & OpenCatalogi can still use this function,14283/119/02,high,false
149a9629a2a93e10afd69ab7e00483fd47ef7a46,Wilco Louwerse,2025-02-11,openregister,Merge pull request #174 from ConductionNL/fix/file-service,14283/119/01,low,true
d7b189348994811451df96d8fa0dec5b62f9aca3,Wilco Louwerse,2025-02-11,openregister,Merge pull request #174 from ConductionNL/fix/file-service,14283/119/01,low,true
66b66354572daec35980a6f73e383ca0d1dac196,Wilco Louwerse,2025-02-11,openregister,Merge pull request #171 from ConductionNL/feature/CONNECTOR-209/full-text-search-docu,14283/119/02,high,true
9f8857a889c704aba048bd7fe805768b8e8d2886,Wilco Louwerse,2025-02-11,openregister,Merge pull request #171 from ConductionNL/feature/CONNECTOR-209/full-text-search-docu,14283/119/02,high,true
cb7910f4bab18d0ef19743a86db8ee39ffe013f4,Ruben van der Linde,2025-02-11,openregister,Aanpassing op verzoek van @robert,14283/119/01,low,false
cb766b87130758e2fe36ff777a8c209acb5758c0,Ruben van der Linde,2025-02-11,openregister,Aanpassing op verzoek van @robert,14283/119/01,low,false
4ff1bc0e682baa453e50670e5166de148aeb3963,Wilco Louwerse,2025-02-11,openregister,small style fix,14283/119/01,low,false
a9768afe90ea34844905caaf18069cd1dd7035ca,Wilco Louwerse,2025-02-11,openregister,small style fix,14283/119/01,low,false
0b98dd17fa81b4c730fa9086eca86616c2a06b8c,Wilco Louwerse,2025-02-11,openregister,Do some fixes in FileService,14283/119/01,low,false
63b25b37747fc1ad3636ab4d13fa9e267cee8f5b,Wilco Louwerse,2025-02-11,openregister,Do some fixes in FileService,14283/119/01,low,false
b185ebac67625abd0098cec38acf46ba295db066,Thijn,2025-02-10,openregister,added code mirror to object,14283/119/01,low,false
b505f3a4137ddc0f6f75f504c3146401f2cf1d3f,Thijn,2025-02-10,openregister,added code mirror to object,14283/119/01,low,false
91c0a488453118f811295da461c91af9e7f21152,Thijn,2025-02-10,openregister,updated caniuse-lite,14283/119/01,low,false
908425e93159df2bcefb3826b296f3e2ba64d731,Thijn,2025-02-10,openregister,updated caniuse-lite,14283/119/01,low,false
60cf3cf5cf0c4749bfa3f8a50a5739fb9a67a2dd,Wilco Louwerse,2025-02-10,openregister,Added a more information header at the end of fulltextsearch docu.md,14283/119/02,high,false
1e2594ecd9053c457d301e68231eda182f978299,Wilco Louwerse,2025-02-10,openregister,Added a more information header at the end of fulltextsearch docu.md,14283/119/02,high,false
8d8b45047d4dbe7b19f18f7c3987180bdc8c4275,Wilco Louwerse,2025-02-10,openregister,Added some basic documentation for the fulltextsearch app(s),14283/119/02,high,false
751620a2d0a22ee2c71bbc13c1cdd4ec855586d8,Wilco Louwerse,2025-02-10,openregister,Added some basic documentation for the fulltextsearch app(s),14283/119/02,high,false
c69acb45f00fb2bd338165628f47c034bbf39b00,Barry Brands,2025-02-10,openregister,Merge remote-tracking branch 'origin/development' into feature/CONNECTOR-219/fetch-tags,14283/119/01,low,true
35859016bb913e669a7cba6ce7171052f46fb28b,Barry Brands,2025-02-10,openregister,Merge remote-tracking branch 'origin/development' into feature/CONNECTOR-219/fetch-tags,14283/119/01,low,true
be4cf4ceeb44dc7c667adb3775051169be8ce596,Barry Brands,2025-02-10,openregister,Small improvement fetch file tag,14283/119/01,low,false
c4a3cf90bc71654204b15a3314b4e56c621f5487,Barry Brands,2025-02-10,openregister,Small improvement fetch file tag,14283/119/01,low,false
f4c91f338e999e80833aa0ae9417fc3bf7b5e726,Wilco Louwerse,2025-02-10,openregister,Merge pull request #169 from ConductionNL/feature/CONNECTOR-209/search-files,14283/119/02,high,true
79a0a605ecdcf07f21d04273c6e7bcc6428a8ef1,Wilco Louwerse,2025-02-10,openregister,Merge pull request #169 from ConductionNL/feature/CONNECTOR-209/search-files,14283/119/02,high,true
7323f89b660d59be23e45c373398d863eb7f0710,Ruben van der Linde,2025-02-10,openregister,Lets think about contributing,14283/119/01,low,false
15cc9ac1330b194a9a3b104ba753d1cb7905c992,Ruben van der Linde,2025-02-10,openregister,Lets think about contributing,14283/119/01,low,false
76878c8356e99480b9167943b9c34906cd6ad6a3,rubenvdlinde,2025-02-08,openregister,Deploy website - based on ea07103d8ab848f58bdf5242f8c4032178cd5872,14283/119/01,low,false
aa9cc20feef3531c59a502904432e1f30e30428f,Ruben van der Linde,2025-02-08,openregister,Found another one,14283/119/01,low,false
ea07103d8ab848f58bdf5242f8c4032178cd5872,Ruben van der Linde,2025-02-08,openregister,Found another one,14283/119/01,low,false
ec5c335f62c22216e6b9e457149c3dc6b313a029,Ruben van der Linde,2025-02-08,openregister,Hunting broken links,14283/119/01,low,false
001869cab771a46943ac2b02d7c77dd9cb8a8c3b,Ruben van der Linde,2025-02-08,openregister,Hunting broken links,14283/119/01,low,false
b600f54c836ea6b9ac8d1ad260b53f9830252337,Ruben van der Linde,2025-02-08,openregister,Remove data-extension,14283/119/01,low,false
4a25209832e81a6a48c3089f5cd61c34e96b66a0,Ruben van der Linde,2025-02-08,openregister,Remove data-extension,14283/119/01,low,false
a2b8bd0761c748dc33d154bd39a32182a097f90b,Ruben van der Linde,2025-02-08,openregister,Merge branch 'documentation' of https://github.com/ConductionNL/OpenRegisters into documentation,14283/119/02,medium,true
db2d0db3d807b5738daa8fb7936140961288eeac,Ruben van der Linde,2025-02-08,openregister,Merge branch 'documentation' of https://github.com/ConductionNL/OpenRegisters into documentation,14283/119/02,medium,true
c2987124f9628f6ca07591f8c2e20bbb472d8b82,Ruben van der Linde,2025-02-08,openregister,Remove broken link,14283/119/01,low,false
1aabb224b9df1e8465c10fef611606fa1ed65753,Ruben van der Linde,2025-02-08,openregister,Remove broken link,14283/119/01,low,false
6f2bd8479ba43fc7856f0bd7d163fbac01a8b7e7,github-actions[bot],2025-02-08,openregister,Render PlantUML files,14283/119/01,low,true
159af9ca4369197a5494414065ffadf2f0759c5b,github-actions[bot],2025-02-08,openregister,Render PlantUML files,14283/119/01,low,true
d9f10eb5aa2aba983ec26bd709bdbaa1ff66e06f,Ruben van der Linde,2025-02-08,openregister,Puml update,14283/119/01,low,false
d4160435ec18ea3d4bc039b7788ef39dc9b6e330,Ruben van der Linde,2025-02-08,openregister,Puml update,14283/119/01,low,false
4dd1e03e5f9144016525a01defc7b27de30acf86,Ruben van der Linde,2025-02-08,openregister,Removed non functioning image,14283/119/01,low,false
b7de0548dd7d6628072b6d1caf38fc8bf4a4571e,Ruben van der Linde,2025-02-08,openregister,Removed non functioning image,14283/119/01,low,false
0b4644c6969ff4304141ad8c117b91832898ae97,Ruben van der Linde,2025-02-08,openregister,Fix for puml,14283/119/01,low,false
a903204d58fa67612a61cbb9a59817c338d87271,Ruben van der Linde,2025-02-08,openregister,Fix for puml,14283/119/01,low,false
c1c08688c710e31d921f54149af4ca810b8c5d9b,Ruben van der Linde,2025-02-08,openregister,Lets add the diagrams,14283/119/01,low,false
73fa8601a803dd8c85a5b71f06d24d477d685afa,Ruben van der Linde,2025-02-08,openregister,Lets add the diagrams,14283/119/01,low,false
4ac54e78712e2d19590939502efe90509df24f37,Ruben van der Linde,2025-02-08,openregister,Add intro,14283/119/01,low,false
456ebb157404487c7941a01ba9cc18650e8a4a84,Ruben van der Linde,2025-02-08,openregister,Add intro,14283/119/01,low,false
b187310651f048e3814d8aaa5486cd81a1427647,Ruben van der Linde,2025-02-08,openregister,This should add the css,14283/119/01,low,false
e9dec8477f45eb718dbc4ff93842842fab155026,Ruben van der Linde,2025-02-08,openregister,This should add the css,14283/119/01,low,false
48fafc8282a3bd56d666e57af9fcc09a85a696f4,Ruben van der Linde,2025-02-08,openregister,Moving the sidebar and docs into place,14283/119/01,low,false
db57574b467681857a89de4e33463bda7ae60855,Ruben van der Linde,2025-02-08,openregister,Moving the sidebar and docs into place,14283/119/01,low,false
d23af755c626d0615702d9560a96dfd056d48132,Ruben van der Linde,2025-02-08,openregister,Feels wierd but lets try it,14283/119/01,low,false
1bb62e98c3b8abbd0be519c60adb373a25a4f36a,Ruben van der Linde,2025-02-08,openregister,Feels wierd but lets try it,14283/119/01,low,false
33ad6f40d60883d6549b7d6deac696b714b76566,Ruben van der Linde,2025-02-08,openregister,Proper version,14283/119/01,low,false
a5eac3bc34601c951681ce171afdd2b690af18f3,Ruben van der Linde,2025-02-08,openregister,Proper version,14283/119/01,low,false
18f04a2f1e41d9782cfe67a62510a9e72e354fef,Ruben van der Linde,2025-02-08,openregister,Lets retry the config file,14283/120/02,high,false
bb7cbe850b84ed98bd8b17835cedad8950ce9efe,Ruben van der Linde,2025-02-08,openregister,Lets retry the config file,14283/120/02,high,false
d882789ead099123804d2e0b0ee4b1c4293d698c,Ruben van der Linde,2025-02-08,openregister,Use latest for docusaurus build,14283/119/01,low,false
f30770c21a8ca7130e104d4d2a5b6f0f932da4a2,Ruben van der Linde,2025-02-08,openregister,Use latest for docusaurus build,14283/119/01,low,false
98190ce3662d3973ff810646b8ad4ba37f8e5eb4,Ruben van der Linde,2025-02-08,openregister,Lets retry this,14283/120/02,high,false
471d613bb17cae0f551d22a9fc6f73d88ce57667,Ruben van der Linde,2025-02-08,openregister,Lets retry this,14283/120/02,high,false
ceb2ca491bbf843d3351fe93f31e01b51527f503,Ruben van der Linde,2025-02-08,openregister,Fix on docusaurus build,14283/119/01,low,false
6c7b15a530ce00156f10257d6c3d4d73890171ff,Ruben van der Linde,2025-02-08,openregister,Fix on docusaurus build,14283/119/01,low,false
d1ffe7bc3901143318036c220bfa18063b81cb45,Ruben van der Linde,2025-02-08,openregister,Lets add docusaurus,14283/119/01,low,false
8a7ea7d91e056a2b4a4223eb13743cc8a0dacec6,Ruben van der Linde,2025-02-08,openregister,Lets add docusaurus,14283/119/01,low,false
1447c936b6196105ad059053439098a9dd0d7d81,Wilco Louwerse,2025-02-07,openregister,A small fix for naming Register NC folders (in which we save documents),14283/119/02,medium,false
295666190cbb2a4ec0147361b76854ebc6ee89eb,Wilco Louwerse,2025-02-07,openregister,A small fix for naming Register NC folders (in which we save documents),14283/119/02,medium,false
a5c314714712b18de5ea6883eb0568266482fa81,Barry Brands,2025-02-07,openregister,Fetch tags for files,14283/119/01,low,false
a10b92124c78489ee6b97e02a5d1d26b4506c7e7,Barry Brands,2025-02-07,openregister,Fetch tags for files,14283/119/01,low,false
fdc8153418b70ed2a148917e8e6cec81f9a389fa,github-actions[bot],2025-02-05,openregister,[Changelog CI] Add Changelog for Version 0.1.43,14283/120/02,low,true
f24d9fde8e7d7d0f7781950f7c62ac064cbdc0cf,GitHub Action,2025-02-05,openregister,Bump version to 0.1.43,14283/119/01,low,true
faec493d4df79770ea2ee7f4b764a0416983603d,GitHub Action,2025-02-05,openregister,Bump version to 0.1.43,14283/119/01,low,true
dc2fc4638f03df8ed138ae3a75ad8dd33816a8f0,Ruben van der Linde,2025-02-05,openregister,Merge pull request #155 from ConductionNL/documentation,14283/119/01,low,true
112308fa69d81a79ca810bf7cf87959b7ff22dc3,Ruben van der Linde,2025-02-05,openregister,Merge pull request #155 from ConductionNL/documentation,14283/119/01,low,true
cbe30fd273ac78dc8eca7b48da542effc35f01be,Ruben van der Linde,2025-02-05,openregister,Merge remote-tracking branch 'origin/documentation' into documentation,14283/119/01,low,true
12069a59138d33d88cd5ca8ff89ac4d6ee2da381,Ruben van der Linde,2025-02-05,openregister,Merge remote-tracking branch 'origin/documentation' into documentation,14283/119/01,low,true
6bf0925dd57711715d9d5fd8a82c7a06e6b0b558,Ruben van der Linde,2025-02-05,openregister,Merge branch 'documentation-ibds' into documentation,14283/119/01,low,true
496042e628cdfc66c70fc5093bcbc4e2016f80e1,Ruben van der Linde,2025-02-05,openregister,Merge branch 'documentation-ibds' into documentation,14283/119/01,low,true
803641710cdac976116f9fe3061a832d68fe3d81,Ruben van der Linde,2025-02-05,openregister,Started adding diagrams,14283/119/01,low,false
48f9181a1fa3ee510192f1aa7a94419492c0fc60,Ruben van der Linde,2025-02-05,openregister,Started adding diagrams,14283/119/01,low,false
c603804e931e99e6882f03e46b5d66a8eb957f88,Ruben van der Linde,2025-02-05,openregister,small updates,14283/119/01,low,false
0aef91ab8175d0ed243a73d90efc6bc2c0cc70e7,Ruben van der Linde,2025-02-05,openregister,small updates,14283/119/01,low,false
61e8cffbaf37921a8eac07c22b76c88ce7ef04ad,Ruben van der Linde,2025-02-04,openregister,Merge branch 'main' into documentation-ibds,14283/119/01,low,true
6ece41af8651c4351410db104da24672bc0a10fb,Ruben van der Linde,2025-02-04,openregister,Merge branch 'main' into documentation-ibds,14283/119/01,low,true
49f58924c874ca8ecff95ae5bd40ecdf53e20bd1,Ruben van der Linde,2025-02-04,openregister,Merge branch 'documentation-ibds',14283/119/01,low,true
979ef590d82f05f6a7ffa4b9652bd7e1303aecd6,Ruben van der Linde,2025-02-04,openregister,Merge branch 'documentation-ibds',14283/119/01,low,true
3ca540d8215058539b18c5340b93d603fafc0ef1,Ruben van der Linde,2025-02-04,openregister,The more the marier,14283/119/01,low,false
86a6eb22ec720991f236fa7a8153fa3512288623,Ruben van der Linde,2025-02-04,openregister,The more the marier,14283/119/01,low,false
4d80544b118ac7cf250ec3e0efb9d4b8a02d6c87,Ruben van der Linde,2025-02-04,openregister,Lets document the shizle out of this,14283/119/01,low,false
93d8007ff3d5a676b166e8b2c95839d4314eb0d5,Ruben van der Linde,2025-02-04,openregister,Lets document the shizle out of this,14283/119/01,low,false
d570e365cf6c4cfa9af3f39df5c57eb00bb20950,Ruben van der Linde,2025-01-31,openregister,Add metadata to objects,14283/119/01,low,false
651f3b01e37b961f13f65598bc2c45cb429fab4e,Ruben van der Linde,2025-01-31,openregister,Add metadata to objects,14283/119/01,low,false
731980597969408d465be05ec188a829574006c6,Thijn,2025-01-30,openregister,Merge pull request #152 from ConductionNL/feature/REGISTERS-98/files-fix,14283/119/02,medium,true
cf774e44c8fa05c3cf5918f00715231ed973a4f0,Thijn,2025-01-30,openregister,Merge pull request #152 from ConductionNL/feature/REGISTERS-98/files-fix,14283/119/02,medium,true
7092bef5954dc2d6d7c229a4897eb2d9554ed456,Thijn,2025-01-30,openregister,bug fixes,14283/119/01,low,false
7b040c5374130260029ce30effdfe70ca3542bb1,Thijn,2025-01-30,openregister,bug fixes,14283/119/01,low,false
c7b1a58162dfe8f5d537fbca9d8e4567433a0280,Thijn,2025-01-30,openregister,used wrong date property,14283/119/01,low,false
671020991ae5c6819d07dc2335139d72227f19cd,Thijn,2025-01-30,openregister,used wrong date property,14283/119/01,low,false
4cb8c12485081cc1950d14dfd0cfdcac3a8a6d53,Thijn,2025-01-30,openregister,fixed files list,14283/119/01,low,false
607e1fae947777cc1d9a8b0929f5b0488d861ffb,Thijn,2025-01-30,openregister,fixed files list,14283/119/01,low,false
cc8525fed414cbd71424960847692d114bad2836,github-actions[bot],2025-01-30,openregister,[Changelog CI] Add Changelog for Version 0.1.42,14283/120/02,low,true
35c1c7722756ae4419a3871351c65fb2e9087380,GitHub Action,2025-01-30,openregister,Bump version to 0.1.42,14283/119/01,low,true
d6a1c3dabd058bd36f47ad7d4dc1c789b496b7fa,GitHub Action,2025-01-30,openregister,Bump version to 0.1.42,14283/119/01,low,true
ae05199c0afa066cb69cdc115bfe53d5b782d30d,Robert Zondervan,2025-01-30,openregister,Merge pull request #150 from ConductionNL/development,14283/119/01,low,true
9232f904132d00aa2aac0fd93a0870b555fd9104,Robert Zondervan,2025-01-30,openregister,Merge pull request #150 from ConductionNL/development,14283/119/01,low,true
156d09397f67c97e6b2dbfa0d6ad1142d9c7240c,Robert Zondervan,2025-01-30,openregister,Merge pull request #149 from ConductionNL/feature/CONNECTOR-207/intval-bug,14283/119/01,low,true
b55dd9aeee9e24ee1cc26422afe8220964eac73d,Robert Zondervan,2025-01-30,openregister,Merge pull request #149 from ConductionNL/feature/CONNECTOR-207/intval-bug,14283/119/01,low,true
9c989273eeea4e4a4314d53163e8a0912feedc16,Robert Zondervan,2025-01-30,openregister,Merge branch 'feature/CONNECTOR-179/locking' into feature/CONNECTOR-207/intval-bug,14283/119/01,low,true
356c8865e46e2decbdfc32bc0b5686eb9b26568a,Robert Zondervan,2025-01-30,openregister,Merge branch 'feature/CONNECTOR-179/locking' into feature/CONNECTOR-207/intval-bug,14283/119/01,low,true
a7810928def90c7a626416b5a94c3d7ada5a90b0,Robert Zondervan,2025-01-30,openregister,Fix intval bug on finding objects by any id,14283/119/01,low,false
cce5b88051041395a0eb27e9cb2c04084164e7a9,Robert Zondervan,2025-01-30,openregister,Fix intval bug on finding objects by any id,14283/119/01,low,false
4ddb0aa2ce454e7cebac9d578a48ca3170fbfa18,Wilco Louwerse,2025-01-28,openregister,Added code to find files by searching file content,14283/119/02,high,false
f1ef8bb6f440c2bc289e52eb339114897f0dc622,github-actions[bot],2025-01-27,openregister,[Changelog CI] Add Changelog for Version 0.1.41,14283/120/02,low,true
e8aab6cfe84555d8753bf2c4432d2002e448ed88,GitHub Action,2025-01-27,openregister,Bump version to 0.1.41,14283/119/01,low,true
d2ae575eef3f99715816cf065705d890fa08bac0,GitHub Action,2025-01-27,openregister,Bump version to 0.1.41,14283/119/01,low,true
9cc36d93c23996111887e2b229850790c7062e4d,Remko Huisman,2025-01-27,openregister,Merge pull request #145 from ConductionNL/development,14283/119/01,low,true
3c1ccff5efe4b65a2c0190224cd07e78aa3a36d2,Remko Huisman,2025-01-27,openregister,Merge pull request #145 from ConductionNL/development,14283/119/01,low,true
348adc7617f2a21640fb068f9ffeedbb2824b978,Remko Huisman,2025-01-27,openregister,Merge pull request #146 from ConductionNL/main-to-dev,14283/119/01,low,true
ddd45eed101b8fa5be990bbc723fdd2c5c36b90b,Remko Huisman,2025-01-27,openregister,Merge pull request #146 from ConductionNL/main-to-dev,14283/119/01,low,true
23c74e749ad7713d3ff02f0c0909c4f7799f5e95,Remko,2025-01-27,openregister,Merge branch 'main' into main-to-dev,14283/119/01,low,true
5a2b1a0a117f95a099081fb6537311589f16699f,Remko,2025-01-27,openregister,Merge branch 'main' into main-to-dev,14283/119/01,low,true
736ad727e539f0f6988a00e3d1193295a6879ceb,Remko Huisman,2025-01-27,openregister,Merge pull request #144 from ConductionNL/feature/CONNECTOR-179/locking,14283/119/01,low,true
4750764fba8f13828f968bb1c749fdd7161fd968,Remko Huisman,2025-01-27,openregister,Merge pull request #144 from ConductionNL/feature/CONNECTOR-179/locking,14283/119/01,low,true
daa4589b58e852a3a9a7830b7085dafa33d4f34d,Remko,2025-01-27,openregister,Lint fix,14283/119/01,low,false
a5284d475bf1ff0b3c5b87432b194e1dd241b6cb,Remko,2025-01-27,openregister,Lint fix,14283/119/01,low,false
7691127edf843e440ac8f6fe106b494c654e1814,Barry Brands,2025-01-27,openregister,Merge remote-tracking branch 'origin/feature/CONNECTOR-179/locking' into feature/CONNECTOR-179/locking,14283/119/01,low,true
fad234b286eb414333af452e521d61725d92c377,Barry Brands,2025-01-27,openregister,Merge remote-tracking branch 'origin/feature/CONNECTOR-179/locking' into feature/CONNECTOR-179/locking,14283/119/01,low,true
7bf969315c71c0aba330fdc0ea362b26a6ef1cc1,Barry Brands,2025-01-27,openregister,Fix locked type to json,14283/119/01,low,false
ec620646e2d4aa8f87e332dee5a22fd20e9ead3b,Barry Brands,2025-01-27,openregister,Fix locked type to json,14283/119/01,low,false
6bc9239255db7806e75bc12d10caa41d86ad2e7e,Barry Brands,2025-01-27,openregister,Fix default lock duration,14283/120/02,high,false
5713a0c76dd12157668fe0a2b1a6f3a5f39a7792,Barry Brands,2025-01-27,openregister,Fix default lock duration,14283/120/02,high,false
e026947fd9a45bc7ef5e48556154cdc553785000,Ruben van der Linde,2025-01-27,openregister,Get proper url,14283/119/01,low,false
e1cb264980c9c4a50c367b7f0e00619772e65d84,Ruben van der Linde,2025-01-27,openregister,Get proper url,14283/119/01,low,false
eba00ce35cf6fd38cb9940d1a23bed934ceaa33c,Ruben van der Linde,2025-01-27,openregister,Spliting functions for getting files,14283/119/01,low,false
0e2a61cf73ea35b73c7628f04bbe7b1194cf0b3e,Ruben van der Linde,2025-01-27,openregister,Spliting functions for getting files,14283/119/01,low,false
74f222a197b674cc7dae8a22a7b2ce545bd0d82d,Remko,2025-01-27,openregister,cleanup,14283/119/01,low,false
30dcdfdbdfc150aef180b53bd5d4a13fe3592e07,Remko,2025-01-27,openregister,cleanup,14283/119/01,low,false
95a1fe6311bb66afdf304592e473354cf4feffd7,Remko,2025-01-27,openregister,Lint fix,14283/119/01,low,false
750896fabaf04c45af3d6848a22ef053d8ee364e,Remko,2025-01-27,openregister,Lint fix,14283/119/01,low,false
edd6468dac5b3c6ef7f6f6be5039689952998327,Remko,2025-01-27,openregister,Fixed disappearing lock button on unsuccessful call,14283/120/02,high,false
dbec7b99b5a9cb8e637c5b4e17a09a2295906e0f,Remko,2025-01-27,openregister,Fixed disappearing lock button on unsuccessful call,14283/120/02,high,false
a47b9b61be3adb36ead14fec984095b733f3398e,Thijn,2025-01-24,openregister,lint-fix,14283/119/01,low,false
3e6ff0710b54ebf56f80bed3fcd1ffaf7e51e7a0,Thijn,2025-01-24,openregister,lint-fix,14283/119/01,low,false
45b738a329ac253d4b43fee1ec7396afb9fd5f20,Robert Zondervan,2025-01-24,openregister,"Add docblock, remove unused function",14283/120/02,high,false
ead73a6c87fd627b722ef46535c5214926f01088,Robert Zondervan,2025-01-24,openregister,"Add docblock, remove unused function",14283/120/02,high,false
5b8b15edb7073629618b3f00dd06ce7d4b5131c3,Robert Zondervan,2025-01-23,openregister,Create root folder separately and share with openregister group,14283/119/02,medium,false
a7149a1a5dcabd8fa8f5d1476e90fa0261c620d3,Robert Zondervan,2025-01-23,openregister,Create root folder separately and share with openregister group,14283/119/02,medium,false
1199d9b00443b982d8039b6573100be88b2b4840,Robert Zondervan,2025-01-23,openregister,Write file path instead of url in the folder property of an object,14283/119/01,low,false
41d7db61a7fdef66f921152d1626d15165b732c4,Robert Zondervan,2025-01-23,openregister,Write file path instead of url in the folder property of an object,14283/119/01,low,false
a13bb610e273feb3f77c2b635d8d73ae3335dd95,Robert Zondervan,2025-01-21,openregister,Documentation,14283/119/01,low,false
8099abb98b822115b22060f0c893722dbabac213,Robert Zondervan,2025-01-21,openregister,Documentation,14283/119/01,low,false
7274d2c516d7ad21054c26d9193d35ff636f6ce8,Robert Zondervan,2025-01-21,openregister,Merge remote-tracking branch 'origin/feature/CONNECTOR-179/locking' into feature/CONNECTOR-179/locking,14283/119/01,low,true
62c6ef0da83a9f316d20315184d8d91ba7767827,Robert Zondervan,2025-01-21,openregister,Merge remote-tracking branch 'origin/feature/CONNECTOR-179/locking' into feature/CONNECTOR-179/locking,14283/119/01,low,true
69cf52bb2fc4c2c577d19889b242fbed556193f0,Robert Zondervan,2025-01-21,openregister,format more like DCAT,14283/119/01,low,false
e67bafa9712357fcda90d5901c0a1e5b8a68d2ca,Robert Zondervan,2025-01-21,openregister,format more like DCAT,14283/119/01,low,false
b459d038d44daa93855bf2fbffd8d5906d39ed2c,Ruben van der Linde,2025-01-21,openregister,Make files visable in Open Register file detail view,14283/119/02,medium,false
4287b83f22eff189d7b939a5b42fbbe3daf9242f,Ruben van der Linde,2025-01-21,openregister,Make files visable in Open Register file detail view,14283/119/02,medium,false
561018d0c4d03e6299311575bf7131099d9133c0,Ruben van der Linde,2025-01-21,openregister,Merge branch 'feature/CONNECTOR-179/locking' of https://github.com/ConductionNL/OpenRegisters into feature/CONNECTOR-179/locking,14283/119/02,medium,true
99dbab3a32b557277d3cb69d7e87b5e324dae107,Ruben van der Linde,2025-01-21,openregister,Merge branch 'feature/CONNECTOR-179/locking' of https://github.com/ConductionNL/OpenRegisters into feature/CONNECTOR-179/locking,14283/119/02,medium,true
17b0e6993e209a75bfef3dddec9e56c323b516ed,Ruben van der Linde,2025-01-21,openregister,Ga naar folder knop,14283/119/01,low,false
2dccbaf26b23bdcb495db602421ef46d3f2e74f7,Ruben van der Linde,2025-01-21,openregister,Ga naar folder knop,14283/119/01,low,false
f0823e12a62f7655e27e4de4aae80bd550af28bc,Robert Zondervan,2025-01-21,openregister,"Split getFiles function, add booleans to functions to enable the getFiles function.",14283/119/01,low,false
e6cd5aa24abcddbc28a8aad5a2a204eb25baac3d,Robert Zondervan,2025-01-21,openregister,"Split getFiles function, add booleans to functions to enable the getFiles function.",14283/119/01,low,false
5bd568a7cb4d674dbe88c75bdd840d04a03e56f3,Robert Zondervan,2025-01-20,openregister,Fetch file data from filesystem,14283/119/01,low,false
fef17cbc8d8d0ed107007425930b6e8e2e5541b1,Robert Zondervan,2025-01-20,openregister,Fetch file data from filesystem,14283/119/01,low,false
7f95d9356740d22da09436671a3528e7ed599b8f,Wilco Louwerse,2025-01-17,openregister,Added getter for the NC Node object of an object folder & Code cleanup,14283/119/01,low,false
6d17d0893a1a92de79b84f3e68c436d4067844a4,Wilco Louwerse,2025-01-17,openregister,Added getter for the NC Node object of an object folder & Code cleanup,14283/119/01,low,false
7a70e579d549fa9a166d0ef1a3d47544697cd77d,Wilco Louwerse,2025-01-17,openregister,Added EventListeners for NextCloud Folders,14283/120/02,medium,false
dcb9be46020f262ee4e362e215ab114269ff1fa9,Wilco Louwerse,2025-01-17,openregister,Added EventListeners for NextCloud Folders,14283/120/02,medium,false
e0828d34ebe524afcb76d92f67f9ff0a4cf780ee,github-actions[bot],2025-01-17,openregister,[Changelog CI] Add Changelog for Version 0.1.40,14283/120/02,low,true
d31f52b50c5336cd7caff226d690bf877b7785aa,GitHub Action,2025-01-17,openregister,Bump version to 0.1.40,14283/119/01,low,true
f5d4bca3531271dd058c94965cd3d94c4c281f1a,GitHub Action,2025-01-17,openregister,Bump version to 0.1.40,14283/119/01,low,true
d9833a47204a7542481fe6d8858b538f21c1f824,Barry Brands,2025-01-17,openregister,Merge pull request #142 from ConductionNL/development,14283/119/01,low,true
65be730ebb3c0f05b8deb233bd1c3521850fe42a,Barry Brands,2025-01-17,openregister,Merge pull request #142 from ConductionNL/development,14283/119/01,low,true
693196bb405ec8572120f69eb8c6b2958255582e,Barry Brands,2025-01-17,openregister,Merge pull request #141 from ConductionNL/fix/isset-property-type,14283/119/01,low,true
baaebdd04ba1cc890271b6163448b866217e336f,Barry Brands,2025-01-17,openregister,Merge pull request #141 from ConductionNL/fix/isset-property-type,14283/119/01,low,true
6f1502b65891b5e553253150722afb466c77275f,Barry Brands,2025-01-17,openregister,Check isset type,14283/119/01,low,false
c757981f6cbfe392dfb67260ba9ae17251fe1c9b,Barry Brands,2025-01-17,openregister,Check isset type,14283/119/01,low,false
ea870825baa5e7a93a97d3aa9a7738d2c2ea33f0,github-actions[bot],2025-01-17,openregister,[Changelog CI] Add Changelog for Version 0.1.39,14283/120/02,low,true
04ea8b4f4ff6cde14213bc4a397a0270e3cea853,GitHub Action,2025-01-17,openregister,Bump version to 0.1.39,14283/119/01,low,true
4aae63deca9f00bc0f81df14ee840c08053efd05,GitHub Action,2025-01-17,openregister,Bump version to 0.1.39,14283/119/01,low,true
b809e54d84daf26ce9c66ea168648442f0a48846,Barry Brands,2025-01-17,openregister,Merge pull request #139 from ConductionNL/development,14283/119/01,low,true
4e4207f2f41f82cfbbdc50afb29b864890968af2,Barry Brands,2025-01-17,openregister,Merge pull request #139 from ConductionNL/development,14283/119/01,low,true
564cc1aef826d688e47d7a163e1999017a96a244,Barry Brands,2025-01-17,openregister,Merge pull request #138 from ConductionNL/fix/isset-and-int-cast,14283/119/01,low,true
1cbfd2e625bd25beaa87581ca61fe9839dc4f435,Barry Brands,2025-01-17,openregister,Merge pull request #138 from ConductionNL/fix/isset-and-int-cast,14283/119/01,low,true
f3d435ad6ce98632ca67be9caa5934488f6142da,Barry Brands,2025-01-17,openregister,Another error prevented,14283/120/02,medium,false
73863f53cf0ab5f009203b3cca1ca1b84194d803,Barry Brands,2025-01-17,openregister,Another error prevented,14283/120/02,medium,false
85c8d467667c60fd32fd04fc1b0e544c97f91480,Barry Brands,2025-01-17,openregister,Some fixes,14283/119/01,low,false
8389db28d1030acf36b040a047bf5e768cb298f6,Barry Brands,2025-01-17,openregister,Some fixes,14283/119/01,low,false
b0f58a185ec6262855ed17393a9124b66b5bc97b,github-actions[bot],2025-01-17,openregister,[Changelog CI] Add Changelog for Version 0.1.38,14283/120/02,low,true
7ab3ceeeb990fc270153d65cba051af36ec81251,GitHub Action,2025-01-17,openregister,Bump version to 0.1.38,14283/119/01,low,true
cce14f9baeed45c55e70f724813d7eba8671b888,GitHub Action,2025-01-17,openregister,Bump version to 0.1.38,14283/119/01,low,true
d2c3e9e2280956cdf21652d83be561f6c72b7a22,Barry Brands,2025-01-17,openregister,Merge pull request #136 from ConductionNL/development,14283/119/01,low,true
5ca15640c1f62c82f98a6d5a8fba6a33648cd3c8,Barry Brands,2025-01-17,openregister,Merge pull request #136 from ConductionNL/development,14283/119/01,low,true
8947528b51f72b2c3d13c2b488b074c7b1765cb5,Wilco Louwerse,2025-01-17,openregister,Merge branch 'development' into feature/CONNECTOR-179/locking,14283/119/01,low,true
64529c95794ba5d2cf57b242aafb57bfa37fb484,Wilco Louwerse,2025-01-17,openregister,Merge branch 'development' into feature/CONNECTOR-179/locking,14283/119/01,low,true
d51af64ddf87c27b7364fadedfa36e775fdee3f8,Wilco Louwerse,2025-01-16,openregister,"Fix for setting folder property, do url instead of folder path",14283/119/01,low,false
f7d1c3380ba33e93a91f686220d5691aa75af575,Wilco Louwerse,2025-01-16,openregister,"Fix for setting folder property, do url instead of folder path",14283/119/01,low,false
f0c48f4d6e20fcb180ae4886a5a1fa096c301fdf,Wilco Louwerse,2025-01-16,openregister,Set folder property for Object & Register,14283/119/02,medium,false
3415b7dfd74e12f352ebe92b6f70fa2847cbdf4e,Wilco Louwerse,2025-01-16,openregister,Set folder property for Object & Register,14283/119/02,medium,false
c1cdacad2304ab56f61896dd98ef6b6c68a1b0dc,Wilco Louwerse,2025-01-16,openregister,Add Folder to NC for any new object created,14283/119/01,low,false
d7dac8428fec092a701cc0532b8392df68362e03,Wilco Louwerse,2025-01-16,openregister,Add Folder to NC for any new object created,14283/119/01,low,false
5a51102063ba8d516b080bad500c2c991211bc8b,Barry Brands,2025-01-16,openregister,Merge pull request #135 from ConductionNL/fix/isset-items-type,14283/119/01,low,true
9902344cd248a699d7bdafa52ede2c8c0a8333b7,Barry Brands,2025-01-16,openregister,Merge pull request #135 from ConductionNL/fix/isset-items-type,14283/119/01,low,true
3af707b670ed8a6562db8e8a39af06a22a2ae6f8,Barry Brands,2025-01-16,openregister,return before error occurs,14283/120/02,medium,false
5976cd86b63207d91d3a61a11c4c0fb38d78030a,Barry Brands,2025-01-16,openregister,return before error occurs,14283/120/02,medium,false
5ee3465d85897bae846d79e31e930af8b2a8f79c,Barry Brands,2025-01-16,openregister,check isset items type,14283/119/01,low,false
ac72b6128462e09e5e5854dabaab7225bf563841,Barry Brands,2025-01-16,openregister,check isset items type,14283/119/01,low,false
e7b60dfeaa260dc90ac7a1ff5531d45f5e14d9aa,Wilco Louwerse,2025-01-16,openregister,Remove OpenConnector uses in OpenRegister ObjectService,14283/119/01,high,false
67c24f5a7fbde09a26be34328fc5891dcec7d972,Wilco Louwerse,2025-01-16,openregister,Remove OpenConnector uses in OpenRegister ObjectService,14283/119/01,high,false
0fa9d653cc4fba258d1869cf83cdb84dd46f9473,Wilco Louwerse,2025-01-16,openregister,Merge branch 'development' into feature/CONNECTOR-179/locking,14283/119/01,low,true
9ee2d216e89dffc93404ff8e5b9d03e1830fae18,Wilco Louwerse,2025-01-16,openregister,Merge branch 'development' into feature/CONNECTOR-179/locking,14283/119/01,low,true
b0eba75b6371379da5fd6afcf01648135602d2d8,Ruben van der Linde,2025-01-16,openregister,Add folder to register and object,14283/119/02,medium,false
f180efbb65eedabeefcf1efaa23d10c1cbf29e82,Ruben van der Linde,2025-01-16,openregister,Add folder to register and object,14283/119/02,medium,false
a32cc4c0f908f87dd57290a0fb69ed77221efee4,github-actions[bot],2025-01-16,openregister,[Changelog CI] Add Changelog for Version 0.1.37,14283/120/02,low,true
beee1ea47f6de3f66b5d6e36e649f66970bd0e12,GitHub Action,2025-01-16,openregister,Bump version to 0.1.37,14283/119/01,low,true
dcd67f98a62731a9f626cd33bacbead144cb5357,GitHub Action,2025-01-16,openregister,Bump version to 0.1.37,14283/119/01,low,true
1fbea55ba77db4b86b43511b36d365ef6f06e8c2,Barry Brands,2025-01-16,openregister,Merge pull request #133 from ConductionNL/development,14283/119/01,low,true
fe5c900272db82c1c858dd5c85ed845d3f3b4305,Barry Brands,2025-01-16,openregister,Merge pull request #133 from ConductionNL/development,14283/119/01,low,true
726b6ee7ee9396a6603bee3e36e445631b58e4ea,Barry Brands,2025-01-16,openregister,Merge pull request #132 from ConductionNL/fix/isset-required,14283/119/01,low,true
5ffd38d06a6ad1456dfe1da00186a318d8794551,Barry Brands,2025-01-16,openregister,Merge pull request #132 from ConductionNL/fix/isset-required,14283/119/01,low,true
cd56570b268f60dbbb44250b0776c03ba6f9d3c8,Barry Brands,2025-01-16,openregister,fix isset required,14283/119/01,low,false
4e9ad5a6d0482229e812b733b7037a8d049c6420,Barry Brands,2025-01-16,openregister,fix isset required,14283/119/01,low,false
e26cc9e055c4dd65606621f87c6bb7fa384f9e3c,GitHub Action,2025-01-16,openregister,Bump version to 0.1.36,14283/119/01,low,true
b0a4d06639fb36523cca42c0a529dbcefe01b5c6,GitHub Action,2025-01-16,openregister,Bump version to 0.1.36,14283/119/01,low,true
9d45218fe6f84f9708906fd775952c55240d45ce,github-actions[bot],2025-01-16,openregister,[Changelog CI] Add Changelog for Version 0.1.36,14283/120/02,low,true
67c742a548ce039fae0453a157c043a9dd2ff477,github-actions[bot],2025-01-16,openregister,[Changelog CI] Add Changelog for Version 0.1.36,14283/120/02,low,true
4193a4cf892b49b1460cf9f608cb2b27c324c728,github-actions[bot],2025-01-16,openregister,[Changelog CI] Add Changelog for Version 0.1.36,14283/120/02,low,true
06a72fc1da4e6df8f0faf6ee61151e1ef7c1b102,Barry Brands,2025-01-16,openregister,Merge pull request #128 from ConductionNL/development,14283/119/01,low,true
471b8f62b86e6a03eb4637bcb8ffa1aeb04570d7,Barry Brands,2025-01-16,openregister,Merge pull request #128 from ConductionNL/development,14283/119/01,low,true
ce92a39d36eaf63c00ff576d02d86445117948ab,Barry Brands,2025-01-16,openregister,Merge pull request #127 from ConductionNL/feature/CONNECTOR-182/fix-extend,14283/119/01,low,true
cd5bc10af2d1c342c97737a90c99620d207d5a32,Barry Brands,2025-01-16,openregister,Merge pull request #127 from ConductionNL/feature/CONNECTOR-182/fix-extend,14283/119/01,low,true
e63ba4639cfb0f42d52b5ea02ad1faf4c523e79e,Ruben van der Linde,2025-01-16,openregister,First fixes on locking,14283/119/01,low,false
e17171144f8ca260d8d136da81a355d689e3df98,Ruben van der Linde,2025-01-16,openregister,First fixes on locking,14283/119/01,low,false
38ccec7b98c5a4eda0ebe9f8374f30f2f829de49,Barry Brands,2025-01-16,openregister,fix extend for sub objects with maxDepth,14283/119/01,low,false
f5ce9bd340f561909575756a98eb0e4f09c4249d,Barry Brands,2025-01-16,openregister,fix extend for sub objects with maxDepth,14283/119/01,low,false
bfe1d57293887fb0cbf7d50d46c5250044d585a2,Ruben van der Linde,2025-01-15,openregister,Lets do migrations,14283/119/01,high,false
1127873bc68d26108d51952ab645c3c4c8d2b3d6,Ruben van der Linde,2025-01-15,openregister,Lets do migrations,14283/119/01,high,false
570f0375fe121312c4e123d6a5c617959be1d959,Ruben van der Linde,2025-01-15,openregister,Add locking and ownership features to ObjectEntity and related components,14283/119/01,high,false
742f677f4c7b23c690f24523e47fd58df0337f1c,Ruben van der Linde,2025-01-15,openregister,Add locking and ownership features to ObjectEntity and related components,14283/119/01,high,false
ac35ad0af73e603dab7e01d50900819f91d08861,Ruben van der Linde,2025-01-15,openregister,"Add object locking, unlocking, and reverting functionality",14283/119/01,low,false
62c8e5f712902ea160d1af13260264bdb9938122,Ruben van der Linde,2025-01-15,openregister,"Add object locking, unlocking, and reverting functionality",14283/119/01,low,false
40b1295bf03af03d30a453c992910e041838c3a8,Ruben van der Linde,2025-01-15,openregister,Merge remote-tracking branch 'origin/development' into feature/CONNECTOR-179/locking,14283/119/01,low,true
f8784f4a9a3caa9de4e35cae330a99fe31bb3b71,Ruben van der Linde,2025-01-15,openregister,Merge remote-tracking branch 'origin/development' into feature/CONNECTOR-179/locking,14283/119/01,low,true
bedc5ff45be170ae82b4808cfe1720f376d319ce,Ruben van der Linde,2025-01-15,openregister,Why,14283/119/01,low,false
75eed8b1d26c45970e415e51bd72e9c6621ed482,Ruben van der Linde,2025-01-15,openregister,Why,14283/119/01,low,false
afd0ba5c6b0615519a4254ecf76ad22a44555baa,Ruben van der Linde,2025-01-15,openregister,Enhance ObjectEntityMapper and ObjectService with locking functionality,14283/119/01,high,false
aa1f2b74b1c951f8af45adb2b9ef8c5ee5806634,Ruben van der Linde,2025-01-15,openregister,Enhance ObjectEntityMapper and ObjectService with locking functionality,14283/119/01,high,false
0644b0787a5826b597ea3634b2789428263bc7bd,Ruben van der Linde,2025-01-15,openregister,Add locking mechanism to ObjectEntity and ObjectService,14283/119/01,high,false
3a499a22f588b62b3190ff4d3a39cf11a0a8a18e,Ruben van der Linde,2025-01-15,openregister,Add locking mechanism to ObjectEntity and ObjectService,14283/119/01,high,false
22f3e6023926cc3ff17c8931a87de089a3c92f14,Robert Zondervan,2025-01-13,openregister,Merge pull request #126 from ConductionNL/feature/REGISTERS-94/default-values,14283/120/02,high,true
5b65d14b7987f0975ca65ab3dba3ade14c551480,Robert Zondervan,2025-01-13,openregister,Merge pull request #126 from ConductionNL/feature/REGISTERS-94/default-values,14283/120/02,high,true
0c5929b20473e0209644436e03601143f0a81007,Robert Zondervan,2025-01-13,openregister,Style fix,14283/119/01,low,false
f73bccd14c80e13f5d5e630cb4d9dd45f9fdd719,Robert Zondervan,2025-01-13,openregister,Style fix,14283/119/01,low,false
adbff8de855dfb0fbb6afd4f56cf1a84fd475471,Robert Zondervan,2025-01-13,openregister,Add docblock,14283/120/02,high,false
9660a0feb0518741f13d1a3a146faa856b6c07ee,Robert Zondervan,2025-01-13,openregister,Add docblock,14283/120/02,high,false
c4fb4b1d27dadbbd3f724282100b1be17e92fb5d,Robert Zondervan,2025-01-13,openregister,Add setting default values,14283/120/02,high,false
6c73eaa03451c659e7fe5447ee54f991f088c2d0,Robert Zondervan,2025-01-13,openregister,Add setting default values,14283/120/02,high,false
d900857a5786b58aefcde1f559a694f950e9b063,Ralkey,2025-01-10,openregister,Merge pull request #125 from ConductionNL/fix/uploade-object,14283/119/01,low,true
1fa9ba769b82e7d6ee5fad5af08e78db7b51e424,Ralkey,2025-01-10,openregister,Merge pull request #125 from ConductionNL/fix/uploade-object,14283/119/01,low,true
ca0fcee4d51a4c5defb197ff1ba8d820e4fa43e4,Thijn,2025-01-10,openregister,fixed object upload,14283/119/01,low,false
db8aa723c972d42c362566c2cfea0ee9c1e2c8f9,Thijn,2025-01-10,openregister,fixed object upload,14283/119/01,low,false
b380d911fe586b837734605be19c34a8367e9ca9,Robert Zondervan,2025-01-09,openregister,Merge pull request #122 from ConductionNL/feature/CONNECTOR-134/events,14283/120/02,medium,true
a8ffdab8b08681c739c03daa8d68d3fa6ae48f22,Robert Zondervan,2025-01-09,openregister,Merge pull request #122 from ConductionNL/feature/CONNECTOR-134/events,14283/120/02,medium,true
103137c78c9fbd8a8f7a3225e157fc05545a78fc,Robert Zondervan,2025-01-09,openregister,Clearify one piece of text,14283/119/01,low,false
7e63891103e4cec455dda732c270ec715f27669d,Robert Zondervan,2025-01-09,openregister,Clearify one piece of text,14283/119/01,low,false
d527a5990ceebfb8d3567b2fda446d1f882205e9,Robert Zondervan,2025-01-09,openregister,Fix copy paste error,14283/120/02,medium,false
ef95b6bf251c09eda3a5666ed77235d20391a1b6,Robert Zondervan,2025-01-09,openregister,Fix copy paste error,14283/120/02,medium,false
05deb90d2c396ebd48bbcba9743e51ad23fedeba,Robert Zondervan,2025-01-09,openregister,Remove creating audit trail in controller as this is also done in the objectService,14283/119/01,high,false
2798dcee407ece1dec2087bcc9b4f85abb93db75,Robert Zondervan,2025-01-09,openregister,Remove creating audit trail in controller as this is also done in the objectService,14283/119/01,high,false
4c69d67442070ed439cf418691a5200374c9169e,Robert Zondervan,2025-01-09,openregister,Merge pull request #124 from ConductionNL/feature/CONNECTOR-134/event-dispatcher-fixes,14283/120/02,medium,true
c0294c86d20d505468423fddf8faa5536ff1ac96,Robert Zondervan,2025-01-09,openregister,Merge pull request #124 from ConductionNL/feature/CONNECTOR-134/event-dispatcher-fixes,14283/120/02,medium,true
fa0054dd6a0303cbd52175c3863e5f730cf76a05,Robert Zondervan,2025-01-09,openregister,Small copy fix,14283/119/01,low,false
23476dfb3ead3061f9d23c8212d81814bd0fcfb8,Robert Zondervan,2025-01-09,openregister,Small copy fix,14283/119/01,low,false
ca6925ba5864651c3b8e0197a8392be7afd9db25,Robert Zondervan,2025-01-09,openregister,Dispatch events one layer deeper,14283/120/02,medium,false
04956fcce5cc7ed8afebe679674fcebb651f2ca9,Robert Zondervan,2025-01-09,openregister,Dispatch events one layer deeper,14283/120/02,medium,false
93c1a8691bd7f80094dd9e0fb425ea6fac41728e,Robert Zondervan,2025-01-09,openregister,Fix documentation in line with latest Nextcloud documentation,14283/119/01,low,false
025570b7368c82db150db3df9d2091aff058754e,Robert Zondervan,2025-01-09,openregister,Fix documentation in line with latest Nextcloud documentation,14283/119/01,low,false
635310c0b8856581734a5bb2de3791072357efa7,Robert Zondervan,2025-01-09,openregister,Document new registration route for event listeners,14283/120/02,medium,false
c497df77cdc1245e9cc2545d32233524c0a3b84b,Robert Zondervan,2025-01-09,openregister,Document new registration route for event listeners,14283/120/02,medium,false
ea8f5b8ef55712469f4795a5bca5b847bc9887f9,Robert Zondervan,2025-01-08,openregister,First stages on fixing the event dispatcher calls,14283/120/02,medium,false
e595d3f17270070dfeb9a811e904eea91cdcd877,Robert Zondervan,2025-01-08,openregister,First stages on fixing the event dispatcher calls,14283/120/02,medium,false
393f8bdc30727c9f58b775ffd020662d5810819d,Ruben van der Linde,2025-01-08,openregister,Lets make sure that handleArrayProperty always recieves an array,14283/119/01,low,false
64ec0e0585aed7139496daefabafd76cfab2130e,Ruben van der Linde,2025-01-08,openregister,id to identifier,14283/119/01,low,false
58c4ea4054bfced8ae08c34dd4ef227e4881f854,Ruben van der Linde,2025-01-07,openregister,Add events,14283/120/02,medium,false
1438f83d9770a7ce5f6505177b043463265d55a8,Ruben van der Linde,2025-01-07,openregister,Add events,14283/120/02,medium,false
bd6edfded40bd30c36b5708b6002872bd54472e2,Remko Huisman,2025-01-07,openregister,Merge pull request #2 from ConductionNL/changelog-ci-0.1.2-1725655724,14283/120/02,low,true
9826e38adef7544ce7e0cbbecc1d295bea59964a,Remko Huisman,2025-01-07,openregister,Merge pull request #2 from ConductionNL/changelog-ci-0.1.2-1725655724,14283/120/02,low,true
f2c7596dcdee490176a414793726668680b6a19d,Remko Huisman,2025-01-07,openregister,Merge branch 'documentation' into changelog-ci-0.1.2-1725655724,14283/120/02,low,true
f4bf49ad39a02c1b111b53e3fcf5f3e1e2c4cccd,Remko Huisman,2025-01-07,openregister,Merge branch 'documentation' into changelog-ci-0.1.2-1725655724,14283/120/02,low,true
da24d3e3f76bc5c46f936b576bda27a4cff1557b,Ralkey,2025-01-07,openregister,Merge pull request #118 from ConductionNL/feature/REGISTERS-87/schema-filter,14283/119/02,high,true
2a645ba5e351df4ae18e446cb2d45a712312e7e6,Ralkey,2025-01-07,openregister,Merge pull request #118 from ConductionNL/feature/REGISTERS-87/schema-filter,14283/119/02,high,true
d9bc7d9f2a00388cc14c1e4760935790c172d1fd,Remko,2025-01-07,openregister,small fix,14283/119/01,low,false
c40859e3cc929c8b90dcbca96eaed55c3ef1d3a5,Remko,2025-01-07,openregister,small fix,14283/119/01,low,false
8c14c1b59716a1a2ddfb675cab507c97b5ec637b,Remko,2025-01-07,openregister,Merge remote-tracking branch 'origin/development' into feature/REGISTERS-87/schema-filter,14283/119/02,high,true
0b0cc1ea1b5b0267607349cd4f617019d8c5d558,Remko,2025-01-07,openregister,Merge remote-tracking branch 'origin/development' into feature/REGISTERS-87/schema-filter,14283/119/02,high,true
d4b4ecc0f21380bf9557fb77b91e8c86002e5633,Ralkey,2025-01-07,openregister,Merge pull request #121 from ConductionNL/feature/register-fix,14283/119/02,medium,true
13b4933c4715589835ba6a30eaf5032d2c55e0eb,Ralkey,2025-01-07,openregister,Merge pull request #121 from ConductionNL/feature/register-fix,14283/119/02,medium,true
33cf9cfd5463c79ee4ffdb0d20d74484261828d9,Thijn,2025-01-06,openregister,fixed schemas not loading on register edit,14283/119/02,medium,false
d9d8732f786d13f5d2fed98ae7691c79a1b30efc,Thijn,2025-01-06,openregister,fixed schemas not loading on register edit,14283/119/02,medium,false
0af71989ba9c5fa3e71128764e3b6d540ede7298,Robert Zondervan,2025-01-06,openregister,Merge pull request #120 from ConductionNL/feature/search-in-subobjects,14283/119/02,high,true
55c81a09b9d6aa61a288fa1186a174aed7f6ea59,Robert Zondervan,2025-01-06,openregister,Merge pull request #120 from ConductionNL/feature/search-in-subobjects,14283/119/02,high,true
638ad2df8edf9fda67da484bd7cfcb7de319793f,Robert Zondervan,2025-01-06,openregister,Add missing docblock,14283/120/02,high,false
8288a130d4fd735d631a09b7da1b4e64f1e4f907,Robert Zondervan,2025-01-06,openregister,Add missing docblock,14283/120/02,high,false
43f97969488aa9bdd2b58348cc5377b80aff26ea,Robert Zondervan,2025-01-06,openregister,Also allow array subobjects,14283/119/01,low,false
22da30f6fd608c6842882ec4ea141b5c16123de0,Robert Zondervan,2025-01-06,openregister,Also allow array subobjects,14283/119/01,low,false
6a3e1c9642ef0c9719a6dacae942a5584c9177a9,Robert Zondervan,2025-01-06,openregister,Merge branch 'feature/AXCVDWOF-48/gte' into feature/search-in-subobjects,14283/119/02,high,true
585feba92f226ec89530aa120234c14bb5a94719,Robert Zondervan,2025-01-06,openregister,Merge branch 'feature/AXCVDWOF-48/gte' into feature/search-in-subobjects,14283/119/02,high,true
8239d0a2de0b82d5b42a242a819e5d959e532179,Robert Zondervan,2025-01-06,openregister,Merge branch 'feature/search-in-subobjects' into feature/AXCVDWOF-48/gte,14283/119/02,high,true
7aa88d921df3fd14fd36b36f9734d5aa0d518b7a,Robert Zondervan,2025-01-06,openregister,Merge branch 'feature/search-in-subobjects' into feature/AXCVDWOF-48/gte,14283/119/02,high,true
ad07f98fd8deeeabf6d63a04a1d2ecda016ea432,Robert Zondervan,2025-01-06,openregister,get maxdepth from schema,14283/119/02,medium,false
e8dcbbf0d03e15a7cb5df68f26ead1c8f54caf77,Robert Zondervan,2025-01-06,openregister,get maxdepth from schema,14283/119/02,medium,false
8fed58b0612abdb07067ced2afd8f10b6c39b121,Robert Zondervan,2025-01-06,openregister,Merge remote-tracking branch 'origin/development' into feature/search-in-subobjects,14283/119/02,high,true
e68f546e3039b418c4ed79774cbda9ddf63113f4,Robert Zondervan,2025-01-06,openregister,Merge remote-tracking branch 'origin/development' into feature/search-in-subobjects,14283/119/02,high,true
03c4cc895fc41b7d78aa078000d3b3e71b03e343,github-actions[bot],2025-01-06,openregister,[Changelog CI] Add Changelog for Version 0.1.35,14283/120/02,low,true
5312f387bdfeaaf5607d27328114a4a5ea101d36,GitHub Action,2025-01-06,openregister,Bump version to 0.1.35,14283/119/01,low,true
2e797f7e75341878a43ba0970098da8b141cf2d4,GitHub Action,2025-01-06,openregister,Bump version to 0.1.35,14283/119/01,low,true
fc8220eac2b3cc3ddb23808d21500b67fef50607,Remko Huisman,2025-01-06,openregister,Merge pull request #103 from ConductionNL/hotfix/GW-1763/workflows,14283/119/01,low,true
322c56b870526fd2dc76872692561c5b40d638da,Remko Huisman,2025-01-06,openregister,Merge pull request #103 from ConductionNL/hotfix/GW-1763/workflows,14283/119/01,low,true
82de831a40597f9251fc47598523c80a2af21c19,Thijn,2025-01-03,openregister,only show schemas of a specific register,14283/119/02,medium,false
5623672186917175b6b9adcb19328665f5bd1975,Thijn,2025-01-03,openregister,only show schemas of a specific register,14283/119/02,medium,false
078c2dec99e42dc1f1204fe6cbb54b9ac2be2dba,github-actions[bot],2025-01-03,openregister,[Changelog CI] Add Changelog for Version 0.1.34,14283/120/02,low,true
7d75e1a6fd8bbc37b22042849969428f19570199,GitHub Action,2025-01-03,openregister,Bump version to 0.1.34,14283/119/01,low,true
ae5ea592515a776e1a4565489394f4ba9cf35d53,GitHub Action,2025-01-03,openregister,Bump version to 0.1.34,14283/119/01,low,true
0fe62a3f68651c9042b5fb0dcffe13a296a2d0de,Ruben van der Linde,2025-01-03,openregister,Merge pull request #116 from ConductionNL/development,14283/119/01,low,true
e9c7cb9440dd6f5ff861520596dfe2b9771e0aed,Ruben van der Linde,2025-01-03,openregister,Merge pull request #116 from ConductionNL/development,14283/119/01,low,true
0ca225334289b45cff18a5a0933335d77b276e73,Ruben van der Linde,2025-01-02,openregister,Merge pull request #114 from ConductionNL/feature/REGISTERS-85/improved-developer-experience,14283/119/02,medium,true
6c29e77c59270244248121239470b6577b51c3bd,Ruben van der Linde,2025-01-02,openregister,Merge pull request #114 from ConductionNL/feature/REGISTERS-85/improved-developer-experience,14283/119/02,medium,true
6eaff1493d378c95ec4e5801e080e284679b08e4,Ruben van der Linde,2025-01-02,openregister,Extend registers withs schema's,14283/119/02,medium,false
b8aefeec279e41e1419454e7e3996984c63855c9,Ruben van der Linde,2025-01-02,openregister,Extend registers withs schema's,14283/119/02,medium,false
28b1c26ecbbe890521b237f0d0d2fe28af455f88,Ruben van der Linde,2025-01-02,openregister,Update from dev,14283/119/01,low,false
394b661559022f715cee66ac208542e5e602faea,Ruben van der Linde,2025-01-02,openregister,Update from dev,14283/119/01,low,false
087dff20d631145b9789db6e0db1c3c6fba093f3,Ruben van der Linde,2025-01-01,openregister,Better code for extending from external applicaitons e commit.,14283/119/01,low,false
7dd702dc56688d481a26b1df7fc1ebd2857beec7,Ruben van der Linde,2025-01-01,openregister,Better code for extending from external applicaitons e commit.,14283/119/01,low,false
191475cb230d790882989b560eb7f46b72b8d137,Ruben van der Linde,2025-01-01,openregister,Small refactor,14283/119/01,medium,false
32bc4e04d640d3d7a8fa41a67e69543516a0276c,Ruben van der Linde,2025-01-01,openregister,Small refactor,14283/119/01,medium,false
dd6e118be8cc5bc0f1a706ad114611c2cb93e406,Barry Brands,2024-12-31,openregister,Merge pull request #115 from ConductionNL/test-last-branches-merged,14283/119/01,low,true
67381b7f758d581a97ebb95b6470a674c824c442,Barry Brands,2024-12-31,openregister,Merge pull request #115 from ConductionNL/test-last-branches-merged,14283/119/01,low,true
2647e1b7b1160a6a38bd0bf9e30f60af8644353b,Barry Brands,2024-12-31,openregister,lint fix,14283/119/01,low,false
4c25bdb175acabd83e42385934bdd696ffd0ad28,Barry Brands,2024-12-31,openregister,lint fix,14283/119/01,low,false
b48d0a8a4e96c1b098f4663010a708c8ee322477,Robert Zondervan,2024-12-31,openregister,Fix merge conflicts,14283/119/01,low,false
073eb03aeb00859d697991bc69f3e3b7572d06bf,Robert Zondervan,2024-12-31,openregister,Fix merge conflicts,14283/119/01,low,false
42b36ee394103044da84e030a214b304a1821ad5,Robert Zondervan,2024-12-31,openregister,Merge remote-tracking branch 'origin/development' into test-last-branches-merged,14283/119/01,low,true
e1ffe802201e5a1f1e2cdcc1dcedac655abab6e0,Robert Zondervan,2024-12-31,openregister,Merge remote-tracking branch 'origin/development' into test-last-branches-merged,14283/119/01,low,true
770e37e132cef4dc3f6b9fa7215159bfccd96d7e,Robert Zondervan,2024-12-31,openregister,Add filteroptions,14283/119/02,high,false
3d30dbe683b865f570a4950b440679b7fb8db5f7,Robert Zondervan,2024-12-31,openregister,Add filteroptions,14283/119/02,high,false
d6f350fb685d45c4b9385315d6a5ccdc4fd0967f,Ruben van der Linde,2024-12-31,openregister,Allow extending on creation and update,14283/119/01,low,false
a5ed54220c0561cb500738d0ed06d9734a871fa1,Ruben van der Linde,2024-12-31,openregister,Allow extending on creation and update,14283/119/01,low,false
