hash,author,date,repo,subject,project,confidence,automated
1e1edd6776803ce0c5cc07b444b07f31a6f02f90,Remko,2025-12-29,openconnector,Lint fix,14283/119/01,low,false
1a8d3f8d61a1879a9cef5ef0d0c572997fd36e59,Remko,2025-12-29,openconnector,Lint errors fix.,14283/120/02,medium,false
c071dbb2912edc969aacf96f288f784711f2266f,Remko,2025-12-29,openconnector,Merge remote-tracking branch 'origin/development' into feature/edit-job-sync-id,14283/119/02,high,true
779e6d81e8f920dbf9549feb858864f0f032a679,Remko Huisman,2025-12-29,openconnector,Merge pull request #633 from ConductionNL/fix/proper-eslint,14283/119/01,low,true
eabb71b0dd5a771e90d71d7884d77fbf2b5e3235,Barry Brands,2025-12-24,openconnector,Add synchronizationId select,14283/119/02,high,false
9e0292c600f062187f1769b08af847801e192455,Barry Brands,2025-12-24,openconnector,Fix cancel icon error,14283/120/02,medium,false
a24f16173520af66e390c70db94bb49a2220601d,Thijn,2025-12-23,openconnector,lint fix,14283/119/01,low,false
cfffcf2ca87344a396cf056728ce7e0049c7532a,Thijn,2025-12-23,openconnector,fixed eslint,14283/119/01,low,false
7ae26686b15753e9cf363d3810ebefaea3e98147,Thijn,2025-12-17,openconnector,Merge pull request #631 from ConductionNL/feature/synchronization-schema-edit-fix,14283/119/02,high,true
151dc4b8d6680e6c1a46506df9e645f0ed1f00fc,Robert Zondervan,2025-12-16,openconnector,Merge pull request #632 from ConductionNL/feature/connector-385/call-in-mapping,14283/119/02,high,true
5110a342f6ee090f89bf31d49ee33c20e2fae11d,Robert Zondervan,2025-12-16,openconnector,Fix PR comments,14283/120/02,low,false
485e76554c7358f2eedf996cc8d1c8e62288e53b,Thijn,2025-12-15,openconnector,proper fix,14283/120/02,low,false
f8fbdaa6009329b6ece536ce8d6c0524b4f5a0d0,Thijn,2025-12-15,openconnector,dirty but small fix,14283/120/02,low,false
b0aa9f10623dbe815c9df52ab446f51fb745f6b5,Robert Zondervan,2025-12-15,openconnector,Add functionality to Twig,14283/120/02,low,false
b98f9e3f2f14f306934dea0a675096e085602453,Robert Zondervan,2025-12-15,openconnector,"Add SOAP version choice, enable the use of json-field for unencoded bodies",14283/120/02,low,false
541dc1bc4ec318cd4a010270b00ad78daeac31f0,Barry Brands,2025-12-11,openconnector,Merge pull request #630 from ConductionNL/fix/target-id,14283/120/02,low,true
246510545e6a3cdfd13e0330f1fa5ab0adcbd39e,Barry Brands,2025-12-11,openconnector,remove unnecessary value,14283/120/02,low,false
769f85b6c44d7932cc8227e39704a918e89b9538,Barry Brands,2025-12-10,openconnector,Cleaner fix,14283/120/02,low,false
985b1028f834defe11b1333b9751b77bf2935554,Barry Brands,2025-12-10,openconnector,Move required before optional argument,14283/120/02,low,false
db6d845bf5c1748d002c48f0fd1bebf8b097b3ea,Barry Brands,2025-12-10,openconnector,prevent error,14283/120/02,medium,false
ccf0e7f21954e751b9836c29b9c7b3f4570c6ef2,Barry Brands,2025-12-10,openconnector,Merge pull request #629 from ConductionNL/fix/target-id,14283/120/02,low,true
a31ce11edcef53cc3022c3e6d6c7120fa45a357b,Barry Brands,2025-12-09,openconnector,Get id properly or throw exception,14283/120/02,medium,false
1b63b5444616d2002868d5ee364f06cc890b4288,Robert Zondervan,2025-11-27,openconnector,Merge pull request #628 from ConductionNL/feature/registers-243/parallelisation-and-default-limit,14283/120/02,high,true
a64acca43cdc71d137e8da319a32205dca791629,Robert Zondervan,2025-11-27,openconnector,Merge pull request #625 from ConductionNL/fix/expiry-to-spec,14283/120/02,low,true
2718ae612ae3556e68f92dbd7fa9a409d67d3b2e,Robert Zondervan,2025-11-27,openconnector,Small code style fix,14283/120/02,low,false
47c4cc07c0fda82cad57dd14efb54f9a1693ad37,Robert Zondervan,2025-11-27,openconnector,Merge branch 'fix/expiry-to-spec' into feature/registers-243/parallelisation-and-default-limit,14283/120/02,high,true
d07d948060cce7a4ee7118a16fcf2b8aa457c1b1,Robert Zondervan,2025-11-27,openconnector,Fix code style,14283/120/02,low,false
286c135b91d85cd8e23c13a76198583ff69e73be,Robert Zondervan,2025-11-27,openconnector,"Parallelise replacing internal references, set a default limit on endpoints",14283/119/02,high,false
0817d7d735d2cb8d8275e7abde08ae2ad58409a6,Robert Zondervan,2025-11-25,openconnector,Merge pull request #627 from ConductionNL/feature/fix/logout,14283/120/02,low,true
1150fa9c17499fb763b431ef20c13571a8272133,Robert Zondervan,2025-11-25,openconnector,Annotate route,14283/119/02,low,false
22b1fa05a9869234532c24aed6d37c443a798982,Robert Zondervan,2025-11-25,openconnector,Merge pull request #626 from ConductionNL/feature/fix/logout,14283/120/02,low,true
31ae4e888043e91928359af4ac6a67c798ed8dba,Robert Zondervan,2025-11-25,openconnector,Add logout route,14283/119/02,medium,false
197481a7e221d22d6e6d3aee95fb711593f67466,Wilco Louwerse,2025-11-24,openconnector,Lets add some logging to find out we get an 500 on curl status.php,14283/120/02,low,false
91dc9d8a434377c334b635ad3e757239d128c941,Wilco Louwerse,2025-11-24,openconnector,Lets give nextcloud fpm-soap image a try,14283/120/02,low,false
77ab177cd4d8d8ff7609947f8f9b3f02ff41fbec,Robert Zondervan,2025-11-17,openconnector,Merge remote-tracking branch 'origin/development' into fix/expiry-to-spec,14283/120/02,low,true
962795d72d5778da25d40f49e7d85eb21902ae74,Robert Zondervan,2025-11-17,openconnector,Add documentation,14283/120/02,low,false
fbd838c85326ab5f46b695a2462d77e59603c205,Robert Zondervan,2025-11-17,openconnector,Update logging expiry to work according to documentation,14283/120/02,low,false
c5659f4b7c8f2927cfea7b2f83d92324ca375f78,Thijn,2025-11-14,openconnector,Merge pull request #624 from ConductionNL/feature/sources-defaults-fix,14283/119/02,high,true
696cbba338fc70a3d0628f229be6aff204c59a5d,SudoThijn,2025-11-14,openconnector,changed default value,14283/120/02,high,false
865054d90459a20babb2645ca8a3ba91893d839a,Robert Zondervan,2025-11-13,openconnector,Merge pull request #623 from ConductionNL/feature/woo-439/html-entities,14283/120/02,low,true
ade4d392195c25bcc346a0c99f2ef05f51e7abcd,Thijn,2025-11-13,openconnector,more lint fixes,14283/119/01,low,false
5953535945f08bc9c097c2a18d0c78d0d943273e,Thijn,2025-11-13,openconnector,lint fixes,14283/119/01,low,false
5885b247781fb8e9c21d72054827a0c78fc458f2,Robert Zondervan,2025-11-12,openconnector,Fix special characters being replaced by html entities,14283/120/02,low,false
a0a7ad6d9e4b211578cffff79639ffdb9c43b9ef,Wilco Louwerse,2025-11-11,openconnector,v1.51: Use PHP version-specific Nextcloud (dev) Docker images for accurate testing,14283/120/02,low,false
654dd8c938170455ba999be5345f924bc3a716a9,Remko Huisman,2025-11-10,openconnector,Update README.md,14283/120/02,low,false
2adf2f8c9f2464055da55b66742a723db263e786,Remko Huisman,2025-11-10,openconnector,Update README.md,14283/120/02,low,false
2832355043330b736c080ad1f49c03fdd435513f,Wilco Louwerse,2025-11-07,openconnector,Make sure both workflow jobs have the same steps,14283/120/02,high,false
d7bd7574c8329b461d3e0f7d8bafff543a10bdae,Wilco Louwerse,2025-11-07,openconnector,Lets also run unit tests in the actual OpenConnector folder,14283/120/02,low,false
6e109b6a2c52d00eb6a6a5ed9ca45509097e7712,Wilco Louwerse,2025-11-07,openconnector,Run cs-fixer and psalm from OpenConnector app location,14283/120/02,low,false
f75b0cabc816bd7a81865b33ca0bcdb10cf3478c,Wilco Louwerse,2025-11-07,openconnector,remove cs-fixer for now,14283/120/02,low,false
1d0555959a2580902941e7e5c15ec347909516ad,Wilco Louwerse,2025-11-07,openconnector,composer i fix no-dev,14283/119/01,high,false
e022a263b0ffa4f46e12ad9250dcb9dca6fa5a6e,Wilco Louwerse,2025-11-07,openconnector,Require composer composer/xdebug-handler 3.0 or higher,14283/119/01,high,false
0a9edb2d564e9c02869be6afc3f208b876773a8b,Wilco Louwerse,2025-11-07,openconnector,Added composer/xdebug-handler in composer files,14283/119/01,high,false
615ede274b6e39434419faf84c56070467c4a364,Wilco Louwerse,2025-11-07,openconnector,Merge branch 'development' into feature/CONNECTOR-371/unit-tests-workflow-new,14283/120/02,low,true
daf4938c7ab307cfdb07a911e7923638203bc464,Wilco Louwerse,2025-11-07,openconnector,re run without composer --dev,14283/119/01,high,false
614d634ec2c990dc15aa1d2e7e2c2ff14b4e742d,Wilco Louwerse,2025-11-06,openconnector,Merge pull request #620 from ConductionNL/feature/CONNECTOR-379/flow-tokens,14283/120/01,medium,true
1d2cfb08836d29a0d28de855363a765d24195086,Wilco Louwerse,2025-11-06,openconnector,Add flow token to Synchronization conditions check,14283/119/02,high,false
b6c849e77bee26277a3dfb3be4749069b465527b,Wilco Louwerse,2025-11-06,openconnector,Some small code fixes in MappingService & SynchronizationService,14283/119/02,high,false
09a3b23b48f5ba82259d5bfb7e5d72bae44871ba,Thijn,2025-11-04,openconnector,Merge pull request #619 from ConductionNL/feature/eslint-flat-config,14283/119/01,low,true
ce7fbd1288492106d27136e46d9d24e114276ca8,Thijn,2025-11-04,openconnector,added proper packages,14283/120/02,low,false
72a2ec8befbc12cddcff159bde157b0c4cfb7293,Barry Brands,2025-11-04,openconnector,Merge pull request #618 from ConductionNL/fix/execute-query,14283/119/02,high,true
9e93ee31b295fce6108d3cd3419e64eb3b6c78c9,Barry Brands,2025-11-04,openconnector,Fix execute query,14283/119/02,high,false
fb118eadd36b85a4b48f215fe76feb4804bd92f1,Robert Zondervan,2025-11-04,openconnector,Merge pull request #617 from ConductionNL/feature/CONNECTOR-379/flow-tokens,14283/120/01,medium,true
166927087095efdc714ea91bf9281cfe5c8011e5,Thijn,2025-11-03,openconnector,Merge pull request #612 from ConductionNL/feature/CONNECTOR-376/deeplinking,14283/120/02,low,true
c4ebebeffdd637599753e7315fd1d8e2b5a20d4e,Thijn,2025-11-03,openconnector,attempted to improve performance. failed.,14283/120/02,low,false
25813e48b2baefec01e86e1851f87faf6027c5d5,Thijn,2025-10-31,openconnector,removed useless script setup,14283/120/02,low,false
1be266724fcf474fa06b6ce9b9d7b9e96519f156,Thijn,2025-10-31,openconnector,fix faulty eslint errors,14283/120/02,high,false
ff1056e446fb7677f6da1194c6ee97105b12ba9c,Thijn,2025-10-31,openconnector,Converted from ESlint legacy config to flat config,14283/119/01,medium,false
a4a306cb758993eda91aca8954c21f7d3b9cf36f,Robert Zondervan,2025-10-30,openconnector,First working use of flowTokens,14283/120/01,medium,false
2480536faab4925180e7a9ddb056bedee0dd0f1b,Robert Zondervan,2025-10-30,openconnector,First working version of flowTokens,14283/120/01,medium,false
f9f7540e6596e71578600f4dca3e0a8c04e68671,Robert Zondervan,2025-10-29,openconnector,Merge remote-tracking branch 'origin/development' into feature/CONNECTOR-379/flow-tokens,14283/120/01,medium,true
a1872df30045cea23cedcde0db69cb8e484239e4,Robert Zondervan,2025-10-29,openconnector,Write documentation about flow tokens,14283/120/01,medium,false
f44191989535ce9d4bb0fc2975534a564fffc383,GitHub Action,2025-10-29,openconnector,Bump version to 0.2.6,14283/120/02,low,true
17b5147c813cdd95fe6f281f3175f895d5c66871,Robert Zondervan,2025-10-29,openconnector,Merge pull request #615 from ConductionNL/development,14283/120/02,low,true
ff72a4856398ee5cce28e38d088ddf856f5fdbe3,Barry Brands,2025-10-28,openconnector,Merge pull request #616 from ConductionNL/fix/transform-error,14283/120/02,medium,true
3cf84cdedad2926b4c1cedd2bce2ef49fa070487,Barry Brands,2025-10-28,openconnector,Handle result data error and message safely,14283/120/02,medium,false
90e1b3fdb5dad211363ebbbdd83c47c2a9ac0876,Thijn,2025-10-27,openconnector,coderabbit review,14283/119/02,medium,false
c740def669220b2b8e72eb8cba0f1c0afeb7b4ae,Thijn,2025-10-27,openconnector,added a bunch of detail page support and routing,14283/119/01,medium,false
51556497999146a772dab638f4f8e35238c864ab,Barry Brands,2025-10-23,openconnector,Merge pull request #614 from ConductionNL/feature/synchronization-rules-logging,14283/119/02,high,true
57019ea2c48822116ba3c132fc9943686473b5bd,Barry Brands,2025-10-23,openconnector,spacing fix,14283/120/02,low,false
187eba2e43e5e3e1e8d3c396fa19435c7f9b5307,Barry Brands,2025-10-23,openconnector,Added logging for synchronization rules,14283/119/02,high,false
ac55e3feb4797419737bc5fa57577eb8907ece43,Barry Brands,2025-10-23,openconnector,Merge pull request #613 from ConductionNL/feature/endpoint-rule-logging,14283/119/02,high,true
9eb71bcb0f92e51d1c119363e02ec6d8ae7b961e,Barry Brands,2025-10-23,openconnector,Update error log,14283/120/02,medium,false
f719637ab301f359212528b94bd2f4a1ef3822f3,Barry Brands,2025-10-23,openconnector,Log execution of rules on endpoints,14283/119/02,high,false
df28dd26fc946751db3a2ca7920427fa02f27061,Thijn,2025-10-22,openconnector,lint-fix,14283/119/01,low,false
81b7344d3a7e4a043a262cb64e8fa1cc3caf6064,Thijn,2025-10-22,openconnector,openconnector deeplinking,14283/120/02,low,false
0af4f98cfc0297b76ec315f629693af37eeb2a5a,Robert Zondervan,2025-10-22,openconnector,Merge pull request #611 from ConductionNL/feature/WOO-426/file-fix,14283/120/02,low,true
707ac83908e74192b2903234fc6a2ed68fe67f06,Robert Zondervan,2025-10-22,openconnector,Fix accepting json files,14283/120/02,low,false
16c00735f9e491a50da70055d08d90c7649335e7,Alex,2025-10-22,openconnector,Merge pull request #610 from ConductionNL/feature/CONNECTOR-375/necessary-fields,14283/120/02,low,true
143de9b6cfb27044a9205fd7aa206f639c7f6080,Alex Rekachynskyi,2025-10-22,openconnector,only necessary fields to its type remain,14283/120/02,low,false
2f69821911346cb20d2fea6399e71c2c92776d91,Robert Zondervan,2025-10-15,openconnector,Merge pull request #609 from ConductionNL/feature/WOO-426/log-cleanup,14283/120/02,low,true
f673cb620b83809b0bf3a55386a1f2b165907c77,Robert Zondervan,2025-10-15,openconnector,Fix not deleting documents when all documents are removed from an object,14283/120/02,low,false
72dc29163850ffe75747a2b4f3017ddb2be6c115,Robert Zondervan,2025-10-14,openconnector,Also set expiry for joblogs,14283/120/02,high,false
d16cffc9671789dd601961e2f284cbee0206dad5,Alex Rekachynskyi,2025-10-14,openconnector,table wrapper,14283/119/01,high,false
849b0b537baf330b4a7c2bee827860d47dbf620f,Alex Rekachynskyi,2025-10-14,openconnector,auth is showing at the right place,14283/120/02,low,false
be841cb2d14086e3e394c5e77e33964d8b10d02e,Robert Zondervan,2025-10-14,openconnector,Ensure logs have expiry and get cleaned up,14283/120/02,low,false
c03fb52cfd14555d1e0c135005343d5e34f0679c,Robert Zondervan,2025-10-13,openconnector,Merge pull request #607 from ConductionNL/feature/zaakreg-110/limit-extend-rule-to-uuids,14283/120/02,low,true
d486899f24081e31e6bde661b4aa47fa2e94f7f4,Robert Zondervan,2025-10-13,openconnector,Allow overriding of default status codes,14283/120/02,high,false
44025157493786e2560a0efb5f9b909c0390d014,Robert Zondervan,2025-10-10,openconnector,Merge pull request #606 from ConductionNL/feature/zaakreg-110/limit-extend-rule-to-uuids,14283/120/02,low,true
56ee05ae0dd307e049755fcbcb9dc6c0edaa441c,Wilco Louwerse,2025-10-10,openconnector,"ci(dev-deps): refresh lock for phpunit, php-cs-fixer and psalm",14283/120/02,high,false
5ad0d070a2be862856619675f7189f5e6db25879,Robert Zondervan,2025-10-10,openconnector,"On extend_input rules, only allow extending uuids",14283/120/02,low,false
554b10ecd9325a52fac43df7314755112848e525,Wilco Louwerse,2025-10-10,openconnector,"v1.50: Per-job PHPUnit constraint, add bcmath, use lib/composer bin paths",14283/119/01,medium,false
8ba96f3bfa04c32317cebdd576b88279acf413b9,Wilco Louwerse,2025-10-10,openconnector,"add phpunit (^10.5|^9.6), php-cs-fixer ^3, psalm ^5; enable required PHP extensions and refresh lock",14283/120/02,high,false
ed9f5927134030a7141e78d8c8db20d6f8d87a54,Wilco Louwerse,2025-10-10,openconnector,v1.49: Add PHPUnit constraint + runner composer install to quality job for full parity,14283/119/01,medium,false
534edb7f734c1583f739aa57a2524f6cfa563ff6,Wilco Louwerse,2025-10-10,openconnector,"v1.49: Job parity, custom_apps standardization, safer shell, Composer/occ fixes",14283/119/01,medium,false
b1b6dd9407a15534932d57c7f66b67f8839a3516,Barry Brands,2025-10-09,openconnector,Merge pull request #605 from ConductionNL/feature/delete-sync-through-event,14283/119/02,high,true
1f71638a2cf40cd27a89c4d8d34ef7e10ecaf1a0,Barry Brands,2025-10-09,openconnector,Fix check,14283/120/02,low,false
002967b2909b7bce0f4481ce1fea211eb9debfd7,Barry Brands,2025-10-09,openconnector,Delete target type register/schema,14283/119/02,medium,false
d12d66a08b640052c555dc8badbc09c4814f2fe1,Barry Brands,2025-10-08,openconnector,Merge pull request #604 from ConductionNL/feature/max-pages-config,14283/120/01,low,true
0cdf7165808f3ffb7feb01100bc97a3c1eb8bcb6,Barry Brands,2025-10-08,openconnector,Make maxPages configurable,14283/120/01,low,false
07a5d3a84bcb2e5d4e8308a0900ec57effc4bb06,Alex,2025-10-08,openconnector,Merge pull request #603 from ConductionNL/feature/CONNECTOR-374/extend-input-rules,14283/120/02,low,true
1405e48730609412316aea12bc658a249ab12d40,Wilco Louwerse,2025-10-07,openconnector,v1.48: Fix sudo command not found errors - Install sudo in containers and update documentation,14283/120/02,medium,false
8eaeeb7651cd3b8a081925e9bbdb210616625a3e,Wilco Louwerse,2025-10-07,openconnector,"v1.47: Update documentation - Fix version ordering, consolidate lists, and correct dates",14283/120/02,low,false
84e3e742efa77da76a913e0c48bda7b5e5b67825,Wilco Louwerse,2025-10-07,openconnector,docs: Update documentation for v1.46 - Current Status and Next Steps sections,14283/120/02,low,false
4474f2eedc9444d385202dce2ceb65dfad545077,Wilco Louwerse,2025-10-07,openconnector,v1.46: Standardize directory structure to use custom_apps path following Nextcloud best practices,14283/120/02,low,false
1038ad8dafc5a4e02deb80e8d6ec67b14bfdbd9a,Alex Rekachynskyi,2025-10-06,openconnector,lint fix,14283/119/01,low,false
89ab0448e4112c53196fd8e91ee400b6c2d76a1e,Alex Rekachynskyi,2025-10-06,openconnector,warn fallback,14283/120/02,low,false
0eaf0bcb1b241c69d5f6a0320a457f35c70d1525,Wilco Louwerse,2025-10-06,openconnector,v1.45: Fix PHP syntax errors in autoloader generation - remove escaped backslashes from  variables,14283/119/01,high,false
d7c96d65f360e7233d148ab4cbce96fed60144ab,Alex Rekachynskyi,2025-10-06,openconnector,warn fallback,14283/120/02,low,false
367b90d6285285e9390cf4a1aea5ed0914afb0bf,Alex Rekachynskyi,2025-10-06,openconnector,New types of rules,14283/120/02,low,false
43bf2f536b98d263f0cf2d243a00e694457fbc93,Wilco Louwerse,2025-10-03,openconnector,v1.45: Enhanced autoloader generation with improved class mapping and documentation restructuring,14283/119/02,high,false
8a46867a9aa396d15708337d8cdf0fc1c8924009,Wilco Louwerse,2025-10-03,openconnector,Small workflow documentation update,14283/120/02,low,false
21870cb042d5eb371d8a247818b9d9eeb9e0b877,Wilco Louwerse,2025-10-03,openconnector,v1.44: Enhanced diagnostics and fixed invalid flags + documentation consolidation,14283/120/02,low,false
dfdc9109d746e627b421db65f14586cb3c789fa6,Barry Brands,2025-10-03,openconnector,Merge pull request #602 from ConductionNL/fix/event-listeners-if-check,14283/120/02,medium,true
050454af9243f01aa7c1f23592175a6d0fe9432f,Barry Brands,2025-10-03,openconnector,cleanup,14283/120/02,low,false
93f8d9d5100778abdf5595979151511d5bdc8262,Barry Brands,2025-10-03,openconnector,Fix if checks,14283/120/02,low,false
5be84322c77fa6213dbccab242986f96a3fd436f,Wilco Louwerse,2025-10-03,openconnector,v1.43: Fix YAML syntax errors in ci.yml workflow,14283/120/02,medium,false
05534e97fdf520db582668c6b86c24413c1509d7,Wilco Louwerse,2025-10-03,openconnector,v1.43: Trigger workflow - retry after early exit checks implementation,14283/120/02,high,false
7f8edfbd287d8155110e70df80cca820749216d7,Wilco Louwerse,2025-10-03,openconnector,v1.43: Early exit checks to prevent step interference in autoloader generation,14283/119/01,high,false
2653569fcfb2b8d129c366c9d6d47a64bf8d2434,Wilco Louwerse,2025-10-03,openconnector,v1.43: Comprehensive autoloader generation strategy + documentation cleanup,14283/119/01,high,false
e74cd28d13c1d05c642e6323e79449e229e6a2eb,Wilco Louwerse,2025-10-03,openconnector,v1.42: Nextcloud app autoloader generation + extended timeouts + early autoloader check + timing fix + documentation cleanup,14283/119/01,high,false
06dceae53a0e54367b74bd129f8e7012d681bd72,Wilco Louwerse,2025-10-03,openconnector,v1.41 - Enhanced Autoload Diagnostics + Changelog Status Updates,14283/119/01,high,false
38a01203718e096e07edffe1f16f6ab4a295c4dc,Wilco Louwerse,2025-10-02,openconnector,v1.40 - Fixed Autoload Generation Inside Container + Timeout Protection,14283/119/01,high,false
62437d76d9977ccd1b6291cbb207230fbcbe2dde,Wilco Louwerse,2025-10-02,openconnector,"v1.39: Fix dates for versions v1.36-v1.38 to October 2, 2025",14283/120/02,low,false
27faf8897cf456d5c4df59ba2ae31b51728f4491,Wilco Louwerse,2025-10-02,openconnector,v1.39: Add enhanced diagnostics and update documentation,14283/120/02,low,false
e2686912a586e2eee1a2da2f0512bd663c134be3,Wilco Louwerse,2025-10-02,openconnector,v1.39: Fix database verification - use proper MariaDB container connection,14283/120/02,low,false
99944bed398d864e8ab0057ee529f41e8386717f,Wilco Louwerse,2025-10-02,openconnector,v1.38: App Install Primary Method + Forced Migration Execution,14283/119/01,high,false
b8577babd964045c093dda7303fe464fcaa844ec,Robert Zondervan,2025-10-02,openconnector,Merge pull request #601 from ConductionNL/feature/ZAAKREG-99/clear-current-values,14283/120/02,low,true
a7fe673dd6bf3b07b71679fcca95c5ddab0a7c68,Robert Zondervan,2025-10-02,openconnector,Use correct propertyname,14283/120/02,low,false
bb8602e2016beea1886837e6db193b7d9559b890,Robert Zondervan,2025-10-02,openconnector,Merge pull request #600 from ConductionNL/feature/ZAAKREG-99/clear-current-values,14283/120/02,low,true
0e2ca559c4317a761a222f27d855304212c134f8,Robert Zondervan,2025-10-02,openconnector,Fix extend_external_input validation and errors,14283/120/02,medium,false
707304de7ee1354e284d6a8b3342601adddae392,Robert Zondervan,2025-10-02,openconnector,Merge pull request #597 from ConductionNL/feature/ZAAKREG-99/clear-current-values,14283/120/02,low,true
11011f6d1811a7b897a364f84889a76b72e0ac1b,Wilco Louwerse,2025-10-02,openconnector,v1.37: Resilient health checks and documentation cleanup,14283/120/02,low,false
754f1f64ce768c217af70cafafae14ccb80c39c8,Wilco Louwerse,2025-10-02,openconnector,v1.36: Fix hanging occ commands with timeout protection and health checks,14283/120/02,medium,false
274f1d90db096c433372acbf5b88b4c2c1481852,Robert Zondervan,2025-10-01,openconnector,Merge pull request #599 from ConductionNL/feature/zaakreg-109/endpointservice-fixes,14283/119/02,high,true
047cccf85011906b990a07dbd08a2263f7adc7e4,Robert Zondervan,2025-10-01,openconnector,Fix var_dump,14283/120/02,low,false
bbbbb9a75831a680d0681b002b9776c21a83755a,Robert Zondervan,2025-09-30,openconnector,Fixes for event listener and correct 404 error,14283/120/02,medium,false
52a53c8ebec2b6bcafe5afd6393107e199daea27,Wilco Louwerse,2025-09-30,openconnector,v1.35: Update documentation current status and fix Files section,14283/120/02,low,false
dd637a16e40e478259ce30d803ace253a7a443c4,Wilco Louwerse,2025-09-30,openconnector,v1.35: Fix invalid Nextcloud commands and approach,14283/120/02,low,false
840e1574e6620cabade10c7511f8b22a84ec32c4,Wilco Louwerse,2025-09-30,openconnector,v1.35: Implement sequential migration fallback testing,14283/119/01,high,false
a50b947076948425337ea6a4774ea52657706e1e,Wilco Louwerse,2025-09-30,openconnector,v1.34: Add maintenance:repair before app:enable + Fix documentation duplicates and ordering,14283/120/02,low,false
e4a09a3c0c56659a121cb53cda2a97cde293a893,Wilco Louwerse,2025-09-30,openconnector,v1.33: Fix Composer installation order in tests job,14283/119/01,medium,false
b3d075413df76466c1d28ed790683b3c5ffa04c8,Wilco Louwerse,2025-09-30,openconnector,v1.32: Add explicit database migration step,14283/119/01,high,false
fac0681aa7bd1236972e1e2308710bd27e561f28,Wilco Louwerse,2025-09-30,openconnector,v1.31: Fix step names and update documentation,14283/120/02,low,false
135e60f994bcea323b473e66b16e2254d10ae58a,Wilco Louwerse,2025-09-30,openconnector,Fix comprehensive workflow consistency issues (v1.30),14283/120/02,low,false
a0101342f3bf7a3c0722f69f37b28b49a7650e9b,Wilco Louwerse,2025-09-30,openconnector,Fix workflow step ordering and app installation method (v1.29),14283/120/02,low,false
912b741a315c07122ede58e0b4a1dd5bc608e268,Wilco Louwerse,2025-09-30,openconnector,Fix documentation version ordering and consolidate items,14283/120/02,low,false
ac4ae5d957d4f7f864be698b4dd3edb0b432b173,Wilco Louwerse,2025-09-29,openconnector,Fix autoloader generation with host-based approach,14283/119/01,high,false
f95bd5783a4c1ffc1af73217862bbc768e63611a,Wilco Louwerse,2025-09-29,openconnector,Add Nextcloud restart and cache clearing after autoloader generation,14283/119/01,medium,false
870dc0e4f2385bd9ed119b3d5d8bf982196b494b,Wilco Louwerse,2025-09-29,openconnector,Fix documentation structure for Version 1.27,14283/120/02,low,false
e0394ae77482b123c37d0326593bb410357ccb27,Wilco Louwerse,2025-09-29,openconnector,Fix missing app autoloader and add comprehensive diagnostics,14283/119/01,high,false
0faa949970773c9869d08f9e5c65573d34077cb1,Wilco Louwerse,2025-09-29,openconnector,Add comprehensive pre-class loading diagnostics,14283/120/02,low,false
7171239cd1f0fea57fd1fe7c200c6e0d6bb76a7f,Wilco Louwerse,2025-09-29,openconnector,Fix PHP syntax error in class loading check,14283/120/02,medium,false
2b5dfe38f28db5221809e4bdd7ab53442fdc139d,Wilco Louwerse,2025-09-29,openconnector,Optimize retry mechanism and fix timing issues,14283/120/02,high,false
c55f3ab928722bbce18da5a5385ffcf6d409be43,Wilco Louwerse,2025-09-29,openconnector,Add forced cache clearing and clean workflow structure,14283/120/01,high,false
bf43157d169308a6af1b35ca9b309925ef68741c,Wilco Louwerse,2025-09-29,openconnector,Add enhanced class loading diagnostics,14283/120/02,low,false
0af4c5705291e192c11b6e8a29dc42433fbf826a,Wilco Louwerse,2025-09-29,openconnector,Fix app location issue - move app to correct Nextcloud directory,14283/120/02,low,false
3a15a8630030ae6365ee95e9e910da8e7f1bdcc6,Wilco Louwerse,2025-09-29,openconnector,Fix command failures and update documentation with app structure diagnostics,14283/120/02,low,false
2698598da0bae89e086239ceb896525d9ed3d1bf,Wilco Louwerse,2025-09-29,openconnector,Add app structure diagnostics to identify root cause of class loading issues,14283/120/02,low,false
2e5d2da02b4220916ab5bdb6c916e14ff0e6d6ed,Wilco Louwerse,2025-09-29,openconnector,Add app restart after dependencies and fix CodeSniffer dependencies,14283/119/02,low,false
ddbcfc5fe406697f287238b76429f8e824cbab42,Wilco Louwerse,2025-09-29,openconnector,Fix missing PHP extensions and improve user feedback for class loading,14283/120/01,medium,false
fced7c226bf616a9c5cd410cf8a4f027082ff665,Wilco Louwerse,2025-09-29,openconnector,Fix Composer installation order by creating separate app dependencies step,14283/119/01,high,false
a0ca96790634476aaabb6e5d81d67148176be8af,Wilco Louwerse,2025-09-29,openconnector,Fix app dependencies installation to resolve class loading issues,14283/120/02,low,false
1e809a0a5c06785f1e6c00341e50c4ac4e51f984,Wilco Louwerse,2025-09-29,openconnector,Add enhanced app installation diagnostics and update documentation,14283/120/02,low,false
b88de6b66c5dfc97ec5b260554ee8abe59533587,Wilco Louwerse,2025-09-29,openconnector,Fix PHPUnit autoloader issues with composer dump-autoload,14283/119/01,high,false
d51c6c097d51a11d5da36971bf1d70854f2c3b40,Wilco Louwerse,2025-09-26,openconnector,Fix PHPUnit path to use correct Nextcloud composer location,14283/119/01,high,false
55a671ecdff926633ef5d261705fcf960bc849fb,Wilco Louwerse,2025-09-26,openconnector,Fix invalid Composer option and update documentation,14283/119/01,high,false
65bc9777914d3076b9af466d739277f071217f73,Wilco Louwerse,2025-09-26,openconnector,Fix PHPUnit installation with --no-bin-links and enhanced diagnostics,14283/120/02,low,false
403912ed368593fc4ea5f7fa5d704d43729f251b,Wilco Louwerse,2025-09-26,openconnector,Fix PHP version and add Composer installation to CI containers,14283/119/01,high,false
d4f28d7a149d193e67e86ed4d22d11c3d11f022d,Wilco Louwerse,2025-09-26,openconnector,Improve occ command diagnostics with proper file and execution checks,14283/120/02,low,false
0452ec20baa1812a77875412639ffa811c7907f3,Wilco Louwerse,2025-09-26,openconnector,Fix missing version configuration in quality job,14283/120/02,high,false
0d075dc1bf5280b820f9792bbac4b5508be7d9c6,Wilco Louwerse,2025-09-26,openconnector,Add centralized version management for CI workflow,14283/120/02,low,false
547cfb336ad61e69cb555f4bd4458d754bc3d5ba,Wilco Louwerse,2025-09-26,openconnector,add comprehensive PHPUnit installation diagnostics,14283/120/02,low,false
c25d588f9ca54cebe896a6085d1be02336ebc77e,Wilco Louwerse,2025-09-26,openconnector,separate diagnostics into individual steps with clear failure messages,14283/120/02,low,false
35d6787fec25e33ebc251db04162cdd7c100160e,Robert Zondervan,2025-09-26,openconnector,Clear current values in extend_input to prevent contamination,14283/120/02,medium,false
8a3fe0eee20905dc024fbc51ab8f2c459911b39d,Wilco Louwerse,2025-09-26,openconnector,enhance Nextcloud initialization timing and occ command reliability,14283/120/02,low,false
a2a44d41105ef0aff28f94e68cf53a2a44811aa2,Wilco Louwerse,2025-09-26,openconnector,add comprehensive diagnostics for Nextcloud container issues,14283/120/02,low,false
51faab3164e16f67f95a433239c9a98c0702f025,Wilco Louwerse,2025-09-26,openconnector,clean up old files and improve documentation,14283/120/02,low,false
a339b1fdb81178411bc942c6ccd4dac5b65f6c78,Wilco Louwerse,2025-09-26,openconnector,fix PHPUnit command path in Nextcloud container,14283/120/02,low,false
dcde45d38894e1655a72972a2bd5e6b4d1a33db0,Wilco Louwerse,2025-09-26,openconnector,fix missing apps-extra directory in Nextcloud container,14283/120/02,low,false
cdf26c2ba71594669e40f8bf347a2070ab327783,Wilco Louwerse,2025-09-26,openconnector,add Redis and MailHog services to match complete local development environment,14283/120/02,low,false
db517661d49ddba5e6ef5e3b8cceab08c096eb50,Wilco Louwerse,2025-09-26,openconnector,fix: remove inheritance from MockQBMapper to resolve signature conflicts,14283/119/01,high,false
a6e2de0cef0a8201df61ef39b0e97ab857b8a097,Wilco Louwerse,2025-09-26,openconnector,fix: create comprehensive MockMapper solution for all 15 mappers,14283/119/01,high,false
95adf2c0f94035f46f1e8ba6bd8313b06d8810e3,Wilco Louwerse,2025-09-26,openconnector,revert: return to original MockMapper approach and fix signature issues,14283/119/01,high,false
245d1ffd1d74a2fce6a212cee4e9c215a7e08db3,Wilco Louwerse,2025-09-26,openconnector,implement minimal bootstrap for non-Db tests without MockMapper issues,14283/119/01,high,false
d922c6497394c87d7701680c2845908e7f8dac7a,Wilco Louwerse,2025-09-26,openconnector,implement minimal bootstrap approach for non-Db tests,14283/120/02,low,false
0b49fcbcad665e1de009ce3c2aa74759fa912bfc,Wilco Louwerse,2025-09-26,openconnector,fix: resolve OCP class loading issues in CI tests,14283/120/02,low,false
b17c2d910de9b8a9fe474713c89fd616e51ae32f,Wilco Louwerse,2025-09-25,openconnector,Merge remote-tracking branch 'origin/feature/CONNECTOR-371/unit-tests-workflow-new' into feature/CONNECTOR-371/unit-tests-workflow-new,14283/120/02,low,true
12cba481cf947872191eccaaf46acb3151f3740c,Wilco Louwerse,2025-09-25,openconnector,resolve MockMapper compatibility issues in CI workflow,14283/119/01,high,false
4355185d164602e4f3020d890f0523e5c36a36c4,Wilco Louwerse,2025-09-25,openconnector,fix: resolve MockMapper compatibility issues in CI workflow,14283/119/01,high,false
efd85e9e7bcf365c97c4a46b3af2de7a2a4b2bb9,Wilco Louwerse,2025-09-25,openconnector,implement database-based testing strategy,14283/120/02,low,false
712eeab71bede2868f5b1a02bd4da16ede48a4b5,Wilco Louwerse,2025-09-25,openconnector,restore $ids parameter to SourceMapper and use flexible MockMapper,14283/119/02,high,false
a3b0572b802cdcb98fa1087f3b7291104369e47e,Wilco Louwerse,2025-09-25,openconnector,remove $ids parameter and update documentation in SourceMapper,14283/119/02,high,false
4be6aa6278915f39665672eeebd2a66415691083,Wilco Louwerse,2025-09-25,openconnector,remove unused $ids parameter from remaining mappers,14283/119/01,high,false
947e95c0ea28ce4122598156e42f91d1ba0293d0,Wilco Louwerse,2025-09-25,openconnector,standardize findAll signatures and remove unused $ids parameters,14283/120/02,low,false
b1ad1bb727c7d7abd855c6ac86a24b634afa8aed,Wilco Louwerse,2025-09-25,openconnector,resolve getTotalCount method signature compatibility,14283/119/01,medium,false
591603557f86a3969b70f8bd0abc81325dc9499c,Wilco Louwerse,2025-09-25,openconnector,add missing $ids parameter to SynchronizationContractMapper::findAll,14283/119/02,high,false
6604caff063a1747871fb0411d1de1c6acb7fa21,Wilco Louwerse,2025-09-25,openconnector,restore $ids parameter to mappers that legitimately use it,14283/119/01,high,false
0e021be68b77e1acae59fcaffd2d4d137a5c6b00,Wilco Louwerse,2025-09-25,openconnector,remove $ids parameter from actual mapper findAll methods,14283/119/01,high,false
4f4a1a521dd51ed9d59975bb8915a938bf51ed41,Wilco Louwerse,2025-09-25,openconnector,resolve unit test failures and deprecation warnings,14283/120/02,low,false
f3e0447ae5a2b63a980f550f5a9896418fcd2009,Wilco Louwerse,2025-09-25,openconnector,improve code quality and resolve remaining CI issues,14283/119/01,low,false
7590512e42f695165abfe4b20b7a0066487d5d12,Wilco Louwerse,2025-09-25,openconnector,resolve remaining CI/CD pipeline failures and static analysis errors,14283/120/02,medium,false
9ee434799f254d9bae4a77e73c6284063870053e,Wilco Louwerse,2025-09-25,openconnector,resolve CI pipeline failures and static analysis errors,14283/120/02,medium,false
36567bb8d66f84437cd075ecf8c9acf63b50164a,Wilco Louwerse,2025-09-25,openconnector,resolve GitHub Actions workflow failures,14283/120/02,low,false
4d9ef8aece09a8e4110205edb82e5bba9ee2769c,Wilco Louwerse,2025-09-23,openconnector,"fix PHP Fatal error: Class ""OCP\AppFramework\Db\Entity"" not found",14283/119/01,high,false
5616450908b3b6bf606f246407085b0452052629,Wilco Louwerse,2025-09-23,openconnector,add comprehensive proactive OCP mocking to prevent test failures,14283/120/02,medium,false
45f8457a687499e614fb9cc40784927963a534c0,Wilco Louwerse,2025-09-23,openconnector,fix: resolve method signature compatibility in MockMapper,14283/119/01,high,false
367e6bf03f8e6f7310433d07456985908a768c75,Wilco Louwerse,2025-09-23,openconnector,fix: add comprehensive OCP mocking for unit tests,14283/120/02,low,false
bd54b20aa3b5cd95721c1797d948d072f9b1246b,Wilco Louwerse,2025-09-23,openconnector,fix: resolve bootstrap syntax error in unit tests,14283/120/02,medium,false
ea4ba5b8577397d571b7021267603d8ae97bcd09,Wilco Louwerse,2025-09-23,openconnector,Consolidate CI workflows and fix unit test failures,14283/120/02,low,false
cbadab09dbc58c41b6484921cd8ffe03e8df121c,Wilco Louwerse,2025-09-23,openconnector,Added missing dependencies,14283/120/02,low,false
e1da8f5a81d4236df40773503e7fbd12078461ef,Wilco Louwerse,2025-09-23,openconnector,Fixed multiple critical workflow issues,14283/120/02,low,false
e1fc2a2999e6be363a733ea46f764bde8a0aace3,Wilco Louwerse,2025-09-23,openconnector,Try to install PHPUnit directly,14283/120/02,low,false
d405e3c1548b766fdcfc62046e91174977cedb31,Wilco Louwerse,2025-09-23,openconnector,Added robust PHPUnit installation verification,14283/120/02,low,false
4c502a9dec21ef2baaf43ade06527b76eb5ff72c,Wilco Louwerse,2025-09-23,openconnector,Workflow Fixes incl. documentation of changes,14283/120/02,low,false
201fd4200dcf6040b1745aff227dbf5032e17e3d,Wilco Louwerse,2025-09-23,openconnector,PHPUnit fixes & linting error fixes,14283/120/02,medium,false
cb3ae7cdf3f5aad99b58d7a3038598f0102814a4,Wilco Louwerse,2025-09-23,openconnector,Added tools: composer & actions/cache@v4,14283/119/01,medium,false
77a0957774287cb540ab132270e41ad43e886d9e,Wilco Louwerse,2025-09-23,openconnector,Added unit test workflows,14283/120/02,low,false
9db91381503e73e98fda4bf47a258faed84aef41,Wilco Louwerse,2025-09-23,openconnector,Small fixes in SoftwareCatalogueServiceTest,14283/119/02,high,false
d38152a09630c2817dfe2a7032d7e36a0b86f99a,Wilco Louwerse,2025-09-23,openconnector,Small update/fixes for SOAPServiceTest & SoftwareCatalogusServiceTest,14283/119/02,high,false
71aac872b876105d71bad951d75e978f9e765801,Wilco Louwerse,2025-09-20,openconnector,Added documentation for complex unit test files,14283/120/02,low,false
d9243f58124f18b03700f5b346a603bb74d734da,Wilco Louwerse,2025-09-19,openconnector,small fixes and started adding documentation,14283/120/02,low,false
1792fbbbd3b47d3c4720fb87d892b6236f683e95,Wilco Louwerse,2025-09-19,openconnector,Replace some skipped tests with actual correct assertions,14283/120/02,low,false
5b874f7630181add52aa5c955daaef31201ad474,Wilco Louwerse,2025-09-19,openconnector,Improved unit test coverage and quality + changes for new code from dev,14283/120/02,low,false
fc417bbd814a35b3c84cd7d2106e4f66b84d62ce,Wilco Louwerse,2025-09-19,openconnector,Do fixes for all mapping tests so that they all pass,14283/119/02,high,false
0276cc8dffc25ec8cb56ec13b7de467b45ae670b,Wilco Louwerse,2025-09-18,openconnector,Added unit tests for all mappers,14283/119/01,high,false
3903d54659e8a472b89dbc355a85e0afabbaa232,Wilco Louwerse,2025-09-18,openconnector,Add / update unit tests with new changes from Development branch,14283/120/02,low,false
c53469ee716529e299b5ca1625fcec3f30114a31,Wilco Louwerse,2025-09-18,openconnector,Merge branch 'development' into feature/CONNECTOR-371/unit-tests,14283/120/02,low,true
9690133ce30df3515fb5f295b1211b61ee14fa37,Wilco Louwerse,2025-09-18,openconnector,Some finishing touches for unit test (improved coverage and quality),14283/120/02,low,false
d538038ffb71fdc729bd1d28ba28f3266f0b9823,Wilco Louwerse,2025-09-16,openconnector,Fixes in MappingsController & replaces skipped tests with actual tests,14283/119/02,high,false
6e4d2344012e79226aa0734b31231b5325de7bdc,Wilco Louwerse,2025-09-16,openconnector,Add unit tests for skipped tests in SourcesControllerTest,14283/119/02,high,false
e685484e73e78c19ec6aea93df1bb5d08e872486,Wilco Louwerse,2025-09-16,openconnector,Small fix/change in dashboard functions naming and docblocks,14283/120/02,high,false
2057c0c32aa24b97c3c5a66fc5a2d61a375e2990,Ruben van der Linde,2025-09-14,openconnector,Hotfixing the joblogs,14283/120/02,high,false
37d2fcc707ed5ba70dbb72e81ed27f1158713df5,Robert Zondervan,2025-09-09,openconnector,Merge pull request #595 from ConductionNL/hotfix/migration,14283/119/01,high,true
fb591b08c8ceaca96c852343f6b906ea9c5a8ad0,Robert Zondervan,2025-09-09,openconnector,Fix migration change for NC 33,14283/119/01,high,false
8cc241b3acb8602a6af0291e1a2fc02d644faa39,Barry Brands,2025-09-04,openconnector,use id from data in endpoint,14283/119/02,high,false
ffb2ede4062119a462f58db3e90ca038b090a6c3,Barry Brands,2025-09-04,openconnector,add rule to endpoint,14283/119/02,high,false
9320cb6b24ec08f4d7667d0d1f627b1371fd9405,Barry Brands,2025-09-04,openconnector,Config for event sync,14283/119/02,high,false
fec717b343d599501f9e3e13e0c4d18a88da7c81,Barry Brands,2025-09-04,openconnector,Merge remote-tracking branch 'origin/development' into config/zgw-xxllnc-sync,14283/119/02,high,true
a8d5a582cbde07c08bebb41c3732b890e5ffd313,Wilco Louwerse,2025-09-02,openconnector,Some small fixes related to versions php 8.3 and NextCloud 31,14283/119/01,medium,false
1c135819e54005638d6239a90661e21eda4de32a,Ruben van der Linde,2025-09-02,openconnector,Merge pull request #594 from ConductionNL/hotfix/cronerror,14283/120/02,high,true
156dad2a04192ca8a062465d36d821477c566faf,Ruben van der Linde,2025-09-02,openconnector,Proper logs and responce,14283/120/02,low,false
78d544b06fbd5b7c604ee971aefd9905140e46db,Wilco Louwerse,2025-08-29,openconnector,w.i.p. composer and bootstrap shizzle,14283/119/01,high,false
5dea69cac048986769f1dc171dd9315572955a19,Ruben van der Linde,2025-08-29,openconnector,Merge pull request #592 from ConductionNL/hotfix/cronerror,14283/120/02,high,true
ebe83989d9bee94627dfc5a863fd34c514f16181,Ruben van der Linde,2025-08-28,openconnector,Lat get the endpoints perfomant,14283/119/02,high,false
1efaddb90ef0b5b3bb1f698e5d9247175a59e2b8,Ruben van der Linde,2025-08-28,openconnector,Small fixes on endpoint structure,14283/119/02,high,false
35298d0ed6a31932e04fcc6e9d1a25a54b74970a,Wilco Louwerse,2025-08-28,openconnector,"Try again, with updated migration scripts",14283/119/01,high,false
e345c5558c57c22d5184c65858749bce3aa7727c,Barry Brands,2025-08-28,openconnector,Merge branch 'feature/CONNECTOR-369/run-main-sync-from-sub-object' into config/zgw-xxllnc-sync,14283/119/02,high,true
d39560fb3b93c3720b063cfcc463f34c9019ecd6,Wilco Louwerse,2025-08-28,openconnector,Try a different approach for the unit test workflow,14283/120/02,low,false
82c78263c29c8be3dee9a06e63bc07e67e149ddc,Wilco Louwerse,2025-08-28,openconnector,Try adding bootstrap.php to the tests folder,14283/120/02,low,false
ca8ce85c862d16cba1be655bef457f4ea06e0209,Wilco Louwerse,2025-08-28,openconnector,Make sure unit test workflows fail on error,14283/120/02,medium,false
0504df3f0f68161e3b001afbb245bb3d529d4de6,Wilco Louwerse,2025-08-28,openconnector,Try different bootstrap paths for unit test workflow,14283/120/02,low,false
df0bdb2fa024721fd6fd4ef01cffdc98c81242b3,Wilco Louwerse,2025-08-28,openconnector,Install phpunit correctly for unittest workflow,14283/120/02,low,false
3bbe0c4208db816a3e800eb1d0743eba9aab7b8b,Wilco Louwerse,2025-08-28,openconnector,"rewrite phpunit workflows, try make them less complex",14283/119/01,medium,false
a7b584bc7c9649e8c6b255a5efd1f9170411356a,Wilco Louwerse,2025-08-28,openconnector,Try some other changes,14283/120/02,low,false
ae61666ec3c6d9b6ec35139f661341c1637f9f12,Wilco Louwerse,2025-08-28,openconnector,Try again with small fixes,14283/120/02,low,false
3c5b5f503fbe39a4022b44f04fdd54d4dddaea2d,Wilco Louwerse,2025-08-28,openconnector,test again,14283/120/02,low,false
9a2441962fd47f7955f89624d25953da72ed3be4,Wilco Louwerse,2025-08-28,openconnector,try multiple approaches at once for unit test workflow,14283/120/02,low,false
861b8c3dc678e7fab22aee05353428e4a91fd0c6,Wilco Louwerse,2025-08-28,openconnector,Run phpunit workflow differently,14283/120/02,low,false
f75ca234393382cc839926e9d3af6163575e57bb,Wilco Louwerse,2025-08-28,openconnector,simplify phpunit workflow,14283/120/02,low,false
fe12469becfa213dc9de33cf9a00c0ab133d197a,Wilco Louwerse,2025-08-28,openconnector,The workflow was trying to run commands from the wrong directory,14283/120/02,low,false
ef47a7411f20520aa2b51441f2d17fc3450e80ce,Wilco Louwerse,2025-08-28,openconnector,Unit tests workflow,14283/120/02,low,false
4f3acc0c8d8d3eb73ae80b18a461c469d37bf8ac,Wilco Louwerse,2025-08-28,openconnector,Merge branch 'development' into feature/CONNECTOR-371/unit-tests,14283/120/02,low,true
76456bca11dd2a3ea2c9de1a640794f769d1f550,Barry Brands,2025-08-28,openconnector,Merge branch 'development' into config/zgw-xxllnc-sync,14283/119/02,high,true
8aee6cc991a1802d4aa565f930bbe4022029b512,Wilco Louwerse,2025-08-28,openconnector,Put back SourceMapper->findByRef function for importing sources,14283/119/02,high,false
331b94ebf7d95dd4e9810be05410c0f5ea8c1c38,Ruben van der Linde,2025-08-26,openconnector,Merge pull request #591 from ConductionNL/hotfix/cronerror,14283/120/02,high,true
75e7fce6045ec123fd12128038d0a436be47996a,Ruben van der Linde,2025-08-26,openconnector,Linting fixes,14283/119/01,low,false
085365848caaf33142c89473bbc0dad37ebcf12a,Ruben van der Linde,2025-08-26,openconnector,Add esttings dashboard,14283/119/02,medium,false
9a263c63bdcb8237a95370018c0d9d9fc3862b7e,Wilco Louwerse,2025-08-26,openconnector,Added unit tests for all controllers,14283/120/02,low,false
118eefed71ee080b65608369277e7f224884e602,Ruben van der Linde,2025-08-26,openconnector,Merge pull request #589 from ConductionNL/hotfix/cronerror,14283/120/02,high,true
09f7b02cca6122dee0d39a9d99d91209cbe7ecc2,Ruben van der Linde,2025-08-26,openconnector,Fix for failing cronjob log,14283/120/02,high,false
5375f8baad2ba008e56c5736addecde957f26335,Wilco Louwerse,2025-08-26,openconnector,"Fix some bugs, reduce the amount of skipped Service unit tests further",14283/120/02,low,false
92153ca03c5e8de9c2dbde6f4b7e8ba3be4bc17e,Alex,2025-08-22,openconnector,Merge pull request #586 from ConductionNL/feature/CONNECTOR-354/edit-mapping-styles,14283/119/02,high,true
da19daafd5f99909a5d7bc2109f1a5da2959613d,Wilco Louwerse,2025-08-22,openconnector,"Replace skipped tests with working tests for Job, Search & StorageService",14283/119/02,high,false
b1d3b3bab7a897cd376abeabef5501e5c28d3def,Wilco Louwerse,2025-08-22,openconnector,Replace skipped tests with actual working tests for the ImportService,14283/119/02,high,false
722b49c863431c443dc0bd1056fa5d415ca74af2,Wilco Louwerse,2025-08-22,openconnector,Added unit tests for all Services,14283/120/02,low,false
af63b0a2b2f7d55f238330fef38c45b9f9ef0986,Wilco Louwerse,2025-08-21,openconnector,Added unit tests for all mapping cast types and for all rule types,14283/119/02,high,false
69b49a89dc339a049ea7dee125f35f9352b190e4,Wilco Louwerse,2025-08-21,openconnector,"Added Unit tests for MappingService, ObjectService and RuleService",14283/119/02,high,false
a93e7e57b2578712aa9e5327b21ea81f13740432,Wilco Louwerse,2025-08-21,openconnector,Fix current existing Unit tests or the code being tested,14283/120/02,low,false
8ca447c9456b0732e171182830381414de8f8266,Alex,2025-08-21,openconnector,Merge pull request #587 from ConductionNL/feature/contract-sidebar-design,14283/120/02,low,true
88b93428087b47e05330615aba4175b44308a6d7,Ruben van der Linde,2025-08-20,openconnector,Merge pull request #588 from ConductionNL/fix/input-type,14283/120/02,low,true
70de6f4f8079437b11dd0ca29092259284fe8bca,Robert Zondervan,2025-08-20,openconnector,Fix input type of sorting method,14283/120/02,low,false
f43209cf27dcb0f146958d54dbc6974ac78e1db7,Alex Rekachynskyi,2025-08-20,openconnector,lint fix,14283/119/01,low,false
0d518b8c300941291a1952addd2cb6a683cbef56,Robert Zondervan,2025-08-20,openconnector,Add missing documentation about rules,14283/120/02,low,false
9091a50fe7d0106866d506a336077e01f9210695,Alex Rekachynskyi,2025-08-20,openconnector,contract/log sidebar on synchronization,14283/119/02,high,false
98a0e556d53ada47c06ff3a073f4d7c53ef2050a,Alex Rekachynskyi,2025-08-20,openconnector,changed logic of modal windows on mapping,14283/119/02,high,false
4a69ea43de76129a484181eb8fac3a0410979b1c,Robert Zondervan,2025-08-19,openconnector,Merge pull request #585 from ConductionNL/feature/fix-syncs,14283/119/02,high,true
c28e27d3cea1e1223a261ba60f6819f1f214d0bc,Robert Zondervan,2025-08-19,openconnector,Document changes,14283/120/02,low,false
19e55287e817e867a4df9feaba7a524f2648876a,Robert Zondervan,2025-08-19,openconnector,Merge remote-tracking branch 'origin/development' into feature/fix-syncs,14283/119/02,high,true
a0f82a1fee59909fc334d0bfb69bea6201ce0955,Alex,2025-08-19,openconnector,Merge pull request #584 from ConductionNL/feature/CONNECTOR-368/view-job-log-styles,14283/120/02,high,true
f93bb467fc510bba60d270893d7ed3833a4eedbf,Alex Rekachynskyi,2025-08-19,openconnector,spacing fix and nice table,14283/120/02,low,false
061afbbfb327c6a77c2b9e3552fc0d4565dba3f3,Alex,2025-08-19,openconnector,Merge pull request #583 from ConductionNL/feature/CONNECTOR-367/test-mapping-modal,14283/119/02,high,true
ff9ea4a7a5a880cb74ed5bf6680465895e117be0,Alex Rekachynskyi,2025-08-19,openconnector,test mapping spacing styles,14283/119/02,high,false
cdf90aa6e30276f324715db1d8967d97be8b9c87,Alex,2025-08-19,openconnector,Merge pull request #582 from ConductionNL/feature/CONNECTOR-370/hash-mapping,14283/119/02,high,true
bdc31308e429c962a0d23e50cd0cd327d1fd755b,Alex Rekachynskyi,2025-08-19,openconnector,hash mapping selectbox,14283/119/02,high,false
18cdd6df9ac448f24f5bf3118458fddd4bb7b200,Alex,2025-08-19,openconnector,Merge pull request #581 from ConductionNL/feature/CONNECTOR-364/log-sidebar-style-fix,14283/120/02,low,true
25788058e7949707e628c2b6ea6321fbd31de490,Alex Rekachynskyi,2025-08-19,openconnector,Merge remote-tracking branch 'origin/development' into feature/CONNECTOR-364/log-sidebar-style-fix,14283/120/02,low,true
3126668168966b741ffd5a49de2b1a055a8fb2d4,Alex Rekachynskyi,2025-08-19,openconnector,the rest of sidebars are fixed the same way,14283/119/02,low,false
c04508a37e22aff088c6b841ae9ecbcb1875fec1,Alex Rekachynskyi,2025-08-19,openconnector,Job Log management sidebars functionality,14283/120/02,high,false
b5bc12bf310ddcbe2e56282f3918e4c7b3388956,Alex,2025-08-18,openconnector,Merge pull request #580 from ConductionNL/feature/CONNECTOR-353/sync-modal-overflow,14283/119/02,high,true
7277170bfbdf2a47a844a1ea6707876ca0314763,Alex,2025-08-18,openconnector,Merge pull request #579 from ConductionNL/feature/CONNECTOR-366/action-buttons-on-right-side,14283/120/02,low,true
e90fad18a2ea9289ce382b881f8be0d6ab2626ba,Alex Rekachynskyi,2025-08-18,openconnector,edit sync window width update,14283/119/02,high,false
96dad09ee8c49ed6982efeb7931e074b9ab155a2,Alex Rekachynskyi,2025-08-18,openconnector,action on right side,14283/120/02,low,false
527f152d9307110c97ec9887c333df66e6009726,Alex,2025-08-18,openconnector,Merge pull request #578 from ConductionNL/feature/CONNECTOR-363/date-range-on-filters,14283/119/02,high,true
5368114e8a10fac3bebbea396be31d98dbb284b7,Alex Rekachynskyi,2025-08-18,openconnector,code readability,14283/120/02,low,false
fa8a155b0d40fe12ffedb6f8afd67373ca5793d5,Alex Rekachynskyi,2025-08-18,openconnector,extra functionality,14283/120/02,low,false
0f3f4647ca238309bf36540381d9b1c1170da7d9,Alex Rekachynskyi,2025-08-18,openconnector,brand new beautiful datepicker,14283/120/02,low,false
d373f0fb34782d24830907524c19e8b2d58686e6,Alex,2025-08-18,openconnector,Merge pull request #577 from ConductionNL/feature/CONNECTOR-361/sidebar-cant-be-closed,14283/120/02,low,true
5e0db84fbf3e3da246ece7452678ff943a4e92a0,Alex Rekachynskyi,2025-08-18,openconnector,sidebars can be closed,14283/120/02,low,false
830b0d68349a05876af1b154feca62c404469489,Alex,2025-08-18,openconnector,Merge pull request #573 from ConductionNL/feature/CONNECTOR-357/buttons-on-right-side,14283/120/02,low,true
9b93178e53546cbef971f60f0c1715bef6d5ce80,Alex Rekachynskyi,2025-08-18,openconnector,removed modal-actions tag styles,14283/120/02,low,false
5a4bb99daba77df907397618908b88b52697ac22,Alex,2025-08-18,openconnector,Merge branch 'development' into feature/CONNECTOR-357/buttons-on-right-side,14283/120/02,low,true
5a8b2476dcb7203c07dfc8158917c8487656f088,Alex,2025-08-18,openconnector,Merge pull request #576 from ConductionNL/feature/CONNECTOR-359/empty-value-for-source-config,14283/119/02,high,true
0c9b59802c32eb114ad906903d06cc5002924289,Alex Rekachynskyi,2025-08-18,openconnector,unnecessary check removed,14283/120/02,low,false
6f05bd6677196b3a78dc8047cc7276f5c5f2a65c,Alex Rekachynskyi,2025-08-18,openconnector,Merge remote-tracking branch 'origin/development' into feature/CONNECTOR-359/empty-value-for-source-config,14283/119/02,high,true
92c02b246fa4d07f00d8773a46a5a4d92b278241,Alex Rekachynskyi,2025-08-18,openconnector,Source config doesn't require value,14283/119/02,high,false
71251d7fff7472f32d6b191a0c8a27ff4fc64d65,Ruben van der Linde,2025-08-17,openconnector,Merge pull request #575 from ConductionNL/fix/logging,14283/120/02,low,true
c30dd49f6371b738eb6b32d6e8cbc3c9a0b1b507,Ruben van der Linde,2025-08-17,openconnector,Removing the user object from the responce,14283/120/01,medium,false
d63ac3a40e82969294d7e78b4467b0a9f5c90b42,Ruben van der Linde,2025-08-16,openconnector,Merge remote-tracking branch 'origin/fix/logging' into hotfix/settingspage,14283/120/01,medium,true
a581d711726b1a57168f483e6539a1c01795f501,Barry Brands,2025-08-15,openconnector,Synchronization config files for xxllnc <-> zgw,14283/119/02,high,false
d7b3298d2dddf39d7bf22077d0e37efc9a9aca64,Robert Zondervan,2025-08-15,openconnector,Fix using appropriate log levels in securityService,14283/120/01,high,false
8f6781c6c254f89a596201d6c898762921798f7b,Alex,2025-08-15,openconnector,Merge pull request #574 from ConductionNL/feature/CONNECTOR-358/Import-window-long-name-implementation,14283/119/02,high,true
f9cbfde5a4e417794d1b1eb0603e544625d3fa81,Barry Brands,2025-08-15,openconnector,Find Synchronizations by alternative sourceIds,14283/119/02,high,false
7606d0f1103cee0365135268df8720a454170e99,Alex Rekachynskyi,2025-08-15,openconnector,import file pretty card,14283/119/02,high,false
de29261492634869dadfb2e726f686989c3aef85,Robert Zondervan,2025-08-15,openconnector,fix syncs with unguaranteed order of parameters,14283/119/02,high,false
4b528a9e66554485ed576c165ef7ef30addce3b0,Alex Rekachynskyi,2025-08-15,openconnector,modal windows buttons position and close buttons,14283/120/02,low,false
b8267a7973a952233646ddf683285dcc016c3a27,Alex,2025-08-15,openconnector,Merge pull request #572 from ConductionNL/feature/CONNECTOR-352/long-word-break,14283/120/02,low,true
0f0ec9cc8f96da30e7d1284fed9e9df161904361,Alex Rekachynskyi,2025-08-15,openconnector,long word break on card view,14283/119/02,medium,false
4c44400bc79fbed1a48a542e3d830a83d635712a,Alex,2025-08-15,openconnector,Merge pull request #571 from ConductionNL/feature/CONNECTOR-351/table-view,14283/119/02,medium,true
3e570a948ddb511fd2961210477e45ff376f07de,Alex Rekachynskyi,2025-08-15,openconnector,Table to Cards switch works,14283/120/02,low,false
9734dad081cf878e4c01b306d11c509d5b5664d8,Ruben van der Linde,2025-08-13,openconnector,Refactor loging and constructors,14283/119/01,medium,false
664f76480b63503052754e4b3260b0c5f68e03c7,Ruben van der Linde,2025-08-13,openconnector,Lets keep retatantions a continues concept,14283/120/02,low,false
de2cdd7994c07d834c6ee35289b2297801c78f17,Ruben van der Linde,2025-08-12,openconnector,Lets get the busness logic for log retention in place,14283/120/02,low,false
02f2c5c8fc3efc735cc4cdf15288c1c68da099ed,Ruben van der Linde,2025-08-12,openconnector,Merge remote-tracking branch 'origin/development' into hotfix/user-login,14283/120/01,medium,true
2f55d24931935e097a9a2a2e2b4fda0ebf65bb10,GitHub Action,2025-08-07,openconnector,Bump version to 0.2.5,14283/120/02,low,true
bb01b11a2240b84d5d9f18df08488cfdd9b2ea2b,Robert Zondervan,2025-08-07,openconnector,Merge pull request #568 from ConductionNL/development,14283/120/02,low,true
180674c0956207899af9bf9794a61cf5f57da722,Robert Zondervan,2025-08-07,openconnector,Merge pull request #567 from ConductionNL/hotfix/sync-error,14283/119/02,high,true
e087b9c932b03643de6e5936c7f076175d090a81,Robert Zondervan,2025-08-07,openconnector,Fix sync errors,14283/119/02,high,false
6a22c1e11088ceb0769f2ad37109ac081ab52235,GitHub Action,2025-08-06,openconnector,Bump version to 0.2.4,14283/120/02,low,true
0085471a7f6211d6e15e8f84298300d610986095,Robert Zondervan,2025-08-06,openconnector,Merge pull request #566 from ConductionNL/development,14283/120/02,low,true
8c1dfc4b8bded1a64afcb20d2576d055fccacaba,Robert Zondervan,2025-08-05,openconnector,Merge pull request #564 from ConductionNL/feature/WOO-396/Restrict-deletion,14283/119/02,low,true
53e95bdc914d2c33f6afeaa9e47f4291856034c8,Robert Zondervan,2025-08-05,openconnector,Merge remote-tracking branch 'origin/development' into feature/WOO-396/Restrict-deletion,14283/119/02,low,true
dffbe3955f93f8361e8324ba9a3789ad9455d657,Robert Zondervan,2025-08-05,openconnector,Merge pull request #565 from ConductionNL/feature/WOO-395/retain-responses,14283/120/02,low,true
125b015b2c07d77c3b4da49d4ce11d0fed4109fa,Robert Zondervan,2025-08-05,openconnector,Merge pull request #563 from ConductionNL/feature/BEHEER-3229/sharepoint-fixes,14283/120/02,low,true
5b6f5ad2bb829f8fc6aad3a038dd95ede1dc9cd1,Robert Zondervan,2025-08-05,openconnector,Remove dumps,14283/120/02,low,false
410f874d92777c4725edba0cafd878813349cefb,Robert Zondervan,2025-08-05,openconnector,Fix tab,14283/120/02,low,false
23ce01c35e1273d19fc061ab86bd799f1c289018,Robert Zondervan,2025-08-05,openconnector,Fix linting errors,14283/120/02,medium,false
126a3ed3478c10b9ddef313ecab74a37f179f25d,Robert Zondervan,2025-08-05,openconnector,Documentation,14283/120/02,low,false
c5173e14df05379a6721134bb0d17024b91a493e,Robert Zondervan,2025-08-05,openconnector,Add documentation,14283/120/02,low,false
9be463694a594c2761f90b2f86ef3b6375f435b8,Robert Zondervan,2025-08-05,openconnector,Fix files on soap,14283/120/02,low,false
68cfd1a769bbe1ac4d8a5c6618e1bd8bcd2c1903,Robert Zondervan,2025-08-04,openconnector,Add backwards compatibility for old synchronization settings,14283/119/02,high,false
c32a333a565b714847edff6d74e9840fe3ab98f5,Robert Zondervan,2025-08-04,openconnector,Restrict deletion of objects on synchronization,14283/119/02,high,false
dade11ab18ea92f8628f6ded534a32c3ac177f69,Robert Zondervan,2025-08-04,openconnector,Fixes after testing,14283/120/02,low,false
db55bc706cd9078b69078ea0471b17538d434216,Robert Zondervan,2025-08-04,openconnector,Fix setting correct data,14283/120/02,low,false
c723f602b901b56ce60f540a8dc0b8ea82cb1aea,Robert Zondervan,2025-08-04,openconnector,Add option to retain response if running a synchronization rule,14283/119/02,high,false
7ba2eb276939776c74d8f5c958a4d327714a6226,Robert Zondervan,2025-07-31,openconnector,Merge pull request #562 from ConductionNL/fix/file-cleanup,14283/120/02,low,true
833d8cc17b109c0ac54dc51e0f26460451fd5377,Robert Zondervan,2025-07-31,openconnector,remove var dumps,14283/120/02,low,false
0ca8aa71b7ff9ee753ff09f889bbd4edf10cd6f6,Robert Zondervan,2025-07-31,openconnector,Fixes on syncing files and cleanup,14283/119/02,high,false
ee51fd39cbacb3ef8b6f48cce699b631023cc391,Barry Brands,2025-07-30,openconnector,Merge pull request #561 from ConductionNL/fix/sync-files,14283/119/02,high,true
5a6e02a7a8642a3294190336a7480ac1da393800,Robert Zondervan,2025-07-30,openconnector,Accept timezone-less date format for auto-publishing,14283/120/02,low,false
895456815945fb0fd6565531e5734cdaa92d2a05,Barry Brands,2025-07-30,openconnector,Cleanup files for correct object id,14283/120/02,low,false
55c8f99ebd6564739212ec0aa5bf31777d64d7c3,Barry Brands,2025-07-30,openconnector,objectEntity might be null must be allowed,14283/119/01,high,false
d7ba568d00a925c7a3d4b0b8baed58118b750db1,Barry Brands,2025-07-30,openconnector,make objectId nullable,14283/120/02,low,false
44a62e20c06a32de5794371fd02bfa2c7465c273,Barry Brands,2025-07-30,openconnector,comment unused declared vars,14283/120/02,low,false
024d17ba563445a9450a310acb2c2a02cdaee5fe,Barry Brands,2025-07-30,openconnector,only replace uuids in urls,14283/120/02,low,false
d341c528bbcd7ff78642c45d289b7b64bf7e5d59,Robert Zondervan,2025-07-30,openconnector,Merge pull request #560 from ConductionNL/feature/BEHEER-3229/sharepoint-fixes,14283/120/02,low,true
6cb80911fdde421f12550ef7db202e02784148f1,Robert Zondervan,2025-07-30,openconnector,Small fixes on auto publishing files,14283/120/02,low,false
896f28c3e83d54ab415bb6aee0f34228e11ea2fe,Barry Brands,2025-07-30,openconnector,Merge pull request #559 from ConductionNL/feature/BEHEER-3229/sharepoint-fixes,14283/120/02,low,true
b24deb49670e2eb925937f74866ab89923f57039,Robert Zondervan,2025-07-30,openconnector,"Fix downloading file directly, only run async file fetching",14283/119/02,high,false
d866bfebe351cc599061ceb18b5540c365501088,Barry Brands,2025-07-29,openconnector,Merge pull request #558 from ConductionNL/fix/prevent-errors,14283/120/02,medium,true
4547146ac33d10b6e35e4e59c6e6e645089ba8ac,Barry Brands,2025-07-28,openconnector,Fixes for when config not set,14283/120/01,low,false
b6d7ce327d2cb6c728fa34c7969070c400416f7f,Robert Zondervan,2025-07-28,openconnector,Merge pull request #557 from ConductionNL/hotfix/WOO-390/proper-variable-name,14283/120/02,low,true
81576ddf7bb23f3dd1fe8313bae6001f911e8f1c,Robert Zondervan,2025-07-28,openconnector,Fix file rule when actualEndpoint returns null.,14283/119/02,high,false
15a6b8af4865ec61bc01bd1c00e2578f41596e0d,Robert Zondervan,2025-07-28,openconnector,Merge pull request #556 from ConductionNL/feature/ZAAKREG-73/error-handling,14283/120/02,medium,true
6490c744714a610fbc5aa5b2cbb1cbf8903c3d3d,Robert Zondervan,2025-07-25,openconnector,Fix linting error,14283/120/02,medium,false
464c872bf514c8c7349e6675aa8887d5b4c764df,Robert Zondervan,2025-07-25,openconnector,Fix frontend values,14283/120/02,low,false
1efcb0d1ddb0c50113f5bbe2435f5115cd7faece,Robert Zondervan,2025-07-25,openconnector,Read result of json logic,14283/120/02,low,false
0af435fc81234b1e015fdf7dc414c5bcee0fa24d,Ruben van der Linde,2025-07-25,openconnector,Final backend fix for log and switch,14283/120/02,low,false
54abedcaa760950ea1ced50a7eb23dd1c7f8f360,Ruben van der Linde,2025-07-25,openconnector,Hotfix: Login,14283/120/01,medium,false
f4ee10f09f4bddc6540ea99034f2c131958f8b47,Ruben van der Linde,2025-07-24,openconnector,Bit of savety on the mapper,14283/119/01,high,false
ac1ac819b6e325bedba858920b680ca417f8c57e,Remko Huisman,2025-07-23,openconnector,Merge pull request #554 from ConductionNL/hotfix/user-login,14283/120/01,medium,true
e84e01ceee595062b407c35c6b20eac6866d63d5,Ruben van der Linde,2025-07-23,openconnector,Add organisaiton switching,14283/120/02,low,false
c1b87f074b7558a6166cf539ef27b1c6862a4c85,Ruben van der Linde,2025-07-23,openconnector,Merge remote-tracking branch 'origin/development' into hotfix/user-login,14283/120/01,medium,true
083b5895fc5113291922f93700496bbcbc142ad1,Ruben van der Linde,2025-07-22,openconnector,Merge pull request #553 from ConductionNL/feature/ZAAKREG-73/error-handling,14283/120/02,medium,true
1d753e258c25824f7ecdf8ef40e3d7bc49998103,Robert Zondervan,2025-07-22,openconnector,Add docblock,14283/120/02,high,false
b01cf2fc12e08655e79ca989d4bf5cd729813506,Robert Zondervan,2025-07-22,openconnector,Parse error message,14283/120/02,medium,false
5ec30745fe9695ad8053b88898be57a280ae5dc6,Robert Zondervan,2025-07-22,openconnector,Catching error responses,14283/120/02,medium,false
154d2442eaed696697ad50d12d372878a170c95c,Robert Zondervan,2025-07-21,openconnector,Merge pull request #552 from ConductionNL/feature/CONNECTOR-323/SOAP-client,14283/120/02,low,true
e61878523f3598bce211c94861c74fedf38f84de,Robert Zondervan,2025-07-18,openconnector,Merge remote-tracking branch 'origin/feature/CONNECTOR-323/SOAP-client' into feature/CONNECTOR-323/SOAP-client,14283/120/02,low,true
ecb382909d57b5fcb31646b60f26d0abd7bd729d,Robert Zondervan,2025-07-18,openconnector,Fix loading synchronizations and small bugfixes on SOAP,14283/119/02,high,false
70dceff5a62948766845bd243b9ad761ae4643d7,Barry Brands,2025-07-17,openconnector,Merge pull request #551 from ConductionNL/fix/target-id-not-origin-id,14283/120/02,low,true
7fec38baefe741864daca31ed2b4515020add591,Barry Brands,2025-07-17,openconnector,Merge remote-tracking branch 'origin/development' into fix/target-id-not-origin-id,14283/120/02,low,true
8c705e7a13cbb7b0fb8090f2511a37eeff447494,Barry Brands,2025-07-17,openconnector,Fix getFile endpoints,14283/119/02,high,false
b277aafb9bd79a8d1cad9aaa6add25415de2467c,Barry Brands,2025-07-17,openconnector,Merge pull request #550 from ConductionNL/fix/target-id-not-origin-id,14283/120/02,low,true
bfcde82038be183247353943346676d53488b9dc,Barry Brands,2025-07-17,openconnector,recursive fix,14283/120/02,low,false
3cf637bcb93d7ab972c72780ed135756f62188bd,Robert Zondervan,2025-07-17,openconnector,Merge pull request #533 from ConductionNL/feature/CONNECTOR-323/SOAP-client,14283/120/02,low,true
43481c3c5cf2777cf894d25d152c1605b15baf30,Barry Brands,2025-07-17,openconnector,targetId not originId,14283/120/02,low,false
2ff81d35b8df66688f907111e12d89b9ee93cca3,Thijn,2025-07-17,openconnector,small fix,14283/120/02,low,false
ef534e99b41f2638cca940e45b1f0d2472dcf29d,Barry Brands,2025-07-17,openconnector,Merge pull request #549 from ConductionNL/fix/overwrite-generated-uuid-with-target-id,14283/120/02,low,true
04aca20291e2f544d85d32f81c5c1649f385e667,Barry Brands,2025-07-17,openconnector,Overwrite generated uuid with found targetId,14283/120/02,low,false
1f3ad2a704bfe7d55c62a478bd106df44a5fe1aa,Robert Zondervan,2025-07-17,openconnector,Fix PR comments,14283/120/02,low,false
46eae1b4707df2f252156a5250b069b9605b572e,Robert Zondervan,2025-07-17,openconnector,Merge remote-tracking branch 'origin/development' into feature/CONNECTOR-323/SOAP-client,14283/120/02,low,true
1487755edf2da5eab7de2ffe4d774462c2d20869,Barry Brands,2025-07-17,openconnector,Merge pull request #548 from ConductionNL/fix/source-logs-sort,14283/119/02,high,true
cde92d9ec0c2b8b6c13540ca6bc841076e69814e,Barry Brands,2025-07-17,openconnector,fix lint,14283/119/01,low,false
df11bbac5be2c65751e9d393e8e18510252297b6,Barry Brands,2025-07-17,openconnector,Add sort filter in frontend,14283/119/02,high,false
0e76b785089b5f020a40aa5214d52f2f10ff9561,Barry Brands,2025-07-17,openconnector,Fix sort functionality in backend,14283/120/02,low,false
ba57fb49928f53654ac7f8f10b5275c805c69ee5,Barry Brands,2025-07-17,openconnector,show correct total count,14283/120/02,low,false
0c4faf78f0f87959462359542e85f646006d25c8,Barry Brands,2025-07-17,openconnector,Merge pull request #547 from ConductionNL/fix/replace-originid-with-targetid,14283/120/02,low,true
b9288c52872ac0582e6595ea990fa77ecb6b5b1d,Barry Brands,2025-07-17,openconnector,fix to support any ids instead of just uuids,14283/119/01,medium,false
b7e9585c2435e9bbe851a82a6e9c2b386c73ae91,Barry Brands,2025-07-17,openconnector,Merge pull request #546 from ConductionNL/fix/reduce-extend-function,14283/120/02,low,true
eaadbdd5edf325d3c4f500f080b27ceeda61fe4a,GitHub Action,2025-07-16,openconnector,Bump version to 0.2.3,14283/120/02,low,true
9731f0045f20b317eaa0592941dd32a40616fc4c,Ruben van der Linde,2025-07-16,openconnector,Merge pull request #541 from ConductionNL/development,14283/120/02,low,true
d01d04076e992240f92697b8f5c82c0cf40ef20d,Barry Brands,2025-07-16,openconnector,Fix for non nested extend,14283/120/02,low,false
4e42b1eba3879672b2674abec322375e6619a7e4,Barry Brands,2025-07-15,openconnector,Merge pull request #545 from ConductionNL/fix/extend-error,14283/120/02,medium,true
01043ea3c4836a54aa7923ddb9e9be3cb502a376,Barry Brands,2025-07-15,openconnector,Prevent extend error,14283/120/02,medium,false
70901b4099e3c84d207feda6e033b53f4dcd2b7c,Robert Zondervan,2025-07-15,openconnector,Merge pull request #544 from ConductionNL/fix/$value,14283/120/02,low,true
c889df463c4a4e29a012b368dcb5c7c02cad22fd,Robert Zondervan,2025-07-15,openconnector,Small fix to prevent double files,14283/120/02,medium,false
9928b9f3d149000ced6e86713ccac8a96d564767,Robert Zondervan,2025-07-15,openconnector,Small fix to prevent double files,14283/120/02,medium,false
fe25abcb7c02b68b3d574d5bd52aa176293e390a,Ruben van der Linde,2025-07-14,openconnector,Merge pull request #542 from ConductionNL/hotfix/user-login,14283/120/01,medium,true
a00f8c84b865e7f71bb621c75bc1977d31bc9187,Alex,2025-07-14,openconnector,Merge pull request #509 from ConductionNL/feature/CONNECTOR-331/add-buttons-on-tabs,14283/120/02,low,true
26c6872092f865e7e526ea040c8305b60ae704cd,Ruben van der Linde,2025-07-14,openconnector,Fix memory leak on user login,14283/120/01,medium,false
93c013e3a2120e5dd025cf09001c169a24201cb9,Ruben van der Linde,2025-07-13,openconnector,Merge remote-tracking branch 'origin/development' into hotfix/filesync,14283/119/02,high,true
15c34ece40d8507a8304903b459ef37221989fd9,Ruben van der Linde,2025-07-13,openconnector,Set user organization id in the responce,14283/120/01,high,false
2b7599ded9534bd844de44b65130fa805b30f01e,Barry Brands,2025-07-11,openconnector,Merge pull request #540 from ConductionNL/fix/named-arguments,14283/120/02,low,true
cd591aac0182acc14d84f6eb7cceba5bfa87e638,Barry Brands,2025-07-11,openconnector,Fix named arguments,14283/120/02,low,false
b1d234d3b2340816c982e5b6b8d3a44a1cff4fb6,Robert Zondervan,2025-07-11,openconnector,Merge pull request #514 from ConductionNL/feature/zaakreg-67/validate-external-objects,14283/120/02,low,true
192dd3c847abde2b79fbb35995ff19d17416e0e8,Robert Zondervan,2025-07-11,openconnector,Merge pull request #518 from ConductionNL/feature/CONNECTOR-323/custom-auth-header,14283/120/02,low,true
b3a019bce894ecbc3e5e28278f257a1eaeff32e3,Barry Brands,2025-07-11,openconnector,Merge pull request #539 from ConductionNL/fix/registerId-as-last-argument,14283/119/02,medium,true
b3f97ca1e511eee28653c0ce80298abe7bc5a40c,Barry Brands,2025-07-11,openconnector,small oversight,14283/120/02,low,false
d19a78178a27a4c07d5f300f3eb46589d4c0139e,Barry Brands,2025-07-11,openconnector,Place registerId as last argument and use named arguments,14283/119/02,medium,false
7a4e4798abd56ffbe365f17390dd48a50866a21d,Barry Brands,2025-07-10,openconnector,Merge pull request #538 from ConductionNL/fix/save-file-without-object,14283/120/02,low,true
7f48f1977f45e9e893f7b21ee2c1e0dce812baa9,Barry Brands,2025-07-10,openconnector,Pass registerId to async file fetch,14283/119/02,high,false
7770259064e390d3b2de7c936c8055ebab94c920,Barry Brands,2025-07-10,openconnector,Get registerId and pass to fileService->addFile,14283/119/02,medium,false
8e0ec3f613f2a001cc08ba8aebfd6b28a1262df1,Barry Brands,2025-07-09,openconnector,Merge pull request #537 from ConductionNL/fix/replace-id-in-url-values,14283/120/02,low,true
9e25312e8b7c6e4265346a28225fdb4788bf68a9,Barry Brands,2025-07-09,openconnector,Replace ids also in urls,14283/120/02,low,false
170ae16c01ada923e0259acf28e5807991dfd329,Robert Zondervan,2025-07-09,openconnector,Merge pull request #536 from ConductionNL/fix/filters,14283/119/02,high,true
b66d8eee1118edf397e304cce08b0028ebd54f94,Robert Zondervan,2025-07-09,openconnector,Fix jsonSerialize on rules,14283/120/02,low,false
31187cb645575d75216aecc69682ddfe17457ec8,Robert Zondervan,2025-07-07,openconnector,Merge pull request #535 from ConductionNL/fix/filters,14283/119/02,high,true
ff37d5af62033a1668977732ac2fa9c2e8d5d014,Robert Zondervan,2025-07-07,openconnector,Remove vardumps,14283/120/02,low,false
88359ab833e925c283086e944f92d59097d2a5af,Robert Zondervan,2025-07-07,openconnector,Fix rewriting filters,14283/119/02,high,false
88fd1035caa51726e4a722d9c447d72d84bf6f9f,Barry Brands,2025-07-03,openconnector,Merge pull request #534 from ConductionNL/fix/extern-update-and-delete-sync,14283/119/02,high,true
4b45586bdffde14d1e98ca6557a862bf5acae85b,Barry Brands,2025-07-03,openconnector,Backwards compatible fix 'idposition',14283/120/02,low,false
2441145cd39d0bcf490a61ef2023af485263be36,Barry Brands,2025-07-02,openconnector,Fix for extraDataConfig,14283/120/01,low,false
052426e86a12293a4d32d38e75a0d9a5a7a7dca3,Barry Brands,2025-07-02,openconnector,Fixes for updating and deleting extern objects,14283/120/02,low,false
ba721a7c1f85293342b1a1253d47230120e98664,Robert Zondervan,2025-07-02,openconnector,lint fix,14283/119/01,low,false
28048edbc3bb4b8ac0acc57e166f0931912fdee3,Robert Zondervan,2025-07-02,openconnector,Add fields to fetch file rule for soap file fetching,14283/120/02,low,false
7a9cb633281b60ccca29940281f56c1042303808,Robert Zondervan,2025-07-02,openconnector,Small bugfixes and simplifications,14283/120/02,low,false
407facb3e4e878cda01451278a0bffa94843a268,Robert Zondervan,2025-07-02,openconnector,Add documentation to soapService,14283/120/02,low,false
b3b724c3143dece4aa9f5d60d28664818b18737f,Robert Zondervan,2025-07-01,openconnector,Also make it possible to work with POST bodies on sync (i.e. for soap),14283/119/02,high,false
d5f7d1d2be5f9969e388cc61da8021e8935c8b79,Robert Zondervan,2025-07-01,openconnector,Merge remote-tracking branch 'origin/development' into feature/CONNECTOR-323/SOAP-client,14283/120/02,low,true
012f4f975cef8cda24fce0b2cb72867c38a8866d,Robert Zondervan,2025-07-01,openconnector,"Add support for pre- and post- requests, fixes for BCT",14283/119/01,medium,false
7a830f15cb137bd7efcbfea032053ddc9a1363a2,Ruben van der Linde,2025-06-30,openconnector,Merge remote-tracking branch 'origin/development' into hotfix/filesync,14283/119/02,high,true
246be751b1209f4a6a1b825766a11dc51c53d839,Barry Brands,2025-06-30,openconnector,Merge pull request #532 from ConductionNL/fix/extra-data-request-to-other-source,14283/119/02,high,true
cb866a6d886c4857b4f219e39f61f70d8f7ef3cc,Barry Brands,2025-06-30,openconnector,Fix fetching object from other source than sync,14283/119/02,high,false
908ea29f077069e1f673bd08ce51f2915f6ccf62,Barry Brands,2025-06-25,openconnector,Merge pull request #531 from ConductionNL/fix/obsolete-use-of-render-object,14283/120/02,low,true
c383f8f2940456fd94569f668a1d17d978631697,Barry Brands,2025-06-25,openconnector,Remove obsolete use of renderEntity on found object,14283/119/01,high,false
40c83521e75a5ef2987e839e4be3fd6ac2204fc2,Ruben van der Linde,2025-06-23,openconnector,Merge pull request #530 from ConductionNL/hotfix/filesync,14283/119/02,high,true
4c82aec15b33a3631468be3fde05ff42744469ef,Ruben van der Linde,2025-06-23,openconnector,Fix file labels en published,14283/120/02,low,false
09920621a58ccb76a4d4b847d6df0af982e84d56,Ruben van der Linde,2025-06-23,openconnector,Merge remote-tracking branch 'origin/development' into hotfix/filesync,14283/119/02,high,true
4946699eae1b6a154e92a13a7fb3cd1948819c1e,Remko Huisman,2025-06-20,openconnector,Merge pull request #529 from ConductionNL/main,14283/120/02,low,true
25a5ae003de11274491b85fb84fad4951d3bc2e7,github-actions[bot],2025-06-20,openconnector,[Changelog CI] Add Changelog for Version 0.2.2,14283/120/02,low,true
e7aaae25eacd6bf6e0573439f6a9c29b0ed12e01,GitHub Action,2025-06-20,openconnector,Bump version to 0.2.2,14283/120/02,low,true
36a258184686ed099769ea218013992d4c27657e,Remko,2025-06-20,openconnector,update version,14283/120/02,low,false
69d33a8ac3a60030dc3840321304f7787e5d8f3b,Remko Huisman,2025-06-20,openconnector,Merge pull request #527 from ConductionNL/up-version,14283/120/02,low,true
b1218218e1853b109d13c81d75e44d9176d408a9,Remko,2025-06-20,openconnector,updated release workflow,14283/120/02,low,false
18446998f7c5c5dd4719555b2e42e4cab9d5234b,Remko,2025-06-20,openconnector,upped version to 0.2,14283/120/02,low,false
24f4c6f5ce34360a4d881754bc0bb2cff63969dc,Ruben van der Linde,2025-06-20,openconnector,Merge pull request #526 from ConductionNL/development,14283/120/02,low,true
b11b65649be1f135b81372eeb0f9df8d060ce445,Ruben van der Linde,2025-06-20,openconnector,Merge pull request #525 from ConductionNL/hotfix/filesync,14283/119/02,high,true
9dd5bb7b5169e7e7c49a7367d5834b7f7b23d94f,Ruben van der Linde,2025-06-20,openconnector,Lets properly unset files if the labels are unset,14283/120/02,low,false
b4eae32d49a1ba612f77e8a1eae096dec82feec2,Robert Zondervan,2025-06-20,openconnector,Merge pull request #524 from ConductionNL/fix/ztc-testing,14283/120/02,low,true
18ebc6e36e30835ace344e26fd403e57900d6831,Robert Zondervan,2025-06-20,openconnector,Fix endpointcontroller,14283/119/02,high,false
7a0b40220a17ae08283384f7096a76309607446d,Robert Zondervan,2025-06-20,openconnector,Merge pull request #522 from ConductionNL/fix/ztc-testing,14283/120/02,low,true
b1b49152f910f4e1ccfccba4a2c9e7c76bb4f793,Robert Zondervan,2025-06-20,openconnector,Merge remote-tracking branch 'origin/development' into fix/ztc-testing,14283/120/02,low,true
308791fbf408da16a9644bf64093dd2836dfeff5,Ruben van der Linde,2025-06-19,openconnector,Merge pull request #508 from ConductionNL/hotfix/zuidrecht-2,14283/120/02,low,true
85abeb63eb8566ced76b2160e0dd8fef29b03e84,Remko,2025-06-19,openconnector,Lint fixes,14283/119/01,low,false
a27f0bb95b5baf5efb5b143346d8f776740f5b2a,Ruben van der Linde,2025-06-19,openconnector,Merge remote-tracking branch 'origin/development' into backup/development,14283/120/02,low,true
de9178fd7e54abeae56bf9dd7673c44c8e66f406,Ruben van der Linde,2025-06-19,openconnector,Merge remote-tracking branch 'origin/development' into hotfix/zuidrecht-2,14283/120/02,low,true
2e145ac00c8aab0d6793bdea3035909ecf1d1261,Barry Brands,2025-06-19,openconnector,Merge pull request #523 from ConductionNL/feature/link-objects-with-originId,14283/120/02,low,true
e64d8f06686123b4bbd473813937a82c6ee6bd04,Barry Brands,2025-06-19,openconnector,Map originId to uuid of existing object,14283/120/02,low,false
913b44562d64be648d9ca5e2cca26c2ebff6ca69,Barry Brands,2025-06-19,openconnector,fix renderEntity use,14283/119/01,high,false
ef9e06955dc1b7a6c5ebadc7b76f38d784b4359d,Barry Brands,2025-06-19,openconnector,fixes single object sync,14283/119/02,high,false
2595e032134d292418deb798c10b44ef279861d2,Ruben van der Linde,2025-06-18,openconnector,/me endpoint for storing user data,14283/119/02,high,false
eba7b8d6fbd2a15a964cb003ddc5b2c8eafecdd5,Ruben van der Linde,2025-06-18,openconnector,Merge remote-tracking branch 'origin/hotfix/zuidrecht-2' into hotfix/zuidrecht-2,14283/120/02,low,true
9c8ffcd5eeea702739aafd60e47299e0dad0edda,Ruben van der Linde,2025-06-18,openconnector,Merge remote-tracking branch 'origin/development' into hotfix/zuidrecht-2,14283/120/02,low,true
268aed3e9959b29a84d2ce25e96c7055de5c01e8,Robert Zondervan,2025-06-18,openconnector,Merge remote-tracking branch 'origin/development' into fix/ztc-testing,14283/120/02,low,true
ae04afdfe364e0ac9a9e7063424accd750d4c8ad,Robert Zondervan,2025-06-18,openconnector,Fix extending extended input,14283/120/02,low,false
68acbc69877e09cb10fe32b7d73ad3181cfc6e72,Barry Brands,2025-06-18,openconnector,Merge pull request #521 from ConductionNL/fix/updating-sub-contracts,14283/120/02,low,true
d1565140389583f5645a4c9efbcaaca0b2affdba,Barry Brands,2025-06-17,openconnector,Remove old usage of objectService->renderEntity,14283/119/01,high,false
b7ca7194a5e876aa7226e47fc97887f3ea3b531e,Barry Brands,2025-06-17,openconnector,Correctly render created object,14283/120/02,low,false
2cb8774b6a856c79db6a61c3432326840944a134,Barry Brands,2025-06-17,openconnector,Fix and clean code for setting ids on existing objects,14283/120/02,low,false
b94b184887afde9bf45e01626731fe0333571efb,Barry Brands,2025-06-17,openconnector,remove found dumps,14283/120/02,low,false
50133d2af098e8763b2507fcd3dc8c67a5aaa034,Barry Brands,2025-06-17,openconnector,Merge pull request #520 from ConductionNL/fix/get-parameters,14283/120/02,low,true
c0c3195a2680fb7e50541f928d0974bc7f70cbcb,Barry Brands,2025-06-17,openconnector,Get trusted domains through config,14283/120/01,low,false
70f0049b620a7767246fe40ba2d4057ff9565cd5,Mark West,2025-06-16,openconnector,Create nightly.yaml,14283/120/02,low,false
94b39de6b3bcb7f142bfbf9a0c6d2f6d9fb38d85,Mark West,2025-06-16,openconnector,Create release-workflow(nightly).yaml,14283/120/02,low,false
1087375098216de93ddcf919e936ea74d54d8279,Barry Brands,2025-06-16,openconnector,Merge pull request #519 from ConductionNL/fix/export-synchronizations,14283/119/02,high,true
15cc23547202bd41315514277cf38404c1b6f417,Barry Brands,2025-06-16,openconnector,ids must be numeric or uuid format,14283/120/02,low,false
29ffb958a3f4b3ca8bc966849e872b9dc6771ad1,Ruben van der Linde,2025-06-14,openconnector,Small endpoint fix,14283/119/02,high,false
45146aaf129041ae12923b92ed17e9a303e94e8b,Ruben van der Linde,2025-06-14,openconnector,Merge remote-tracking branch 'origin/development' into hotfix/zuidrecht-2,14283/120/02,low,true
ac6490fbc28251c25ae3b2d54086d38eee242f52,Robert Zondervan,2025-06-13,openconnector,Add the possibility for setting a custom header in the config of auth rules,14283/120/01,low,false
b97bce17216aaf63b6813d838b793ccf326160da,Barry Brands,2025-06-13,openconnector,Merge pull request #517 from ConductionNL/fix/mapping-error-clarity,14283/119/02,high,true
d8cdc9b235ce23b1c876d925746941e96da00f8e,Barry Brands,2025-06-13,openconnector,Make mapping error clare,14283/119/02,high,false
3e0f43fc38500495ef682602cd02f522bf6a8b18,Barry Brands,2025-06-12,openconnector,Merge pull request #516 from ConductionNL/fix/preven-error,14283/120/02,medium,true
68a2892c384dcb069e28d3dc34f43cd765ddec19,Robert Zondervan,2025-06-12,openconnector,Various updates to soap dependencies,14283/120/02,low,false
72ca73d486e7f40f90a7cb27e1c6211e3e7946de,Barry Brands,2025-06-12,openconnector,only array_fill if extend[$key] isset,14283/120/02,low,false
c565b7571cbac19746946f424062f8f6ff3bd24b,Robert Zondervan,2025-06-12,openconnector,Merge remote-tracking branch 'origin/development' into feature/CONNECTOR-323/SOAP-client,14283/120/02,low,true
80aadd574e358860b915e9d66405e456d0cc11ff,Barry Brands,2025-06-12,openconnector,Merge pull request #515 from ConductionNL/feature/GW-1852/drc-test-results,14283/120/02,low,true
c6bdbba22d86330180aef231af607393375cd304,Barry Brands,2025-06-12,openconnector,Make placeholder configurable,14283/120/01,low,false
bdb47269ccea79b41f10de352c1fb4f3853184a9,Robert Zondervan,2025-06-12,openconnector,Merge remote-tracking branch 'origin/feature/zaakreg-67/validate-external-objects' into feature/zaakreg-67/validate-external-objects,14283/120/02,low,true
cb9ec5a037fe1bc4aed159027f7ec2c0e2e4e793,Robert Zondervan,2025-06-12,openconnector,small fix on setting correct property names,14283/120/02,low,false
91119d0de0a80db1237e07bd4b3ef6e280e1f4b5,Ruben van der Linde,2025-06-12,openconnector,Merge remote-tracking branch 'origin/development' into hotfix/zuidrecht-2,14283/120/02,low,true
2cbfb947a29d4e9e8f23e9ec4b9a74091c408276,Ruben van der Linde,2025-06-12,openconnector,Lets start wroking on the EditMapping modal,14283/119/02,high,false
106e209f7cafe8c2b3c60616a5269e4199513523,Robert Zondervan,2025-06-11,openconnector,Merge pull request #510 from ConductionNL/feature/GW-1852/drc-test-results,14283/120/02,low,true
797ae1080643b5b748015444b61ba5145a5dff16,Barry Brands,2025-06-11,openconnector,Merge remote-tracking branch 'origin/feature/GW-1852/drc-test-results' into feature/GW-1852/drc-test-results,14283/120/02,low,true
907fb90b9084da8bcb34021ae9a9b3fb98cbde25,Barry Brands,2025-06-11,openconnector,get files through fileservice as backup,14283/120/02,low,false
367e0016629e7aa8f0e98f23a6d6386d4e3a355d,Barry Brands,2025-06-11,openconnector,only export rules if found,14283/119/02,high,false
e0fb0cd508bb690cb2d29c3102aec39de4e73db3,Barry Brands,2025-06-11,openconnector,dont return fetched file results,14283/120/02,low,false
84031aded54ccee21ee983dd5f6ff68ec606441e,Ruben van der Linde,2025-06-11,openconnector,Merge remote-tracking branch 'origin/feature/GW-1852/drc-test-results' into hotfix/zuidrecht-2,14283/120/02,low,true
8538eb333ccba14a7ef17f92ca3c05bd84829e7a,Ruben van der Linde,2025-06-11,openconnector,Merge remote-tracking branch 'origin/feature/zaakreg-67/validate-external-objects' into hotfix/zuidrecht-2,14283/120/02,low,true
53aef117bc6f3e118bfc2aa09607d3ce58583532,Ruben van der Linde,2025-06-11,openconnector,Preparing the stores,14283/120/02,low,false
22c435c33cb85a98985103f3eb5da4da39321d2a,Robert Zondervan,2025-06-11,openconnector,Merge pull request #513 from ConductionNL/feature/zaakreg-67/validate-external-objects,14283/120/02,low,true
e1bdb58860a868a14f29a98f6683d7b6b2b9e320,Robert Zondervan,2025-06-11,openconnector,Add extended external parameters to body._extendedInput,14283/120/02,low,false
7628c7e77c0e5dee57b447073c5f273cca049d9d,Robert Zondervan,2025-06-11,openconnector,Throw error when json cannot be decoded,14283/120/02,medium,false
9961c999b9c4adcf3adae747f457d1b9b2d80db0,Robert Zondervan,2025-06-11,openconnector,Merge pull request #512 from ConductionNL/feature/zaakreg-67/validate-external-objects,14283/120/02,low,true
bf09046ab5c84b1b020dc85147a28f7b067522c8,Robert Zondervan,2025-06-11,openconnector,Small bugfix on setting the source properly,14283/119/02,high,false
ebd3da5f19ed8bce4e510bcd225e1f7dc2007a78,Robert Zondervan,2025-06-11,openconnector,Merge pull request #511 from ConductionNL/feature/zaakreg-67/validate-external-objects,14283/120/02,low,true
28639d2bce415db22a1ea4a4e9ccd6392273829b,Robert Zondervan,2025-06-11,openconnector,Fix PR comments,14283/120/02,low,false
d67bade87a0df7cd7e9e3c2422d8aae5bd7ed46f,Robert Zondervan,2025-06-11,openconnector,Add extend_external_input rules,14283/120/02,low,false
fbcb6b77f382bc6e4e40df073822c8993301be22,Ruben van der Linde,2025-06-10,openconnector,Deleting synchronysation logs,14283/119/02,high,false
9991536ed132f2a0b902bbd022ce6d79e3d4113b,Ruben van der Linde,2025-06-10,openconnector,Cleaningup the code a bit,14283/120/02,low,false
c53677b9284f77fca1fae96d7dd7d865e35ad0f8,Robert Zondervan,2025-06-10,openconnector,remove vardump,14283/120/02,low,false
4db7084e8c348a0f7c7fddcaee7b1a7dbf145bd4,Robert Zondervan,2025-06-10,openconnector,Merge remote-tracking branch 'origin/development' into feature/GW-1852/drc-test-results,14283/120/02,low,true
7cad63934e216902abccd5e3ef6097bc8d666bd5,Alex Rekachynskyi,2025-06-10,openconnector,Quick add buttons on tabs are added,14283/120/02,low,false
9266beef61fe88d53c3a39dcb5638e9d747bec58,Robert Zondervan,2025-06-10,openconnector,Fix PR,14283/120/02,low,false
1ba47dd5fd242bed491fd1777bf2fed96ad4a752,Robert Zondervan,2025-06-10,openconnector,Enable running fetch_file on before,14283/120/02,low,false
d70a65c639dab704f0459388019969fe9bf49b15,Ruben van der Linde,2025-06-10,openconnector,Setting up mailing hooks,14283/120/02,low,false
98026a5e7da5fcceace7a400204a5dc8e7012ec7,Ruben van der Linde,2025-06-10,openconnector,Run the Job  Logger,14283/120/02,high,false
0def1e107d3d125efd32f9838673b4569b1dda12,Ruben van der Linde,2025-06-10,openconnector,Still fixing more routes,14283/119/02,low,false
aa22845ecefd2b5b0cdbbf86c4329f66cc707f60,Ruben van der Linde,2025-06-10,openconnector,Route fixes,14283/119/02,low,false
7daef84cf5a81fc891404574056dbd488f816db7,Ruben van der Linde,2025-06-10,openconnector,"Bit more fixes, stil not everything in working order but geting there",14283/120/02,low,false
28dff7214d31bc2d3dd4713dccee87ab0dfc51d0,Ruben van der Linde,2025-06-10,openconnector,Updating all the stores,14283/120/02,low,false
f09941e542a6520ca38e9c1301b812f4bf8142ed,Ruben van der Linde,2025-06-10,openconnector,Proper laoding ste on job logs,14283/120/02,high,false
31619cf1dab28d69e131388802f5d273c1840a7b,Ruben van der Linde,2025-06-10,openconnector,Pagination and filtering,14283/119/02,high,false
3053ac2dd56ea68f5caefb3d95b4aaa4fe9d4a18,Ruben van der Linde,2025-06-10,openconnector,Lets get pagination and filtering in order,14283/119/02,high,false
749debe4e3f5cf322c80c6a78d7ff741af37cd0f,Ruben van der Linde,2025-06-09,openconnector,Fixig the job logs,14283/120/02,high,false
43e977083385bd24ba23de66aade2581367268c3,Ruben van der Linde,2025-06-09,openconnector,First setup of new tabes and separate log pages,14283/120/02,low,false
6ddf07cb0014cf1b7b6e68e4946a3f1ac4b926c6,Ruben van der Linde,2025-06-08,openconnector,Refactoring the jobs and first UI implementation,14283/120/02,high,false
8b6c9093320638b9932ab6bf150b510fcf305fb1,Ruben van der Linde,2025-06-07,openconnector,Merge remote-tracking branch 'origin/development' into hotfix/zuidrecht-2,14283/120/02,low,true
502fe598a18080d415936b8578a69c27e3608d30,Alex,2025-06-06,openconnector,Merge pull request #505 from ConductionNL/feature/CONNECTOR-346/close-after-click,14283/120/02,low,true
c72116a8fa6cd606a12872991f29de44c89fb9e1,Alex Rekachynskyi,2025-06-06,openconnector,lint fix,14283/119/01,low,false
81b86792b75c5da24f6be23e57e07bce8b6a6e64,Alex Rekachynskyi,2025-06-06,openconnector,Merge remote-tracking branch 'origin/feature/CONNECTOR-346/close-after-click' into feature/CONNECTOR-346/close-after-click,14283/120/02,low,true
b9cd70792e5e39223e035efb38f582e174a4e890,Alex Rekachynskyi,2025-06-06,openconnector,Merge remote-tracking branch 'origin/development' into feature/CONNECTOR-346/close-after-click,14283/120/02,low,true
7dca29ec092933a045928748bfa28861de75c7c8,Alex,2025-06-06,openconnector,Merge branch 'development' into feature/CONNECTOR-346/close-after-click,14283/120/02,low,true
62facf289a2669a9f336bb9e6d4eff6b722557c6,Remko Huisman,2025-06-06,openconnector,Merge pull request #506 from ConductionNL/lint,14283/119/01,low,true
dd1b42351c4d0328f37424ca5617c007467e73dc,Remko,2025-06-06,openconnector,fixed lint,14283/119/01,low,false
88fb7e9bdadde97251e68eeee1a04e3950c12fd7,Alex,2025-06-06,openconnector,Merge branch 'development' into feature/CONNECTOR-346/close-after-click,14283/120/02,low,true
3bba1cffb9101eae4c976645e89f18d836c6abef,Remko Huisman,2025-06-06,openconnector,Merge pull request #471 from ConductionNL/feature/CONNECTOR-325/synchronizations-schema-to-register,14283/119/02,high,true
6fa503a195766144bd547911f1f34d41d3723b29,Remko Huisman,2025-06-06,openconnector,Merge pull request #490 from ConductionNL/feature/CONNECTOR-328/sidebar-styling,14283/120/02,low,true
ab5db56ec8be6be722069f228bfe81edd469151f,Remko,2025-06-06,openconnector,Merge remote-tracking branch 'origin/development' into feature/CONNECTOR-329/better-source-log,14283/119/02,high,true
1cddb1d939819159f11d53a4b7de4c02c2f3d12e,Remko Huisman,2025-06-06,openconnector,Merge pull request #492 from ConductionNL/feature/CONNECTOR-330/view-source-polishing,14283/119/02,high,true
da5c1c5e02a4a9cf9c31387bf3f6f01f159d3719,Remko,2025-06-06,openconnector,cleanup,14283/120/02,low,false
6971f47e91fa5f07b70462a7d299c592eb18564a,Alex Rekachynskyi,2025-06-06,openconnector,added property close-after-click to every NcActionButton,14283/120/02,low,false
a0dd058c303365641e33aa48a86a4baf9c262c9d,Alex,2025-06-06,openconnector,Merge pull request #497 from ConductionNL/feature/CONNECTOR-334/searchbar-fix,14283/119/02,high,true
2f835f34b32adfc4bd8aac4e4c7a8129a8e1ce9e,Ruben van der Linde,2025-06-04,openconnector,Merge pull request #504 from ConductionNL/hotfix/zuidrecht-2,14283/120/02,low,true
e530500f8013f9ff6d1aa7e16b49c8950ec57a2d,Robert Zondervan,2025-06-04,openconnector,Merge pull request #503 from ConductionNL/feature/GW-1852/drc-test-results,14283/120/02,low,true
dffe58d1b401d54e233535ed851c7ce3902f6965,Ruben van der Linde,2025-06-04,openconnector,Let get rid of the debug logging,14283/120/02,low,false
808aaa43b3458598ad3e3b3fea18c99e72a8372b,Robert Zondervan,2025-06-04,openconnector,Export mappings that are called within mappings,14283/119/02,high,false
954716169db8d519d1c82348ff70b3faab641dae,Ruben van der Linde,2025-06-04,openconnector,WIP Delete removed attachements,14283/120/02,low,false
27a82be545669d09de0b41917cc11343dd303539,Ruben van der Linde,2025-06-04,openconnector,Handle file deletions on sync (dont merge),14283/119/02,high,false
d4856dd712a432d6d514261ea3377cf9214508ba,Robert Zondervan,2025-06-03,openconnector,Merge pull request #502 from ConductionNL/feature/GW-1852/drc-test-results,14283/120/02,low,true
0c792ddb8575b494f64a3713fca8ba5cf29ae2f9,Robert Zondervan,2025-06-03,openconnector,Fix final PR comment,14283/120/02,low,false
a88138e91c050ae46a98c0a1f7338c3d24195fd4,Robert Zondervan,2025-06-03,openconnector,Process PR comments,14283/120/02,medium,false
fa25867be5ca4cc4dfc04ab954283432498e7c4c,Robert Zondervan,2025-06-03,openconnector,fixes on correctly passing extend,14283/120/02,low,false
595be05c2429dd446458b5cb4b15953ee740e0ea,Ruben van der Linde,2025-06-03,openconnector,Working on label removal,14283/120/02,low,false
0446d359f11be4ddc2c0537d8b156044ce4837a4,Ruben van der Linde,2025-06-03,openconnector,setting the object identifieng tag should be part of the open registers file service,14283/119/02,medium,false
41441acc8f8ab329a669f097f7416b9a9fca414c,Robert Zondervan,2025-06-03,openconnector,Merge remote-tracking branch 'origin/feature/GW-1852/drc-test-results' into feature/GW-1852/drc-test-results,14283/120/02,low,true
94a90e43593c805201db950e34626c120fa7eeb4,Robert Zondervan,2025-06-03,openconnector,Fix url overwrites on extends,14283/120/02,low,false
31c2af1eb7e0d01cb7c7c9d2cd429402b85b22b4,Ruben van der Linde,2025-06-03,openconnector,Merge branch 'hotfix/speedy' into development,14283/120/02,low,true
11e72a21341f8a4a1cb9a0d8c173283b772f58d4,Ruben van der Linde,2025-06-03,openconnector,Lets fix the tagging of attachements,14283/120/02,low,false
7cd2ef019d6143f2efe1d6f627b066b0edbb6a79,Ruben van der Linde,2025-06-02,openconnector,Fixin the file syncs,14283/119/02,high,false
a367cde7a8ab081a3636c88076bad7e121fccd75,Ruben van der Linde,2025-06-02,openconnector,Get contracts in line with the other entities,14283/120/02,low,false
383db8c10d86a11aa54a8db8e305ec55f3f40c98,Ruben van der Linde,2025-06-02,openconnector,Working on logs and contracts,14283/120/02,low,false
d237d664a489fbce3b52f658bc6ad2037be76d45,Ruben van der Linde,2025-06-02,openconnector,Merge remote-tracking branch 'origin/development' into hotfix/speedy,14283/120/02,low,true
534f4476c2151d2a6938c8494e97e106f3b55ac9,Ruben van der Linde,2025-06-02,openconnector,Lets handle more slug imports and make published visabel,14283/119/02,high,false
d65a2b3e8374b2038c55f08db6c9adadf11c6742,Robert Zondervan,2025-05-28,openconnector,Merge pull request #501 from ConductionNL/feature/GW-1852/drc-test-results,14283/120/02,low,true
bfbb91d92db04ba834c0e978551ef6f9475e1cb5,Robert Zondervan,2025-05-28,openconnector,Fixes on fileparts and indicatiegebruiksrecht,14283/120/02,low,false
b367b11637e29e32d357e2afd6b15c48c41b9f03,Robert Zondervan,2025-05-28,openconnector,Merge pull request #500 from ConductionNL/feature/GW-1852/drc-test-results,14283/120/02,low,true
0f181264d2afaf8ee09646fa556b244cea16ff59,Robert Zondervan,2025-05-28,openconnector,Also set defaults on PUT,14283/120/02,high,false
9673011ea21ac40e53e3968781fff9db00e8aa33,Robert Zondervan,2025-05-27,openconnector,Fix PHP 8.3 compatibility,14283/119/01,medium,false
04fbb2823b1b5a8d2ab545d19d3f9ed6262449f8,Robert Zondervan,2025-05-27,openconnector,Merge pull request #499 from ConductionNL/feature/GW-1852/drc-test-results,14283/120/02,low,true
ab7241d5c223fc992f40a4e9faa590e49f966c20,Robert Zondervan,2025-05-27,openconnector,revert version number,14283/120/02,low,true
8231c2446a27033d8531f355e05515a5b2979b3b,Alex,2025-05-27,openconnector,Merge pull request #496 from ConductionNL/feature/CONNECTOR-336/textarea-resize-restrictions,14283/119/02,low,true
7133c6b1a83ad514249f95ffa5a42e6587427e8b,Robert Zondervan,2025-05-27,openconnector,Also import rules on endpoints,14283/119/02,high,false
baf2674611a43512e668b3ddc61152fe049db4cb,Robert Zondervan,2025-05-27,openconnector,Fix exporting mappings,14283/119/02,high,false
b2b166014adf5a480bd6a5f438b730333de9fcf0,Robert Zondervan,2025-05-27,openconnector,Fix endpoints export,14283/119/02,high,false
0c34a57907cae3a68a0955d41453b9f555c09a54,Ruben van der Linde,2025-05-27,openconnector,Merge pull request #498 from ConductionNL/hotfix/speedy,14283/120/02,low,true
7f8d079df1121526a0aacded9eeaa29dc9f25283,Ruben van der Linde,2025-05-27,openconnector,Speedy gonzales,14283/120/02,low,false
2831117cd957c2b6aa914fc54be603b5aeaf7248,Ruben van der Linde,2025-05-27,openconnector,Lets keep tabs on the speed of the synhronysation flow,14283/120/02,low,false
06be2fa33d998340963f70a1cd882b2b0400628e,Ruben van der Linde,2025-05-27,openconnector,Getting the files in a fire and forget manner,14283/120/02,low,false
a56cbf28ee09a8c13353d619ed9b7c78bea97cd9,Ruben van der Linde,2025-05-27,openconnector,Making the code just a tadd more readable,14283/120/02,low,false
f796196949e6dd54102f6c2328933d277957322e,Ruben van der Linde,2025-05-26,openconnector,Merge remote-tracking branch 'origin/development' into hotfix/zuiddrecht,14283/120/02,low,true
8e95224cebb734e607ec54aa28b0ded0c8a534f9,Robert Zondervan,2025-05-26,openconnector,Use serialized object for overriding internal references,14283/120/02,low,false
0250019e1fe6db40c11748200425dd545475a7c5,Alex Rekachynskyi,2025-05-26,openconnector,Search bar is now functional on every page,14283/119/02,high,false
020fac7db4aae38cc7a787665947b8ae895603e0,Robert Zondervan,2025-05-26,openconnector,"fix locking, audit trails and file up/downloads",14283/120/02,high,false
916dbc1a6d132f5c87706a4237cdd3719cf83c90,Alex Rekachynskyi,2025-05-26,openconnector,lint fix,14283/119/01,low,false
7bfd88f1b25dcfcf34b3b93504379ef7765b70c4,Alex Rekachynskyi,2025-05-26,openconnector,User is restricted from changing width of textareas,14283/120/01,medium,false
622d4f988b4be9a825379664b46789fb3113fae0,Alex,2025-05-26,openconnector,Merge pull request #495 from ConductionNL/feature/CONNECTOR-340/json-editor-fix,14283/120/02,low,true
c7c1313e1548674d36f06d1223b94de7d07377d4,Alex Rekachynskyi,2025-05-26,openconnector,lint trigger,14283/119/01,low,false
5088c439adeeddbfb95700f31fbe7c027d41e633,Alex Rekachynskyi,2025-05-26,openconnector,Json editor fix + small edit rule fix,14283/120/02,low,false
20963278189c8347fd67622c42976b1e14725cdf,Robert Zondervan,2025-05-22,openconnector,Merge pull request #494 from ConductionNL/feature/status-codes,14283/120/02,low,true
302f19a6cff6ee0139eaa0040985c554f51a0d3f,Robert Zondervan,2025-05-22,openconnector,Make regexes overwritable,14283/120/02,low,false
520dc1f2639de3bf7b27015d94e46f64e0dc9ca2,Robert Zondervan,2025-05-21,openconnector,Merge pull request #493 from ConductionNL/feature/status-codes,14283/120/02,low,true
cf37aad5ede38e471355b82767a87b1c1e953960,Robert Zondervan,2025-05-21,openconnector,Set proper status codes for POST and DELETE methods,14283/120/02,low,false
4f5376836665c51f443eb4bee949d7b454184a6f,Alex Rekachynskyi,2025-05-20,openconnector,View source polishing,14283/119/02,high,false
6583e2f792c8635a33bd9e4b68215e94ea6c07ae,Alex Rekachynskyi,2025-05-20,openconnector,Better source log with codemirror,14283/119/02,high,false
d06af16b0ca945554bb69d47fb10bf5107402852,Alex Rekachynskyi,2025-05-20,openconnector,Translation and better looking text,14283/120/02,low,false
93183be86de928efb0a158d11097ee066c7c9b79,Ruben van der Linde,2025-05-18,openconnector,Merge pull request #485 from ConductionNL/hotfix/zuiddrecht,14283/120/02,low,true
51e802ae8bdcf0d0f82933a77618eca90ae51bb4,Ruben van der Linde,2025-05-18,openconnector,Lets update our uuid and slug support,14283/119/01,medium,false
7bfa113e853f4fc5a133ce2f5bca9e5022a75d25,Ruben van der Linde,2025-05-18,openconnector,Lets actually migrate in the migration,14283/119/01,high,false
8ca97cbd2c2cc444f0b09de684407f10b2bc31db,Ruben van der Linde,2025-05-18,openconnector,Slugs for actions,14283/120/02,low,false
c5ee5819eaf84beabd63895e72d2922d14f0b6bd,Ruben van der Linde,2025-05-18,openconnector,Slug friendly rules,14283/120/02,low,false
2ee73a6f61f59a1832af88125a30dab9c5243410,Ruben van der Linde,2025-05-18,openconnector,Security and slug updated,14283/120/01,high,false
accb40bcfe937a497a01ba401baa53771d43e70a,Ruben van der Linde,2025-05-18,openconnector,Getting the stuf from db,14283/120/02,low,false
58d4d877e97ec98d533f77c0836a87a5ce051790,Ruben van der Linde,2025-05-18,openconnector,Started bugfixing,14283/120/02,low,false
2951915bf0e779ba2cebc224ee27d65404e16086,Ruben van der Linde,2025-05-18,openconnector,Code cleanup and import function,14283/119/02,high,false
8c34ef6fe61f670a00a56fa92838a29816e4d6e0,Ruben van der Linde,2025-05-18,openconnector,Lets properly format the export using slugs,14283/119/02,high,false
b554255daa93b09e87bbd7e86c4aceb64f06031c,Ruben van der Linde,2025-05-18,openconnector,Support getting al the configuration that is part of a register,14283/119/01,medium,false
cb115f8c7c16aab43d5b6d9ab546650a5302a723,Ruben van der Linde,2025-05-16,openconnector,Merge remote-tracking branch 'origin/development' into hotfix/zuiddrecht,14283/120/02,low,true
538e479ff50940f8ff7971494c7570e0cf0f7fc7,Barry Brands,2025-05-16,openconnector,Merge pull request #489 from ConductionNL/fix/object-save-endpointservice,14283/119/02,high,true
5f88508f951729b17a336bc3e8e90537cc71a8b8,Barry Brands,2025-05-16,openconnector,Fix endpointservice saving objects,14283/119/02,high,false
adc3cce7ab4379da96641c92e282e558a7de3575,Robert Zondervan,2025-05-16,openconnector,Merge pull request #488 from ConductionNL/feature/softwarecatalogus-fixes,14283/119/02,high,true
f0c710b3419249721a0255d7a52b078fead31430,Robert Zondervan,2025-05-16,openconnector,Remove deleted views from extended views,14283/119/02,medium,false
75fbb9a5d1e3c1a748c07c2b4a384eaade9dffb6,Barry Brands,2025-05-16,openconnector,Merge pull request #487 from ConductionNL/fix/validation-error,14283/120/02,medium,true
19a04de3ea37ff353f04836fc427c564acd72af5,Barry Brands,2025-05-16,openconnector,Fix validation error,14283/120/02,medium,false
881cbb1e2f73b99420679715ed9d02ab56f8007b,Robert Zondervan,2025-05-16,openconnector,Merge pull request #486 from ConductionNL/feature/softwarecatalogus-fixes,14283/119/02,high,true
e4289908350b28379debe03420058efc3b181c91,Robert Zondervan,2025-05-16,openconnector,fixes on object ids and using a proper property,14283/120/02,low,false
f60a0b7c0a208a56fd70c3a7c125fc8b54ee5161,Robert Zondervan,2025-05-16,openconnector,fallback for missing ids,14283/120/02,low,false
ae9cdc0e4d623f5e08337d28dea59d49ded65368,Ruben van der Linde,2025-05-16,openconnector,Backend configuration setup,14283/120/01,low,false
2f16c3b58c8b447a766869cb83226070e0a5a0ad,Ruben van der Linde,2025-05-15,openconnector,Merge pull request #484 from ConductionNL/feature/softwarecatalogus-fixes,14283/119/02,high,true
476c888dd92a911f551cb664af08c26db9d93aab,Robert Zondervan,2025-05-15,openconnector,Embed synchronization contract,14283/119/02,high,false
8d92d7d385b394bcb939a287ca1c83a7328e41f2,Robert Zondervan,2025-05-15,openconnector,Merge pull request #483 from ConductionNL/feature/softwarecatalogus-fixes,14283/119/02,high,true
4e24baad34910169381d4260461443998b105138,Robert Zondervan,2025-05-15,openconnector,Small fix,14283/120/02,low,false
e6032773ac4aa06447f842cb443ac821b134211a,Robert Zondervan,2025-05-15,openconnector,Merge pull request #482 from ConductionNL/feature/softwarecatalogus-fixes,14283/119/02,high,true
39e3b69f1ea71c9cdca44b0b8b1e429bd8c938a9,Robert Zondervan,2025-05-15,openconnector,Add extended views with correct label to list of views,14283/119/02,medium,false
8bad77084c10152cff8d25f30a07f1694331f46a,Robert Zondervan,2025-05-15,openconnector,Merge remote-tracking branch 'origin/development' into feature/softwarecatalogus-fixes,14283/119/02,high,true
6170e671ad97cf11dae44762cb09c4919ab673dc,Robert Zondervan,2025-05-15,openconnector,Merge pull request #481 from ConductionNL/feature/VSC-271/copy-rule,14283/120/02,low,true
dea5eb4fbde8edab27ad7eea932dbb2abd8e2614,Robert Zondervan,2025-05-15,openconnector,Ignore nodes and connections that are not related,14283/120/02,low,false
35e97335b2a1e872bfd09b14b537af5b2f3edd77,Robert Zondervan,2025-05-15,openconnector,Merge pull request #480 from ConductionNL/feature/VSC-271/copy-rule,14283/120/02,low,true
7625a52bc398580f229f92dee0564f3a158c24be,Robert Zondervan,2025-05-15,openconnector,remove var dumps on errors,14283/120/02,medium,false
4b45b192719425ee926d619d77f6938810bf0c74,Robert Zondervan,2025-05-15,openconnector,Fix PR comments,14283/120/02,low,false
de022cf4238e70e107a6cee1ccc0228e83dfbd2a,Robert Zondervan,2025-05-15,openconnector,Connect all views concurring,14283/119/02,medium,false
a07ee66a1f5a93ba8c7247911f70107080476a2c,Robert Zondervan,2025-05-15,openconnector,Extend connections,14283/120/02,low,false
b26cc9797098aa169b2f53a063983ecff38339b0,Robert Zondervan,2025-05-14,openconnector,Only set identifiers that are not overwritten yet,14283/120/02,low,false
8457cb537933e9fabf83aea7c1498a03b7353740,Robert Zondervan,2025-05-14,openconnector,Code for a first attempt to use the catalogueService,14283/119/02,high,false
6c124559a698a5e1bda0fccff4fdf4f4fec25e8e,Robert Zondervan,2025-05-14,openconnector,Optimize searching element and corrections on parameter names,14283/119/02,high,false
1d13b1b896ed5868f39137d6475510927e298405,Ruben van der Linde,2025-05-13,openconnector,Bit of cleanup,14283/120/02,low,false
e6872b625cbf953616ebcc50c84ba2663656b788,Ruben van der Linde,2025-05-13,openconnector,Lets prepare for async view handling,14283/119/02,high,false
fd57f99833f1d555717754c1a5776735c60b651f,Ruben van der Linde,2025-05-13,openconnector,Lets start by setting up php react,14283/120/02,low,false
136d290797b3f20dc0e33e2f25fc60b46ced3482,Robert Zondervan,2025-05-13,openconnector,Draft add view copies,14283/119/02,medium,false
1e6d2af87f8c252a93a88277a824786b88663bc5,Robert Zondervan,2025-05-12,openconnector,Merge pull request #479 from ConductionNL/feature/softwarecatalogus-fixes,14283/119/02,high,true
2cb07490c2e32e97140b3c07ad56cbb98c8b79af,Robert Zondervan,2025-05-12,openconnector,Add connections to views,14283/119/02,medium,false
d51aa80d343c2761803c52bfcbc08766bd7a5f72,Barry Brands,2025-05-12,openconnector,Merge pull request #478 from ConductionNL/feature/WOO-308/extra-data-before-conditions,14283/120/02,low,true
e74b813e3393ae4e6e817ed6a4311fae4430b56a,Barry Brands,2025-05-12,openconnector,Optional config to fetch extra data earlier,14283/120/01,low,false
1f0ffc7effe0afdf183858217601478ca773524e,Robert Zondervan,2025-05-12,openconnector,Merge pull request #477 from ConductionNL/feature/softwarecatalogus-fixes,14283/119/02,high,true
4aaffc9d45067b9fb6ea418dcd611514ad31290b,Robert Zondervan,2025-05-12,openconnector,Select voorziening based upon VoorzieningGebruiken,14283/120/02,low,false
05c615a9be960cf3c01357e2d7b973a38278dfc4,Barry Brands,2025-05-09,openconnector,Merge pull request #476 from ConductionNL/fix/delete-invalid-objects,14283/120/02,low,true
493cd9296d17f6a30c8b4b0ee5017c6293daaab9,Barry Brands,2025-05-09,openconnector,Fix delete invalid objects,14283/120/02,low,false
fcc0b8030c1b5c6942619cc6512ed535558fe570,Robert Zondervan,2025-05-05,openconnector,Merge pull request #475 from ConductionNL/fix/connect-views,14283/119/02,medium,true
14dc3e9e5811a77f97432197a828df59dfd02cf8,Robert Zondervan,2025-05-05,openconnector,Fix relationships,14283/120/02,low,false
b7fe289331943f9f6c65d1a81ec7cdb10fac23f2,Robert Zondervan,2025-05-05,openconnector,Bugfix,14283/120/02,low,false
28264d171e0aec2199c04ede5941de6b6ba8f199,Robert Zondervan,2025-05-05,openconnector,"Check if elementRef exists, enable connecting single objects",14283/120/02,low,false
69daf8180f491c9d5617c81a07ff3beefac0a573,Robert Zondervan,2025-05-02,openconnector,Merge pull request #474 from ConductionNL/hotfix/resolve-merge-conflicts,14283/120/02,low,true
a7dd0c05acf9c4eafc2c267dd7a847227b67f1ae,Robert Zondervan,2025-05-02,openconnector,hotfix: resolve merge conflict,14283/120/02,low,false
581a8b3a1ab928afa142754d4fa67c60f4ef2870,Robert Zondervan,2025-05-02,openconnector,Merge pull request #473 from ConductionNL/fix/connect-views,14283/119/02,medium,true
4af9e2c765bce027a55c992c24ca37b38fedfe90,Robert Zondervan,2025-05-02,openconnector,Merge remote-tracking branch 'origin/development' into fix/connect-views,14283/119/02,medium,true
82433a0b2b03fde081bab979302af518ad3bdbe7,Robert Zondervan,2025-05-02,openconnector,Merge pull request #472 from ConductionNL/feature/softwarecatalogus-rule,14283/119/02,high,true
61c5f027fda359fb7ef685235e360de24076cdcf,Robert Zondervan,2025-05-02,openconnector,Fix connecting views to elements and relations,14283/119/02,medium,false
cd066a6344dd3cfef22121ca8595b6679127cb8c,Wilco Louwerse,2025-05-02,openconnector,Code cleanup & more unique id's + propertyDefinitions & relations folder,14283/119/01,low,false
19d4d41851151b490770fdadba40abc0a97039e5,Wilco Louwerse,2025-05-02,openconnector,Merge pull request #470 from ConductionNL/feature/softwarecatalogus-rule,14283/119/02,high,true
ee4f4dad647bcfd73b5a06a8dd8eccddc06f25b8,Thijn,2025-05-02,openconnector,made certain schemas work for certain registers,14283/119/02,medium,false
d25f5bab9c5f2712dc08a4e6f47e6517a9aa705b,Wilco Louwerse,2025-05-02,openconnector,Some small fixes to prevent unnecessary NextCloud log creation,14283/120/02,medium,false
0ca516da6531bdf6cf26c13cb9ee1f571396a177,Barry Brands,2025-05-02,openconnector,Merge pull request #468 from ConductionNL/fix/write-files,14283/120/02,low,true
9f34bc7d76fbc3755c62add429f0f1353cd62479,Barry Brands,2025-05-02,openconnector,Check if openregister installed,14283/119/02,medium,false
f93e82c6b960a3d92f489c93d819373120384f4d,Barry Brands,2025-05-02,openconnector,Remove unused code,14283/120/02,low,false
987e4d9f27711feefdf1514a16f6bf4e67774de4,Wilco Louwerse,2025-05-02,openconnector,Merge pull request #469 from ConductionNL/feature/softwarecatalogus-rule,14283/119/02,high,true
6a09a11de47bc76125431f26cf7100b9015d5839,Wilco Louwerse,2025-05-02,openconnector,use correct index check,14283/119/02,high,false
a50c6d52f18e522dd306e78739d53e2a7ffd5add,Wilco Louwerse,2025-05-02,openconnector,Fix for SynchronizationMapper,14283/119/02,high,false
36202ae18514acf672933ada3a977afa2766515b,Barry Brands,2025-05-02,openconnector,Merge remote-tracking branch 'origin/development' into fix/write-files,14283/120/02,low,true
5629a8a7cd65921ac23eafa0f37cd7ae380462c7,Barry Brands,2025-05-02,openconnector,Fix writing files,14283/120/02,low,false
62bfe32275b37ac96a23465aaf4e86643400c937,Wilco Louwerse,2025-05-02,openconnector,Fix for relationships between voorziening and refComponent,14283/120/02,low,false
89ef4a5a893fd3da4375b690beef72073ef41306,Robert Zondervan,2025-05-01,openconnector,Merge pull request #467 from ConductionNL/fix/pass-extend,14283/120/02,low,true
9bcfc85bee6c09c6371773e42edaeefa98e1ae26,Robert Zondervan,2025-05-01,openconnector,Composer updates,14283/119/01,high,false
6f667cbe4a582dffe7654e97757bcf7bffeefdef,Robert Zondervan,2025-05-01,openconnector,Pass extend parameter,14283/120/02,low,false
110bec72c25e02ff0b957cd53f6ee2051d3f3cf7,Wilco Louwerse,2025-05-01,openconnector,Add relations for Application > ReferentieComponent,14283/120/02,low,false
5599eddc12dec2975b721564e489db89a2daf2bc,Wilco Louwerse,2025-05-01,openconnector,Merge pull request #466 from ConductionNL/feature/softwarecatalogus-rule,14283/119/02,high,true
ad507b357456376e0a67d5f083ded4ba9c087776,Wilco Louwerse,2025-05-01,openconnector,Check if propertyDefinitions exist before adding them,14283/120/02,low,false
df4be05d2a6bb3d94bd32635432cfd3af17ffccb,Wilco Louwerse,2025-05-01,openconnector,Fix placement of applications in the correct folder,14283/120/02,low,false
a7f8e87824fa239a7ee7bbcc3fa0f0f4b777ee40,Wilco Louwerse,2025-05-01,openconnector,"Add datum export, model name, filename & Pakketten folder",14283/119/02,high,false
1025d76c36f49c0af227c3a7837b8f2b46cd6a94,Wilco Louwerse,2025-05-01,openconnector,Merge pull request #465 from ConductionNL/feature/softwarecatalogus-rule,14283/119/02,high,true
e625f2dc585c02434fe671139dbb28ed546b471c,Wilco Louwerse,2025-05-01,openconnector,Pr review fixes,14283/119/02,medium,false
ffd90e0e7ff6b39f5c1fb540f581fe830bebfc4c,Wilco Louwerse,2025-05-01,openconnector,Disable out of scope BL for now,14283/120/02,low,false
47df96cd01aa0b134120c3560632e7d6d28e505d,Alex,2025-05-01,openconnector,Merge pull request #464 from ConductionNL/feature/CONNECTOR-324/soap-source-option,14283/119/02,high,true
c503716e45423127ee9275518e4c3dc43dd3e5cc,Alex Rekachynskyi,2025-05-01,openconnector,SOAP option added,14283/120/02,low,false
22db1a9cdf5f5fcab438db4a7eabb10640504401,Barry Brands,2025-05-01,openconnector,Merge pull request #463 from ConductionNL/fix/pass-id-to-saveobject,14283/120/02,low,true
4ac055536fd930729701a6485bc4d4cba2e52725,Robert Zondervan,2025-04-30,openconnector,Connect SOAPService,14283/120/02,low,false
a29bd4ec63ae71803f78b2a41cd4c8eb5e8442fd,Robert Zondervan,2025-04-30,openconnector,Create SOAPclient,14283/120/02,low,false
96e4bee6f8ff9f94a947037ea7d5f250f35f6e2e,Barry Brands,2025-04-30,openconnector,pass id to saveobject,14283/120/02,low,false
ddab807597333e1c839356fc7420816b1ff069c7,Thijn,2025-04-30,openconnector,Merge pull request #462 from ConductionNL/feature/fix-console-error-edit-rule,14283/120/02,medium,true
93f512ef2b6869c180506ae85ecaa9dde7d77f11,Thijn,2025-04-30,openconnector,fixed console error,14283/120/02,medium,false
250b42657dabb0fdc99f1d3dd3539ec2ca5b16e7,Wilco Louwerse,2025-04-29,openconnector,Start adding Actors etc.,14283/120/02,low,false
961931c473dbb4781d1f75c865eb78a23ddfc694,Wilco Louwerse,2025-04-28,openconnector,Merge pull request #461 from ConductionNL/feature/softwarecatalogus-rule,14283/119/02,high,true
b781b9a38a5b0c56d93e504960ea72d0ef55807c,Wilco Louwerse,2025-04-28,openconnector,Create sources of type api in sourceMapper,14283/119/02,high,false
54aa39c51c1bbe775494bfbd3943bb0b72408190,Wilco Louwerse,2025-04-28,openconnector,Merge pull request #460 from ConductionNL/feature/softwarecatalogus-rule,14283/119/02,high,true
5b1dce095be23f707ce821a4ebac060cd84eda3f,Wilco Louwerse,2025-04-28,openconnector,quick fix,14283/120/02,low,false
ae035f8a573b4291819f97d2019a98f4635521f1,Remko Huisman,2025-04-28,openconnector,Merge pull request #456 from ConductionNL/feature/softwarecatalogus-rule,14283/119/02,high,true
e983050a7a786f8df9872ba3c7646d98f637899f,Wilco Louwerse,2025-04-28,openconnector,fix for checking if source is given when running synchronization,14283/119/02,high,false
a9086d480ffd999dab7847f0cdb58e1dcbc37af0,Robert Zondervan,2025-04-28,openconnector,Merge pull request #458 from ConductionNL/fix/error-on-casetype,14283/120/02,medium,true
c66902f1f3e9234785c03ea825db01b8609ed63c,Robert Zondervan,2025-04-28,openconnector,Fix error on fetching case types,14283/120/02,medium,false
d2b9854216e0d1379a2a1aeb9335565964104c86,Wilco Louwerse,2025-04-28,openconnector,Merge branch 'feature/VSC-179/verijken-import-functionaliteit' into feature/softwarecatalogus-rule,14283/119/02,high,true
188d157da75dd13c6793a05d0cb91803e49d3616,Ruben van der Linde,2025-04-28,openconnector,Allow setting the source ad hock for a synchronisation in the synchronysation service and allow the passing trought he controller,14283/119/02,high,false
397ca1be1fd4640b72cfea84697277464d5911c1,Wilco Louwerse,2025-04-25,openconnector,fixes for element properties & node relative position,14283/120/02,low,false
2131dff658f04924bb1d23c799a6e7dc5158c274,Wilco Louwerse,2025-04-25,openconnector,fixes for relative position newly added subnodes,14283/120/02,low,false
1591ab5faa48ac90bfdd1dad766178a18fb5d5f3,Robert Zondervan,2025-04-25,openconnector,remove unused code,14283/120/02,low,false
2fa371745532b745e78c9e9c33de1559de049fba,Robert Zondervan,2025-04-25,openconnector,do not rely solely on relations,14283/120/02,low,false
8456533ea6642aabf41052a9509ee5374e867de4,Wilco Louwerse,2025-04-24,openconnector,Start fixing how we set the relative positions for new nodes,14283/120/02,low,false
b769cded0abd93883c5c64f4bbd177979a3ef05b,Wilco Louwerse,2025-04-24,openconnector,fixes for custom rule and rule mapping,14283/119/02,high,false
5b2126cef8b50eb6069d50d3b58808bd3fec0cf6,Wilco Louwerse,2025-04-24,openconnector,Merge branch 'development' into feature/softwarecatalogus-rule,14283/119/02,high,true
9c88c7e9af440ebef2442f51e600f2d74c70980a,Robert Zondervan,2025-04-24,openconnector,Merge pull request #454 from ConductionNL/feature/CONNECTOR-205/update-and-delete-sync,14283/119/02,high,true
6d176806a83df62669c753fe3f70246ec40019af,Wilco Louwerse,2025-04-24,openconnector,Merge branch 'development' into feature/softwarecatalogus-rule,14283/119/02,high,true
849b4f76bd024bd1e91d811d5a2f5ff9d959ca91,Barry Brands,2025-04-23,openconnector,remove unnecessary saving of targetId on object,14283/120/02,low,false
1c3b8ce41ae9fb9b3d6851332595db4dad7ffe87,Barry Brands,2025-04-23,openconnector,Added more config for the update and delete external sync,14283/119/02,high,false
4ae4873620ddf50b195a3bc24d644ae523d3fe1f,Wilco Louwerse,2025-04-22,openconnector,Added properties for elements and relative position for nodes,14283/120/02,low,false
edb1806c800c57964fd8fb8e4b4260a9df248534,Robert Zondervan,2025-04-17,openconnector,Small fix,14283/120/02,low,false
b1c0cbe8b520864af57012ca7f1d9793b31e5dde,Robert Zondervan,2025-04-17,openconnector,Merge pull request #452 from ConductionNL/feature/connector-185/write-files,14283/120/02,low,true
5a5f64ee218a49ced5459cf423c5fa4d5672ce59,Robert Zondervan,2025-04-17,openconnector,Use rendered relations if possible,14283/120/02,low,false
1b5cdf79e4c849995eb2e4a3060b86918518d251,Robert Zondervan,2025-04-17,openconnector,Merge pull request #451 from ConductionNL/feature/connector-185/write-files,14283/120/02,low,true
1268ec4b1213da661be9c21e1ef19baf905268d5,Robert Zondervan,2025-04-17,openconnector,Fix rewriting urls of inversed objects and filtering on urls,14283/119/02,high,false
a9efac6fb11a3084a11b76861e2f176a7c2b497b,Barry Brands,2025-04-17,openconnector,Merge pull request #450 from ConductionNL/fix/faulty-if-check,14283/120/02,high,true
1eb1b33f0389a348e11ce4cb5769d4bc3062047e,Barry Brands,2025-04-17,openconnector,Fix if check for idposition,14283/120/02,low,false
984cb09cdaef722c0d999220a824f14a8fc8b92f,Barry Brands,2025-04-17,openconnector,Merge pull request #449 from ConductionNL/fix/get-target-id,14283/120/02,low,true
cd0bb7e049d820341a49fb0f0a477a353432ab75,Barry Brands,2025-04-16,openconnector,Get targetId from body with dot,14283/120/02,low,false
fdfe5e07a61ce78984dc09e93bd1a6b626728122,Barry Brands,2025-04-16,openconnector,Merge pull request #448 from ConductionNL/feature/CONNECTOR-205/sync-to-source-fixes,14283/119/02,high,true
58fa78432329d320d031298bb9d402285a6b9563,Barry Brands,2025-04-16,openconnector,add extend input functionality to start of synchronization,14283/119/02,high,false
c691e16ea7ab627badba86b35d7482c4be54800e,Barry Brands,2025-04-16,openconnector,Allow patching in save_object rule,14283/120/02,low,false
62e738c5cca0afda4db716467f05425f18bdb2a1,Barry Brands,2025-04-16,openconnector,pass objectBeforeMapping to rules,14283/119/02,high,false
e2edc3db7264fa92679c71724c23a868d6ca4e1c,Barry Brands,2025-04-16,openconnector,deal with arrays in mappingservice,14283/119/02,high,false
9a68c430d425f291ff428af4f51c39df2772696e,Barry Brands,2025-04-16,openconnector,Update targetId on referenced object,14283/120/02,low,false
06ec0296a52effad4248f9d8cd1b4e2034139000,Barry Brands,2025-04-16,openconnector,deal with already arrays in mapping,14283/119/02,high,false
d4a34fae81e7294937c2c71ca287084109c16bab,Barry Brands,2025-04-16,openconnector,fix save_object rule in endpointservice,14283/119/02,high,false
0c6613460210b16b14fff2dfd21d4a0c57d7c5e2,Barry Brands,2025-04-16,openconnector,pass jsonSerialized object,14283/120/02,low,false
0196484ba826fba85c4f9d19b367dfdaa1e35b29,Barry Brands,2025-04-16,openconnector,Use one $object var and save targetId,14283/120/02,low,false
68e7876fb55afee39be6eda386b11402d1d3257d,Barry Brands,2025-04-16,openconnector,Add saveobject rule and fix rule after execution,14283/120/02,low,false
b082c49d0b4ab9d1e97673fff6107c37dabfb7e7,Robert Zondervan,2025-04-16,openconnector,Merge pull request #447 from ConductionNL/feature/connector-185/write-files,14283/120/02,low,true
12efa7eaedb418c58138ef82d4dd07b52435c9cd,Robert Zondervan,2025-04-16,openconnector,Small fix on rendering an entity,14283/119/01,high,false
aa6462fd1edd1dd791c0cf1405cf11e9d867bcca,Robert Zondervan,2025-04-15,openconnector,Merge pull request #446 from ConductionNL/feature/connector-185/write-files,14283/120/02,low,true
ac26a7c5281f61ec57a8b57e5197c39bbfc8e60d,Robert Zondervan,2025-04-15,openconnector,Merge remote-tracking branch 'origin/development' into feature/connector-185/write-files,14283/120/02,low,true
218011cb2ac7decb8d50ad05d758d1edb82e7bf3,Robert Zondervan,2025-04-15,openconnector,Render object before looking for subobjects,14283/120/02,low,false
1d8f292587fd56b86238ef6bae0bb6223e11ba1b,Barry Brands,2025-04-15,openconnector,Merge pull request #445 from ConductionNL/fix/remove-unused-argumen,14283/120/02,low,true
16d165549d6342f3a6759deaf25d994913b448f0,Barry Brands,2025-04-15,openconnector,remove returnresult,14283/120/02,low,false
465b6c03b71718d2a94ac603383c195cfc536433,Wilco Louwerse,2025-04-15,openconnector,small fix for element identifier,14283/120/02,low,false
65befb3aca3b65e110966b3cf5d0d59ea3d22c76,Wilco Louwerse,2025-04-15,openconnector,fixes for adding elements and nodes correctly for voorzieningen,14283/120/02,low,false
426bc706bdbb318605a14c3fa488a27885e3e8c9,Wilco Louwerse,2025-04-15,openconnector,Create nodes for voorziening objects as well,14283/120/02,low,false
80011c360a620aa579b6b65afc62736a208a8c47,Wilco Louwerse,2025-04-14,openconnector,Added custom rule for softwareCatalogus,14283/119/02,high,false
bb67c8f51b29b44b558c078df15df5c9b6207235,Barry Brands,2025-04-14,openconnector,Merge pull request #444 from ConductionNL/feature/CONNECTOR-205/sync-object-to-source,14283/119/02,high,true
2c273d8a5363ed6a7079ff0cc684403d4ed370fd,Barry Brands,2025-04-14,openconnector,Added docblock,14283/120/02,high,false
10bdfd0334a4a330eb87d8b8fcd27a36914db662,Barry Brands,2025-04-14,openconnector,small readability improvement,14283/120/02,low,false
1d36a4885ebdda7ee2c34dfe63d60880c320b3a5,Barry Brands,2025-04-14,openconnector,readability,14283/120/02,low,false
04c076f604bd2906a011d54b1564f8823c087fbb,Barry Brands,2025-04-14,openconnector,remove dumps,14283/120/02,low,false
44a291eb09544d0a6da78956b884250fbd393b45,Barry Brands,2025-04-14,openconnector,lint fix,14283/119/01,low,false
cdebd04a9b9390467dd479f334cecd92617b1640,Barry Brands,2025-04-14,openconnector,re enable try catch,14283/120/02,low,false
15b6413faaf31d9c510ea1c2c575b12c384cc714,Barry Brands,2025-04-14,openconnector,revert,14283/120/02,low,false
b4415eed0af82b5b859ecb692aa8167ae6a8ab85,Barry Brands,2025-04-14,openconnector,remove unused code,14283/120/02,low,false
fea0a23d3aaf0b246ba2fa57cf55343ac28ebc87,Barry Brands,2025-04-14,openconnector,documentation for config option,14283/120/01,low,false
34ad5fb427f16ef9ce591b968a01a0d1f3269405,Barry Brands,2025-04-14,openconnector,merge targetId to $body for further use,14283/120/02,low,true
314169f8e58aadaebd0bb3966b30c25ff31abf5a,Barry Brands,2025-04-14,openconnector,Imrpove set targetId after sync,14283/119/02,high,false
c18ecb7f9f0873f0b8c6ad04138ab92a718dc7c6,Barry Brands,2025-04-14,openconnector,check for contract before saving,14283/120/02,low,false
8ff26d748268cd12fbdfebb1524deae512e0a82a,Barry Brands,2025-04-14,openconnector,Dont fetch object if given,14283/120/02,low,false
b60c5beb7ef38ebf483d0aeb1dba5b43b947399b,Barry Brands,2025-04-14,openconnector,backwards compatible fix,14283/120/02,low,false
c43624057bed78030048d04ae2306f216301980a,Barry Brands,2025-04-14,openconnector,revert some changes,14283/120/02,low,true
7c82828f9bc386fde5aaa156f9d74cd4e36cd3d3,Barry Brands,2025-04-14,openconnector,fix renderConfiguration,14283/120/01,low,false
ecb5130eb5831925a4dca8c62d4ca4c3f4d9e21a,Barry Brands,2025-04-14,openconnector,revert some changes,14283/120/02,low,true
8b656d203d10740cdc0e34a1c6d88c3f7eef1fce,Barry Brands,2025-04-14,openconnector,Merge remote-tracking branch 'origin/development' into feature/CONNECTOR-205/sync-object-to-source,14283/119/02,high,true
cf85bd8b57681c9e2ed7e1a4139a87c1345c61ea,Remko Huisman,2025-04-11,openconnector,"Revert ""Added selectboxes""",14283/120/02,low,true
b46c0820e17e67656e2d1105e43bb8f11fdd4025,Remko Huisman,2025-04-11,openconnector,Merge pull request #442 from ConductionNL/feature/connector-319/select-boxes,14283/120/02,low,true
0c9893f0aad007f50c24c598b2c7b1b78a4599df,Remko,2025-04-11,openconnector,Added selectboxes,14283/120/02,low,false
b82f4c81f3ad71635b459ad8de2056c566811f5e,Wilco Louwerse,2025-04-11,openconnector,quick fix in basemapper,14283/119/01,high,false
b3bd5ac1d47a65fb1621ffcc118d7ed992bb5c32,Wilco Louwerse,2025-04-11,openconnector,fix mappers,14283/119/01,high,false
4c1e0660cdbfafed046bd620a1e6cb46b2b0030b,Wilco Louwerse,2025-04-11,openconnector,fix mapping export,14283/119/02,high,false
bada3c3fb2b21f5258f41af487d51057ca6a4949,Wilco Louwerse,2025-04-11,openconnector,Do some basic mapping changes first,14283/119/02,high,false
83a7d83972c0839190d1252f92781edf4ea75b15,Barry Brands,2025-04-11,openconnector,Added generateUuid to mapping,14283/119/02,high,false
639b4d4a24a6ba70e9a3422015f8e98b61b4a491,Barry Brands,2025-04-11,openconnector,Added save_object rule and expanded synchronization rule options,14283/119/02,high,false
5efd721ed82650b3d14b4c9e91251aab59572fa9,Barry Brands,2025-04-11,openconnector,Update targetObject through reference,14283/120/02,low,false
1861b95e280e5a253834f35c7836281c3ff2661e,Barry Brands,2025-04-11,openconnector,Add options for save rule and synchronization rule,14283/119/02,high,false
d68152e5d846cd6f1f5cca8866f532c85ac73f48,Robert Zondervan,2025-04-11,openconnector,Merge pull request #441 from ConductionNL/feature/connector-185/write-files,14283/120/02,low,true
cb7d8a27d657cadcd04e95fbc44782b7c6e2daf7,Robert Zondervan,2025-04-11,openconnector,Fix url-generation if there are endpoints with and without id,14283/119/02,high,false
ff6b1312e9c1eea969130a2b1c1742f5e59bb5bb,Remko Huisman,2025-04-11,openconnector,Merge pull request #440 from ConductionNL/update-version,14283/120/02,low,true
bbff3080d57b2732b7d73ae0ecbcdee8240fae90,Remko,2025-04-11,openconnector,Updated version to the right version,14283/120/02,low,false
fe82327e11fbc1f53d75e788a866e2af96a32f66,Barry Brands,2025-04-11,openconnector,Use existing mapping form select,14283/119/02,high,false
926c0f3d66a84bc274440b888bff1c0e9b947f0b,Barry Brands,2025-04-11,openconnector,Add mapping to save object rule,14283/119/02,high,false
2d7e257fe7145fb0140a060faea5046cf53f9cd0,Remko Huisman,2025-04-11,openconnector,Merge pull request #439 from ConductionNL/remove-unused-workflow,14283/120/02,low,true
25dd84a77fd19c41bd73a4101492258385a5f0f9,Remko Huisman,2025-04-11,openconnector,Delete .github/workflows/protect-info-xml.yaml,14283/120/02,low,false
57bd4ae5398723a985eb61032cd1a967abe9cec7,Remko,2025-04-11,openconnector,Merge branch 'main' into development,14283/120/02,low,true
0d1eb181eacc959e5c5aeab27d02b54895e0e48c,Remko Huisman,2025-04-11,openconnector,Merge pull request #438 from ConductionNL/feature/add-beta-branch,14283/120/02,low,true
8b50d07030f8ee0e76ed47ac3900c2841f8e71e9,Remko,2025-04-11,openconnector,Added workflows to set beta-release to beta branch,14283/120/02,low,false
e35b032210addf6dd474f1112bd8fc9246e07e68,Barry Brands,2025-04-11,openconnector,remove extra !,14283/120/02,low,false
89cfed6ac3c289cea5e983197673c9c5aba471df,Thijn,2025-04-11,openconnector,fixed rules not showing due to bad html,14283/120/02,low,false
b79cabcabd29e5f709cda04c87415d055b8a3a6a,Barry Brands,2025-04-11,openconnector,fixes editrule save_object (not working),14283/120/02,low,false
8b7d1e365776f1f9a523750f283e595b6d454fea,Barry Brands,2025-04-11,openconnector,add save object rule frontend,14283/120/02,low,false
cc9231d63068921777cad6c8b8a4ae5b7cd2f0c4,GitHub Action,2025-04-11,openconnector,Bump beta version to 0.1.79-beta.12 [skip ci],14283/120/02,low,true
9557c1dee9736ac48bf40091b55729151097fc67,Alex,2025-04-11,openconnector,Merge pull request #435 from ConductionNL/feature/CONNECTOR-315/endpoint-logo-colorcoded,14283/119/02,high,true
fee8a2786703dca4eda21f9d9f77bb851ca30e19,Alex Rekachynskyi,2025-04-11,openconnector,Api logo is color-coded,14283/119/02,medium,false
9b033c9f57cca39432d43fafaa56beb6fa9d83a1,Ruben van der Linde,2025-04-11,openconnector,Fixed small sql oversight,14283/120/02,low,false
6ea65d631e6c02b84b59c1c0fef76cef79a96312,Ruben van der Linde,2025-04-11,openconnector,Lets lint this shizzle while we are at it,14283/119/01,low,false
c7c2ea097febcbece276ba48d646c01b10d3699d,Ruben van der Linde,2025-04-11,openconnector,Cleaning up the mappers by ussing a base mapper,14283/119/01,high,false
27974488a253f41e78c0b0c7829f5b88986b6f87,Ruben van der Linde,2025-04-11,openconnector,Add constants,14283/120/02,low,false
27878f1b6caeb6653e4e42c7456f2873eb318e24,Ruben van der Linde,2025-04-11,openconnector,First code on getting the configurations,14283/120/01,low,false
a44b1afd64e42066948a3d587d0dedc2a3be063a,Barry Brands,2025-04-11,openconnector,Fixes synchronize object from endpoint,14283/119/02,high,false
b07825424e0a060885ff419bbd79f8a07d09c48d,Alex Rekachynskyi,2025-04-10,openconnector,Api logo is color-coded,14283/119/02,medium,false
ad4fb0718103cf428c1e5ddad64c3bbe9a9de1dd,Barry Brands,2025-04-10,openconnector,Update ObjectEventListeners,14283/120/02,medium,false
2be759323070fb4ec4c33017d7967f70f2b08902,Barry Brands,2025-04-10,openconnector,Temporary files for certficates,14283/120/02,low,false
9fd8f64e4bf35903531f4b46ed3e6d5acf602c6a,GitHub Action,2025-04-10,openconnector,Bump beta version to 0.1.79-beta.11 [skip ci],14283/120/02,low,true
185ee52699412d363bbcea8a8cbe9ae50f3fcb71,Robert Zondervan,2025-04-10,openconnector,Merge pull request #434 from ConductionNL/feature/connector-185/write-files,14283/120/02,low,true
7175a529e74026c22305b41cda10fb28ab966b72,Robert Zondervan,2025-04-10,openconnector,Merge remote-tracking branch 'origin/development' into feature/connector-185/write-files,14283/120/02,low,true
432681f90b631e46dd03ea425a21129047080e76,GitHub Action,2025-04-10,openconnector,Bump beta version to 0.1.79-beta.10 [skip ci],14283/120/02,low,true
e5b3c71802857b4467137f36d75757c2f7779e0a,Robert Zondervan,2025-04-10,openconnector,Merge pull request #432 from ConductionNL/feature/CONNECTOR-187/audit-trail-rule,14283/120/01,medium,true
ed808edf50968f9f65043eb788afd9f4dda4cdc9,Robert Zondervan,2025-04-10,openconnector,Merge remote-tracking branch 'origin/development' into feature/CONNECTOR-187/audit-trail-rule,14283/120/01,medium,true
e0f6afeda0e7fb4f62bf60b2d8f533a566efe736,GitHub Action,2025-04-10,openconnector,Bump beta version to 0.1.79-beta.9 [skip ci],14283/120/02,low,true
7eeae5c6fef728940a5fb7a2cfbd72ff42b7cd5c,Robert Zondervan,2025-04-10,openconnector,Merge pull request #431 from ConductionNL/feature/CONNECTOR-305/Extend-input-rule,14283/120/02,low,true
ca58acf45984e1571bd2bef864f58983ffd262ae,Robert Zondervan,2025-04-10,openconnector,Merge remote-tracking branch 'origin/development' into feature/CONNECTOR-305/Extend-input-rule,14283/120/02,low,true
d16ce09f42ead6f7b637f74d4f98a3a75188edcc,GitHub Action,2025-04-10,openconnector,Bump beta version to 0.1.79-beta.8 [skip ci],14283/120/02,low,true
8741db375322e4b13eae337a6446184a12f08402,Robert Zondervan,2025-04-10,openconnector,Merge pull request #433 from ConductionNL/feature/zaakreg-38/locking,14283/120/02,high,true
914dfb6a34f3c5e205ab9afa62590a284d724c53,Robert Zondervan,2025-04-09,openconnector,Add documentation about the extend input rule,14283/120/02,low,false
00d3ac8dc52d4c8a7cde08cd5297be4be69f60fc,Robert Zondervan,2025-04-09,openconnector,Add documentation about the audit trail rules,14283/120/01,medium,false
9a8e2186122b5c2d0f98b7caaad54d24c950f856,Robert Zondervan,2025-04-09,openconnector,Bring naming in locking rules in line,14283/120/02,high,false
777371fc6d9e8450d81fccae6b39072d21f13f18,Robert Zondervan,2025-04-09,openconnector,Add write file rule (copy from synchronizationService),14283/119/02,high,false
64394a08a54bd3503cf327186a7f2d56d6febe8a,Robert Zondervan,2025-04-09,openconnector,Add locking rule,14283/120/02,high,false
f886dd0b50d2c5bcb0f30b617e1d882dbdeb85ff,Robert Zondervan,2025-04-09,openconnector,Add Audit Trail rules,14283/120/01,medium,false
e69862e76c30acb9b6bf4a558eca19996657d543,Robert Zondervan,2025-04-09,openconnector,Add extend inputs rule,14283/120/02,low,false
8d606801a982c4f6a1e8ada8f2e1b645c7222cc9,Barry Brands,2025-04-09,openconnector,Split synchronize function,14283/119/02,high,false
e7b32eed77fc5c3775aaba111b8fd863ec3b038d,Barry Brands,2025-04-09,openconnector,Update ObjectEventListeners,14283/120/02,medium,false
90158e30d804ba58a515d76e4995d5fe15e8d344,Barry Brands,2025-04-08,openconnector,Merge branch 'fix/find-all-render-objects' into feature/CONNECTOR-205/sync-object-to-source,14283/119/02,high,true
c041971716a4284a2a1057f49f7ad98b248800d1,Remko,2025-04-08,openconnector,Added new workflow,14283/120/02,low,false
9da2b977595b4fd0310aea433eea306ba3a739bf,GitHub Action,2025-04-08,openconnector,Bump beta version to 0.1.79-beta.7 [skip ci],14283/120/02,low,true
311d65c27c874bb9d2c1416aeb6b394fd9c06e8c,Remko Huisman,2025-04-08,openconnector,Merge pull request #428 from ConductionNL/main,14283/120/02,low,true
c8de29be46d593dd14936a9499aa7622b2f5a3b1,Remko Huisman,2025-04-08,openconnector,Merge branch 'development' into main,14283/120/02,low,true
76079bcce706675e1e770dda6cf32d808494b29a,Remko,2025-04-08,openconnector,Update merge strategy for info.xml,14283/119/01,high,false
99e177599d80a032ad907736790a0ee74c47a8e3,GitHub Action,2025-04-08,openconnector,Bump beta version to 0.1.79-beta.6 [skip ci],14283/120/02,low,true
c18cdfc97c37a2813620ddc177215ed75a940aad,Robert Zondervan,2025-04-08,openconnector,Merge pull request #419 from ConductionNL/fix/download-endpoint,14283/119/02,high,true
1cdb2224508f670c7d4015d57f76528d928392e5,GitHub Action,2025-04-08,openconnector,Bump beta version to 0.1.79-beta.5 [skip ci],14283/120/02,low,true
0cd9436feecc35b5574dfa10a81c14cb89f50a94,Remko,2025-04-08,openconnector,Enabled both release workflows,14283/120/02,low,false
7557f2554918f32bd11c0b20d9641b0aac22ee00,Remko,2025-04-08,openconnector,Merge branch 'main' into development,14283/120/02,low,true
5f727d3bef9ab320f3ece83cb67181f8a5631bf8,Remko,2025-04-08,openconnector,Disabled beta workflow,14283/120/02,low,false
a937ae7ac52c2ed2990a77ae9d34fa018b07cfc2,Remko,2025-04-08,openconnector,Disabled release-workflow and updated .gitattributes,14283/120/02,low,false
915e53115ba1b919ac9292c3121d9fe233ceb60d,GitHub Action,2025-04-08,openconnector,Bump beta version to 0.1.79-beta.4 [skip ci],14283/120/02,low,true
0af718feb03aa62879b4674adb09e7d293b6c959,Remko,2025-04-08,openconnector,Enabled beta-workflow,14283/120/02,low,false
11b020c9d08f1a197282d2bf80b153d2ba0d70ee,github-actions[bot],2025-04-08,openconnector,[Changelog CI] Add Changelog for Version 0.1.78,14283/120/02,low,true
92810770d13cf054995bc9f97ee5ac336d3a6b19,GitHub Action,2025-04-08,openconnector,Bump version to 0.1.78,14283/120/02,low,true
9cf54981d22526565328f18e3fa8c5cebb5c2c07,Remko Huisman,2025-04-08,openconnector,Merge pull request #421 from ConductionNL/development,14283/120/02,low,true
ae0f3c6640816e39311aa4acd38f1109a98c7e1f,Remko Huisman,2025-04-08,openconnector,Merge branch 'main' into development,14283/120/02,low,true
fac642c1a1b6bbd7a21271b3e6c4715b3999fa65,Remko Huisman,2025-04-08,openconnector,Merge pull request #422 from ConductionNL/beta-version-test,14283/120/02,low,true
67ba081baea62b2018dff5752a5bed850e236026,Remko,2025-04-08,openconnector,Possible fix for merge conflicts on info.xml,14283/119/01,high,false
1634ad439078767a3d556d0522cfb9fd72e38ab5,Remko,2025-04-08,openconnector,Merge branch 'development' into beta-version-test,14283/120/02,low,true
4d6b006699a9c8fc7a0d690a09a1286ff8fbbbec,GitHub Action,2025-04-08,openconnector,Bump beta version to 0.1.78-beta.3 [skip ci],14283/120/02,low,true
97e6da764858507fe39e4acbbf2742cb5030f9c3,Remko Huisman,2025-04-08,openconnector,Merge pull request #420 from ConductionNL/beta-version-test,14283/120/02,low,true
631e424246661e8e48dcc1a951d06dcf310e6b22,Remko,2025-04-08,openconnector,Changed beta version based on main version,14283/120/02,low,false
4c884126807839333b6aae2d532efb7a407c3012,Remko,2025-04-08,openconnector,Merge branch 'development' into beta-version-test,14283/120/02,low,true
cad4a325a746b82785a893ebf5f22a68dc1b7d35,Robert Zondervan,2025-04-08,openconnector,Fix FilenamePosition vs FilenameLocation,14283/120/02,low,false
124f2157f121d79e356c20ea33e3ed2104723554,GitHub Action,2025-04-08,openconnector,Bump beta version to 0.1.78-beta.2 [skip ci],14283/120/02,low,true
238ad76b68e029e80f63ad3c30a7f605fd5c74e8,Remko Huisman,2025-04-08,openconnector,Merge pull request #418 from ConductionNL/beta-version-test,14283/120/02,low,true
95aa5019fe7229325e7544f0f51a7458876c2f4b,Remko,2025-04-08,openconnector,set Beta to same verions of main. So it will update to 0.1.78,14283/120/02,low,false
36fd7fb6d597489c222da57f1e74899c60a97b3d,Barry Brands,2025-04-08,openconnector,renderEntity,14283/119/01,high,false
1a0b6164cc2dca003161a4a20e80326be5440ac0,GitHub Action,2025-04-08,openconnector,Bump beta version to 0.1.54-beta.1 [skip ci],14283/120/02,low,true
c96bcc1415ac8c96f0d60d23b19a9591a5c83758,Mark West,2025-04-08,openconnector,Update beta-release.yaml,14283/120/02,low,false
32d54684d32c123dbf76ba0bb1484594a42f5882,Matthias Oliveiro,2025-04-08,openconnector,Merge pull request #416 from ConductionNL/MWest2020-patch-2,14283/120/02,low,true
eff87b6faad1f58045107188ee3b7ae3e0eea023,Mark West,2025-04-07,openconnector,Create beta-release.yaml for beta releases.,14283/120/02,low,false
5282249b0f44c4037efa0565709d0b4d51b21f92,Mark West,2025-04-07,openconnector,Create beta-release.yaml,14283/120/02,low,false
b615b897b3ac8466980443544f4d722e41f28086,github-actions[bot],2025-04-07,openconnector,[Changelog CI] Add Changelog for Version 0.1.77,14283/120/02,low,true
86f1378873516a32ff9755e295ddab9a3954455a,GitHub Action,2025-04-07,openconnector,Bump version to 0.1.77,14283/120/02,low,true
65a9a2efac038ec392bb7fa0de2b1b62a6fc0126,Barry Brands,2025-04-07,openconnector,Merge pull request #411 from ConductionNL/development,14283/120/02,low,true
a9657c44fa06685a57c6bf1c7da3f16391fdf641,Barry Brands,2025-04-07,openconnector,Merge pull request #413 from ConductionNL/feature/CONNECTOR-189/download-rule,14283/120/02,low,true
86c06940839b934f057cf4441cff61cf33eb5c37,Robert Zondervan,2025-04-07,openconnector,Add issue number to todo,14283/120/02,low,false
0296e7db909c9f25472dcd46e742cb0dd1754656,Robert Zondervan,2025-04-07,openconnector,Merge pull request #412 from ConductionNL/feature/CONNECTOR-189/download-rule,14283/120/02,low,true
3cbee3609771290211c851cbbef378988b38d38f,Robert Zondervan,2025-04-07,openconnector,Add missing docblock,14283/120/02,high,false
31c46fc43e62c0995ab613563713a2bb5427f5e1,Barry Brands,2025-04-07,openconnector,Merge pull request #408 from ConductionNL/feature/CONNECTOR-313/refactor-fetchfile-rule,14283/119/01,medium,true
06bff9d223c3da25c97742079a990867248328f2,Barry Brands,2025-04-07,openconnector,remove required on optional fields,14283/120/02,low,false
d0e6718f5d34c2243dd151491d9e7f82fe29d6e7,Barry Brands,2025-04-07,openconnector,Merge fix,14283/120/02,low,true
85297e699736e03fd97fa60cc135509706694b37,Barry Brands,2025-04-07,openconnector,Merge remote-tracking branch 'origin/development' into feature/CONNECTOR-313/refactor-fetchfile-rule,14283/119/01,medium,true
eccff0d768a7fa7bd000d32f76ba64f515a87afc,Barry Brands,2025-04-04,openconnector,Fix getAll,14283/120/02,low,false
3675033939741961d757ea88358efe609fbdfeb3,Alex,2025-04-04,openconnector,Merge pull request #410 from ConductionNL/feature/CONNECTOR-303/authentication-type-api-key,14283/119/02,low,true
63ec3cb3931f6c4797f55a30afa407fa67fc1d28,Alex Rekachynskyi,2025-04-04,openconnector,conditional api fields loading,14283/119/02,low,false
11f946426e5b833fa088f75bfa04e77e54762ca3,Remko Huisman,2025-04-04,openconnector,Merge pull request #409 from ConductionNL/feature/update-rule-fix,14283/120/02,low,true
9f6a2243982df1007a1defcf5652a1267088eb99,Remko,2025-04-04,openconnector,Fixed editing rule,14283/120/02,low,false
61e67372983f6c3a967640c1af36756764d7caf5,Remko,2025-04-04,openconnector,Updated edit,14283/120/02,low,false
ca810a36c4786d32b2a342b0540436ad0d6a57f7,Remko,2025-04-04,openconnector,Merge remote-tracking branch 'origin/development' into feature/CONNECTOR-303/authentication-type-api-key,14283/119/02,low,true
2e909c678549c7d501b5692010e49ff59063c577,Barry Brands,2025-04-03,openconnector,update fetch file rule zaaksysteem zgw,14283/120/02,low,false
b332a246083eac0e7f3a8a2444b08dd0598f018f,Barry Brands,2025-04-03,openconnector,Add error if no filename found,14283/120/02,medium,false
38825f533c9d206ab934d0e63e46d549df496102,Robert Zondervan,2025-04-03,openconnector,Add versioning for files,14283/120/02,low,false
b17185f724c82e3ab8a5b5679cbc423560f7a7f0,Robert Zondervan,2025-04-03,openconnector,Always overwrite internal urls if we know they are in the object,14283/120/02,low,false
026dfab21d2bf3c460e35eb4c1ad6ede174809da,Barry Brands,2025-04-03,openconnector,Make sure targetObject is updated through reference,14283/120/02,low,false
7873d854347883d7f1bc1a0a1c7dfcfa58260e57,Barry Brands,2025-04-03,openconnector,Add some exceptions,14283/120/02,medium,false
1f0ceaedc3b6cbe698c69b472d466df2c1cddf75,Robert Zondervan,2025-04-03,openconnector,Merge pull request #407 from ConductionNL/feature/CONNECTOR-189/download-rule,14283/120/02,low,true
05cdec502e26115c9eecefc19c89d13d49d141ad,Robert Zondervan,2025-04-03,openconnector,Fix PR comments,14283/120/02,low,false
5e89c775ca7985c31e5184f46a4157a13857b4a7,Robert Zondervan,2025-04-03,openconnector,Small renames in code and documentation,14283/120/02,low,false
4a8805ef82551c844202c39f75b325d039e83987,Robert Zondervan,2025-04-03,openconnector,Add a small comment about a url fix,14283/120/02,low,false
6250148637fa49b5faa62d7ecde359b1c9840db7,Barry Brands,2025-04-02,openconnector,Added fetch file rule for xxllncc -> zgw,14283/120/02,low,false
b424e5920a47c26ae189a12feb152ac8bd67bc76,Barry Brands,2025-04-02,openconnector,Frontend extra fetch file config,14283/120/01,low,false
513b075099f775e1bd5df83b9c18e37657c7bbb0,Barry Brands,2025-04-02,openconnector,Refactor fetch file rule,14283/119/01,medium,false
0e35d4b4dbc34846f0996d4f79da1897357bf0d1,Barry Brands,2025-04-02,openconnector,Added findAllBySourceId function,14283/119/02,high,false
50711cc13903fe237402ad20200dead42c6d983c,Barry Brands,2025-04-02,openconnector,processSynchronizationObject to public,14283/119/02,high,false
e11290d337fd17e713a50f4d851dcf1f17851a38,Barry Brands,2025-04-02,openconnector,Add a to extern synchronize function,14283/119/02,high,false
576f7b1c7f3fe32732adddb190d9d67d4b905022,Barry Brands,2025-04-02,openconnector,Moved create sync log to own function,14283/119/02,high,false
31e6c627ad209f8b8f055359395f0d91ed7f7781,Barry Brands,2025-04-02,openconnector,Updated ObjectEventListeners,14283/120/02,medium,false
024f3cb0db7bdf18e6fd55aafe6fe4a80bd1f045,Robert Zondervan,2025-04-02,openconnector,Work in progress fixing file downloads and uploads,14283/120/02,low,false
d29c77ca5e97ee7ee9de36122a9c3e49a252d6fa,github-actions[bot],2025-04-01,openconnector,[Changelog CI] Add Changelog for Version 0.1.76,14283/120/02,low,true
aaa9f1493a841ba6dc00970b6d9005bc23b8a483,GitHub Action,2025-04-01,openconnector,Bump version to 0.1.76,14283/120/02,low,true
57e847ac6db5acf3d58ccb1d35d8b0f8284bd255,Wilco Louwerse,2025-04-01,openconnector,Merge pull request #405 from ConductionNL/development,14283/120/02,low,true
53bf419507491daf925803bde579a192c868a331,Wilco Louwerse,2025-04-01,openconnector,Merge pull request #404 from ConductionNL/fix/show-sync-skipped,14283/119/02,high,true
6da10e257dcc0e0a1e6b03608baa566bc56920b1,Wilco Louwerse,2025-04-01,openconnector,Show correct amount for skipped in sync response/result,14283/119/02,high,false
6c243218ff9884d622dd0eb04849d33b67fb7635,github-actions[bot],2025-04-01,openconnector,[Changelog CI] Add Changelog for Version 0.1.75,14283/120/02,low,true
39e01fe201c03742e783d121bf76bcf9e1a52248,GitHub Action,2025-04-01,openconnector,Bump version to 0.1.75,14283/120/02,low,true
1eb7e17132668b6322e96d1a6d032e6b980dc916,Barry Brands,2025-04-01,openconnector,Merge pull request #369 from ConductionNL/development,14283/120/02,low,true
a30bd9e1955707e6ba8fa0ddaa9ffeaff4e58646,Robert Zondervan,2025-04-01,openconnector,Create a download action,14283/120/02,low,false
9b82fa105cfd0f3681ddc05030888859b7c08a91,github-actions[bot],2025-03-31,openconnector,[Changelog CI] Add Changelog for Version 0.1.74,14283/120/02,low,true
efdcc5bb217291e2f37b51779b866819e412c1d0,GitHub Action,2025-03-31,openconnector,Bump version to 0.1.74,14283/120/02,low,true
f112f208b33b0d919d5ba5a819f89bcfb1aaf873,Robert Zondervan,2025-03-31,openconnector,Merge pull request #401 from ConductionNL/hotfix/synchronization-logs,14283/119/02,high,true
20a35be379c827b62b5f18b4ab3868d5a0dba707,Robert Zondervan,2025-03-31,openconnector,revert accidentally committed code,14283/120/02,low,true
cbce120f01a6734d6f49d2ca2127e63569e9aa51,Robert Zondervan,2025-03-31,openconnector,"Fix logging endpoint of synchronizations, fix setting last synced",14283/119/02,high,false
124e1edd5fee678ee4551d85820efceff23f9618,Ruben van der Linde,2025-03-31,openconnector,Small styling fixes,14283/120/02,low,false
887cba1ef4d055c85fa3d9b407c56f6dd4cb2a4c,Ruben van der Linde,2025-03-31,openconnector,phpcs compliant endpoint service,14283/119/02,high,false
b50f6c39808fa9d8a5729b608c74837e5faf6608,Ruben van der Linde,2025-03-31,openconnector,Spliting the EndpointService,14283/119/02,high,false
6413ed2665c0efc921fcc1767757a9269cc64d72,Ruben van der Linde,2025-03-31,openconnector,COde break fix,14283/120/02,low,false
104176f4572b449cb7d95a5b59071d6235c13a0a,Ruben van der Linde,2025-03-31,openconnector,Still training on that styling,14283/120/02,low,false
fd6612f1028238e03021bf54e1f82c3786047c38,Ruben van der Linde,2025-03-31,openconnector,Lets pull the actions into the php cs fold,14283/120/02,low,false
9270ee5d34bee1685d2bc1fa76964cf8d4506a07,Ruben van der Linde,2025-03-31,openconnector,Lets use the new and imporved phpcs configuration to finalize some files,14283/119/01,medium,false
25b9eb2bd1687bfea00f171685dfb3f58fdad81c,Ruben van der Linde,2025-03-31,openconnector,Finished the code cleanup on the controllers,14283/119/01,low,false
453d57e0df3e28461bfa521ee90a17d14edaf500,Ruben van der Linde,2025-03-31,openconnector,More cleanup,14283/120/02,low,false
ff0910dc8ef18256320c96bc56db163cf629438e,Ruben van der Linde,2025-03-30,openconnector,Fixes on the migration files,14283/119/01,high,false
bd5be53aaca1dbd5d7982417e9e24b60bf9517bd,Ruben van der Linde,2025-03-30,openconnector,Getting the migrations to comply,14283/119/01,high,false
18721d3d1e35d435909b927419cba1c15e4dc633,Ruben van der Linde,2025-03-30,openconnector,docblock fixes,14283/120/02,high,false
8f51e7fb1423bea0a432ff5a8402c6ec60218c14,Ruben van der Linde,2025-03-30,openconnector,More styling fixes,14283/120/02,low,false
77e3fe311bf713aaa968eb069cc6198a7424744e,Ruben van der Linde,2025-03-30,openconnector,Very much linting fixes,14283/119/01,low,false
b9783ba5d2d18025c8c75dbd994e7f39fa388318,Ruben van der Linde,2025-03-30,openconnector,Repairing linting demage,14283/119/01,low,false
06506731b03a2a257c2d46124da34d1e3c9466c1,Ruben van der Linde,2025-03-30,openconnector,Cleanup afther the cleanup,14283/120/02,low,false
43e15af059dcef1896c79022e69d339c83e8677f,Ruben van der Linde,2025-03-30,openconnector,Addin unit tests,14283/120/02,low,false
1ae604782ffb0b7894e009a1b70a2d037007b65f,Ruben van der Linde,2025-03-30,openconnector,Let fix a bit of styling,14283/120/02,low,false
51ffd1afba9d73539a8fafc6d186e9a22c878ae4,Ruben van der Linde,2025-03-30,openconnector,Let get a bit more quellity asurence in the codebase,14283/120/02,low,false
21d0453133da2cb42440413f75fd4bc31324a459,Ruben van der Linde,2025-03-30,openconnector,Linting fixes,14283/119/01,low,false
be7273fc26440b8d9c8d9d7150ba12c749d756f6,Ruben van der Linde,2025-03-30,openconnector,Spacing fixes,14283/120/02,low,false
494dbd49cdceb29f95cac67341de68ca788d15b9,Ruben van der Linde,2025-03-30,openconnector,Spacing,14283/120/02,low,false
6a24cc9c228149f90d62a7e48a4ef26e28d55d2b,Ruben van der Linde,2025-03-30,openconnector,Small fixes,14283/120/02,low,false
ffa166c1d595199d696144b95971e5ee04d4afa8,Ruben van der Linde,2025-03-30,openconnector,Linting fixes,14283/119/01,low,false
365a32938708fe313944f321c14bdb6bfc84fa21,Ruben van der Linde,2025-03-30,openconnector,Rule for commen styling error,14283/120/02,medium,false
c471ad16878341339997afe2e1fdcb7820a74fcc,Ruben van der Linde,2025-03-30,openconnector,A mountan of styling fixes,14283/120/02,low,false
48c03dc5931408465cc9cfeb287e9af6a64bb4cd,Ruben van der Linde,2025-03-30,openconnector,More coding standards,14283/120/02,low,false
1d0c263b8e6241455998354563e21240b9bb683b,Ruben van der Linde,2025-03-30,openconnector,Better cursor docs,14283/120/02,low,false
c2a6a07315457600101769e5e0b844d538a9d329,Ruben van der Linde,2025-03-30,openconnector,Code styling errors,14283/120/02,medium,false
76a3015569e7336903ff79f5bc81cfa0df4402ae,Ruben van der Linde,2025-03-30,openconnector,Add md to the config,14283/120/01,low,false
323d543ccf44cd47c2020efaeceb741f1128920f,Ruben van der Linde,2025-03-30,openconnector,Moved feature development into a custom flow,14283/120/02,low,false
76b83a62d2ffe85d7a39a64bc706fc812c775272,Ruben van der Linde,2025-03-30,openconnector,Lets create handlers for handlng sources of diferend types,14283/119/02,high,false
4a045da9a51eee479ea8e8c3843cd257be26e48c,Ruben van der Linde,2025-03-30,openconnector,Lets make cursor even more specific,14283/120/02,low,false
2fd19a294f0e71fe4953b6e382a8f9888468ac4e,Ruben van der Linde,2025-03-29,openconnector,Lets get a bit of flavor into cursor,14283/120/02,low,false
7bd046cfa4c594cf7659f0551dc3cdb3f8b579a2,Ruben van der Linde,2025-03-29,openconnector,Merge branch 'documentation' into feature/CONNECTOR-309/async,14283/119/02,high,true
723da0d3a07edd70d6e98448353e0df2794ae2c3,Ruben van der Linde,2025-03-29,openconnector,Merge remote-tracking branch 'origin/feature/CONNECTOR-227/sharepoint-docu-update' into documentation,14283/120/02,low,true
c601aa09997994de68bdc3ddfb06abe5cfee6a43,Ruben van der Linde,2025-03-29,openconnector,Remove old cursor rules to prevent problems,14283/120/02,medium,false
71e0ea0a8c3ad06f61adee1da361eb78665f9db2,Ruben van der Linde,2025-03-29,openconnector,Lets setup this mini project by rewuiring reactphp and setting up cursor a bit better,14283/120/02,low,false
25be25ed936d9260b900b61fc4c13ebfdf1b724e,Barry Brands,2025-03-28,openconnector,Merge pull request #368 from ConductionNL/feature/REGISTERS-128/fix-render,14283/119/02,medium,true
0f305ec2d8afdaace6fdaea62b2adf3e04f3e027,Barry Brands,2025-03-28,openconnector,Catch error if multiple endpoints for a path,14283/119/02,high,false
41feea89b26f0296d35a8ea5e63a43c6cce5c0fd,Barry Brands,2025-03-28,openconnector,Fix delete request,14283/120/02,low,false
faa8c9ba9860b498b369d6d29e757c8fd7aff252,Barry Brands,2025-03-28,openconnector,use renderEntity instead of extendEntity,14283/119/01,high,false
ab5daa72258cfdda19bb688ec9958ff7ff259c0c,github-actions[bot],2025-03-28,openconnector,[Changelog CI] Add Changelog for Version 0.1.73,14283/120/02,low,true
c8dcc39771d17fe1f882707ae3a45091d06485a0,GitHub Action,2025-03-28,openconnector,Bump version to 0.1.73,14283/120/02,low,true
a96f13ed629eaa5530a0eaef79bc72e06a9f2e86,Wilco Louwerse,2025-03-28,openconnector,Merge pull request #366 from ConductionNL/development,14283/120/02,low,true
a38e9bc298b487339d4961b0bdf5dd1fa09b807e,Wilco Louwerse,2025-03-28,openconnector,Merge pull request #364 from ConductionNL/feature/VSC-205/export-xml,14283/119/02,high,true
8146b5532cc2464b69eff8e24869605344c92e32,Wilco Louwerse,2025-03-28,openconnector,PR review explicit if statements,14283/119/02,medium,false
fe6297509dba2b9dd863ff7c36ff4c015d3421a1,Wilco Louwerse,2025-03-27,openconnector,Only add Content-Disposition header to XMLResponse if url ends with .xml,14283/120/02,low,false
2b4cb6b51ad6dde4301da56486c2c47383baa9fe,Wilco Louwerse,2025-03-27,openconnector,Merge branch 'development' into feature/VSC-205/export-xml,14283/119/02,high,true
f693fa050f3a300540771f1546b92b5a272d1d70,github-actions[bot],2025-03-27,openconnector,[Changelog CI] Add Changelog for Version 0.1.72,14283/120/02,low,true
2e9d03c557a53ad5b2e70441c56de89825b7646e,GitHub Action,2025-03-27,openconnector,Bump version to 0.1.72,14283/120/02,low,true
01d57d2ef64747d0211b91dcb205e1006443bd4f,Wilco Louwerse,2025-03-27,openconnector,Merge pull request #362 from ConductionNL/development,14283/120/02,low,true
16ed6a5da0b94a24c743b13890caa232aa22bd8e,Wilco Louwerse,2025-03-27,openconnector,Merge pull request #361 from ConductionNL/feature/VSC-205/export-xml,14283/119/02,high,true
367023d77f8ecb86a768f9d0fd970011389235d8,Wilco Louwerse,2025-03-27,openconnector,Temporary hardcoded fix for returning file download response,14283/120/02,low,false
db7af7b34335461e29220e473c425d5a678e5b2e,Wilco Louwerse,2025-03-27,openconnector,Merge branch 'development' into feature/VSC-205/export-xml,14283/119/02,high,true
1904125df28db177fd293c5bb3f61b0400c02b09,Wilco Louwerse,2025-03-25,openconnector,Merge pull request #360 from ConductionNL/feature/VSC-205/workflow-update,14283/120/02,low,true
b2e9241a1d4bcc71efb04563fec1c5545f2bae06,Wilco Louwerse,2025-03-25,openconnector,Filter out lastRun and nextRun fields when importing a config.json file,14283/119/02,high,false
3b6ed29ba28cac0518e18200ffe3cbc86b4474e2,Wilco Louwerse,2025-03-25,openconnector,Let's ignore branches main/master for checkstyle / php-cs workflow,14283/120/02,low,false
7be591206c63ff70e2d0070f8aab5a7bdd0ee46b,github-actions[bot],2025-03-25,openconnector,[Changelog CI] Add Changelog for Version 0.1.71,14283/120/02,low,true
67573d5b29d29df58af5e32ed8210da1f9afc1af,GitHub Action,2025-03-25,openconnector,Bump version to 0.1.71,14283/120/02,low,true
f1b9ce417c7ed2997b30f384f0e07e970bce4fbc,Remko Huisman,2025-03-25,openconnector,Merge pull request #358 from ConductionNL/development,14283/120/02,low,true
c161df143d389a9bec2a75b61364cbae0c19ac2b,Remko Huisman,2025-03-25,openconnector,Merge pull request #357 from ConductionNL/feature/VSC-212/job-enabled-checker,14283/120/02,high,true
5a984ef5c106374ca37179a45fb68323f67bdbf9,Remko,2025-03-25,openconnector,cleanup,14283/120/02,low,false
bfee3fc59f063471b70dd2c4e6de32339305bedd,Remko Huisman,2025-03-25,openconnector,Merge pull request #356 from ConductionNL/feature/VSC-212/job-enabled-checker,14283/120/02,high,true
e45ffd83af72365ecd86f479ccbaa552e97e8f50,Remko,2025-03-25,openconnector,Better css placement,14283/120/02,low,false
06e0f4d1720b70fabd23961c31dcad22b87894b7,Remko,2025-03-25,openconnector,Added visual indicator to check if job is enabled or disabled,14283/120/02,high,false
1ead9b83406ffe402017385e2a3c35f8e51d44e0,Remko,2025-03-25,openconnector,Updated jobLogs to be fetched on change of job,14283/120/02,high,false
3b5bdacaf06217a565a78240c406d44862380888,github-actions[bot],2025-03-25,openconnector,[Changelog CI] Add Changelog for Version 0.1.70,14283/120/02,low,true
de24183f1bf53e52414377f4019a2e7fc28c3e82,GitHub Action,2025-03-25,openconnector,Bump version to 0.1.70,14283/120/02,low,true
12e6faece9823f9111ea1807775e48aadf4c5891,Wilco Louwerse,2025-03-25,openconnector,Merge pull request #353 from ConductionNL/development,14283/120/02,low,true
b9a03652005c540ee9915aed3f4bec3be8cb10f3,Wilco Louwerse,2025-03-25,openconnector,Merge pull request #354 from ConductionNL/feature/VSC-205/xml-response-fixes,14283/120/02,low,true
a220073207cc4445ae641978aabd523489d25689,Wilco Louwerse,2025-03-25,openconnector,Use class constants instead,14283/120/02,low,false
1ee8275a8992b9f853363967f6ed80ae5f5a5451,Wilco Louwerse,2025-03-24,openconnector,Merge pull request #350 from ConductionNL/feature/VSC-205/xml-response-fixes,14283/120/02,low,true
b778cd70a8ed6c7a8cbdee13dcee7beea2ed7b2d,Wilco Louwerse,2025-03-24,openconnector,"Revert ""Test phpunit workflow""",14283/120/02,low,true
30b292536299e507914207e0cc24321caba6f1d7,Wilco Louwerse,2025-03-24,openconnector,"Revert ""go to correct folder in phpunit.xml (test not test/unit)""",14283/120/02,low,true
a24365d1e6d9aa217b4e4546253349d904e44c66,Wilco Louwerse,2025-03-24,openconnector,go to correct folder in phpunit.xml (test not test/unit),14283/120/02,low,false
3087dc92aff092a73b44c07608bae3db2a0acf92,Alex,2025-03-24,openconnector,Merge pull request #335 from ConductionNL/feature/CONNECTOR-278/json-editor-added-to-modal,14283/120/02,low,true
d0481ac5b486c860ea1b83322ee131c400e9e372,Alex,2025-03-24,openconnector,Update src/modals/Consumer/EditConsumer.vue,14283/120/02,low,false
e87133b8af0df669ba6c316230cec1b1b84b20a3,Wilco Louwerse,2025-03-24,openconnector,Test phpunit workflow,14283/120/02,low,false
612b0fe988ddb592f77f476e2a61ef8428a34eb5,Alex Rekachynskyi,2025-03-24,openconnector,default value set to [] + bug fixes,14283/120/02,high,false
6437b2f71e0534e325f44df94aacb9bc2cdb7083,Alex Rekachynskyi,2025-03-24,openconnector,default value set to [] + bug fixes,14283/120/02,high,false
da8a8cbce842eda9de10e13428fd53f31aae4c3e,Alex Rekachynskyi,2025-03-24,openconnector,default value set to [] + bug fixes,14283/120/02,high,false
f02396c000915e5bba5034b6064741296b19f8f7,Wilco Louwerse,2025-03-24,openconnector,Test checkstyle github action workflow,14283/120/02,low,false
16f807047ea16d45e54cf8d38fe685f677dd3364,github-actions[bot],2025-03-24,openconnector,[Changelog CI] Add Changelog for Version 0.1.69,14283/120/02,low,true
4be5796fa642ec6a575833c79faace2169080990,GitHub Action,2025-03-24,openconnector,Bump version to 0.1.69,14283/120/02,low,true
2601dc060182df4fc6433690929212904ad08222,Barry Brands,2025-03-24,openconnector,Merge pull request #349 from ConductionNL/development,14283/120/02,low,true
9a60bd9ddb52cf508038d429770a7aefaf36d443,Remko Huisman,2025-03-24,openconnector,Merge pull request #351 from ConductionNL/cleanup,14283/120/02,low,true
32332d3a66019af16d98368af9095678b4c0bc74,Remko,2025-03-24,openconnector,cleanup,14283/120/02,low,false
9de9355af532bf04c4a86285c8a1d3ea41f443b3,Barry Brands,2025-03-24,openconnector,Merge pull request #348 from ConductionNL/fix/CONNECTOR-299/unset-get,14283/120/02,low,true
abc053bd891e544a074204ffa6930a906f1d3f2d,Barry Brands,2025-03-24,openconnector,Prevent incoming parameters overwriting mapped parameters,14283/120/02,medium,false
42612fb9b9197d1937dcc59094dddb32bfc65a67,Alex,2025-03-24,openconnector,Update src/modals/Consumer/EditConsumer.vue,14283/120/02,low,false
5bc82c44c25970cfdde42a57a31b7156f3dcc61e,Alex,2025-03-24,openconnector,Update src/modals/Consumer/EditConsumer.vue,14283/120/02,low,false
e39203720c787f650b5f5acd7a7d1f7fcd81ecce,Alex,2025-03-24,openconnector,Merge pull request #347 from ConductionNL/feature/CONNECTOR-302/fetching-users-and-groups,14283/120/01,medium,true
fd24e16327b5ac6de9075b557a6bd42a076dbf61,Alex Rekachynskyi,2025-03-24,openconnector,api keys inputs are loading,14283/119/02,low,false
62e175dbc7b10afe525641c8408c74c757e13d3b,Alex Rekachynskyi,2025-03-24,openconnector,api keys inputs are loading,14283/119/02,low,false
3c390216935bb30d0d4a1d72ab8b4bcf9c23af1f,Alex Rekachynskyi,2025-03-24,openconnector,fetching allowed users and groups,14283/120/01,medium,false
201dbcf52272c258e7839baea8cae854095d6185,github-actions[bot],2025-03-24,openconnector,[Changelog CI] Add Changelog for Version 0.1.68,14283/120/02,low,true
73943fc9de04e67e1a942774ffeeaafb00fb5f20,GitHub Action,2025-03-24,openconnector,Bump version to 0.1.68,14283/120/02,low,true
b348db4e9460488eb94df14570d9a126cb7fe039,Barry Brands,2025-03-24,openconnector,Merge pull request #345 from ConductionNL/development,14283/120/02,low,true
04d04d5d7b99957298cb4e40e070e240cf7bf975,Alex Rekachynskyi,2025-03-24,openconnector,Removed unnecessary functionality,14283/120/02,low,false
e45d2a39ecfa598e35e8a3756955f39c457eaae0,Remko,2025-03-24,openconnector,Fixed AuthenticationType selectbox,14283/120/02,low,false
8ac1d8905b193458c0b6eb3e8ed8e068a077ff4a,Barry Brands,2025-03-21,openconnector,Merge pull request #344 from ConductionNL/fix/CONNECTOR-299/backwards-compatible-mapping-data,14283/119/02,high,true
ef0f57b78e7f2627dfc602710db34e49a35444e6,Wilco Louwerse,2025-03-21,openconnector,Some more fixes / changes for correct XMLResponse,14283/120/02,low,false
5cca7176862479f076712a5685ac55636cf1da54,Barry Brands,2025-03-21,openconnector,Merge remote-tracking branch 'origin/development' into fix/CONNECTOR-299/backwards-compatible-mapping-data,14283/119/02,high,true
53bb96f013dd5c35aa883f6d1118900a2942a813,Barry Brands,2025-03-21,openconnector,unset _data vars from params,14283/120/02,low,false
8187d6e639d3de907c18b5d2eed995c6fdfabecb,github-actions[bot],2025-03-21,openconnector,[Changelog CI] Add Changelog for Version 0.1.67,14283/120/02,low,true
a35fdec1dad1468abaae0390fa9cf917489f886d,GitHub Action,2025-03-21,openconnector,Bump version to 0.1.67,14283/120/02,low,true
7284045af027b25867f1fb0921e93ede5fe12706,Wilco Louwerse,2025-03-21,openconnector,Merge pull request #342 from ConductionNL/development,14283/120/02,low,true
54767245f80f014f212a8ac44acea5620ee7cf64,Wilco Louwerse,2025-03-21,openconnector,Merge pull request #338 from ConductionNL/feature/VSC-205/xml-response-fixes,14283/120/02,low,true
f8f0bd15a8254b5e0a834a3d34d80a643c1523ac,Wilco Louwerse,2025-03-21,openconnector,Use explicit checks in all files touched/changed,14283/120/02,low,false
455c1a0ec269373057d1c99315c2b25ad00fbba6,Wilco Louwerse,2025-03-21,openconnector,Use explicit checks in if statements,14283/120/02,low,false
136a7173a312c8bd031078de2e0a6f8314cb1132,github-actions[bot],2025-03-21,openconnector,[Changelog CI] Add Changelog for Version 0.1.66,14283/120/02,low,true
270f745135e0dea9e92a21bff1513f0498054dc9,GitHub Action,2025-03-21,openconnector,Bump version to 0.1.66,14283/120/02,low,true
5a14bc3afb8f1a97e821e2faf03be5589ad1c6ef,Barry Brands,2025-03-21,openconnector,Merge pull request #340 from ConductionNL/development,14283/120/02,low,true
d60d27ea73b12c62cd57d20ed2bd7d3951163b13,Barry Brands,2025-03-21,openconnector,Merge pull request #339 from ConductionNL/reverse-changes,14283/120/02,low,true
6880e20281ce58e422cf6104a14453eb90e29ffd,Barry Brands,2025-03-21,openconnector,Reverse changes,14283/120/02,low,false
6a95f6646ada16237c652264ddc1c7ab9f00f2d9,Barry Brands,2025-03-21,openconnector,Add backwards compatibility for mapping data,14283/119/02,high,false
fd9cf3530dcbb43747646489f2019b9736e8a6c8,Wilco Louwerse,2025-03-21,openconnector,Fix html entity encoded characters in xml response by decoding them,14283/119/01,high,false
f583eb93f9cc54112f52105e07df69c4c7c54bc6,github-actions[bot],2025-03-21,openconnector,[Changelog CI] Add Changelog for Version 0.1.65,14283/120/02,low,true
dd68aff89f1a96a877a7245cb27184101abfe7f6,GitHub Action,2025-03-21,openconnector,Bump version to 0.1.65,14283/120/02,low,true
cec4bd930e8f7d3ea0a144073059c9d8a88bf78c,Barry Brands,2025-03-21,openconnector,Merge pull request #336 from ConductionNL/development,14283/120/02,low,true
cc9799440a8315d3d47b7787706f737b8c3e8c58,Wilco Louwerse,2025-03-21,openconnector,Merge branch 'development' into feature/VSC-205/export-xml,14283/119/02,high,true
73d2c4e3f7e6c506c70d9eb4b02bb8951ebcfd0d,Barry Brands,2025-03-21,openconnector,Merge pull request #333 from ConductionNL/feature/CONNECTOR-299/mappable-request-data,14283/120/02,low,true
3ecc0e391431e36c99b9fcb9ee8ca5ae0a225415,Wilco Louwerse,2025-03-20,openconnector,Better user feedback for unit tests,14283/120/01,medium,false
7914aac9beac8051285bf7032cbc30f5c07fe47c,Alex Rekachynskyi,2025-03-20,openconnector,JSON Editor added,14283/120/02,low,false
54c806401f96c34b9e024359283b198a7e56b1c2,Barry Brands,2025-03-20,openconnector,Map all request data,14283/120/02,low,false
01cc382d450ae1b5bf0aa53c52696e93f384ab4b,github-actions[bot],2025-03-20,openconnector,[Changelog CI] Add Changelog for Version 0.1.64,14283/120/02,low,true
3e235a5a28a811e5d8b8a382fbc4ad4753c3b9f3,GitHub Action,2025-03-20,openconnector,Bump version to 0.1.64,14283/120/02,low,true
1132e5cf15db20692461a64024ca3138fedfa4cf,Barry Brands,2025-03-20,openconnector,Merge pull request #330 from ConductionNL/development,14283/120/02,low,true
f28a4758e8c035c33058305081c40df6d1b50b2f,Wilco Louwerse,2025-03-18,openconnector,Merge pull request #331 from ConductionNL/feature/VSC-205/export-xml,14283/119/02,high,true
56bcb6c4bcefc69f6f3ad54a08c116039bdc541d,Barry Brands,2025-03-18,openconnector,Merge pull request #329 from ConductionNL/fix/improve-invalid-jwt-checks,14283/120/01,medium,true
4e759e33f6d8afc806a3d60069ec019796cd95c3,Wilco Louwerse,2025-03-18,openconnector,Added a mapResults option for rule config to map results / pagination,14283/120/01,low,false
e50aa3b72d830c81ee317165520433c55a9c2e82,Barry Brands,2025-03-17,openconnector,Make sure we catch errors during jwt auth,14283/120/01,medium,false
c52f587786c29add0084a0dbed8846aff19b9c5d,github-actions[bot],2025-03-17,openconnector,[Changelog CI] Add Changelog for Version 0.1.63,14283/120/02,low,true
68297c5ba7171c492786188625cbb1364a85032e,GitHub Action,2025-03-17,openconnector,Bump version to 0.1.63,14283/120/02,low,true
5841b0d4317b2bf3a3620a1e1e0985d0a74977bb,Wilco Louwerse,2025-03-17,openconnector,Merge pull request #327 from ConductionNL/development,14283/120/02,low,true
112c44651f977cc68521ae07ab6166f5399cdad6,Wilco Louwerse,2025-03-17,openconnector,Fix synchronization result response 'found' to show 1 if _object is used,14283/119/02,high,false
b3507e2dd8dbe9215b6f20769cfcdeb6acc94a18,Wilco Louwerse,2025-03-17,openconnector,Merge pull request #326 from ConductionNL/feature/VSC-205/export-xml,14283/119/02,high,true
506c31cd6149e7cac33ff614060a1d1fc8e5d66f,Wilco Louwerse,2025-03-17,openconnector,Merge branch 'development' into feature/VSC-205/export-xml,14283/119/02,high,true
9733b607476b1997818eb1f23f7a7c85cb3b69ff,Wilco Louwerse,2025-03-17,openconnector,"New _object option for sync -> ""resultsPosition"" when root = 1 object",14283/119/02,high,false
e7f34c4878c2a6df10302a18c77aecbce4bf9a9e,github-actions[bot],2025-03-17,openconnector,[Changelog CI] Add Changelog for Version 0.1.62,14283/120/02,low,true
7f3e6e0966e24e26c890e3b1fbd174622d279246,GitHub Action,2025-03-17,openconnector,Bump version to 0.1.62,14283/120/02,low,true
a2e8a56e77d448c02364d5f7326075bd0b24ba2a,Barry Brands,2025-03-17,openconnector,Merge pull request #323 from ConductionNL/development,14283/120/02,low,true
0bc736a240efb54dc40a10487f4f3c6d1f221cf0,Robert Zondervan,2025-03-17,openconnector,Merge pull request #324 from ConductionNL/feature/VSC-227/add-sync-endpoints,14283/119/02,high,true
82bd6e951a043d372e671443f58af82658303d6b,Robert Zondervan,2025-03-17,openconnector,Add a little bit of documentation about synchronization rules,14283/119/02,high,false
a4f1805923670daadda1dc2d7c06d4364a6cc0ee,Robert Zondervan,2025-03-17,openconnector,Merge remote-tracking branch 'origin/development' into feature/VSC-227/add-sync-endpoints,14283/119/02,high,true
44279de60a87306b7c87120c0144f9b0915b6ef0,Robert Zondervan,2025-03-17,openconnector,Create rule handling for synchronization rules,14283/119/02,high,false
ca7f37d61a88e0fec52546988d46f46246e1c9da,Wilco Louwerse,2025-03-17,openconnector,Merge branch 'development' into feature/VSC-205/export-xml,14283/119/02,high,true
489ae441165247742c8ff1dc08cbb03bb61bf408,Barry Brands,2025-03-17,openconnector,Merge pull request #310 from ConductionNL/feature/ZAAKREG-22/conditions-current-date,14283/120/02,low,true
891969d7f741581763996f6c96afea3b6a87b5eb,Barry Brands,2025-03-17,openconnector,Merge pull request #314 from ConductionNL/fix/REGISTERS-124/validation,14283/119/02,medium,true
91c661253c8e999e06b38a1f31a655513f00617e,Barry Brands,2025-03-17,openconnector,Merge branch 'development' into feature/ZAAKREG-22/conditions-current-date,14283/120/02,low,true
266421da46bcaaa2da06453ae0ebd3ec7c82954c,rubenvdlinde,2025-03-15,openconnector,deploy: 61e17b20ddfb487c41853cd739913adc509b582a,14283/120/02,low,true
61e17b20ddfb487c41853cd739913adc509b582a,Ruben van der Linde,2025-03-15,openconnector,test 7,14283/120/02,low,false
7c97639a2be18207d1f7a0360520239886226f3a,rubenvdlinde,2025-03-15,openconnector,deploy: 19b82f0b7fe4947ac4555d510749bb658fdb6007,14283/120/02,low,true
cbb966b943f13bd640f88215eb97b12d7a76c427,rubenvdlinde,2025-03-15,openconnector,deploy: e804e0155c2e77e99ce50f5fc084eb330237dc84,14283/120/02,low,true
19b82f0b7fe4947ac4555d510749bb658fdb6007,Ruben van der Linde,2025-03-15,openconnector,Test 6,14283/120/02,low,false
e804e0155c2e77e99ce50f5fc084eb330237dc84,Ruben van der Linde,2025-03-15,openconnector,test 5,14283/120/02,low,false
c6ebc6379bda865c9ddf49339df4840486964e0e,rubenvdlinde,2025-03-15,openconnector,deploy: eb6d6292a909ac787e487ea701ca91398928b2a1,14283/120/02,low,true
eb6d6292a909ac787e487ea701ca91398928b2a1,Ruben van der Linde,2025-03-15,openconnector,Test 4,14283/120/02,low,false
bc574354d588c6f61fbd6d16f5ac86fab668eb0c,Ruben van der Linde,2025-03-15,openconnector,test 3,14283/120/02,low,false
eb186890277ba71f46d334f0e353d936965e0a35,Ruben van der Linde,2025-03-15,openconnector,test 2,14283/120/02,low,false
5ab2a4f7b0a91207e0d89c8843933e75d2e94d2c,Ruben van der Linde,2025-03-15,openconnector,Test,14283/120/02,low,false
9a282ede574c6bf69df5c2409e3c42a359399ada,Ruben van der Linde,2025-03-15,openconnector,Try the acorn fix,14283/120/02,low,false
60d2a16a15372e7f71eb96a3762d0d7184812d0a,Ruben van der Linde,2025-03-15,openconnector,Let try this,14283/120/02,low,false
020aedb381a51047c501a893d3849991d71b54d6,Ruben van der Linde,2025-03-15,openconnector,Fixing the sharepoint documentation,14283/120/02,low,false
6c33b6f6c5ac30ea0087b6c998d640a6bcc9b595,Ruben van der Linde,2025-03-15,openconnector,Add lock,14283/120/02,high,false
955aa1249a6e9cf0c35b35f4a03d46adf9c22c9f,Ruben van der Linde,2025-03-15,openconnector,Update to docusarus 3,14283/120/02,low,false
c22118ba9950d1e8313b78266bccece1e0c3cf50,Barry Brands,2025-03-14,openconnector,Fix validation,14283/120/02,low,false
28a4a691cb144a178304ffa7518f370da7b8180b,github-actions[bot],2025-03-14,openconnector,[Changelog CI] Add Changelog for Version 0.1.61,14283/120/02,low,true
6bc0a5f51b0ecf2d2a0fb1bcc28376bec3135a2e,GitHub Action,2025-03-14,openconnector,Bump version to 0.1.61,14283/120/02,low,true
cc3f44e1e9f5025a95a04eb094f6f33282d450b7,Robert Zondervan,2025-03-14,openconnector,Merge pull request #312 from ConductionNL/development,14283/120/02,low,true
877039bccb5e555d2aae7af2b50d1cc0aac17a2a,Wilco Louwerse,2025-03-14,openconnector,Merge pull request #309 from ConductionNL/feature/VSC-205/export-xml,14283/119/02,high,true
6e258a8c62ec635e9b5624ca39443549b5b66304,Wilco Louwerse,2025-03-14,openconnector,Update getters for array/json fields,14283/120/02,low,false
4e6a324209482cabdaef7ec21aebd66f39e834e3,Robert Zondervan,2025-03-14,openconnector,Merge pull request #311 from ConductionNL/feature/CONNECTOR-286/Api-key-auth,14283/119/02,low,true
08238b7bca44894350819542a521f582d27e881d,Robert Zondervan,2025-03-14,openconnector,Allow api key authorization,14283/120/01,high,false
16556954e03ddddf739daffefba1ef9887878e93,Wilco Louwerse,2025-03-13,openconnector,Added getters for all json fields that return [] when DB value = null,14283/120/02,low,false
8dd6b92d543fafb01a4d01b34ad858297d6b6045,Wilco Louwerse,2025-03-13,openconnector,"Revert ""Check if Schema has properties before trying to loop through them""",14283/119/02,medium,true
7a0650fc3822caeb129a0f0dfad4b2a290ada4df,Wilco Louwerse,2025-03-13,openconnector,Merge branch 'development' into feature/VSC-205/export-xml,14283/119/02,high,true
ad196c7b21ee7613925cf2d085137b390ed95161,Wilco Louwerse,2025-03-13,openconnector,Check if Schema has properties before trying to loop through them,14283/119/02,medium,false
4a4df0530536a8551bc2f95446a78d7c2c51522e,Barry Brands,2025-03-13,openconnector,Added and merged some documentation in /website,14283/120/02,low,false
8e72de2eefe4e52bd0691beaadf2d6d25709829c,Wilco Louwerse,2025-03-13,openconnector,Allow reference instead of id for twig function 'executeMapping',14283/119/02,high,false
ca5cb3bd2bfda3cd3add11ffff9458d487a449c5,Barry Brands,2025-03-13,openconnector,Added currentDate functionality,14283/120/02,low,false
5ba8debb79ad0a80894842ca401c768de8de06dc,Thijn,2025-03-13,openconnector,Merge pull request #308 from ConductionNL/fix/remove-rule-from-endpoint,14283/119/02,high,true
0238af30a4625f92c2aec714f2a4ba3e69df8e3e,Thijn,2025-03-13,openconnector,fixed removing rule from endpoint,14283/119/02,high,false
4ebdae6a3454af6142aa05776f137f4e7f0b8b25,Robert Zondervan,2025-03-13,openconnector,Merge pull request #307 from ConductionNL/feature/openconnector/oauth-validating,14283/120/02,low,true
c83c7db1acca927416cd8bb6acd620c8644244ed,Wilco Louwerse,2025-03-13,openconnector,Fix setting version for multiple mappers,14283/119/01,high,false
787aa37f3496ab4ae423c892e37ccb42746ec228,Robert Zondervan,2025-03-13,openconnector,Fix styling,14283/120/02,low,false
b07b3b4211be1383284ea60a0f2ac5e56892f021,Robert Zondervan,2025-03-13,openconnector,Fix CORS for all types of authentication,14283/119/02,low,false
8cc77e57a73331a65228707458fe96afeb7005a1,github-actions[bot],2025-03-13,openconnector,[Changelog CI] Add Changelog for Version 0.1.60,14283/120/02,low,true
fdd680f8d65f1b125e4d7aa1919d2d461d8ca85b,GitHub Action,2025-03-13,openconnector,Bump version to 0.1.60,14283/120/02,low,true
89fa431394d2eb1203f3de0d55b43427b3cec133,Barry Brands,2025-03-13,openconnector,Merge pull request #305 from ConductionNL/development,14283/120/02,low,true
05c2005defd1254bd3eacac0c9c5b30c0b7bd4f4,Barry Brands,2025-03-13,openconnector,Merge pull request #304 from ConductionNL/fix/502onErrorcode,14283/120/02,medium,true
21f5bf792be9ae2e7c79f24d8efad4071a7d8b30,Barry Brands,2025-03-13,openconnector,Merge pull request #303 from ConductionNL/fix/CONNECTOR-280/flip-if-statements,14283/120/02,low,true
36fbce59217e224fabfb8fcb8d9424851c84633b,Robert Zondervan,2025-03-13,openconnector,Fix throwing 502 when an error with code 0 is thrown,14283/120/02,medium,false
45708e78540147ad52dd2d384141d623dc764ada,Barry Brands,2025-03-12,openconnector,Flip order of if statements,14283/120/02,low,false
713a935cf5300510359797db831988dc6bb163e7,Barry Brands,2025-03-12,openconnector,Merge pull request #302 from ConductionNL/fix/CONNECTOR-284/endpoint-regex,14283/119/02,high,true
4cafa65c48db8ed6eeb7a6e67d5af61ef9d3d81c,Barry Brands,2025-03-12,openconnector,Merge pull request #301 from ConductionNL/fix/CONNECTOR-283/get-objects-sub-endpoints,14283/119/02,high,true
18b864ca5ee0222885bce95855f5f932502cb035,Robert Zondervan,2025-03-12,openconnector,First steps in fixing oauth validation,14283/120/02,low,false
e576dc83c73d690870eb84b92e5a5076ff8e9057,Barry Brands,2025-03-12,openconnector,if statement improvement,14283/120/02,low,false
a1aafeccba5f5706b866d260891edb1a7933b2c1,Barry Brands,2025-03-12,openconnector,Fix endpoint regex,14283/119/02,high,false
046b728cd866d834b386201f5a1ab4c0c8bf783c,Barry Brands,2025-03-12,openconnector,Fix getting objects for sub endpoints,14283/119/02,high,false
d38a756612422f40e7966ff2edcceaa92ee2956a,github-actions[bot],2025-03-12,openconnector,[Changelog CI] Add Changelog for Version 0.1.59,14283/120/02,low,true
a7ea79eec33f623cfafac6e3d5747f58efa328c2,GitHub Action,2025-03-12,openconnector,Bump version to 0.1.59,14283/120/02,low,true
73ef81f7cf2c15f57544e73fde7192a064563986,Remko Huisman,2025-03-12,openconnector,Merge pull request #299 from ConductionNL/development,14283/120/02,low,true
0eeedf21807eee59acd290491aa7945eb5ed09a9,Remko Huisman,2025-03-12,openconnector,Merge pull request #298 from ConductionNL/feature/VSC-205/export-xml,14283/119/02,high,true
bcc587ec75c94124ab843218ebec5dc0fbc1d4a1,Wilco Louwerse,2025-03-11,openconnector,"Fix decoding xml response correctly during sync, retain @att with :",14283/119/02,high,false
6b3a1067db3dd9eb492ef23da6c34f07f6e80fe2,Thijn,2025-03-11,openconnector,Merge pull request #297 from CBibop12/development,14283/120/02,low,true
f2fccdaaf7aad5af34d6ef2f89d5fd1b441884ce,Wilco Louwerse,2025-03-11,openconnector,Fix setting and increasing version for configuration objects,14283/120/01,low,false
0d5a3fc6027ce8e91f3984deba3a0c6ff24c1fde,Alex Rekachynskyi,2025-03-11,openconnector,all data is shown on detail pages,14283/120/02,low,false
7020dbf09d707a80ae3b95288586478fadb6e8dc,Wilco Louwerse,2025-03-11,openconnector,Fix MappingRule for after rules,14283/119/02,high,false
4d40679a08de0a26eb22dfa94d07fe36df89c1a4,Wilco Louwerse,2025-03-11,openconnector,Use $data['body'] for mapping,14283/119/02,high,false
b043dc88680c66819d5af877682549a9415ff532,Wilco Louwerse,2025-03-11,openconnector,Merge branch 'development' into feature/VSC-205/export-xml,14283/119/02,high,true
030ff717fea906464165a1fc86f31773c919e7ac,Wilco Louwerse,2025-03-11,openconnector,More changes for checking rules to keep before/after similair,14283/120/02,low,false
e1a800f904a1ae35b33697b2c5cfeecad80a8ee8,Alex Rekachynskyi,2025-03-11,openconnector,all data is shown on detail pages,14283/120/02,low,false
ab1dc16bd26e3ed59be8bc1f4b53e043a685151c,github-actions[bot],2025-03-11,openconnector,[Changelog CI] Add Changelog for Version 0.1.58,14283/120/02,low,true
3d5b26e243ffc17942f778d763c592c16bcbaa88,GitHub Action,2025-03-11,openconnector,Bump version to 0.1.58,14283/120/02,low,true
477a2490e5d8bfe6867a66e9e9008b6074b8baf5,Barry Brands,2025-03-11,openconnector,Merge pull request #294 from ConductionNL/development,14283/120/02,low,true
f7baa8e30eee2845f3146fe4f3f943bee9845921,Robert Zondervan,2025-03-11,openconnector,Merge pull request #275 from ConductionNL/feature/CONNECTOR-276/log-error-responses,14283/120/02,medium,true
f806a6a88fc5c22705d46f009e9ffa6dd757757b,Wilco Louwerse,2025-03-10,openconnector,w.i.p changes for after mapping conditions data input needs more testing,14283/119/02,high,false
9928ebeb7388494211c5ffacce803bb8de70c682,Barry Brands,2025-03-10,openconnector,Merge pull request #295 from ConductionNL/fix/CONNECTOR-283/collection-mapping,14283/119/02,high,true
b63d7fc9c57b033fe081be855a19b02da10a7d3c,Barry Brands,2025-03-10,openconnector,remove var_dump,14283/120/02,low,false
b1641babdd2343743736ce44c1857ed6b7a51473,Barry Brands,2025-03-10,openconnector,Apply mapping on results if method get,14283/119/02,high,false
5d4495701265995a3fef1961d48bfaf1179159a0,Barry Brands,2025-03-10,openconnector,Merge pull request #293 from ConductionNL/feature/CONNECTOR-280/fix-uris,14283/120/02,low,true
c6da8baa3c42c4fd6b53e956c95b88331de39e7c,Barry Brands,2025-03-10,openconnector,Multiple fixes for uri links,14283/120/02,low,false
9a6ec9708cc428b5827312722852e4a5bad46fb8,Robert Zondervan,2025-03-10,openconnector,Make logging the body configurable,14283/120/01,medium,false
966f422bfa3a40b573884c50e99374003b10dcfa,github-actions[bot],2025-03-10,openconnector,[Changelog CI] Add Changelog for Version 0.1.57,14283/120/02,low,true
ca9f007b2974f42bb4643f6fb8e7f2d7b8fa2566,GitHub Action,2025-03-10,openconnector,Bump version to 0.1.57,14283/120/02,low,true
278919db930c9047e02c7cb573e9742c5026b8b7,Wilco Louwerse,2025-03-10,openconnector,Merge pull request #291 from ConductionNL/development,14283/120/02,low,true
6e48d138685ba1e0f1de79c4022bd2e303f6cd7f,Wilco Louwerse,2025-03-10,openconnector,Merge branch 'development' into feature/VSC-205/export-xml,14283/119/02,high,true
bb90e39221083c5fc4eb6f044a369c77a77bf438,Wilco Louwerse,2025-03-10,openconnector,Merge pull request #290 from ConductionNL/feature/VSC-205/export-xml,14283/119/02,high,true
17a6915385039d00094a56ab54fac0ebb63a9828,Wilco Louwerse,2025-03-10,openconnector,Add back requires for ext-simplexml ext-libxml & ext-dom,14283/120/02,low,false
6e4730cc4117d17ea86ef7b11c65370036075099,Wilco Louwerse,2025-03-10,openconnector,Undo composer upgrade changes,14283/119/01,high,false
0f3388c3f8170cb93ef2f45ec9f3c190d7a1db44,Thijn,2025-03-07,openconnector,Merge pull request #289 from ConductionNL/feature/CONNECTOR-271/refresh-contracts-logs-switch,14283/120/02,low,true
b44c635f9d04ed11ae7edcb2872c58625f639542,Thijn,2025-03-07,openconnector,made contracts and logs refresh on switch,14283/120/02,low,false
602523750803961638e2b23cbfabf69ada677749,Thijn,2025-03-07,openconnector,Merge pull request #288 from ConductionNL/feature/CONNECTOR-238/sync-details-has-rules,14283/119/02,high,true
c9201e596601c83d0389294a823295e77528ece2,Thijn,2025-03-07,openconnector,added a rules view to synchronizations detail,14283/119/02,high,false
694007385c965fb89e206379a855f0f886296edc,Wilco Louwerse,2025-03-07,openconnector,small docu update,14283/120/02,low,false
78cccd4777fe08d69e9ec4f66d7e00d86161c0c3,github-actions[bot],2025-03-07,openconnector,[Changelog CI] Add Changelog for Version 0.1.56,14283/120/02,low,true
f8cc4158a6c22827dc2d52354d7ddca9269e1cfd,GitHub Action,2025-03-07,openconnector,Bump version to 0.1.56,14283/120/02,low,true
6ce9676659efcbc767af89f9a588cdd8b140e9f4,Barry Brands,2025-03-07,openconnector,Merge pull request #285 from ConductionNL/development,14283/120/02,low,true
05606fc0fcaa42ec803e6dddc42064d4e0bc3fdc,Barry Brands,2025-03-07,openconnector,Merge pull request #286 from ConductionNL/feature/CONNECTOR-280/fix-uris,14283/120/02,low,true
706682a2c94b25e2a911c30c0879a31f8598df70,Wilco Louwerse,2025-03-07,openconnector,Improved endpoints.md doc,14283/119/02,high,false
fa98cce5f7432dfdafdbadf510caf0bdf5e38b04,Barry Brands,2025-03-07,openconnector,Merge pull request #284 from ConductionNL/feature/CONNECTOR-280/fix-uris,14283/120/02,low,true
c6133d8b4ad3a0df140dbb318416a6326c1c2555,Barry Brands,2025-03-07,openconnector,move docs,14283/120/02,low,false
d32062488148bf66a3ba8e4c6ecd5db07b80e973,Barry Brands,2025-03-07,openconnector,endpoint documentation,14283/119/02,high,false
77a826ab00689d9edcf514a1e5a8d5aae27ff07e,Barry Brands,2025-03-07,openconnector,Fix uris,14283/120/02,low,false
a607b12927e2fda2afbb47f4492ec56b048b9417,github-actions[bot],2025-03-07,openconnector,[Changelog CI] Add Changelog for Version 0.1.55,14283/120/02,low,true
051d3925fc1060368a20e6f5916fcb861ca17546,GitHub Action,2025-03-07,openconnector,Bump version to 0.1.55,14283/120/02,low,true
c01a3f5d543a38fff6e7e12fdacf5c7c24a8f5b0,Barry Brands,2025-03-07,openconnector,Merge pull request #282 from ConductionNL/development,14283/120/02,low,true
f35bb6e9a378ec924f4404f313e588f925f8d30a,Wilco Louwerse,2025-03-07,openconnector,Merge pull request #276 from ConductionNL/feature/VSC-205/export-xml,14283/119/02,high,true
33b2bea706108bb7e66e970e849ecbc36944b4b1,Wilco Louwerse,2025-03-07,openconnector,small code improvements,14283/120/02,low,false
0690ff0ce437921eb78891d215ec82eb7dc0012c,Wilco Louwerse,2025-03-07,openconnector,Remove commented out var_dumps,14283/120/02,low,false
f124f33e0a941801afe19ea07accac5bcbe188be,rubenvdlinde,2025-03-07,openconnector,Deploy website - based on 26cfebc2d6ff7185a6e3b30ab920cb427fb867c5,14283/120/02,low,false
26cfebc2d6ff7185a6e3b30ab920cb427fb867c5,Ruben van der Linde,2025-03-07,openconnector,Website name fix,14283/120/02,low,false
3d1ee62be09d77e981893f706f063030453c9fdb,Barry Brands,2025-03-06,openconnector,Merge pull request #281 from ConductionNL/fix/dont-delete-sub-objects,14283/120/02,low,true
a908d8df21a16ea763dbf7a6390227067fa208e5,Barry Brands,2025-03-06,openconnector,text fix,14283/120/02,low,false
0baada0d326c769c5a8b29b7eca7cb32291ea9ef,Barry Brands,2025-03-06,openconnector,Update documentation about sub objects and synchronization,14283/119/02,high,false
bd6a2e12f2478982c311d835696a760e690b02c0,Barry Brands,2025-03-06,openconnector,Find contracts by correct schema,14283/119/02,medium,false
41904cc7567e53b6ec66152eb30cc4f4d4bba0dd,rubenvdlinde,2025-03-06,openconnector,Deploy website - based on 3e373a9056d5139a04e856141b4f6afd990c34cc,14283/120/02,low,false
3e373a9056d5139a04e856141b4f6afd990c34cc,Ruben van der Linde,2025-03-06,openconnector,Time out,14283/120/02,low,false
271b371fcedf011cd26e087d927c8b3526ece07c,Wilco Louwerse,2025-03-06,openconnector,Fixes for XMLResponse to deal with : in @attributes and the #text tag,14283/120/02,low,false
08e6755a4879f69324f24c3a56f8511f7e42ff3e,rubenvdlinde,2025-03-06,openconnector,Deploy website - based on f5f587cf36bd9fcba0ee2df29bb174535f3fcc87,14283/120/02,low,false
f5f587cf36bd9fcba0ee2df29bb174535f3fcc87,Ruben van der Linde,2025-03-06,openconnector,still workin on the redocsuarus,14283/120/02,low,false
716907136e78de580a651d39645ae3f8519a32d2,rubenvdlinde,2025-03-06,openconnector,Deploy website - based on 18977d61a5459b5ccd02daca29c32a2359e6501d,14283/120/02,low,false
18977d61a5459b5ccd02daca29c32a2359e6501d,Ruben van der Linde,2025-03-06,openconnector,Coding error,14283/120/02,medium,false
1051f730c7dcf8e91b6ddf7cd05c809382b67d19,Ruben van der Linde,2025-03-06,openconnector,Remove /api link,14283/119/02,low,false
530e91dc3ba7352dd9019bfd06e37c63dc2a7b1c,Ruben van der Linde,2025-03-06,openconnector,Link fix,14283/120/02,low,false
d8d71f21580c9e115cf11ff554e781164caff4d4,Ruben van der Linde,2025-03-06,openconnector,Them fix,14283/120/02,low,false
66894fc511a95dbb5e5c0d38dfc9fe46f64d259e,Ruben van der Linde,2025-03-06,openconnector,Fix plugin configuration,14283/120/01,low,false
77222b6f621d858fc72235b8c6fed462dd532155,Ruben van der Linde,2025-03-06,openconnector,lets add api documentation,14283/119/02,low,false
7bf1a59f8531eec6fa6211636fc30cc3b8ba40f6,Wilco Louwerse,2025-03-06,openconnector,Merge branch 'development' into feature/VSC-205/export-xml,14283/119/02,high,true
c3bae780987c65f02cbaa635d4bcc6a79434b3be,rubenvdlinde,2025-03-06,openconnector,Deploy website - based on 5f4d4dc3d398c774f1cc562692873e7590d5a1af,14283/120/02,low,false
5f4d4dc3d398c774f1cc562692873e7590d5a1af,Ruben van der Linde,2025-03-06,openconnector,Style fixes on documentation,14283/120/02,low,false
b53c36070574c5df53d3482a83593418e1e0b975,Barry Brands,2025-03-05,openconnector,only set response if error,14283/120/02,medium,false
50057e03dbe19cb84610895010a5b4459349bd1b,Barry Brands,2025-03-05,openconnector,Prevent errors,14283/120/02,medium,false
204143d0c4bef8c089a0a9b50b8e031e0e21f5fa,github-actions[bot],2025-03-04,openconnector,[Changelog CI] Add Changelog for Version 0.1.54,14283/120/02,low,true
38a4d34c5ea510dfdafc9aa50a9866b1416345ab,GitHub Action,2025-03-04,openconnector,Bump version to 0.1.54,14283/120/02,low,true
a8ed0b3b77fb5b09f94771d6f407eb79825e0a1b,Barry Brands,2025-03-04,openconnector,Merge pull request #273 from ConductionNL/development,14283/120/02,low,true
1f768ae504447fe8b36cf6ed3e65a7e6df41fd4a,Wilco Louwerse,2025-03-04,openconnector,Moved Archimate config files to: VNG-Realisatie/Softwarecatalogus,14283/119/02,high,false
2377a62a40eedd294ce6a3a11fbfa839a5f950d1,Barry Brands,2025-03-04,openconnector,Merge pull request #272 from ConductionNL/feature/CONNECTOR-275/conditions-dot-fix,14283/120/02,low,true
433aad5d10b0bcf9ace2f3176cb9745d96f668e5,Barry Brands,2025-03-04,openconnector,Fix for dots in keys,14283/120/02,low,false
a773a50aefa4b6b08eaf0d532aac67c5261bcce1,Wilco Louwerse,2025-03-04,openconnector,Update for XMLResponse with @root tag + mapping for Archimate get XML,14283/119/02,high,false
423db89901efa92a50f88e2588e751dc9e5d3900,Wilco Louwerse,2025-03-03,openconnector,Added the config files (should probs be updated again),14283/120/01,low,false
e22127828bb4fc4a98657644d29c00b6287a319d,Wilco Louwerse,2025-03-03,openconnector,Some fixes for default xmlResponses when using Endpoins accept=xml,14283/120/02,high,false
764f5979940d16b1872bd3484ef1464e9a5c5d5b,Wilco Louwerse,2025-03-03,openconnector,Added option for Endpoints to return xml on accept=applicaiton/xml,14283/119/02,high,false
2fb4130b3a242457a31f70c3a17cf375f1bc7643,Wilco Louwerse,2025-03-03,openconnector,Merge pull request #271 from ConductionNL/fix/dev-from-main,14283/120/02,low,true
568d1d4c78deffd000229e7595bffbddcdba84f4,Wilco Louwerse,2025-03-03,openconnector,Merge branch 'main' into fix/dev-from-main,14283/120/02,low,true
e3917028c583289c4a84ad88ec6779b79d8f6595,github-actions[bot],2025-03-03,openconnector,[Changelog CI] Add Changelog for Version 0.1.53,14283/120/02,low,true
9d83b4f51cc11811145b130913b314f4ee87d012,GitHub Action,2025-03-03,openconnector,Bump version to 0.1.53,14283/120/02,low,true
4518ea48c0cf8a60c3408679e2b868ca59c342bf,Robert Zondervan,2025-03-03,openconnector,Merge pull request #269 from ConductionNL/hotfix/references,14283/120/02,low,true
4ad90c30b1059b76b894dd4790249a3345c27795,Robert Zondervan,2025-03-03,openconnector,Fix CORS and url rewrites,14283/119/01,medium,false
bee4d98e9cb8d67ea3298f7824a701740b3ba9ad,Robert Zondervan,2025-03-03,openconnector,Fix CORS and url rewrites,14283/119/01,medium,false
d7e0db511bd4efcdba27b3a1129e16b7a4e0bfad,Barry Brands,2025-02-28,openconnector,typo,14283/120/02,low,false
d04d0a0a0f1e4813e75a02d4dd274a6a45a59498,Barry Brands,2025-02-28,openconnector,Documentation update,14283/120/02,low,false
7e5fc7ed5c8ff44987b4cd0c953908d22921c0bb,Wilco Louwerse,2025-02-28,openconnector,Merge pull request #265 from ConductionNL/fix/sync-pagination,14283/119/02,high,true
695005b57316547dc758cd8ec02d9dd11e0050e1,Wilco Louwerse,2025-02-28,openconnector,Small change / fix for getting next page when handling Sync pagination,14283/119/02,high,false
14272ec1aff0e9ff00b48c5afbb2cc257a2d4180,Wilco Louwerse,2025-02-28,openconnector,Small change / fix for getting next page when handling Sync pagination,14283/119/02,high,false
8ef832827ee4397fd708385501d6ddafd4f17c17,Wilco Louwerse,2025-02-28,openconnector,Merge branch 'development' into feature/CONNECTOR-234/sitemap-index-config,14283/119/02,high,true
5aa44eed9bb9a705f5e663ec3966497d51a68742,Wilco Louwerse,2025-02-28,openconnector,Merge branch 'development' into feature/CONNECTOR-227/sharepoint-docu-update,14283/120/02,low,true
8422bd9be47b59ea5cb34ea2cd869e2dcc16e557,github-actions[bot],2025-02-28,openconnector,[Changelog CI] Add Changelog for Version 0.1.52,14283/120/02,low,true
f99bbeaf067fe42a86dad98e2ad77abfeab65ceb,GitHub Action,2025-02-28,openconnector,Bump version to 0.1.52,14283/120/02,low,true
eb34aa6c5029aac7ed5a172d8ceb30804f20f538,Wilco Louwerse,2025-02-28,openconnector,Merge pull request #261 from ConductionNL/development,14283/120/02,low,true
2993c2ebea88f2cb9f8af1c45743bb4f20178160,Wilco Louwerse,2025-02-28,openconnector,Merge pull request #257 from ConductionNL/fix/small-modified-mapping,14283/119/02,high,true
c86e6f121c5f3fc130956583f13cfa267a32e381,Wilco Louwerse,2025-02-28,openconnector,Merge pull request #260 from ConductionNL/feature/CONNECTOR-222/rx-woo-sync,14283/119/02,high,true
6c466d57ecde5c7490c44fb937658eda6e139750,Wilco Louwerse,2025-02-28,openconnector,Fix RX mapping & showing synchronization result objects created/updated,14283/119/02,high,false
d6f773170b6ca73b242a6266a59e25b90cb3f652,github-actions[bot],2025-02-28,openconnector,[Changelog CI] Add Changelog for Version 0.1.51,14283/120/02,low,true
099539ad94b478a4fc856d85e9a4f52edf526f3c,GitHub Action,2025-02-28,openconnector,Bump version to 0.1.51,14283/120/02,low,true
b363c4dfda618918cb3b571f34333317ec9b9bde,Wilco Louwerse,2025-02-28,openconnector,Merge pull request #258 from ConductionNL/development,14283/120/02,low,true
2e419a37d40dc200aab76cbd0f5177fa1bc145f5,Wilco Louwerse,2025-02-28,openconnector,Merge pull request #235 from ConductionNL/feature/CONNECTOR-222/rx-woo-sync,14283/119/02,high,true
9a0fbea4909205a42781dd243ee7fb57f6b03496,Wilco Louwerse,2025-02-28,openconnector,Fixes to get RX sync working (unset query if it is empty while syncing),14283/119/02,high,false
44f76f51d9009ce7d91f3a17c163a22fe65f5714,Wilco Louwerse,2025-02-28,openconnector,Another update for RX mapping and Synchronization config,14283/119/02,high,false
96da1c8822d3fdca23553a4f33080063480731b7,Wilco Louwerse,2025-02-28,openconnector,RX mapping & synchronization config update,14283/119/02,high,false
5df02b411f18abf23c01c9f3500391bbc16d88d5,Wilco Louwerse,2025-02-28,openconnector,Merge branch 'development' into feature/CONNECTOR-222/rx-woo-sync,14283/119/02,high,true
4baa0dbcb295671a6ba5209720d4aa4d3781a959,Wilco Louwerse,2025-02-27,openconnector,required symfony/serializer & begin tests for returning xml response,14283/119/01,high,false
3f6f3ea25f6a6a53900ada3459957c689b072ebe,Barry Brands,2025-02-27,openconnector,Small fix,14283/120/02,low,false
ef0a894a887a57a49f0ab146037c0441e76a9a8d,github-actions[bot],2025-02-27,openconnector,[Changelog CI] Add Changelog for Version 0.1.50,14283/120/02,low,true
d183296e2fce4097d88152f591bd0e3d08d183bc,GitHub Action,2025-02-27,openconnector,Bump version to 0.1.50,14283/120/02,low,true
8ead018c1536c8fa1493bba12882c1fd1fe99625,Barry Brands,2025-02-27,openconnector,Merge pull request #255 from ConductionNL/development,14283/120/02,low,true
293e2bfff6d572350b30b84ca7de092e70e444c2,Wilco Louwerse,2025-02-27,openconnector,Basics for sitemap config,14283/119/02,medium,false
11078c720b051ed74274e1951b88bdd47ce70645,Barry Brands,2025-02-27,openconnector,Merge pull request #254 from ConductionNL/fix/isset-uses-pagination,14283/120/02,low,true
9edb64c54e27c20c1ccab5a455bf22a52a6cf7f2,Barry Brands,2025-02-27,openconnector,Fix uses pagination isset,14283/120/02,low,false
bcf848f75888888b12d20b0224e2d1c179616981,Barry Brands,2025-02-27,openconnector,Nextclouds docs added sharepoint,14283/120/02,low,false
31da3f6853b75106221732402c05c5b5c9c60e7c,Wilco Louwerse,2025-02-27,openconnector,Added 'create a SharePoint Site' & to-do for OpenConnector Synchronization,14283/119/02,high,false
6faf261fba3ca1c5bce5c92889ebb99b27ddaf62,github-actions[bot],2025-02-27,openconnector,[Changelog CI] Add Changelog for Version 0.1.49,14283/120/02,low,true
a499da07c4129752388a2b8d0d3b2ca32277bad3,GitHub Action,2025-02-27,openconnector,Bump version to 0.1.49,14283/120/02,low,true
edd9890e67a256ec360b8c795a013b3b721e7051,Barry Brands,2025-02-27,openconnector,Merge pull request #248 from ConductionNL/development,14283/120/02,low,true
44a1c785571ce7f175d6d2d0a587018e5a0817df,Barry Brands,2025-02-27,openconnector,Merge pull request #247 from ConductionNL/feature/CONNECTOR-223/pagination-option,14283/120/02,low,true
0a9148fe37d5c3fc00aabb9f9cdf18ed324452b0,Wilco Louwerse,2025-02-27,openconnector,Finished improvements for sharepoint docu,14283/120/02,low,false
ca4c98667cdee705b172ede34ed5043edb8196e9,Barry Brands,2025-02-27,openconnector,Added pagination option,14283/120/02,low,false
f3a6852cb9370cfa5b45cf59c8a77eb71707cbe1,github-actions[bot],2025-02-26,openconnector,[Changelog CI] Add Changelog for Version 0.1.48,14283/120/02,low,true
f93d2d7076c82e7c03d0645131aa8d459b03b449,GitHub Action,2025-02-26,openconnector,Bump version to 0.1.48,14283/120/02,low,true
d029be2e0485cf9d57c497c366b9fb7c57429742,Barry Brands,2025-02-26,openconnector,Merge pull request #245 from ConductionNL/development,14283/120/02,low,true
0bf512c03d7c914cec55822f913e232a780e68d3,Barry Brands,2025-02-26,openconnector,Merge pull request #244 from ConductionNL/fix/synchronized-target-ids,14283/119/02,high,true
ceb33bfd891bef0edb7676a5bd316f89e29f713c,Barry Brands,2025-02-26,openconnector,Default array value for $synchronizedTargetIds,14283/119/02,high,false
e1900245700f02f0454c8414aae5063f84144205,github-actions[bot],2025-02-26,openconnector,[Changelog CI] Add Changelog for Version 0.1.47,14283/120/02,low,true
c944f2bd4abe4853da9be41ccd210f893f57d756,GitHub Action,2025-02-26,openconnector,Bump version to 0.1.47,14283/120/02,low,true
816bd568a295e8364bb7b516db1cf586c40122b1,Barry Brands,2025-02-26,openconnector,Merge pull request #242 from ConductionNL/development,14283/120/02,low,true
ffe7f7a79136a1fbc86bb7d1c1a683ac64d08cb5,Barry Brands,2025-02-26,openconnector,Merge pull request #241 from ConductionNL/fix/job-session-and-next-page,14283/120/02,high,true
07a58de6b23759f95dd402d3e79f6a638553d0dd,Barry Brands,2025-02-26,openconnector,Fix next endpoint check,14283/119/02,high,false
81273ca0d8eda78a188ea6c3b7d46ab822af0999,Barry Brands,2025-02-26,openconnector,Catch session errors,14283/120/01,medium,false
f8fdb44a05559abd78e71f8552ab37ed04a07632,Barry Brands,2025-02-26,openconnector,Fix result,14283/120/02,low,false
80f2da3b8eb9c4599fe68b66e6dec969705c63d0,Wilco Louwerse,2025-02-25,openconnector,w.i.p. fixes for sharepoint.md docu,14283/120/02,low,false
52f758211544bff475f165bfc65f1a10d2fcde35,Barry Brands,2025-02-25,openconnector,Merge pull request #240 from ConductionNL/fix/CONNECTOR-272/remove-breaking-code,14283/120/02,low,true
a8a5d8d8dd8b2d307ef629bb2bfcc183a5e1c5cb,Barry Brands,2025-02-25,openconnector,if test deleted = 0,14283/120/02,low,false
1056e9802fcf353e59193abe0f88a4fdd5382dd1,Barry Brands,2025-02-25,openconnector,Removed code that doesn't work,14283/120/02,low,false
a383a2de7c7129abc2f03880caf497ebfec01e63,github-actions[bot],2025-02-25,openconnector,[Changelog CI] Add Changelog for Version 0.1.46,14283/120/02,low,true
f201c0f58bd5456ddd389e8e93674f22666bd099,GitHub Action,2025-02-25,openconnector,Bump version to 0.1.46,14283/120/02,low,true
a51f1179272e29c9f4e32f4e7563f853e9694541,Barry Brands,2025-02-25,openconnector,Merge pull request #238 from ConductionNL/development,14283/120/02,low,true
4959919457614728eac47e9af0b392117372cc10,Barry Brands,2025-02-25,openconnector,Merge pull request #237 from ConductionNL/fix/CONNECTOR-263/fix-pagination,14283/120/02,low,true
721bbd57c2b84e680e6c5f151a7c32589ac80015,Barry Brands,2025-02-24,openconnector,Fix using both next page and pagination query,14283/119/02,high,false
84fb5414b75f5f8e0768f6ddaedd463a51cba584,rubenvdlinde,2025-02-24,openconnector,Deploy website - based on 0be2fb38643a6da7026964dae9e20cb9f4413862,14283/120/02,low,false
0be2fb38643a6da7026964dae9e20cb9f4413862,Ruben van der Linde,2025-02-24,openconnector,Merge branch 'documentation' of https://github.com/ConductionNL/OpenConnector into documentation,14283/120/02,low,true
9b389625591f7016438183405561cd3cf3bb1f93,Ruben van der Linde,2025-02-24,openconnector,Technical breakdown of how pagination should work,14283/120/02,low,false
9fab12389de3256933771873c09d4733335fbd6f,rubenvdlinde,2025-02-24,openconnector,Deploy website - based on 4466613b0ccae4ec4bca713c05277d58ebf4158e,14283/120/02,low,false
056787168d1d46336af4d3629e58724e02ce9f67,github-actions[bot],2025-02-24,openconnector,Render PlantUML files,14283/120/02,low,true
4466613b0ccae4ec4bca713c05277d58ebf4158e,Ruben van der Linde,2025-02-24,openconnector,Lets go do some pagination,14283/120/02,low,false
81ed5cf3d35af5111e9ab11debc6dd9371cb1684,rubenvdlinde,2025-02-24,openconnector,Deploy website - based on b66e1820c172b214d189cdb8634a5ab34e518b82,14283/120/02,low,false
b66e1820c172b214d189cdb8634a5ab34e518b82,Ruben van der Linde,2025-02-24,openconnector,Lets write how pagination should work,14283/120/02,low,false
bb5ed8a0c428593cb4c3de5fccd3905785881a41,Ruben van der Linde,2025-02-24,openconnector,Trying to fix the tabs,14283/120/02,low,false
60e82c85645952eb1d77087efcbca39ee8e59ac9,github-actions[bot],2025-02-24,openconnector,Render PlantUML files,14283/120/02,low,true
13c1cdf3ba13b760c3a81ba8b3bc156d30292a27,Ruben van der Linde,2025-02-24,openconnector,Merge branch 'documentation' of https://github.com/ConductionNL/OpenConnector into documentation,14283/120/02,low,true
4fbf87bd71c55f5f3ec6f9b612872f3b6f73badc,Ruben van der Linde,2025-02-24,openconnector,Better description of result collection,14283/120/02,low,false
cb98a74d7be47729d9fa9ec644d07936badb1709,rubenvdlinde,2025-02-24,openconnector,Deploy website - based on bb1222f73426c809606691f3ad92d8281368e411,14283/120/02,low,false
5bcd5127710fdcdf245ccb5579999488e8c9a4d4,github-actions[bot],2025-02-24,openconnector,Render PlantUML files,14283/120/02,low,true
bb1222f73426c809606691f3ad92d8281368e411,Ruben van der Linde,2025-02-24,openconnector,Merge branch 'documentation' of https://github.com/ConductionNL/OpenConnector into documentation,14283/120/02,low,true
cc32574e8ceb5d376d0ac9bfb06a7636dffc25e5,Ruben van der Linde,2025-02-24,openconnector,Lets get a bit  more documentation in there,14283/120/02,low,false
f2a571bdeb4e2b2b7141cb246eef3383745d68e2,rubenvdlinde,2025-02-24,openconnector,Deploy website - based on 66ef09a97cc092bc5c4ed67bce18b287f69a24d2,14283/120/02,low,false
db73f3b3ed7a8923273b7149091d1d29ef7fccd6,github-actions[bot],2025-02-24,openconnector,Render PlantUML files,14283/120/02,low,true
66ef09a97cc092bc5c4ed67bce18b287f69a24d2,Ruben van der Linde,2025-02-24,openconnector,Lets document sources,14283/119/02,high,false
787513b099878eed89d9f97d118f84a1ce728bfb,Barry Brands,2025-02-24,openconnector,Merge branch 'development' into feature/CONNECTOR-222/rx-woo-sync,14283/119/02,high,true
f3d3765d94d39c876946c6ffd28a8cdc565a00e6,Remko Huisman,2025-02-21,openconnector,Merge pull request #84 from ConductionNL/feature/CONNECTOR-51/dashboard,14283/119/02,medium,true
d3d4045be470b2f37f03197a51efca8174f4fc67,Remko,2025-02-21,openconnector,Merge remote-tracking branch 'origin/feature/CONNECTOR-51/dashboard' into feature/CONNECTOR-51/dashboard,14283/119/02,medium,true
4d1ec29023cdd728192119333fd0713417afd389,Remko,2025-02-21,openconnector,Merge remote-tracking branch 'origin/development' into feature/CONNECTOR-51/dashboard,14283/119/02,medium,true
4443c53c257c33187b5d18bcfb3d18e13c543aa7,rjzondervan,2025-02-20,openconnector,Deploy website - based on f0b5f4494fcdf8a450749a557ac60b92e3171224,14283/120/02,low,false
f0b5f4494fcdf8a450749a557ac60b92e3171224,Robert Zondervan,2025-02-20,openconnector,Merge pull request #230 from ConductionNL/feature/connector-232/sharepoint-docs,14283/120/02,low,true
7c59f8a647c729b275b49ec1e466d45fe1fa703a,Robert Zondervan,2025-02-20,openconnector,Small improvements on rendering,14283/120/02,low,false
2265574718cd5d29948bc93b56c9fa4f273d9c93,Robert Zondervan,2025-02-20,openconnector,Fix newlines,14283/120/02,low,false
19a734c24163956e9db261a8d52784555eec4e6d,Robert Zondervan,2025-02-20,openconnector,Increase size of images,14283/120/02,low,false
951221a98533645fab8650b8ac1b24dfe2689b1e,Robert Zondervan,2025-02-20,openconnector,Merge pull request #227 from ConductionNL/feature/VSC-183/move-auth-logic,14283/120/02,low,true
874bfab192415ca16e8504590b510778dc2da86e,Robert Zondervan,2025-02-20,openconnector,Add documentation for connecting to Microsoft Sharepoint,14283/120/02,low,false
a03fc25d8d75377e946ad884f2a20744717f00dc,bbrands02,2025-02-19,openconnector,Deploy website - based on ce98cce73ef40c25e9d43aeb24e1d8790d56ae7d,14283/120/02,low,false
ce98cce73ef40c25e9d43aeb24e1d8790d56ae7d,Barry Brands,2025-02-19,openconnector,Added docs for sharepoint configuring for Woo,14283/120/01,low,false
d2374bbadb047e293ef424a0a97165911a7136a0,github-actions[bot],2025-02-19,openconnector,[Changelog CI] Add Changelog for Version 0.1.45,14283/120/02,low,true
16e3040fd35be9a2609f023389f3b324e520a4c3,GitHub Action,2025-02-19,openconnector,Bump version to 0.1.45,14283/120/02,low,true
fb1973f617b661e6863e77349bd21eda937ca0bf,Barry Brands,2025-02-19,openconnector,Merge pull request #225 from ConductionNL/development,14283/120/02,low,true
2964c7f367c7b5db86e4b94c724e50b301fbf5e4,Robert Zondervan,2025-02-19,openconnector,Add missing docblocks,14283/120/02,high,false
9db5122dc60ad27c0e6bc2d83c8d695c943314c2,Robert Zondervan,2025-02-19,openconnector,"Move authentication logic to rules, allowing for public endpoints",14283/119/02,high,false
ea5a373044960dff16b5326dcdabe32cda73aa58,Barry Brands,2025-02-19,openconnector,Merge pull request #226 from ConductionNL/fix/format-schedule-after,14283/120/02,low,true
b2d0015450625b07a7f8eaba31c102cf6aeb0305,Barry Brands,2025-02-19,openconnector,fix format schedule after,14283/120/02,low,false
7a724e5e90a6646edea713fda7b01dfce5d2fcb8,Ruben van der Linde,2025-02-19,openconnector,First draft on XML response (WIP DONT MERGE),14283/120/02,low,false
a75c4284638d2ecded4d5e20fc842d31888d8575,Wilco Louwerse,2025-02-18,openconnector,Small fixes,14283/120/02,low,false
9e57bf66ec9110b83efff5cc363cff345aee3aed,Barry Brands,2025-02-18,openconnector,Merge pull request #224 from ConductionNL/feature/CONNECTOR-223/sharepoint-config,14283/120/01,low,true
e9d4f980c661996288071e1ab63ac204e97ee1e8,Barry Brands,2025-02-18,openconnector,Fix run and test sync backend,14283/119/02,high,false
557156897407de368987d8802111c26d99562610,Barry Brands,2025-02-18,openconnector,Fix run and test sync frontend,14283/119/02,high,false
2db8576078471788002907617aae797f5cafc5e8,Barry Brands,2025-02-18,openconnector,Fix if endpoint null return,14283/119/02,high,false
8f30b166a09fe44293c46b1d99ff5eefb60fef9b,Barry Brands,2025-02-18,openconnector,Added rule and updated mapping for sharepoint,14283/119/02,high,false
dfcea426491b2cfeb9373622a191d123d8ffe7a4,rubenvdlinde,2025-02-18,openconnector,Deploy website - based on da04d6dae2467c3454cd762c7dd691cd4350dd69,14283/120/02,low,false
da04d6dae2467c3454cd762c7dd691cd4350dd69,Ruben van der Linde,2025-02-18,openconnector,Add sharpoint to the sidebar,14283/120/02,low,false
41b9a88667c2330868c291ec8cece9d2302e5416,rubenvdlinde,2025-02-18,openconnector,Deploy website - based on cb3bf9f717fe750b0c9d9f765043f0aba26a81e9,14283/120/02,low,false
cb3bf9f717fe750b0c9d9f765043f0aba26a81e9,Ruben van der Linde,2025-02-18,openconnector,Add sharepoint tutorial,14283/120/02,low,false
1a9da1824fb8684fcd5af78b2573a6184a0a308d,rubenvdlinde,2025-02-18,openconnector,Deploy website - based on 2a26e2fbc375128fbd1861434c3207bd8674a14d,14283/120/02,low,false
2a26e2fbc375128fbd1861434c3207bd8674a14d,Ruben van der Linde,2025-02-18,openconnector,Fix CNAME and style,14283/120/02,low,false
4f23eb0315c9cfa47b10a9ad05e974a2e54e0f95,Ruben van der Linde,2025-02-17,openconnector,Create CNAME,14283/120/02,low,false
1a52a370a1ff6040b5cfd6fba7d859c1a8292517,rubenvdlinde,2025-02-17,openconnector,Deploy website - based on f915d3bda23b1e943d0d952dc3b9456cb3f253d6,14283/120/02,low,false
f915d3bda23b1e943d0d952dc3b9456cb3f253d6,Ruben van der Linde,2025-02-17,openconnector,Propper domain name,14283/120/02,low,false
dce64095c68d7f4dbdf50618034186cddceb586d,Ruben van der Linde,2025-02-17,openconnector,Create CNAME,14283/120/02,low,false
3b3f0add0a6de3c0aae19d79e923f14f4719b1e7,rubenvdlinde,2025-02-17,openconnector,Deploy website - based on a903332f737e2674a13971244252d064efa8c1d0,14283/120/02,low,false
a903332f737e2674a13971244252d064efa8c1d0,Ruben van der Linde,2025-02-17,openconnector,Let properly render the docusaurus,14283/120/02,low,false
671b150813f89a683ed48e08941cfe71a5be5cfb,Ruben van der Linde,2025-02-17,openconnector,Issue template,14283/120/02,low,false
c2f7f957a579d08260cdcf4e674f14e18f928593,Ruben van der Linde,2025-02-17,openconnector,Webstie update,14283/120/02,low,false
b7f72d8d391784e90232280f398fcdeb0acc7ce6,Ruben van der Linde,2025-02-17,openconnector,Merge branch 'development' into documentation,14283/120/02,low,true
a5366a3ff6d7cb2dc5b8fb537883cea27468d341,github-actions[bot],2025-02-17,openconnector,[Changelog CI] Add Changelog for Version 0.1.44,14283/120/02,low,true
fa84042f8502bfe73615b5fbeb9826f60c4ce38c,GitHub Action,2025-02-17,openconnector,Bump version to 0.1.44,14283/120/02,low,true
168bcb8e5d0fb7f12ffa6d1b1100d035fa77bdac,Ruben van der Linde,2025-02-17,openconnector,Merge pull request #220 from ConductionNL/development,14283/120/02,low,true
893bb49b945dcffc3c891cdd50f8836721b0f420,Ruben van der Linde,2025-02-17,openconnector,Merge pull request #221 from ConductionNL/feature/VSC-179/xml-import,14283/119/02,high,true
5d3e9acfe61934ca323cc87a03afc713cc1963fe,Wilco Louwerse,2025-02-17,openconnector,Changes to RX configuration files + some small code style fixes,14283/120/01,low,false
78ee6cbae712c4e6b79e2373038474ea197c3d06,Ruben van der Linde,2025-02-17,openconnector,Zin naar Nederlands,14283/120/02,low,false
f921719fc10349d75a5df1fad9980cc66f89e52e,Remko,2025-02-17,openconnector,lint-fix,14283/119/01,low,false
8388665d83ad1df0fd16c64da553bf8b05531b33,Ruben van der Linde,2025-02-17,openconnector,Add XML import support for open connector,14283/119/02,high,false
f42d80925603f4b0bd4df0af0d44bddf1fb946bc,Ruben van der Linde,2025-02-16,openconnector,Merge remote-tracking branch 'origin/development' into documentation,14283/120/02,low,true
f1f5e549e8e5a25cd5be0d3850bb3d60d5137da4,Wilco Louwerse,2025-02-14,openconnector,Update RX configuration,14283/120/01,low,false
bec2ace713ba15acb7601926038a01579536c77e,Barry Brands,2025-02-14,openconnector,sharepoint attachments mapping adjusted,14283/119/02,high,false
17b57999a8c7aa2924c7fcb2efda6271739863c4,Wilco Louwerse,2025-02-14,openconnector,Merge branch 'development' into feature/CONNECTOR-222/rx-woo-sync,14283/119/02,high,true
d6d419280aa587099b0bcb1e05b3ddbc64d46b81,Barry Brands,2025-02-14,openconnector,Merge pull request #219 from ConductionNL/feature/CONNECTOR-220/files-xxllnc-suite,14283/120/02,low,true
bd682ffd9fd9ebbeb25d0ce3c9e4f5d2a0aa2a70,Barry Brands,2025-02-14,openconnector,fix sync config,14283/119/02,high,false
df28e32d0692a66677a094911205f05ba8d78704,Barry Brands,2025-02-14,openconnector,remove base64 decode and map fix,14283/120/02,low,false
805e67d5de5bb596e95ed3f215d6dff2a7678148,Robert Zondervan,2025-02-14,openconnector,Merge pull request #218 from ConductionNL/feature/registers-107/share-file,14283/119/02,medium,true
36d8d877bf245895a333bf6f4a7ad89e8435e46e,Barry Brands,2025-02-14,openconnector,add config for xxllnc suite,14283/120/01,low,false
5d757f1320606adea651b6b0edb32e2067d73e4e,Barry Brands,2025-02-14,openconnector,Deal with array files for write file,14283/120/02,low,false
fba4b06264520adcf55f30047e13fb6a699376cb,Barry Brands,2025-02-14,openconnector,pass force to synchronizeContract,14283/119/02,high,false
f963f52b832965a70e8ec9df649097b5bbc4f075,Robert Zondervan,2025-02-14,openconnector,Request sharing files,14283/120/02,low,false
912c7dd15e6abedd20023b50f092d2ca7a1b8329,Thijn,2025-02-14,openconnector,Merge pull request #217 from ConductionNL/feature/CONNECTOR-242/autoShare,14283/120/02,low,true
deb610bd609807d4c7685f85e009675932540492,Thijn,2025-02-14,openconnector,added autoShare,14283/120/02,low,false
f8d49776921b9f0951c0ce270161d7fa59696b68,Barry Brands,2025-02-14,openconnector,Merge branch 'development' into feature/CONNECTOR-220/files-xxllnc-suite,14283/120/02,low,true
dd77c277809b7d6fd6b495e71e58eaf9c4064341,github-actions[bot],2025-02-13,openconnector,[Changelog CI] Add Changelog for Version 0.1.43,14283/120/02,low,true
1b5170347e23011dc2b031627cf94d5ef52a17d8,GitHub Action,2025-02-13,openconnector,Bump version to 0.1.43,14283/120/02,low,true
53e223030e78fa8d154fcd5c34a3b617b070fb50,Remko Huisman,2025-02-13,openconnector,Merge pull request #215 from ConductionNL/development,14283/120/02,low,true
1d6858a534868cb5a243bce4f2c39c25747871c8,Robert Zondervan,2025-02-13,openconnector,Merge pull request #214 from ConductionNL/fix/file-fixes,14283/120/02,low,true
28d4c2dd5440929ae02a01d6c93cfdd56a876b7d,Robert Zondervan,2025-02-13,openconnector,Fix tag objecttype,14283/120/02,low,false
916118c567cff759526a6be68bbdef1a5d17e62a,Wilco Louwerse,2025-02-13,openconnector,"Added basics for source, sync, rule & mapping RX Fundament > Woo",14283/119/02,high,false
2a6f2acb5f21ad04d54168649badecc714afe41d,Thijn,2025-02-13,openconnector,fixes,14283/120/02,low,false
a6905431edacd9b7177f80ab24e5f471a69751c2,Thijn,2025-02-13,openconnector,Merge branch 'development' into feature/CONNECTOR-51/dashboard,14283/119/02,medium,true
1283be14596b49316af3511cd98979ef93fc7316,github-actions[bot],2025-02-12,openconnector,[Changelog CI] Add Changelog for Version 0.1.42,14283/120/02,low,true
d8dcff1dd479301a80e0d6ec38bea2a86b73a768,GitHub Action,2025-02-12,openconnector,Bump version to 0.1.42,14283/120/02,low,true
5fbc1e27165914b08c842892e0a9b680f0b6d687,Robert Zondervan,2025-02-12,openconnector,Merge pull request #212 from ConductionNL/hotfix/variable-name,14283/120/02,low,true
2fdc99faac049f24afdfc90a80637828ad5c65c3,Robert Zondervan,2025-02-12,openconnector,Use correct variable name for target last action,14283/120/02,low,false
df53947bc1bf297b5126525ac6348ea8c3da9a9a,github-actions[bot],2025-02-12,openconnector,[Changelog CI] Add Changelog for Version 0.1.41,14283/120/02,low,true
5339565a013739b8f1fdfbf1699f16755fb82209,GitHub Action,2025-02-12,openconnector,Bump version to 0.1.41,14283/120/02,low,true
3275209f4c94165d693608f68b81fe5929d26a84,Barry Brands,2025-02-12,openconnector,Merge pull request #210 from ConductionNL/development,14283/120/02,low,true
8ee522c99e45b8d099ac28348072d09fd99caa67,Barry Brands,2025-02-12,openconnector,Merge pull request #209 from ConductionNL/feature/REGISTERS-104/use-add-file,14283/119/02,medium,true
e0b651de8dad4c8279951725146c97bb2925db9f,Barry Brands,2025-02-12,openconnector,Change writeFile to OpenRegister addFile,14283/119/02,medium,false
fea40eeca05caff3b3b1e12698b7cfef4652443d,Ruben van der Linde,2025-02-12,openconnector,Merge remote-tracking branch 'origin/documentation' into documentation,14283/120/02,low,true
2cccab2894f69ca01fe98a18ecd0054e0fb0bfd4,Ruben van der Linde,2025-02-12,openconnector,First draft for documentation,14283/120/02,low,false
4b9541c86eb8e84d4c6cee757e27cd69dbd89ef2,Barry Brands,2025-02-11,openconnector,Merge pull request #208 from ConductionNL/feature/CONNECTOR-219/assign-tags,14283/120/02,low,true
7fc0e0b46dbc9957ca3bf60c06d9f716c69ccb35,Barry Brands,2025-02-11,openconnector,Small fix,14283/120/02,low,false
937eb0b7896c19a0ed349562bbca27905455f792,Barry Brands,2025-02-11,openconnector,Update rule docs a bit,14283/120/02,low,false
5c726de652a5a696226751649a436b024a815381,Barry Brands,2025-02-11,openconnector,Woo config: update mapping with filename and label,14283/119/02,high,false
69e12a712218917a903bf3c44cf864a0306f6942,Barry Brands,2025-02-11,openconnector,Woo config: added tags to rule,14283/120/01,low,false
b1f38122b745151dc47e6c921c3c20018732a070,Barry Brands,2025-02-11,openconnector,remove var_dumps,14283/120/02,low,false
4ec32526328be6e01a6d2be26d76a2847d055ea6,Barry Brands,2025-02-11,openconnector,Tag refactor and add default tag for objectId,14283/120/02,high,false
d6fc4e8f979b07a99bc224c1cf9cf949bbeef3fd,Mwest2020,2025-02-11,openconnector,feat: initial documentation setup,14283/120/02,low,false
b3386195c4cb9642a54da9d968901e7d09d58a6d,Barry Brands,2025-02-10,openconnector,Add rule and mapping for suite files,14283/119/02,high,false
f1971c836ce41245a854dbbf3427111cefb0f223,Barry Brands,2025-02-10,openconnector,Small doc improvement,14283/120/02,low,false
4b6bd6e69846e6ac7753993f78856205df016eb2,Barry Brands,2025-02-10,openconnector,Expanded rules docs on tags,14283/120/02,low,false
273393ecdad1a94ae55af38af23df38b5a3c1c71,Barry Brands,2025-02-10,openconnector,Merge remote-tracking branch 'origin/feature/CONNECTOR-219/assign-tags' into feature/CONNECTOR-219/assign-tags,14283/120/02,low,true
cbb81ad40cd776c3866d3c5964ae92fe7f075547,Barry Brands,2025-02-10,openconnector,fix some if statements,14283/120/02,low,false
23b40d896715e18c0efe382248c6059f76e45354,Wilco Louwerse,2025-02-10,openconnector,Style fixes for pr,14283/120/02,low,false
0eee14b7bf1bac835a64dbe829cc33fd58e43426,Barry Brands,2025-02-10,openconnector,remove dumps,14283/120/02,low,false
559b7f9d1d32aa8f4b6de867d8196d65c3ec8849,Barry Brands,2025-02-10,openconnector,Merge remote-tracking branch 'origin/feature/CONNECTOR-219/assign-tags' into feature/CONNECTOR-219/assign-tags,14283/120/02,low,true
2f6957e8b18463021a90b11cff954bd2b97e3ad5,Barry Brands,2025-02-10,openconnector,add tags to write file rule,14283/120/02,low,false
c75ca65568d63eafd58bb1c842795e2abd258d50,github-actions[bot],2025-02-10,openconnector,[Changelog CI] Add Changelog for Version 0.1.40,14283/120/02,low,true
56d4e65eedcce6a834d8b7f8f12c499b751e115d,GitHub Action,2025-02-10,openconnector,Bump version to 0.1.40,14283/120/02,low,true
e609c3ad07416a43e10b99ce67516246def5631b,Remko Huisman,2025-02-10,openconnector,Merge pull request #206 from ConductionNL/development,14283/120/02,low,true
69b25afb87060249e9784c77f3c91f9fb7abebbe,Barry Brands,2025-02-10,openconnector,added if checks on logs,14283/120/02,low,false
ba7710b0ecf1eddd4f2eaf828ac551098211fee4,Barry Brands,2025-02-10,openconnector,Added get or create tag objects,14283/120/02,low,false
2b3554a1f739193fad3e8e7cdf895b230cea1d99,Barry Brands,2025-02-07,openconnector,Merge remote-tracking branch 'origin/development' into feature/CONNECTOR-219/assign-tags,14283/120/02,low,true
ffa87f3f94b84fdd300858c7fb0339995e949226,Thijn,2025-02-07,openconnector,Merge pull request #188 from ConductionNL/feature/IBOC-114/inverted-logs,14283/120/02,low,true
598c470bce2be55c841cbc91fd516886a234fef5,Thijn,2025-02-07,openconnector,Merge pull request #205 from ConductionNL/feature/CONNECTOR-228/fetch-write-files-tags,14283/120/02,low,true
4df10fed0f542f85848a5c652e2c21d319e31db0,Remko,2025-02-07,openconnector,Cleanup,14283/120/02,low,false
5a2f302f0e603e465608c03edf54f7d7e277c6b8,Remko Huisman,2025-02-07,openconnector,Merge pull request #179 from ConductionNL/feature/CONNECTOR-155/action-menu-same,14283/120/02,low,true
9acaf766e72f4b7799cc384e902cc405e2c4eb60,Thijn,2025-02-07,openconnector,small code style fix,14283/120/02,low,false
c7af9c43bd48aebf6b14d25bd5113eb6718ba858,Thijn,2025-02-07,openconnector,changed dropdown no option text,14283/120/02,low,false
a3bfbe9e01736a6595f0741b5845b44ae9b3d65f,Thijn,2025-02-07,openconnector,WIP - tags on fetch and write file on Rules,14283/120/02,low,false
b39e41020e2790c5f959705558d24a678cb4bf1f,Remko,2025-02-07,openconnector,Lint fixes,14283/119/01,low,false
a15cf5a9c56c7f8c36f04d1064d4ab39d3be540b,Barry Brands,2025-02-07,openconnector,Typo fixes,14283/120/02,low,false
8b3aa32f2477b50d3b2b25b40c86040d02bd0d3f,Barry Brands,2025-02-07,openconnector,Merge branch 'development' into feature/CONNECTOR-155/action-menu-same,14283/120/02,low,true
7a5cb13fdcca7966f2cde728abe41f56cd3a3e60,Thijn,2025-02-07,openconnector,Merge pull request #202 from ConductionNL/feature/CONNECTOR-192/store-getters,14283/120/02,low,true
493b36f67e67e725b891e9351c8656123d1a168b,Thijn,2025-02-07,openconnector,Update src/entities/source/source.ts,14283/119/02,high,false
beacf07eb3c1d581f4cee0a60e392c867ac338f9,Barry Brands,2025-02-07,openconnector,Assign tags to files,14283/120/02,low,false
9d241b7014dbc2fbd18dec42b8c07dfd5c513980,Barry Brands,2025-02-04,openconnector,Added docblocks,14283/120/02,high,false
077afa5ed6c3be06bfc956d319927d6d85d0fa4e,Wilco Louwerse,2025-02-04,openconnector,"Style changes, for pr",14283/120/02,low,false
5b654a75add400116902f7981c3a2125a73dbdab,Wilco Louwerse,2025-02-04,openconnector,Merge branch 'development' into feature/CONNECTOR-51/dashboard,14283/119/02,medium,true
2ca974ee7ad444a1153a875db9547778799c096a,Thijn,2025-02-04,openconnector,lint-fix,14283/119/01,low,false
72d0df53d99dfe03e2f63017498c05554e968fe9,Thijn,2025-02-04,openconnector,changed export param,14283/119/02,high,false
1bcc96f3dd39fe719058116a272638ccc5ea1b4b,Thijn,2025-02-04,openconnector,Merge branch 'development' into feature/CONNECTOR-192/store-getters,14283/120/02,low,true
bbea8adcef25980173515bfe13a88957b4d06969,Thijn,2025-02-04,openconnector,fixed synchronizations,14283/119/02,high,false
116d2363cf49ad508116e20a745cacb01fcff74e,Thijn,2025-02-04,openconnector,fixed rules,14283/120/02,low,false
8ec133c42c7d053f36a19e9b64d8fc7e2206402f,Thijn,2025-02-04,openconnector,fixed mappings,14283/119/02,high,false
e650d99e8b52fad637db3874b1cf1665de92e588,Thijn,2025-02-04,openconnector,fixed jobs,14283/120/02,high,false
2ca455790db3074da1f545c5d31e8e856ed573c0,Thijn,2025-02-04,openconnector,changed function call,14283/120/02,low,false
df74ae6123f72281602b9946b44495cd5397acd8,Thijn,2025-02-04,openconnector,fixed endpoints,14283/119/02,high,false
f679f0861ac70ba2afe4226d9e6322f0069bc873,Thijn,2025-02-04,openconnector,fixed sources,14283/119/02,high,false
b9c225b3e4b269f2f490e0b5fe0c5c69285bf721,Thijn,2025-02-04,openconnector,removed validation as it is currently not done properly,14283/120/02,low,false
517fe112c5e7f679ab050409ce1a01a50c58b636,Thijn,2025-02-04,openconnector,changed webhook store,14283/120/02,medium,false
0b42d9293f89417496707c2d11caa09ac006c9c1,Thijn,2025-02-04,openconnector,changed type back to number,14283/120/02,low,false
801190f3faed86d11e4b0fa8cdaaf4ccd2d4a5c1,Thijn,2025-02-04,openconnector,changed synchronization store,14283/119/02,high,false
e28fd72945cd613b11739378cbe13f6ae4409445,Thijn,2025-02-03,openconnector,changed source store,14283/119/02,high,false
15d089d57fc41903342a5c414607ff05111864b4,Thijn,2025-02-03,openconnector,changed search store,14283/119/02,high,false
e316d2eca29f5098952da0b219e1e38aa2133234,Thijn,2025-02-03,openconnector,changed rule store,14283/120/02,low,false
b23bd6de437268315e16950b0ad9bcab93df730a,Thijn,2025-02-03,openconnector,changed a few references and names for mapping store,14283/119/02,high,false
160c0fe718464df78645ef6ec2ac9a6618fe4429,Thijn,2025-02-03,openconnector,changed mapping store,14283/119/02,high,false
5670620819cfdcd07610902820559b051caba42b,Thijn,2025-02-03,openconnector,changed test extension,14283/120/02,low,false
f44714d6785dfc0702383e6b4aa9f81d234e6c20,Thijn,2025-02-03,openconnector,changed log store,14283/120/02,low,false
2818965010abe1b143c9d38d425d42ba06c102a6,Thijn,2025-02-03,openconnector,updated caniuse-lite to latest,14283/120/02,low,false
ad2b28b72975006196724759367616ad846b61c3,Thijn,2025-02-03,openconnector,changed job store,14283/120/02,high,false
4d7e09c25d7513ec3de2165b2addfe50e6184016,Thijn,2025-02-03,openconnector,changed event store,14283/120/02,medium,false
46a6e4558603597652649bca515df157e544d206,Barry Brands,2025-01-31,openconnector,Fix some returns,14283/120/02,low,false
7fbcaa6007420b713ef7fbd8d2cda8ea76491bc2,Thijn,2025-01-31,openconnector,Merge pull request #186 from ConductionNL/feature/CONNECTOR-155/bug-fixes,14283/120/02,low,true
1a51575a978e95ecfac674c5d67fbf9b2a1e4629,Barry Brands,2025-01-30,openconnector,added originIds to mappings,14283/119/02,high,false
61ad7209b12fcf96f69f6d2a6d946be03e18e770,Barry Brands,2025-01-30,openconnector,Started ZGW xllnc documentation,14283/120/02,low,false
1fe02f95548bed2d68af0ce574eab6199138721f,Barry Brands,2025-01-30,openconnector,Map outgoing objects with targetSourceConfig,14283/119/02,high,false
90793df554fa833da4fe79044a847bec8b87976d,Barry Brands,2025-01-30,openconnector,Fix check on event,14283/120/02,medium,false
bf99115534151e1b581f64c2d3f6ce8b95a0cd11,Thijn,2025-01-30,openconnector,Merge branch 'development' into feature/CONNECTOR-192/store-getters,14283/120/02,low,true
256974bc739d048ed10ad9679b242cb3d11dab6f,github-actions[bot],2025-01-30,openconnector,[Changelog CI] Add Changelog for Version 0.1.39,14283/120/02,low,true
e189bb6a0e2b03c6b9a0ff6983704321faafbeb3,GitHub Action,2025-01-30,openconnector,Bump version to 0.1.39,14283/120/02,low,true
80f32923b7017905a0b3e83b8f82f480e691a70e,Remko Huisman,2025-01-30,openconnector,Merge pull request #199 from ConductionNL/development,14283/120/02,low,true
d0f73f6362b19e53a3cab3a8c089b78cfb34a19f,Robert Zondervan,2025-01-30,openconnector,Merge pull request #200 from ConductionNL/fix/main-to-dev,14283/120/02,low,true
e84065c278a1a0922624179ae1bdb39eed77f747,Remko Huisman,2025-01-30,openconnector,Merge pull request #197 from ConductionNL/feature/CONNECTOR-206/rule-fileparts,14283/120/02,low,true
d996bbaa862805d6b95f4b1c3ddac1e307060d57,Remko,2025-01-30,openconnector,Requested changes,14283/120/02,low,false
42d3975f4f59a98d03a3976d7562257c4d479f4a,Robert Zondervan,2025-01-30,openconnector,Small fix,14283/120/02,low,false
d9126231142f51d0e90f0afb15075651b0917c58,Robert Zondervan,2025-01-30,openconnector,Resolve merge conflict,14283/120/02,low,false
592e6090e35cdcf20d58f311cbbb6a4bcbe6003e,Robert Zondervan,2025-01-30,openconnector,Merge pull request #198 from ConductionNL/feature/CONNECTOR-207/multi-file-sync,14283/119/02,high,true
29eb40bd951e5cd9d2446e34368e819dc5cc91dc,Wilco Louwerse,2025-01-30,openconnector,Final try{ style fixes,14283/120/02,low,false
82794b1230c923ddd1d02073857fcb639e67c74b,Wilco Louwerse,2025-01-30,openconnector,Some more style & docblock fixes,14283/120/02,high,false
703e7128134690b0b1432514e69c469b5015ddc3,Wilco Louwerse,2025-01-30,openconnector,Code style fixes for pr,14283/120/02,low,false
3ca9dfb654778fa964b5e51d25332413eb6cf4d6,Robert Zondervan,2025-01-30,openconnector,"Add syncing multiple files, writing in the fetch action",14283/119/02,high,false
0ec3476cf2999b2d60f43a357cb1a78b0f9599f5,Remko,2025-01-30,openconnector,Added subforms for fileparts_create and filepart_upload,14283/120/02,low,false
98f34d7466590cf8394afe16bb695d6be7278edb,Thijn,2025-01-30,openconnector,Merge pull request #192 from ConductionNL/feature/IBOC-110/fill-sync-tab,14283/119/02,high,true
aaa2095aa4ff3be9a159fb45fcb168a1b5307090,Barry Brands,2025-01-29,openconnector,Add RegisterEventListener,14283/119/02,medium,false
af73fe0e9583a7a23f71d9585f46facd72de5481,Robert Zondervan,2025-01-29,openconnector,Merge pull request #196 from ConductionNL/feature/CONNECTOR-190/Fileparts,14283/120/02,low,true
b4875e5ed24c17f4d3ea86094478bca190bf31b3,Robert Zondervan,2025-01-29,openconnector,Corrected checks,14283/120/02,low,false
f6dafc3b1377e691b824c9d72b6ce55529ef1b10,Robert Zondervan,2025-01-29,openconnector,PR comments,14283/120/02,low,false
232a74eccd4c86929d81b75515ff7d0de2073df8,Remko,2025-01-29,openconnector,Reverded info.xml change and added sourceConfiguration,14283/119/02,high,false
5cda7459664289146a1494d4f8be0980ecec5f17,Remko,2025-01-29,openconnector,Updated sourceConfiguration,14283/119/02,high,false
a85c8eae9780f5b2f2cbd77ebd2946a6b6860b09,Robert Zondervan,2025-01-29,openconnector,Merge remote-tracking branch 'origin/development' into feature/CONNECTOR-190/Fileparts,14283/120/02,low,true
4f5dc8ddf8adbee4f89302fa75f29ad011c37837,Robert Zondervan,2025-01-29,openconnector,Conform to configuration convention used in other rules.,14283/120/01,low,false
a0961e701431c0432694a05b9ebe676348a8de48,Robert Zondervan,2025-01-29,openconnector,Docblocks in synchronizationService,14283/119/02,high,false
2bf183288e9dd49ec0500f30b8ac321df7f7044a,Robert Zondervan,2025-01-29,openconnector,Cleanup and documentation.,14283/120/02,low,false
c488131aa0eb3f582aa0064bf33c63eb78838f83,Remko Huisman,2025-01-29,openconnector,Merge pull request #195 from ConductionNL/feature/CONNECTOR-202/sub-forms,14283/120/02,low,true
28da7065c5f3e9b7c225f2638a75779d157d581b,Remko,2025-01-29,openconnector,Merge remote-tracking branch 'origin/feature/CONNECTOR-190/Fileparts' into feature/CONNECTOR-202/sub-forms,14283/120/02,low,true
d8e14b0d9667b4cabdf2126117f0222972bb6035,Remko Huisman,2025-01-29,openconnector,Merge pull request #194 from ConductionNL/feature/CONNECTOR-203/timing,14283/120/02,low,true
e1b2c85b4eab60b8a2a1a69fd81356c63eda73a3,Remko,2025-01-29,openconnector,Added write_file and fetch_file,14283/120/02,low,false
56cf1fe338fac266812fae546169db0933a74f3d,Remko,2025-01-29,openconnector,Merge branch 'feature/CONNECTOR-203/timing' into feature/CONNECTOR-202/sub-forms,14283/120/02,low,true
a99d51f8f20d3eaf346edd92e8a10e463c0f5c07,Remko,2025-01-29,openconnector,Merge remote-tracking branch 'origin/feature/CONNECTOR-190/Fileparts' into feature/CONNECTOR-203/timing,14283/120/02,low,true
3e6b3b3827d012c25a084c91fe9e28e518d431a9,Remko,2025-01-29,openconnector,Added timing to rules,14283/120/02,low,false
4c0c575c1a081f29be4a1e127ad95719e605a7b3,Robert Zondervan,2025-01-28,openconnector,Merge remote-tracking branch 'origin/feature/CONNECTOR-190/Fileparts' into feature/CONNECTOR-190/Fileparts,14283/120/02,low,true
d01e45ad33b470f235a002c9e6d34349948668ed,Robert Zondervan,2025-01-28,openconnector,remove var_dump,14283/120/02,low,false
8c789a3e3fd176fe01397c30c92c21c6b75b145a,Robert Zondervan,2025-01-28,openconnector,Working fileparts without the need for S3 buckets,14283/120/02,low,false
65fd9cdf344b777650a03a72f0580cc20b75da5c,Remko Huisman,2025-01-28,openconnector,Merge pull request #193 from ConductionNL/feature/CONNECTOR-201/add-rules-to-syncs,14283/119/02,high,true
1f40bbeb81ef41621e33d46085e4d6164235acff,Remko,2025-01-28,openconnector,Added rules to synchronizations,14283/119/02,high,false
ed1be0c4adfbecc70af7e476a363efe2dc9ea499,Robert Zondervan,2025-01-28,openconnector,Add fileparts to endpointservice,14283/119/02,high,false
eb1f48ff3108d6815cb341bab687e441defb06bb,Thijn,2025-01-28,openconnector,WIP - changed endpoints store,14283/119/02,high,false
c7e724788f8f938cca4016b4e91db9afd59b6fb4,Thijn,2025-01-27,openconnector,deemed normal clone function to be unnecessary,14283/120/02,low,false
c913cf7dd4b70da201858e311803583d05c3f018,Thijn,2025-01-27,openconnector,WIP - utilized non-reactive getConsumerItem function,14283/120/02,low,false
fdd44db8d8284620b8d74a5567599f75c70a4ce5,Thijn,2025-01-27,openconnector,WIP - used endpoint variable in save function,14283/119/02,high,false
02d1dd77fb663b742540d8dba4bd3e234983ca23,Thijn,2025-01-27,openconnector,WIP - removed useless entity creation,14283/119/01,high,false
d601295082d205641d0913c5406e0ce0c10ff0c9,Thijn,2025-01-27,openconnector,"WIP - consumer store setter, getter and improvements",14283/120/02,low,false
d462a7216495ed07a837de79354aded7c1350fc4,Thijn,2025-01-24,openconnector,show list of synchronizations in synchronization tab on source,14283/119/02,high,false
8a4764d0e97d69ad439237ce33d2a78c83d143b6,Robert Zondervan,2025-01-23,openconnector,Document fetching and writing files in actions,14283/120/02,low,false
9932827ce922c9da7e4aa36d491ccd56aadc364e,Thijn,2025-01-23,openconnector,removed automatic verification for dev environment,14283/120/02,low,false
a82b0c5a0e260bc056452b25d5d53a7480e08950,Thijn,2025-01-23,openconnector,Merge pull request #191 from ConductionNL/feature/IBOC-109/remove-endpoints-tab,14283/119/02,high,true
7a737c7ce8f6c460bfa1b93bc068db58b8f09cfb,Thijn,2025-01-23,openconnector,Merge pull request #190 from ConductionNL/feature/IBOC-112/pretty-json-body,14283/120/02,low,true
4365b179be5d672c48f3344925d571179136b268,Thijn,2025-01-23,openconnector,removed endpoint tab,14283/119/02,high,false
41953a3d29db06f44fbc87430342fcf7f8a52c51,Thijn,2025-01-23,openconnector,prettified json,14283/120/02,low,false
c28bcbcc1b9db6818c08230dfd6bf565577dbb35,Thijn,2025-01-23,openconnector,Merge pull request #187 from ConductionNL/feature/IBOC-116/logs-contracts-fetch,14283/120/02,low,true
1023eba0e4538d4078af59f87e89a0abc6a66dd0,Remko Huisman,2025-01-23,openconnector,Merge pull request #189 from ConductionNL/feature/CONNECTOR-175/multiple-import,14283/119/02,high,true
f96b7a3b6fc7c4e4a5fc6805565149ac6b9e1f16,Thijn,2025-01-23,openconnector,added error reset before upload,14283/120/02,medium,false
a75d3f3544aa323dbf2e487082e9f4d8da8f703b,Robert Zondervan,2025-01-23,openconnector,Sync files from source,14283/119/02,high,false
40efee05f5c46c67a273f9f15d5f5dc24a4ee892,Remko,2025-01-23,openconnector,Added multi file upload,14283/120/02,low,false
1985cc2ccffcf82508c6ae60b5d50ab817ff7c20,Thijn,2025-01-23,openconnector,reversed logs,14283/120/02,low,false
36f376833ee4af2ac554f4ead2a36d0f300e0432,Thijn,2025-01-23,openconnector,fetch logs and contracts after test and run,14283/120/02,low,false
9afd48b1baf11eadafac654d1ccfdca8632de6ee,Remko,2025-01-23,openconnector,Merge remote-tracking branch 'origin/development' into feature/CONNECTOR-175/multiple-import,14283/119/02,high,true
ebdbbe84224b3c974624aafa027f83afa7673705,Thijn,2025-01-22,openconnector,fixed bug with source log json body being glued to the right,14283/119/02,high,false
25b1a0403eb8c755670472dcc03326280961a5a3,Thijn,2025-01-21,openconnector,cherry pick bug fixes,14283/120/02,low,false
6a026fd4bb8ff643b67cae7d212209feae1d3225,Robert Zondervan,2025-01-21,openconnector,Add a writeFile function (move to registers) and some docblocks,14283/120/02,high,false
aba5f8edd4a69f102aaa3da523bb4fd5a02c7b2b,Robert Zondervan,2025-01-21,openconnector,First steps in connecting endpoints with storage,14283/119/02,high,false
ce0bd46e87dacf31006e172b9d0d344a734f6df6,Ruben van der Linde,2025-01-20,openconnector,Rout fixes for actually displaying the logs,14283/120/02,low,false
5e789320599749d9698b5201af8ee7034ecd68ff,Ruben van der Linde,2025-01-20,openconnector,Fixing the ui,14283/120/02,low,false
2b5a4985ed5960423dafec3303fdf901a3e21599,Ruben van der Linde,2025-01-20,openconnector,Bit of code cleanup and a backward compatibilty fix,14283/119/01,low,false
e81766322fca934285da8ab9c40a3ab31e68fe50,Ruben van der Linde,2025-01-20,openconnector,Attaching th contract log to the sync log,14283/119/02,high,false
6e4c452444950cffd1c08d2e5d23df5dffa51efe,Ruben van der Linde,2025-01-20,openconnector,Bit more error fixing,14283/120/02,medium,false
afbcb63aa36bb0f0b0f14956fc8d9db4bdfc396d,Ruben van der Linde,2025-01-19,openconnector,First testing,14283/120/02,low,false
e71df45715a941d457bd969c8d634ea96dae3beb,Ruben van der Linde,2025-01-18,openconnector,Merge tag 'v0.1.38' into feature/CONNECTOR-155/action-menu-same,14283/120/02,low,true
c0df14c6e072006c1b28f076cee10d9a33a4123c,Ruben van der Linde,2025-01-18,openconnector,More clearity in the login of synchronysation results,14283/119/02,high,false
0e902d0c7b829a9c691ebb2103f97feff44e4caa,Ruben van der Linde,2025-01-18,openconnector,Updated the synchronysation docs for force,14283/119/02,high,false
8e2f93b780e54409fb2d21deb2c3d97c5ead9171,Ruben van der Linde,2025-01-18,openconnector,Add forcing tho synchronysation service,14283/119/02,high,false
a6c30b125f1e4b7a44e60cd52ede3a6f7ac2f90d,Ruben van der Linde,2025-01-17,openconnector,Doc updates,14283/120/02,low,false
18a580fe462a962df58727e39cb7d07e8074655f,github-actions[bot],2025-01-16,openconnector,[Changelog CI] Add Changelog for Version 0.1.38,14283/120/02,low,true
2aa83ea1567b01252250b8fa4ed24208cd18ec0b,GitHub Action,2025-01-16,openconnector,Bump version to 0.1.38,14283/120/02,low,true
895d5e99c9c0a1f7e3df2817b39646aca705f8c6,Robert Zondervan,2025-01-16,openconnector,Merge pull request #184 from ConductionNL/development,14283/120/02,low,true
977286b98051985eaf218aeaa1de8f2aae906a20,Robert Zondervan,2025-01-16,openconnector,Merge pull request #183 from ConductionNL/feature/CONNECTOR-188/_zoek,14283/120/02,low,true
1c5d0f93f94a9bc77803fba4fc8a888a369afe3b,Robert Zondervan,2025-01-16,openconnector,re-introduce authentication,14283/120/02,low,false
6f7639b0f663fc49ed476ebee19d0b3a16dc9ab8,github-actions[bot],2025-01-16,openconnector,[Changelog CI] Add Changelog for Version 0.1.37,14283/120/02,low,true
6b337b8cc5cfb7cf3127df2db1cbfdb864f62651,GitHub Action,2025-01-16,openconnector,Bump version to 0.1.37,14283/120/02,low,true
8172adf22a1f311014cb59e7df4f216fb328f716,Barry Brands,2025-01-16,openconnector,Merge pull request #181 from ConductionNL/development,14283/120/02,low,true
b1ac026b5b13f393f9c7400e97ea4f1bcdba74df,Barry Brands,2025-01-16,openconnector,Merge pull request #180 from ConductionNL/feature/CONNECTOR-182/sub-contracts,14283/120/02,low,true
8e28781397c6d484a5f3a4186714f983a0a488ca,Barry Brands,2025-01-16,openconnector,fix if statement,14283/120/02,low,false
12fb5872eff4cb4f24741575a16263cc46be0dd4,Robert Zondervan,2025-01-16,openconnector,Merge pull request #172 from ConductionNL/feature/CONNECTOR-188/_zoek,14283/120/02,low,true
44824033a88b763fed6abf634f59572904280074,Barry Brands,2025-01-16,openconnector,config updates,14283/120/01,low,false
b8115cd3e863cd2d21a213484d6caceb578426b9,Barry Brands,2025-01-16,openconnector,added updating sub objects and sub contracts,14283/120/02,low,false
8272dfbc70445d63cd8403cee5485f2a181b68a3,Robert Zondervan,2025-01-15,openconnector,First version of the storageService that communicates with the file system,14283/120/02,low,false
04214945538bc012fa253306b1e081555d854e77,Thijn,2025-01-15,openconnector,many bug fixes,14283/120/02,low,false
c1f45db4759961733777c62cc56caa97ba56ea36,github-actions[bot],2025-01-15,openconnector,[Changelog CI] Add Changelog for Version 0.1.36,14283/120/02,low,true
0e0c2fbf4070048b94e01be9787dc54afd391abf,GitHub Action,2025-01-15,openconnector,Bump version to 0.1.36,14283/120/02,low,true
420bd9b9fb20e0e17bb7ba92b619899f3c281388,Ruben van der Linde,2025-01-15,openconnector,Merge pull request #177 from ConductionNL/hotfix/mapping,14283/119/02,high,true
baeff9d0642a9d08203ef7e3b28ca73b6afb5095,Ruben van der Linde,2025-01-15,openconnector,Merge branch 'feature/CONNECTOR-52/cloud-events' of https://github.com/ConductionNL/OpenConnector into feature/CONNECTOR-52/cloud-events,14283/120/02,medium,true
5154bb38e932ce6b486484cee5ed960978c8822d,Ruben van der Linde,2025-01-15,openconnector,Mapping hotfix,14283/119/02,high,false
2020df06adcf4e68365735d13f94156f831bc80c,github-actions[bot],2025-01-15,openconnector,[Changelog CI] Add Changelog for Version 0.1.35,14283/120/02,low,true
ec7d2f4e9090be5f3693ff0b8af355b4cd13debe,GitHub Action,2025-01-15,openconnector,Bump version to 0.1.35,14283/120/02,low,true
812504247da48959b0ac54ff6b0101ef52df857b,Remko Huisman,2025-01-15,openconnector,Merge pull request #175 from ConductionNL/development,14283/120/02,low,true
7b6057db00f673b40f21279169b87a417ab0fdc7,Remko Huisman,2025-01-14,openconnector,Merge pull request #173 from ConductionNL/feature/CONNECTOR-52/cloud-events,14283/120/02,medium,true
c59d764b0fe09235f0398dbb3abb6277894f8ecc,Wilco Louwerse,2025-01-14,openconnector,Merge remote-tracking branch 'origin/feature/CONNECTOR-52/cloud-events' into feature/CONNECTOR-52/cloud-events,14283/120/02,medium,true
2b7bd8649821cc47ed99f4949ca7e50833d4ef6c,Wilco Louwerse,2025-01-14,openconnector,Fix version in export filename,14283/119/02,high,false
a977d7c96f2d573937ca0d8819f5ab417069b782,Remko,2025-01-14,openconnector,rule export on list,14283/119/02,high,false
a91d91d3c2d510df63fd7404f824fbd68b86d7a2,github-actions[bot],2025-01-14,openconnector,[Changelog CI] Add Changelog for Version 0.1.34,14283/120/02,low,true
242526752a58849bd24632a1115d0031927e44b2,GitHub Action,2025-01-14,openconnector,Bump version to 0.1.34,14283/120/02,low,true
81c9555ea1f9f6f52670bfe3351da4c46fc706e4,Ruben van der Linde,2025-01-14,openconnector,Merge pull request #171 from ConductionNL/development,14283/120/02,low,true
dd57426885c7e1ccd9e53f471235bd4e011b1fad,Remko,2025-01-14,openconnector,Merge remote-tracking branch 'origin/feature/CONNECTOR-52/cloud-events' into feature/CONNECTOR-52/cloud-events,14283/120/02,medium,true
6d57684f20571316387b2fb24ec46694b59fc8c7,Remko,2025-01-14,openconnector,Added import export on rule,14283/119/02,high,false
65bcec7c0eba187dc76a8ce3f1dad1aeae7d8c4f,Ruben van der Linde,2025-01-14,openconnector,Merge pull request #168 from ConductionNL/feature/CONNECTOR-52/cloud-events,14283/120/02,medium,true
31957a6090a3c0a5bea66631ca9ee481549b439e,Ruben van der Linde,2025-01-14,openconnector,LInting fixes,14283/119/01,low,false
4ef3b0d549a46241a75dc8880fb970639aae30b0,Robert Zondervan,2025-01-14,openconnector,"Fix overwriting requests, fix for path regexes",14283/120/02,low,false
c425180e1930f6c8fd71fa72c8cfae6040e82e7b,Ruben van der Linde,2025-01-14,openconnector,Update documentation,14283/120/02,low,false
7d21c04ca2c837832521b26d5a2eb3b91d1f9b17,Ruben van der Linde,2025-01-14,openconnector,Fix for getting objects from the root of a responce,14283/120/02,low,false
9c16b7dd9fbe9f1830dabbad8580efd9580f1f3c,Ruben van der Linde,2025-01-14,openconnector,Fixes for dealing with empty responces,14283/120/02,low,false
9f70a483eb6d9b2bbf4c09a077899d1c638487fc,Robert Zondervan,2025-01-14,openconnector,Merge pull request #170 from ConductionNL/feature/CONNECTOR-181/Allow-Patch,14283/120/02,low,true
fc03cea213a5775a3c5c0a6d5ae3d5a309ad14fb,Robert Zondervan,2025-01-14,openconnector,Merge remote-tracking branch 'origin/feature/CONNECTOR-52/cloud-events' into feature/CONNECTOR-188/_zoek,14283/120/02,medium,true
6a12582bf46a76f19cd81fea180b8066e2aca9cb,Wilco Louwerse,2025-01-14,openconnector,Small fix for checking rule method,14283/120/02,low,false
3568c92b60d74d745b605b6b815cde213db128bd,Barry Brands,2025-01-14,openconnector,Merge remote-tracking branch 'origin/feature/zaaksysteem-to-zgw-mappings' into feature/CONNECTOR-182/sub-contracts,14283/119/02,high,true
a00195a9e7203721785d55107d5d804d09d51544,Wilco Louwerse,2025-01-14,openconnector,Merge branch 'development' into feature/CONNECTOR-52/cloud-events,14283/120/02,medium,true
43d304e1c2e7d7f3724f86eddd7018f01129160a,Wilco Louwerse,2025-01-14,openconnector,Update docblocks,14283/120/02,high,false
f5450f3325c2b9d4ecc67131dabe402b1df13ae2,Robert Zondervan,2025-01-14,openconnector,Merge branch 'feature/CONNECTOR-181/Allow-Patch' into feature/CONNECTOR-188/_zoek,14283/120/02,low,true
fd7139203024365c8b9d5fda6b6082837eba46ab,Wilco Louwerse,2025-01-13,openconnector,Merge remote-tracking branch 'origin/feature/CONNECTOR-52/cloud-events' into feature/CONNECTOR-52/cloud-events,14283/120/02,medium,true
397212e63b50fdbdd088550279ee96f556b06f84,Wilco Louwerse,2025-01-13,openconnector,Some more route fixes,14283/119/02,low,false
b91eafc59b7875f9026574f77440e4623636c5f5,Thijn,2025-01-13,openconnector,Merge remote-tracking branch 'origin/feature/CONNECTOR-52/cloud-events' into feature/CONNECTOR-52/cloud-events,14283/120/02,medium,true
50d7baa23db17511a7e964c0bbfa359e45fd1d89,Thijn,2025-01-13,openconnector,added my own requested changes,14283/120/02,low,false
a2f33a8be1ecaae6f01acea1eedbfa2dcc7849d1,Wilco Louwerse,2025-01-13,openconnector,Fix routes,14283/119/02,low,false
800d88ea5a65a5334c3bfffe901dc3c3e979c0bb,Robert Zondervan,2025-01-13,openconnector,Add method overrides,14283/120/02,low,false
8528cf0cc9249d4df66a5c3d0f2ac0c7975cce16,Robert Zondervan,2025-01-13,openconnector,Merge remote-tracking branch 'origin/development' into feature/CONNECTOR-181/Allow-Patch,14283/120/02,low,true
e2448e2918cb506d7762dc27f8df902b99a9cfd2,Robert Zondervan,2025-01-13,openconnector,Merge pull request #169 from ConductionNL/feature/CONNECTOR-134/push-sync,14283/119/02,high,true
8e5861ed710a50efc60e5b8f23ddfc26d088b924,Thijn,2025-01-13,openconnector,lint-fix,14283/119/01,low,false
f9424afb9d052cef9459a274db1eac94551f1995,Robert Zondervan,2025-01-13,openconnector,Style fixes,14283/120/02,low,false
da2e09bd18a1f16485db64bfa3618efc5fa87058,Robert Zondervan,2025-01-13,openconnector,Fix small typo in variable,14283/120/02,low,false
ee336477419ab19fcfbdebee807940b5fd0525e1,Robert Zondervan,2025-01-13,openconnector,Also allow the PATCH method on endpoints,14283/119/02,high,false
d0dcc215dde446c14d8f2d55c51feb65f7e6e993,Wilco Louwerse,2025-01-13,openconnector,Code style & docblock changes,14283/120/02,high,false
a220d225efe9282dc538d962c9c3a05ec7f0532b,Wilco Louwerse,2025-01-13,openconnector,Update list of objects that are not allowed to be imported/exported,14283/119/02,high,false
85b2975f7e2550eb886344a4097a91b1d152bc59,Wilco Louwerse,2025-01-13,openconnector,Forgot to add findByRef for EventSubscriptionMapper & RuleMapper,14283/119/01,high,false
2ddd88eba47b524e06ecb0a60e66d09834b04d99,Wilco Louwerse,2025-01-13,openconnector,"PR review changes, incl. import&export fixes",14283/119/02,high,false
049daade278824c4c55815af505d330f9e8e739c,Robert Zondervan,2025-01-13,openconnector,Replace SelfUrl,14283/120/02,low,false
2da445415fd7bea36c78b208afe3a9bc87af6674,Ruben van der Linde,2025-01-13,openconnector,Add upload and locking frontend,14283/120/02,high,false
4f1c11eb9871fa6213ee43fb85d69701fa177a83,Ruben van der Linde,2025-01-13,openconnector,add authentication and dowloads to ui en documentation,14283/120/02,low,false
56e2ef549d97d3130e4771ba18161fac5d311a37,Robert Zondervan,2025-01-13,openconnector,Merge remote-tracking branch 'origin/development' into feature/CONNECTOR-134/push-sync,14283/119/02,high,true
d68211094eb538703d8340f45e462f4119c39b61,Ruben van der Linde,2025-01-13,openconnector,Let round up the rules logic,14283/120/02,low,false
58e72d80edafce3367fb7a1597424b717e11174e,Ruben van der Linde,2025-01-13,openconnector,Update the rules logic in the endpoint service,14283/119/02,high,false
76edc2bd19901a201981a6c73930c3f97dd1ba84,Ruben van der Linde,2025-01-13,openconnector,Docs,14283/120/02,low,false
3f4901438af0c0183c19d418c7ebfada30c450dc,Ruben van der Linde,2025-01-13,openconnector,Small fixed,14283/120/02,low,false
367eb1dd5465b2f5c8eea08dccec5a9703a8ca11,Ruben van der Linde,2025-01-13,openconnector,Fixed adding rules to endpoints,14283/119/02,high,false
21d182912443726704a2148014194a8ba508ef19,Ruben van der Linde,2025-01-12,openconnector,Add rule dialog,14283/120/02,low,false
9c2d2d6af909f47a91cba849f36439730fb4159e,Ruben van der Linde,2025-01-12,openconnector,Add the tabs,14283/120/02,low,false
d74bd967d077ca0a40c1b9aaa3759f0d7add0be5,Ruben van der Linde,2025-01-12,openconnector,Fixing the endpoint object,14283/119/02,high,false
75e31a28a9d269fabb925718f0f2eeee168d5d45,Ruben van der Linde,2025-01-12,openconnector,Merge remote-tracking branch 'origin/development' into feature/CONNECTOR-52/cloud-events,14283/120/02,medium,true
f4c47ce39821de1596a782b37b4469401fa96400,Ruben van der Linde,2025-01-12,openconnector,Last modal fixes,14283/120/02,low,false
9aaae36ef093f5482ce51dce99e4c07639822563,Ruben van der Linde,2025-01-12,openconnector,Still getting the model to behave,14283/120/02,low,false
ee597f3ba7980263acd7bcb46a5d62d7f920ff0a,Ruben van der Linde,2025-01-12,openconnector,Fixes from testing,14283/120/02,low,false
60405f93f46c7fc633cc5d88587bdf6543d44484,Ruben van der Linde,2025-01-12,openconnector,Console error fix,14283/120/02,medium,false
30d436418c4fd3a6f1b94ef09f07cb0f9008dad7,Ruben van der Linde,2025-01-12,openconnector,Lets try to add dropdowns,14283/120/02,low,false
9f448e57333edd721c2220367dc2ee2d6f9ab583,Ruben van der Linde,2025-01-12,openconnector,Basic frontend crud testing,14283/120/02,low,false
7dbcef97ac32259c4a4309a0080c6a79e70be389,Ruben van der Linde,2025-01-12,openconnector,First bit of testing on rules,14283/120/02,low,false
2e0fabd7832effcfb5a1945c07bfd2537a5cc74f,Ruben van der Linde,2025-01-11,openconnector,More frontend work,14283/120/02,low,false
d754763f0c47a370c0aa13cfbf2e3a1f1224c03b,Ruben van der Linde,2025-01-11,openconnector,Setting the frontend code,14283/120/02,low,false
be5d3330f066c967dcb36f5a2ff22375c9f93430,Ruben van der Linde,2025-01-11,openconnector,Add rules to open connector,14283/120/02,low,false
c756caa138c3c141f9472c47c655f080fdb5848b,Barry Brands,2025-01-10,openconnector,"Mappings, config, synchronizations",14283/119/02,high,false
7b76801c2961311feb436616613bee52a08a0ed0,Barry Brands,2025-01-10,openconnector,Merge remote-tracking branch 'origin/development' into feature/zaaksysteem-to-zgw-mappings,14283/119/02,high,true
7bdaf7319776461f9b82c9a13fd8d3ba1baa5afb,github-actions[bot],2025-01-10,openconnector,[Changelog CI] Add Changelog for Version 0.1.33,14283/120/02,low,true
c29affcf15ab24511b5fa5473f1502cb4bedfd52,GitHub Action,2025-01-10,openconnector,Bump version to 0.1.33,14283/120/02,low,true
2c8ed08e79732992ce9c11a4221433a867382e36,Wilco Louwerse,2025-01-10,openconnector,Merge pull request #166 from ConductionNL/development,14283/120/02,low,true
d12872c4020f26d7cf9affea87c12a149db01ce1,Remko Huisman,2025-01-10,openconnector,Merge pull request #164 from ConductionNL/feature/CONNECTOR-174/import-of-json-file,14283/119/02,high,true
6808431b16d99122d8d7b91f23d022753539dccf,Remko,2025-01-10,openconnector,Merge remote-tracking branch 'origin/development' into feature/CONNECTOR-174/import-of-json-file,14283/119/02,high,true
84ef2b7d0af5dd88d32c621bae876596d6b3fa6a,Remko Huisman,2025-01-10,openconnector,Merge pull request #163 from ConductionNL/feature/CONNECTOR-172/export-of-json-files,14283/119/02,high,true
17827f21e443df66ff20186364166e60e2b2cbb5,Remko,2025-01-10,openconnector,lint,14283/119/01,low,false
332095360f8c0e648aecd05762f32e736d4abfa9,Remko,2025-01-10,openconnector,requested changes,14283/120/02,low,false
34e3df6af1d278c583a2b38fd075d342183fdb36,Wilco Louwerse,2025-01-10,openconnector,Merge pull request #165 from ConductionNL/feature/CONNECTOR-136/up-download-endpoints,14283/119/02,high,true
fd8ce431a830183c274383ddf7d3e9bd9d86ce8f,Robert Zondervan,2025-01-10,openconnector,Substitute internal pointers by urls based on endpoints,14283/119/02,high,false
121188e32f27140fda5ffdecba7e953a2b6df9f0,Wilco Louwerse,2025-01-10,openconnector,Small fix & final cleanup ExportService,14283/119/02,high,false
007f298984a22f38756b968ed6c49714a98a7027,Wilco Louwerse,2025-01-10,openconnector,Cleanup ExportService,14283/119/02,high,false
af68fc9bf8810fcb4fe92cfe6c8f1d9e6c1cbf66,Remko,2025-01-10,openconnector,Merge branch 'feature/CONNECTOR-172/export-of-json-files' into feature/CONNECTOR-174/import-of-json-file,14283/119/02,high,true
b7822e199ea78fd926bb46eeceeec8b42e74b0f0,Remko,2025-01-10,openconnector,Merge remote-tracking branch 'origin/feature/CONNECTOR-136/up-download-endpoints' into feature/CONNECTOR-172/export-of-json-files,14283/119/02,high,true
823b40e8d108c1138dcc9204a4c3bd5a8d00b1a5,Remko,2025-01-10,openconnector,updated icon,14283/120/02,low,false
4769a529d296a8bbcf328b0b8f52a9ff391b874e,Remko,2025-01-10,openconnector,Merge remote-tracking branch 'origin/feature/CONNECTOR-136/up-download-endpoints' into feature/CONNECTOR-174/import-of-json-file,14283/119/02,high,true
899516ba4d7ca3be2f94d39781e9d83a3e432983,Wilco Louwerse,2025-01-10,openconnector,Fix for jobs,14283/120/02,high,false
bccd111652118fdb3bf81ad93f5da15e5d7ccf7d,Remko,2025-01-10,openconnector,Stop frontend from setting version,14283/120/02,low,false
d06609b7af17dcfc21a6c12f74f01f83bf525817,Remko,2025-01-10,openconnector,Merge remote-tracking branch 'origin/feature/CONNECTOR-136/up-download-endpoints' into feature/CONNECTOR-174/import-of-json-file,14283/119/02,high,true
6d2f97313d8be03002dc67eaf1b03972bd12c137,Remko,2025-01-10,openconnector,Updated import function,14283/119/02,high,false
277147e01ab6409d3e59438f2315b08e6ed3de54,Wilco Louwerse,2025-01-10,openconnector,Finish code cleanup in the ImportService,14283/119/02,high,false
b6a1a1b3fd3f914c1071db17fd6a783701967110,Barry Brands,2025-01-10,openconnector,Merge branch 'development' into feature/zaaksysteem-to-zgw-mappings,14283/119/02,high,true
66630f47f042f8b0b65c30acf74f8ab6850c3721,Wilco Louwerse,2025-01-10,openconnector,Small fix and code cleanup,14283/119/01,low,false
0e31ade26cff275af69b8a720c22aee44f1ed0a6,Remko,2025-01-10,openconnector,Merge branch 'feature/CONNECTOR-172/export-of-json-files' into feature/CONNECTOR-174/import-of-json-file,14283/119/02,high,true
53f036ac40d945a3b1a811292ca36675c57eca0b,Remko,2025-01-10,openconnector,cleanup,14283/120/02,low,false
8ab7a5dbe37a862cb1042663172ad4f01b5581dd,Remko,2025-01-10,openconnector,fixed file name,14283/120/02,low,false
f9488ff252090f100ca9db4901d0b66420df8555,Remko,2025-01-10,openconnector,Merge branch 'feature/CONNECTOR-172/export-of-json-files' into feature/CONNECTOR-174/import-of-json-file,14283/119/02,high,true
ad64706e4cd2dd10532403b6671cbe28fc01fed2,Remko,2025-01-10,openconnector,cleanup,14283/120/02,low,false
866c53e80fe056ea2489bb2ba3601c46be1546e5,Wilco Louwerse,2025-01-10,openconnector,"Small fix, Consumer doesn't have a field $version",14283/120/02,low,false
d084e6e235e25afb20d9f20867ca1b2b71ea48c6,Remko,2025-01-10,openconnector,Merge remote-tracking branch 'origin/feature/CONNECTOR-136/up-download-endpoints' into feature/CONNECTOR-172/export-of-json-files,14283/119/02,high,true
991dc3c67ec92e23fab0664eef31634ef88b7eb1,Wilco Louwerse,2025-01-10,openconnector,Merge branch 'development' into feature/CONNECTOR-136/up-download-endpoints,14283/119/02,high,true
39936a75b6a8ce74f2c548140f6fbad42b8d7840,Wilco Louwerse,2025-01-09,openconnector,Reference bug fix & @type import response & check type when importing,14283/119/02,high,false
8376ebe0e25933b2a3fedc95622581504f16fc04,Wilco Louwerse,2025-01-09,openconnector,Fixes for updating objects when importing,14283/119/02,high,false
6cd2c183f9fb5a666c2f20fb483155237d1ee257,Remko,2025-01-09,openconnector,Added import function,14283/119/02,high,false
5270884f760e3f03950d9769cade9401f3802f54,Wilco Louwerse,2025-01-09,openconnector,Remove findByRef function in Consumermapper,14283/119/01,high,false
a6488f911077e5c657998fc433cecc3b8d8f92c7,Ralkey,2025-01-09,openconnector,Merge pull request #162 from ConductionNL/feature/CONNECTOR-173/synchronization-source-OR,14283/119/02,high,true
dd7eb585486729d40b85d5c29bbeb3358c0c4b91,Robert Zondervan,2025-01-09,openconnector,Merge pull request #158 from ConductionNL/feature/CONNECTOR-134/push-sync,14283/119/02,high,true
3d542b851823d836dc3ccf6a7dad3aa01ead205e,Thijn,2025-01-09,openconnector,fixed css issue when modal is too long,14283/120/02,low,false
a18dc4d3b4f176a6624e9f7f6a77fc7dca133db7,Robert Zondervan,2025-01-09,openconnector,Fix PR comment,14283/120/02,low,false
71732efeba7c448de2bbb40cf1e4dea4303d7844,Wilco Louwerse,2025-01-09,openconnector,Remove newlines,14283/120/02,low,false
b61950b016c57dbc9f28613f3870a4f9e3ca4ed3,Robert Zondervan,2025-01-09,openconnector,Fix PR comments,14283/120/02,low,false
5e291b559c66c408afc396b14a03eb4a16715ff6,Wilco Louwerse,2025-01-09,openconnector,Code style,14283/120/02,low,false
13331c0c8ece7ec456c2c048e26d22f54aba6922,Remko,2025-01-09,openconnector,updated api,14283/119/02,low,false
88086f244ddc3587423d2195a85c155c50004cd3,Thijn,2025-01-09,openconnector,actually fixed condition bug,14283/120/02,low,false
7e8b9a0ee930ad1cc4dccfd94648ec1b4c732ced,Remko,2025-01-09,openconnector,Merge branch 'feature/CONNECTOR-136/up-download-endpoints' into feature/CONNECTOR-172/export-of-json-files,14283/119/02,high,true
c5a3824c38332329055790c251d76ccba72349ac,Robert Zondervan,2025-01-09,openconnector,Merge remote-tracking branch 'origin/feature/CONNECTOR-134/push-sync' into feature/CONNECTOR-134/push-sync,14283/119/02,high,true
7f6b1795d87128de7a3467994355e34be5685a82,Robert Zondervan,2025-01-09,openconnector,remove unnecessary nullability,14283/120/02,low,false
c66e9a7ee24f16522370fb43a33819c49c49d195,Barry Brands,2025-01-09,openconnector,Merge remote-tracking branch 'origin/feature/CONNECTOR-134/push-sync' into feature/CONNECTOR-134/push-sync,14283/119/02,high,true
8da5c986dc2169e109f3e94cefa2778e3e6232af,Barry Brands,2025-01-09,openconnector,Docblocks and code style improvmeents,14283/120/02,high,false
b3a9d978df80b14ccfaa1577825b7af540bf301e,Robert Zondervan,2025-01-09,openconnector,Merge remote-tracking branch 'origin/feature/CONNECTOR-134/push-sync' into feature/CONNECTOR-134/push-sync,14283/119/02,high,true
5533f8d7bf842ad0ac2ee59e6ea8fe771ae38362,Robert Zondervan,2025-01-09,openconnector,Add missing docblocks,14283/120/02,high,false
eb575c3308e5667d8266c4d09e2b3eb75abdb27d,Barry Brands,2025-01-09,openconnector,small code style improvement,14283/120/02,low,false
b120dc952ddc4c419be3c3ebd3ffd8c0e5ed7ff6,Barry Brands,2025-01-09,openconnector,small fix docblock,14283/120/02,high,false
f5dac701a7b5861736514fe5dfe3032daf0dfd57,Thijn,2025-01-09,openconnector,fixed a bug,14283/120/02,low,false
6c9bf4e507a184d83dfc5128cf581777b188b406,Wilco Louwerse,2025-01-09,openconnector,Rename upload/download to import/export,14283/119/02,high,false
cb58f03206bc7694d97c895d586d9f26ce842ec7,Remko,2025-01-09,openconnector,removed consumer export,14283/119/02,high,false
e1e329f5e85043a44d264fa514019f20d94a5c3c,Remko,2025-01-09,openconnector,Added export function,14283/119/02,high,false
24d6a011543800496511e47f80eed6c400fa6a77,Remko,2025-01-09,openconnector,Removed eslint-disable in store and updated console.log to console.info,14283/119/01,low,false
877de7511b137ac3c62bcbe12e934c9b855afebb,Barry Brands,2025-01-09,openconnector,Undo and fix,14283/120/02,low,false
45e3d00e54738652f4e3c52e84f56e96d539c33c,Barry Brands,2025-01-09,openconnector,added unset possibility on config for extraDataConfig,14283/120/01,low,false
970d7a0c4519319f155eb067bf946fe8f6a49cad,Barry Brands,2025-01-09,openconnector,removed var_dump,14283/120/02,low,false
c6ecad68a314985b9800cc9412eb7ef5e413860e,Barry Brands,2025-01-09,openconnector,Mapping and config fixes,14283/119/02,high,false
334688c542f36bf0291a73f5272b6722f7d37e8b,Robert Zondervan,2025-01-09,openconnector,Add deletion,14283/120/02,low,false
7a16928381bf25c07c37ed5e34f1e771d68045f0,Remko,2025-01-09,openconnector,Merge remote-tracking branch 'origin/development' into feature/CONNECTOR-172/export-of-json-files,14283/119/02,high,true
fab796bfd0b88604b41ebdfa3c70f4ff7977d610,Thijn,2025-01-09,openconnector,added register/schema to source,14283/119/02,high,false
13f08b89629d55afd38e1c1e02ee9cb1e9b3e154,Robert Zondervan,2025-01-09,openconnector,Fetch object in deleted listener,14283/120/02,low,false
5e6fe2fc0cd906a9a5955648a15cc5b0c0ee186d,Ruben van der Linde,2025-01-09,openconnector,Add the listener,14283/120/02,low,false
f6e781953018c38a231404603b6dc3845ae58772,Ruben van der Linde,2025-01-09,openconnector,First draft for cloud event,14283/120/02,medium,false
7ed32072646b72426a19a08339e4e14ad70ed6e4,Robert Zondervan,2025-01-09,openconnector,Split the eventListener into three separate listeners,14283/120/02,medium,false
1ae834e1e25aacdd9de17530996b2bb1adb89987,Robert Zondervan,2025-01-09,openconnector,Merge pull request #160 from ConductionNL/feature/REGISTERS-88/object-removal,14283/119/02,medium,true
f273090e9dad1c709212daf01c537fe55983962f,Ruben van der Linde,2025-01-09,openconnector,Handeling object removal,14283/120/02,low,false
7f95ef0eacc30c6efa877b3dcff14e2e17924e03,Ruben van der Linde,2025-01-09,openconnector,Merge remote-tracking branch 'origin/development' into feature/CONNECTOR-50/endpoints-object,14283/119/02,high,true
be804a0b8f66bf9ecbb7813d29a45c634642a3d9,Ruben van der Linde,2025-01-08,openconnector,Function for handling object removal,14283/120/02,low,false
0398198d18411608a583884218eb1cb0fa2e2620,Ruben van der Linde,2025-01-08,openconnector,Do synchronysations when the mapping is updated or the object removed,14283/119/02,high,false
4a6c015c674adbcaf2a5cfede8226bab99e4a1e6,Barry Brands,2025-01-08,openconnector,Fix and add zgw mappings,14283/119/02,high,false
9f6b6b43e48ce40dbeef5e44329016f86abb5376,Robert Zondervan,2025-01-08,openconnector,Push sync based on events,14283/119/02,high,false
01dde8e9122a25d59b3c17348db3695985f7280e,Ralkey,2025-01-08,openconnector,Merge pull request #155 from ConductionNL/feature/CONNECTOR-157/authentication-tab-fix,14283/120/02,low,true
b652a5a62e7759170bb55f5fb8e36eed9aa2b23f,Wilco Louwerse,2025-01-07,openconnector,Added upload for file(s) and check correctly by reference,14283/120/02,low,false
314daf91f1e491982f5f211df72700cdc7d02899,Thijn,2025-01-06,openconnector,made authentication its own object,14283/120/02,low,false
43d4d991c67e3a36a1fc7d517d21e2cdaf91f887,Wilco Louwerse,2025-01-06,openconnector,A todo note,14283/120/02,low,false
dda85d3a332ebd07358c4446abe80d1e12ccdd2b,Wilco Louwerse,2025-01-06,openconnector,Added upload & download controllers & services,14283/120/02,low,false
aeb1c16a2d43186296f1c4c52a37061f9fe83554,Robert Zondervan,2025-01-06,openconnector,Merge pull request #154 from ConductionNL/feature/AXCVDWOF-48/map-query,14283/119/02,high,true
1a440b571e3d89fd12a0ddd9cbf4414653316996,Robert Zondervan,2025-01-06,openconnector,Set default value for conditions,14283/120/02,high,false
b317b4afff8bcb24c12e75ce26ea4a8ade3d9be8,github-actions[bot],2025-01-06,openconnector,[Changelog CI] Add Changelog for Version 0.1.32,14283/120/02,low,true
d8d38ddb7b7d6213d61d0b306fc612d37244b532,GitHub Action,2025-01-06,openconnector,Bump version to 0.1.32,14283/120/02,low,true
9e9f6a681192318969cad9f5d00e19368c9096e5,Barry Brands,2025-01-06,openconnector,Merge pull request #150 from ConductionNL/development,14283/120/02,low,true
1e9d24f2ff1dc12b366748ce198f0f1651a7cc42,Remko Huisman,2025-01-06,openconnector,Merge pull request #152 from ConductionNL/synchronizationDateTime,14283/119/02,high,true
82eb5b913aec93198fccc20b4534d6f03fd6b0a2,Remko,2025-01-06,openconnector,Added date-times,14283/120/02,low,false
8442dd78d84484146c8c5d8fbcfa0177815a56b6,Wilco Louwerse,2025-01-06,openconnector,Merge branch 'development' into feature/CONNECTOR-136/up-download-endpoints,14283/119/02,high,true
a1df2bc907b109f578273df5104b2212c27e0ba9,Ralkey,2025-01-06,openconnector,Merge pull request #149 from ConductionNL/feature/CONNECTOR-149/job-run,14283/120/02,high,true
d6c4928a1417df068d3948a98349153027153d77,Ralkey,2025-01-06,openconnector,Merge pull request #148 from ConductionNL/feature/CONNECTOR-151/synchro-run,14283/119/02,high,true
99a38961a70b7e155593159a8e61f1885708950b,Ralkey,2025-01-03,openconnector,Merge pull request #151 from ConductionNL/feature/CONNECTOR-38/bug-fixes,14283/120/02,low,true
4983fe2f2fd7efad739ef6dc41eb3ccc626f7246,Thijn,2025-01-03,openconnector,"fixed ""not found"" message always showing",14283/120/02,low,false
cc444f828923a01625489d22d77485e03f754c34,Thijn,2025-01-02,openconnector,added job run,14283/120/02,high,false
34413ec42f52c942beeb492ee875b839a9341fee,Thijn,2025-01-02,openconnector,added synchronization run,14283/119/02,high,false
62523a9022c5ab525df1df2e05df4b07a39aaa87,Barry Brands,2025-01-02,openconnector,Added endpoint for running a synchronization,14283/119/02,high,false
89443432be82106c92c6ede99645a8047aa6e94f,Ruben van der Linde,2025-01-02,openconnector,"Auto stash before merge of ""feature/CONNECTOR-50/endpoints-object"" and ""origin/feature/CONNECTOR-50/endpoints-object""",14283/119/02,high,false
216b8da9e43375a976877655c8d0c775fd5f0bd3,Barry Brands,2024-12-31,openconnector,Merge pull request #146 from ConductionNL/test-last-branches-merged,14283/120/02,low,true
